ISO-10303-21;
HEADER;
FILE_DESCRIPTION (( 'STEP AP214' ),
    '1' );
FILE_NAME ('21.250.60.350.35.STEP',
    '2024-11-08T15:51:39',
    ( 'LENOVO' ),
    ( '' ),
    'SwSTEP 2.0',
    'SolidWorks 2021',
    '' );
FILE_SCHEMA (( 'AUTOMOTIVE_DESIGN' ));
ENDSEC;

DATA;
#1 = ORIENTED_EDGE ( 'NONE', *, *, #172, .F. ) ;
#2 = CARTESIAN_POINT ( 'NONE',  ( 0.9699999999999996403, 0.5699999999999998401, -2.638752715702699092 ) ) ;
#3 = FILL_AREA_STYLE ('',( #448 ) ) ;
#4 = DIRECTION ( 'NONE',  ( 9.856383386231858827E-17, 1.000000000000000000, -0.000000000000000000 ) ) ;
#5 = PRESENTATION_STYLE_ASSIGNMENT (( #1179 ) ) ;
#6 = EDGE_LOOP ( 'NONE', ( #1401, #1014, #1322, #1026, #477, #350, #956, #732 ) ) ;
#7 = AXIS2_PLACEMENT_3D ( 'NONE', #1211, #339, #41 ) ;
#8 = FACE_OUTER_BOUND ( 'NONE', #1295, .T. ) ;
#9 = EDGE_CURVE ( 'NONE', #1283, #188, #908, .T. ) ;
#10 = DIRECTION ( 'NONE',  ( -0.000000000000000000, 0.000000000000000000, 1.000000000000000000 ) ) ;
#11 = VERTEX_POINT ( 'NONE', #733 ) ;
#12 = DIRECTION ( 'NONE',  ( -0.000000000000000000, -0.000000000000000000, -1.000000000000000000 ) ) ;
#13 =( LENGTH_UNIT ( ) NAMED_UNIT ( * ) SI_UNIT ( .MILLI., .METRE. ) );
#14 = ADVANCED_FACE ( 'NONE', ( #423 ), #639, .F. ) ;
#15 = CARTESIAN_POINT ( 'NONE',  ( -0.6499999999999993561, 0.5699999999999997291, 0.4166666666666666297 ) ) ;
#16 = SURFACE_STYLE_USAGE ( .BOTH. , #449 ) ;
#17 = ORIENTED_EDGE ( 'NONE', *, *, #1102, .T. ) ;
#18 = LINE ( 'NONE', #813, #937 ) ;
#19 = CARTESIAN_POINT ( 'NONE',  ( 0.9999999999999995559, -1.224646799147352714E-16, 0.6250000000000000000 ) ) ;
#20 = ORIENTED_EDGE ( 'NONE', *, *, #177, .T. ) ;
#21 = LINE ( 'NONE', #712, #494 ) ;
#22 = EDGE_CURVE ( 'NONE', #1274, #1144, #891, .T. ) ;
#23 = DIRECTION ( 'NONE',  ( -1.000000000000000000, 0.000000000000000000, 0.000000000000000000 ) ) ;
#24 = VECTOR ( 'NONE', #1355, 1000.000000000000000 ) ;
#25 = DIRECTION ( 'NONE',  ( 0.000000000000000000, 0.000000000000000000, -1.000000000000000000 ) ) ;
#26 = AXIS2_PLACEMENT_3D ( 'NONE', #1103, #227, #297 ) ;
#27 = DIRECTION ( 'NONE',  ( -0.000000000000000000, 0.000000000000000000, 1.000000000000000000 ) ) ;
#28 = VECTOR ( 'NONE', #537, 1000.000000000000000 ) ;
#29 = CARTESIAN_POINT ( 'NONE',  ( 0.6499999999999998002, 0.5699999999999995071, 0.4166666666666665741 ) ) ;
#30 = EDGE_CURVE ( 'NONE', #811, #1402, #404, .T. ) ;
#31 = DIRECTION ( 'NONE',  ( 3.498990854706721759E-16, 1.000000000000000000, 0.000000000000000000 ) ) ;
#32 = FACE_OUTER_BOUND ( 'NONE', #361, .T. ) ;
#33 = DIRECTION ( 'NONE',  ( 9.856383386231860060E-17, 1.000000000000000000, 0.000000000000000000 ) ) ;
#34 = LINE ( 'NONE', #898, #912 ) ;
#35 = CARTESIAN_POINT ( 'NONE',  ( 0.7899999999999997025, 0.5999999999999997558, 0.6249999999999997780 ) ) ;
#36 =( NAMED_UNIT ( * ) SI_UNIT ( $, .STERADIAN. ) SOLID_ANGLE_UNIT ( ) );
#37 = ORIENTED_EDGE ( 'NONE', *, *, #1223, .F. ) ;
#38 = LINE ( 'NONE', #690, #511 ) ;
#39 = VERTEX_POINT ( 'NONE', #283 ) ;
#40 = LINE ( 'NONE', #819, #53 ) ;
#41 = DIRECTION ( 'NONE',  ( -1.000000000000000000, 1.668003342285393276E-16, 0.000000000000000000 ) ) ;
#42 = VERTEX_POINT ( 'NONE', #637 ) ;
#43 = AXIS2_PLACEMENT_3D ( 'NONE', #1228, #780, #323 ) ;
#44 = VECTOR ( 'NONE', #662, 1000.000000000000000 ) ;
#45 = DIRECTION ( 'NONE',  ( 1.000000000000000000, -0.000000000000000000, -7.744301232039322598E-16 ) ) ;
#46 = EDGE_LOOP ( 'NONE', ( #205, #274, #194, #744, #709, #20, #747, #517 ) ) ;
#47 = APPLICATION_CONTEXT ( 'automotive_design' ) ;
#48 = STYLED_ITEM ( 'NONE', ( #456 ), #384 ) ;
#49 = STYLED_ITEM ( 'NONE', ( #1233 ), #106 ) ;
#50 = ORIENTED_EDGE ( 'NONE', *, *, #1039, .F. ) ;
#51 = FACE_OUTER_BOUND ( 'NONE', #846, .T. ) ;
#52 = DIRECTION ( 'NONE',  ( -1.161645184805898340E-15, 1.144962030021709297E-31, -1.000000000000000000 ) ) ;
#53 = VECTOR ( 'NONE', #1257, 1000.000000000000000 ) ;
#54 = DIRECTION ( 'NONE',  ( 0.000000000000000000, 0.000000000000000000, 1.000000000000000000 ) ) ;
#55 = DIRECTION ( 'NONE',  ( -0.000000000000000000, -0.000000000000000000, -1.000000000000000000 ) ) ;
#56 = VECTOR ( 'NONE', #439, 1000.000000000000000 ) ;
#57 = FACE_OUTER_BOUND ( 'NONE', #426, .T. ) ;
#58 = UNCERTAINTY_MEASURE_WITH_UNIT (LENGTH_MEASURE( 1.000000000000000082E-05 ), #973, 'distance_accuracy_value', 'NONE');
#59 = VECTOR ( 'NONE', #855, 1000.000000000000000 ) ;
#60 = AXIS2_PLACEMENT_3D ( 'NONE', #1082, #281, #800 ) ;
#61 = DIRECTION ( 'NONE',  ( 0.000000000000000000, 0.000000000000000000, 1.000000000000000000 ) ) ;
#62 = ORIENTED_EDGE ( 'NONE', *, *, #360, .F. ) ;
#63 = LINE ( 'NONE', #1106, #980 ) ;
#64 = LINE ( 'NONE', #676, #1028 ) ;
#65 = DIRECTION ( 'NONE',  ( -1.000000000000000000, 0.000000000000000000, 0.000000000000000000 ) ) ;
#66 = ORIENTED_EDGE ( 'NONE', *, *, #1275, .T. ) ;
#67 =( NAMED_UNIT ( * ) SI_UNIT ( $, .STERADIAN. ) SOLID_ANGLE_UNIT ( ) );
#68 = SURFACE_SIDE_STYLE ('',( #1396 ) ) ;
#69 = VERTEX_POINT ( 'NONE', #968 ) ;
#70 = LINE ( 'NONE', #251, #1030 ) ;
#71 = ORIENTED_EDGE ( 'NONE', *, *, #9, .T. ) ;
#72 = LINE ( 'NONE', #304, #993 ) ;
#73 = UNCERTAINTY_MEASURE_WITH_UNIT (LENGTH_MEASURE( 1.000000000000000082E-05 ), #464, 'distance_accuracy_value', 'NONE');
#74 = CARTESIAN_POINT ( 'NONE',  ( -0.7899999999999993694, 0.5699999999999998401, -0.6250000000000000000 ) ) ;
#75 = CARTESIAN_POINT ( 'NONE',  ( 0.9699999999999996403, 0.02999999999999994685, -0.6250000000000001110 ) ) ;
#76 = PRESENTATION_STYLE_ASSIGNMENT (( #515 ) ) ;
#77 = CARTESIAN_POINT ( 'NONE',  ( 0.6499999999999996891, 0.5699999999999995071, -0.4166666666666666852 ) ) ;
#78 = CARTESIAN_POINT ( 'NONE',  ( -0.6499999999999994671, 0.5699999999999997291, -0.4166666666666665186 ) ) ;
#79 = EDGE_CURVE ( 'NONE', #546, #1267, #871, .T. ) ;
#80 = CARTESIAN_POINT ( 'NONE',  ( -0.9999999999999995559, -1.224646799147352714E-16, -0.6250000000000000000 ) ) ;
#81 = CARTESIAN_POINT ( 'NONE',  ( -0.9699999999999996403, 0.02999999999999994685, -0.6250000000000001110 ) ) ;
#82 = MANIFOLD_SOLID_BREP ( 'Boss-Extrude3', #661 ) ;
#83 =( LENGTH_UNIT ( ) NAMED_UNIT ( * ) SI_UNIT ( .MILLI., .METRE. ) );
#84 = LINE ( 'NONE', #1352, #587 ) ;
#85 = CARTESIAN_POINT ( 'NONE',  ( 0.9699999999999996403, 0.02999999999999994685, -0.6250000000000000000 ) ) ;
#86 = VECTOR ( 'NONE', #1041, 1000.000000000000000 ) ;
#87 = DIRECTION ( 'NONE',  ( 7.744301232039322598E-16, -7.633080200144730106E-32, 1.000000000000000000 ) ) ;
#88 = CARTESIAN_POINT ( 'NONE',  ( -0.9699999999999996403, 0.5699999999999998401, -2.638752715702699092 ) ) ;
#89 = EDGE_CURVE ( 'NONE', #388, #1190, #782, .T. ) ;
#90 = VECTOR ( 'NONE', #567, 1000.000000000000000 ) ;
#91 = PRESENTATION_LAYER_ASSIGNMENT (  '', '', ( #910 ) ) ;
#92 = UNCERTAINTY_MEASURE_WITH_UNIT (LENGTH_MEASURE( 1.000000000000000082E-05 ), #879, 'distance_accuracy_value', 'NONE');
#93 = DIRECTION ( 'NONE',  ( 0.000000000000000000, 0.000000000000000000, 1.000000000000000000 ) ) ;
#94 = PRESENTATION_LAYER_ASSIGNMENT (  '', '', ( #216 ) ) ;
#95 = ADVANCED_FACE ( 'NONE', ( #289 ), #904, .F. ) ;
#96 = FACE_OUTER_BOUND ( 'NONE', #1358, .T. ) ;
#97 = FACE_OUTER_BOUND ( 'NONE', #689, .T. ) ;
#98 = CARTESIAN_POINT ( 'NONE',  ( 0.7899999999999997025, 0.5699999999999995071, 0.6249999999999997780 ) ) ;
#99 = LINE ( 'NONE', #445, #121 ) ;
#100 = LINE ( 'NONE', #2, #573 ) ;
#101 = DIRECTION ( 'NONE',  ( 9.856383386231858827E-17, 1.000000000000000000, -0.000000000000000000 ) ) ;
#102 = VECTOR ( 'NONE', #725, 1000.000000000000000 ) ;
#103 = FACE_OUTER_BOUND ( 'NONE', #400, .T. ) ;
#104 = CARTESIAN_POINT ( 'NONE',  ( 0.9699999999999996403, 0.5699999999999998401, -0.6250000000000000000 ) ) ;
#105 = DIRECTION ( 'NONE',  ( -9.856383386231858827E-17, -1.000000000000000000, 0.000000000000000000 ) ) ;
#106 = ADVANCED_FACE ( 'NONE', ( #771 ), #1258, .T. ) ;
#107 = DIRECTION ( 'NONE',  ( -1.000000000000000000, 0.000000000000000000, -0.000000000000000000 ) ) ;
#108 = LINE ( 'NONE', #538, #591 ) ;
#109 =( GEOMETRIC_REPRESENTATION_CONTEXT ( 3 ) GLOBAL_UNCERTAINTY_ASSIGNED_CONTEXT ( ( #92 ) ) GLOBAL_UNIT_ASSIGNED_CONTEXT ( ( #879, #1024, #67 ) ) REPRESENTATION_CONTEXT ( 'NONE', 'WORKASPACE' ) );
#110 = LINE ( 'NONE', #731, #594 ) ;
#111 = CARTESIAN_POINT ( 'NONE',  ( 0.9999999999999995559, -1.224646799147352714E-16, -0.6250000000000000000 ) ) ;
#112 = CARTESIAN_POINT ( 'NONE',  ( 0.6499999999999995781, 0.02999999999999998501, -0.6250000000000000000 ) ) ;
#113 = COLOUR_RGB ( '',0.7921568627450980005, 0.8196078431372548767, 0.9333333333333333481 ) ;
#114 = ADVANCED_FACE ( 'NONE', ( #1247 ), #383, .F. ) ;
#115 = EDGE_CURVE ( 'NONE', #884, #836, #306, .T. ) ;
#116 = CARTESIAN_POINT ( 'NONE',  ( -0.9999999999999995559, -1.224646799147352714E-16, 0.6250000000000000000 ) ) ;
#117 = LINE ( 'NONE', #1076, #600 ) ;
#118 = DIRECTION ( 'NONE',  ( -1.000000000000000000, 0.000000000000000000, 0.000000000000000000 ) ) ;
#119 = DIRECTION ( 'NONE',  ( 9.856383386231858827E-17, 1.000000000000000000, -0.000000000000000000 ) ) ;
#120 = SURFACE_STYLE_FILL_AREA ( #684 ) ;
#121 = VECTOR ( 'NONE', #1303, 1000.000000000000000 ) ;
#122 = CARTESIAN_POINT ( 'NONE',  ( 0.000000000000000000, 0.000000000000000000, -0.6250000000000000000 ) ) ;
#123 = SURFACE_STYLE_FILL_AREA ( #285 ) ;
#124 = PRESENTATION_STYLE_ASSIGNMENT (( #16 ) ) ;
#125 = VECTOR ( 'NONE', #1184, 1000.000000000000000 ) ;
#126 = DIRECTION ( 'NONE',  ( 9.856383386231858827E-17, 1.000000000000000000, -0.000000000000000000 ) ) ;
#127 = MECHANICAL_DESIGN_GEOMETRIC_PRESENTATION_REPRESENTATION (  '', ( #1317 ), #315 ) ;
#128 = EDGE_CURVE ( 'NONE', #188, #378, #658, .T. ) ;
#129 = LINE ( 'NONE', #1199, #614 ) ;
#130 = DIRECTION ( 'NONE',  ( -1.000000000000000000, 3.498990854706721759E-16, 0.000000000000000000 ) ) ;
#131 = CARTESIAN_POINT ( 'NONE',  ( -0.7899999999999992584, 0.5699999999999997291, 0.6250000000000000000 ) ) ;
#132 = CARTESIAN_POINT ( 'NONE',  ( -0.9999999999999995559, -1.224646799147352714E-16, -0.6250000000000000000 ) ) ;
#133 = SURFACE_STYLE_USAGE ( .BOTH. , #753 ) ;
#134 = LINE ( 'NONE', #98, #575 ) ;
#135 = EDGE_CURVE ( 'NONE', #1343, #475, #181, .T. ) ;
#136 = COLOUR_RGB ( '',0.7921568627450980005, 0.8196078431372548767, 0.9333333333333333481 ) ;
#137 = PLANE ( 'NONE',  #43 ) ;
#138 = EDGE_CURVE ( 'NONE', #328, #817, #1163, .T. ) ;
#139 = CARTESIAN_POINT ( 'NONE',  ( -0.7899999999999993694, 0.5699999999999997291, -0.6249999999999997780 ) ) ;
#140 = PRODUCT_RELATED_PRODUCT_CATEGORY ( 'part', '', ( #451 ) ) ;
#141 = LINE ( 'NONE', #344, #457 ) ;
#142 = VECTOR ( 'NONE', #4, 1000.000000000000000 ) ;
#143 = CARTESIAN_POINT ( 'NONE',  ( 0.6499999999999995781, 0.5999999999999997558, -0.6250000000000000000 ) ) ;
#144 = DIRECTION ( 'NONE',  ( 1.000000000000000000, 0.000000000000000000, 0.000000000000000000 ) ) ;
#145 = VECTOR ( 'NONE', #1187, 1000.000000000000000 ) ;
#146 = EDGE_CURVE ( 'NONE', #1181, #69, #1136, .T. ) ;
#147 = LINE ( 'NONE', #737, #142 ) ;
#148 = CARTESIAN_POINT ( 'NONE',  ( 0.9699999999999996403, 0.02999999999999994685, 0.6250000000000000000 ) ) ;
#149 = VECTOR ( 'NONE', #311, 1000.000000000000000 ) ;
#150 = FACE_OUTER_BOUND ( 'NONE', #472, .T. ) ;
#151 = VECTOR ( 'NONE', #1035, 1000.000000000000000 ) ;
#152 = EDGE_CURVE ( 'NONE', #1305, #1343, #187, .T. ) ;
#153 = FILL_AREA_STYLE ('',( #258 ) ) ;
#154 = AXIS2_PLACEMENT_3D ( 'NONE', #754, #851, #998 ) ;
#155 = CARTESIAN_POINT ( 'NONE',  ( -0.6499999999999995781, 0.000000000000000000, 0.6250000000000000000 ) ) ;
#156 = LINE ( 'NONE', #601, #1079 ) ;
#157 = CARTESIAN_POINT ( 'NONE',  ( -0.6499999999999995781, 0.02999999999999998501, 0.6250000000000000000 ) ) ;
#158 = CARTESIAN_POINT ( 'NONE',  ( 0.7899999999999997025, 0.5699999999999998401, 0.6250000000000000000 ) ) ;
#159 = CARTESIAN_POINT ( 'NONE',  ( -0.7899999999999993694, 0.5699999999999997291, -0.6249999999999997780 ) ) ;
#160 = CARTESIAN_POINT ( 'NONE',  ( 0.7899999999999995914, 0.5999999999999998668, -0.6250000000000000000 ) ) ;
#161 = CARTESIAN_POINT ( 'NONE',  ( -0.7899999999999993694, 0.5999999999999999778, -0.6249999999999997780 ) ) ;
#162 = FACE_OUTER_BOUND ( 'NONE', #778, .T. ) ;
#163 = FILL_AREA_STYLE ('',( #264 ) ) ;
#164 =( LENGTH_UNIT ( ) NAMED_UNIT ( * ) SI_UNIT ( .MILLI., .METRE. ) );
#165 = CARTESIAN_POINT ( 'NONE',  ( 0.6499999999999995781, 0.000000000000000000, -0.6250000000000000000 ) ) ;
#166 = CARTESIAN_POINT ( 'NONE',  ( 0.6499999999999996891, 0.5699999999999995071, -0.4166666666666666852 ) ) ;
#167 = ADVANCED_FACE ( 'NONE', ( #198 ), #1290, .F. ) ;
#168 = FILL_AREA_STYLE_COLOUR ( '', #589 ) ;
#169 = PLANE ( 'NONE',  #316 ) ;
#170 = DIRECTION ( 'NONE',  ( -0.000000000000000000, -1.000000000000000000, -0.000000000000000000 ) ) ;
#171 = DIRECTION ( 'NONE',  ( -0.000000000000000000, -0.000000000000000000, -1.000000000000000000 ) ) ;
#172 = EDGE_CURVE ( 'NONE', #836, #328, #673, .T. ) ;
#173 = MECHANICAL_DESIGN_GEOMETRIC_PRESENTATION_REPRESENTATION (  '', ( #1081 ), #109 ) ;
#174 = SURFACE_SIDE_STYLE ('',( #571 ) ) ;
#175 = ADVANCED_FACE ( 'NONE', ( #195 ), #844, .F. ) ;
#176 = DIRECTION ( 'NONE',  ( -1.000000000000000000, -0.000000000000000000, -0.000000000000000000 ) ) ;
#177 = EDGE_CURVE ( 'NONE', #884, #337, #202, .T. ) ;
#178 = DIRECTION ( 'NONE',  ( 0.000000000000000000, 0.000000000000000000, 1.000000000000000000 ) ) ;
#179 = FACE_OUTER_BOUND ( 'NONE', #1315, .T. ) ;
#180 = CARTESIAN_POINT ( 'NONE',  ( -0.6499999999999993561, 0.5699999999999997291, 0.4166666666666666297 ) ) ;
#181 = LINE ( 'NONE', #348, #665 ) ;
#182 = DIRECTION ( 'NONE',  ( 1.000000000000000000, 0.000000000000000000, -7.744301232039322598E-16 ) ) ;
#183 =( NAMED_UNIT ( * ) PLANE_ANGLE_UNIT ( ) SI_UNIT ( $, .RADIAN. ) );
#184 = EDGE_CURVE ( 'NONE', #856, #721, #211, .T. ) ;
#185 = ADVANCED_FACE ( 'NONE', ( #692 ), #225, .F. ) ;
#186 = ORIENTED_EDGE ( 'NONE', *, *, #184, .T. ) ;
#187 = LINE ( 'NONE', #653, #671 ) ;
#188 = VERTEX_POINT ( 'NONE', #1193 ) ;
#189 = CARTESIAN_POINT ( 'NONE',  ( -0.9699999999999996403, 0.5699999999999998401, 0.6250000000000000000 ) ) ;
#190 = MECHANICAL_DESIGN_GEOMETRIC_PRESENTATION_REPRESENTATION (  '', ( #48 ), #1109 ) ;
#191 = CARTESIAN_POINT ( 'NONE',  ( -0.9999999999999995559, 0.5999999999999998668, -0.6250000000000000000 ) ) ;
#192 = SURFACE_STYLE_FILL_AREA ( #416 ) ;
#193 = CARTESIAN_POINT ( 'NONE',  ( -0.6499999999999993561, 0.5999999999999999778, 0.6250000000000000000 ) ) ;
#194 = ORIENTED_EDGE ( 'NONE', *, *, #1102, .F. ) ;
#195 = FACE_OUTER_BOUND ( 'NONE', #468, .T. ) ;
#196 =( NAMED_UNIT ( * ) SI_UNIT ( $, .STERADIAN. ) SOLID_ANGLE_UNIT ( ) );
#197 = ORIENTED_EDGE ( 'NONE', *, *, #1165, .T. ) ;
#198 = FACE_OUTER_BOUND ( 'NONE', #822, .T. ) ;
#199 = DIRECTION ( 'NONE',  ( 1.000000000000000000, 0.000000000000000000, 0.000000000000000000 ) ) ;
#200 = SURFACE_STYLE_FILL_AREA ( #1178 ) ;
#201 = CARTESIAN_POINT ( 'NONE',  ( -0.7899999999999992584, 0.5999999999999998668, 0.6250000000000000000 ) ) ;
#202 = LINE ( 'NONE', #139, #206 ) ;
#203 = VERTEX_POINT ( 'NONE', #342 ) ;
#204 =( LENGTH_UNIT ( ) NAMED_UNIT ( * ) SI_UNIT ( .MILLI., .METRE. ) );
#205 = ORIENTED_EDGE ( 'NONE', *, *, #360, .T. ) ;
#206 = VECTOR ( 'NONE', #991, 1000.000000000000000 ) ;
#207 = EDGE_CURVE ( 'NONE', #926, #843, #1161, .T. ) ;
#208 =( LENGTH_UNIT ( ) NAMED_UNIT ( * ) SI_UNIT ( .MILLI., .METRE. ) );
#209 = ORIENTED_EDGE ( 'NONE', *, *, #1251, .T. ) ;
#210 = ORIENTED_EDGE ( 'NONE', *, *, #138, .T. ) ;
#211 = LINE ( 'NONE', #324, #695 ) ;
#212 = PLANE ( 'NONE',  #1021 ) ;
#213 =( GEOMETRIC_REPRESENTATION_CONTEXT ( 3 ) GLOBAL_UNCERTAINTY_ASSIGNED_CONTEXT ( ( #373 ) ) GLOBAL_UNIT_ASSIGNED_CONTEXT ( ( #536, #634, #728 ) ) REPRESENTATION_CONTEXT ( 'NONE', 'WORKASPACE' ) );
#214 = EDGE_LOOP ( 'NONE', ( #810, #1155, #266, #1285 ) ) ;
#215 = VECTOR ( 'NONE', #1238, 1000.000000000000000 ) ;
#216 = STYLED_ITEM ( 'NONE', ( #655 ), #396 ) ;
#217 = CARTESIAN_POINT ( 'NONE',  ( -0.6499999999999995781, 0.02999999999999998501, -0.6250000000000000000 ) ) ;
#218 = VECTOR ( 'NONE', #694, 1000.000000000000000 ) ;
#219 = DIRECTION ( 'NONE',  ( 0.000000000000000000, 0.000000000000000000, -1.000000000000000000 ) ) ;
#220 = ADVANCED_FACE ( 'NONE', ( #1231 ), #458, .T. ) ;
#221 = EDGE_CURVE ( 'NONE', #715, #546, #244, .T. ) ;
#222 = PLANE ( 'NONE',  #1064 ) ;
#223 = CARTESIAN_POINT ( 'NONE',  ( -0.9699999999999996403, 0.5699999999999998401, -0.6250000000000001110 ) ) ;
#224 = CARTESIAN_POINT ( 'NONE',  ( 0.9699999999999996403, 0.5699999999999998401, 0.6250000000000000000 ) ) ;
#225 = PLANE ( 'NONE',  #767 ) ;
#226 = ORIENTED_EDGE ( 'NONE', *, *, #1321, .T. ) ;
#227 = DIRECTION ( 'NONE',  ( -1.000000000000000000, 9.856383386231860060E-17, 1.734723475976807587E-16 ) ) ;
#228 =( NAMED_UNIT ( * ) SI_UNIT ( $, .STERADIAN. ) SOLID_ANGLE_UNIT ( ) );
#229 = STYLED_ITEM ( 'NONE', ( #624 ), #1142 ) ;
#230 = CARTESIAN_POINT ( 'NONE',  ( 0.9699999999999996403, 0.02999999999999994685, -2.638752715702699092 ) ) ;
#231 = MANIFOLD_SOLID_BREP ( 'Cut-Extrude1[2]', #827 ) ;
#232 = EDGE_LOOP ( 'NONE', ( #210, #1327, #854, #296 ) ) ;
#233 = AXIS2_PLACEMENT_3D ( 'NONE', #78, #87, #182 ) ;
#234 = CARTESIAN_POINT ( 'NONE',  ( 0.6499999999999995781, 0.000000000000000000, 0.6250000000000000000 ) ) ;
#235 = ORIENTED_EDGE ( 'NONE', *, *, #599, .F. ) ;
#236 = CARTESIAN_POINT ( 'NONE',  ( -0.7899999999999993694, 0.5999999999999999778, -0.6249999999999997780 ) ) ;
#237 = PLANE ( 'NONE',  #999 ) ;
#238 = VERTEX_POINT ( 'NONE', #470 ) ;
#239 = PLANE ( 'NONE',  #245 ) ;
#240 = EDGE_LOOP ( 'NONE', ( #982, #410, #260, #226 ) ) ;
#241 = ORIENTED_EDGE ( 'NONE', *, *, #1275, .F. ) ;
#242 = DIRECTION ( 'NONE',  ( -1.000000000000000000, 0.000000000000000000, 0.000000000000000000 ) ) ;
#243 = DIRECTION ( 'NONE',  ( 0.000000000000000000, -0.000000000000000000, -1.000000000000000000 ) ) ;
#244 = LINE ( 'NONE', #757, #1180 ) ;
#245 = AXIS2_PLACEMENT_3D ( 'NONE', #479, #592, #1300 ) ;
#246 = EDGE_LOOP ( 'NONE', ( #527, #727, #405, #711, #792, #716, #1277, #257 ) ) ;
#247 = PRESENTATION_STYLE_ASSIGNMENT (( #331 ) ) ;
#248 = ORIENTED_EDGE ( 'NONE', *, *, #1060, .T. ) ;
#249 = UNCERTAINTY_MEASURE_WITH_UNIT (LENGTH_MEASURE( 1.000000000000000082E-05 ), #164, 'distance_accuracy_value', 'NONE');
#250 = EDGE_CURVE ( 'NONE', #430, #876, #38, .T. ) ;
#251 = CARTESIAN_POINT ( 'NONE',  ( 0.9699999999999996403, 0.02999999999999994685, 0.6250000000000000000 ) ) ;
#252 = DIRECTION ( 'NONE',  ( -1.000000000000000000, -3.498990854706721759E-16, 0.000000000000000000 ) ) ;
#253 = ORIENTED_EDGE ( 'NONE', *, *, #498, .T. ) ;
#254 = CARTESIAN_POINT ( 'NONE',  ( -0.6499999999999993561, 0.5999999999999999778, 0.6250000000000000000 ) ) ;
#255 = PRESENTATION_STYLE_ASSIGNMENT (( #133 ) ) ;
#256 = EDGE_CURVE ( 'NONE', #353, #1291, #979, .T. ) ;
#257 = ORIENTED_EDGE ( 'NONE', *, *, #446, .T. ) ;
#258 = FILL_AREA_STYLE_COLOUR ( '', #522 ) ;
#259 = CARTESIAN_POINT ( 'NONE',  ( 0.6499999999999995781, 0.5699999999999992850, 0.6250000000000000000 ) ) ;
#260 = ORIENTED_EDGE ( 'NONE', *, *, #146, .T. ) ;
#261 =( GEOMETRIC_REPRESENTATION_CONTEXT ( 3 ) GLOBAL_UNCERTAINTY_ASSIGNED_CONTEXT ( ( #482 ) ) GLOBAL_UNIT_ASSIGNED_CONTEXT ( ( #208, #463, #321 ) ) REPRESENTATION_CONTEXT ( 'NONE', 'WORKASPACE' ) );
#262 = DIRECTION ( 'NONE',  ( 0.000000000000000000, 0.000000000000000000, -1.000000000000000000 ) ) ;
#263 = SURFACE_STYLE_FILL_AREA ( #327 ) ;
#264 = FILL_AREA_STYLE_COLOUR ( '', #1013 ) ;
#265 = ORIENTED_EDGE ( 'NONE', *, *, #1156, .T. ) ;
#266 = ORIENTED_EDGE ( 'NONE', *, *, #646, .F. ) ;
#267 = EDGE_CURVE ( 'NONE', #1291, #430, #34, .T. ) ;
#268 = CARTESIAN_POINT ( 'NONE',  ( 0.6499999999999995781, 0.02999999999999998501, 0.6250000000000000000 ) ) ;
#269 = ORIENTED_EDGE ( 'NONE', *, *, #279, .F. ) ;
#270 =( NAMED_UNIT ( * ) PLANE_ANGLE_UNIT ( ) SI_UNIT ( $, .RADIAN. ) );
#271 = VERTEX_POINT ( 'NONE', #1075 ) ;
#272 = AXIS2_PLACEMENT_3D ( 'NONE', #588, #788, #923 ) ;
#273 = FILL_AREA_STYLE_COLOUR ( '', #1054 ) ;
#274 = ORIENTED_EDGE ( 'NONE', *, *, #1334, .T. ) ;
#275 =( NAMED_UNIT ( * ) SI_UNIT ( $, .STERADIAN. ) SOLID_ANGLE_UNIT ( ) );
#276 =( GEOMETRIC_REPRESENTATION_CONTEXT ( 3 ) GLOBAL_UNCERTAINTY_ASSIGNED_CONTEXT ( ( #576 ) ) GLOBAL_UNIT_ASSIGNED_CONTEXT ( ( #1255, #183, #196 ) ) REPRESENTATION_CONTEXT ( 'NONE', 'WORKASPACE' ) );
#277 = ADVANCED_FACE ( 'NONE', ( #443 ), #703, .F. ) ;
#278 = CARTESIAN_POINT ( 'NONE',  ( -0.9699999999999996403, 0.02999999999999994685, 0.6250000000000000000 ) ) ;
#279 = EDGE_CURVE ( 'NONE', #667, #840, #18, .T. ) ;
#280 = SURFACE_STYLE_USAGE ( .BOTH. , #958 ) ;
#281 = DIRECTION ( 'NONE',  ( -1.000000000000000000, 0.000000000000000000, 0.000000000000000000 ) ) ;
#282 = DIRECTION ( 'NONE',  ( -1.000000000000000000, 0.000000000000000000, 0.000000000000000000 ) ) ;
#283 = CARTESIAN_POINT ( 'NONE',  ( 0.9699999999999996403, 0.5699999999999998401, 0.6250000000000000000 ) ) ;
#284 = STYLED_ITEM ( 'NONE', ( #1044 ), #1287 ) ;
#285 = FILL_AREA_STYLE ('',( #273 ) ) ;
#286 = CARTESIAN_POINT ( 'NONE',  ( 0.6499999999999995781, 0.02999999999999998501, 0.6250000000000000000 ) ) ;
#287 = AXIS2_PLACEMENT_3D ( 'NONE', #122, #219, #310 ) ;
#288 = DIRECTION ( 'NONE',  ( 1.000000000000000000, 0.000000000000000000, -0.000000000000000000 ) ) ;
#289 = FACE_OUTER_BOUND ( 'NONE', #929, .T. ) ;
#290 = VERTEX_POINT ( 'NONE', #952 ) ;
#291 = FILL_AREA_STYLE_COLOUR ( '', #1367 ) ;
#292 = ADVANCED_FACE ( 'NONE', ( #930 ), #169, .F. ) ;
#293 = CARTESIAN_POINT ( 'NONE',  ( -0.9699999999999996403, 0.02999999999999994685, -0.6250000000000001110 ) ) ;
#294 = VECTOR ( 'NONE', #1073, 1000.000000000000000 ) ;
#295 = DIRECTION ( 'NONE',  ( 1.000000000000000000, 0.000000000000000000, 0.000000000000000000 ) ) ;
#296 = ORIENTED_EDGE ( 'NONE', *, *, #1357, .T. ) ;
#297 = DIRECTION ( 'NONE',  ( 1.734723475976807587E-16, 0.000000000000000000, 1.000000000000000000 ) ) ;
#298 = CARTESIAN_POINT ( 'NONE',  ( 0.9999999999999995559, 0.5999999999999998668, -0.6250000000000000000 ) ) ;
#299 = ORIENTED_EDGE ( 'NONE', *, *, #207, .F. ) ;
#300 = CARTESIAN_POINT ( 'NONE',  ( 0.9699999999999996403, 0.02999999999999994685, 0.6250000000000000000 ) ) ;
#301 = EDGE_CURVE ( 'NONE', #768, #271, #962, .T. ) ;
#302 = DIRECTION ( 'NONE',  ( 0.000000000000000000, -1.000000000000000000, -0.000000000000000000 ) ) ;
#303 = ORIENTED_EDGE ( 'NONE', *, *, #1125, .F. ) ;
#304 = CARTESIAN_POINT ( 'NONE',  ( 0.6499999999999996891, 0.5699999999999995071, -0.4166666666666666852 ) ) ;
#305 = AXIS2_PLACEMENT_3D ( 'NONE', #828, #981, #1265 ) ;
#306 = LINE ( 'NONE', #159, #218 ) ;
#307 = DIRECTION ( 'NONE',  ( 0.000000000000000000, 0.000000000000000000, -1.000000000000000000 ) ) ;
#308 = EDGE_CURVE ( 'NONE', #949, #388, #492, .T. ) ;
#309 = DIRECTION ( 'NONE',  ( -0.000000000000000000, 1.000000000000000000, -0.000000000000000000 ) ) ;
#310 = DIRECTION ( 'NONE',  ( -1.000000000000000000, 0.000000000000000000, -0.000000000000000000 ) ) ;
#311 = DIRECTION ( 'NONE',  ( 0.000000000000000000, -0.000000000000000000, -1.000000000000000000 ) ) ;
#312 = EDGE_CURVE ( 'NONE', #388, #1200, #21, .T. ) ;
#313 = SURFACE_STYLE_USAGE ( .BOTH. , #777 ) ;
#314 = CARTESIAN_POINT ( 'NONE',  ( -0.6499999999999995781, 0.02999999999999998501, 0.6250000000000000000 ) ) ;
#315 =( GEOMETRIC_REPRESENTATION_CONTEXT ( 3 ) GLOBAL_UNCERTAINTY_ASSIGNED_CONTEXT ( ( #455 ) ) GLOBAL_UNIT_ASSIGNED_CONTEXT ( ( #806, #1195, #275 ) ) REPRESENTATION_CONTEXT ( 'NONE', 'WORKASPACE' ) );
#316 = AXIS2_PLACEMENT_3D ( 'NONE', #286, #943, #1254 ) ;
#317 = CARTESIAN_POINT ( 'NONE',  ( 0.6499999999999998002, 0.5999999999999997558, 0.4166666666666665741 ) ) ;
#318 = DIRECTION ( 'NONE',  ( 1.164670302474662720E-16, -1.000000000000000000, 0.000000000000000000 ) ) ;
#319 =( LENGTH_UNIT ( ) NAMED_UNIT ( * ) SI_UNIT ( .MILLI., .METRE. ) );
#320 = UNCERTAINTY_MEASURE_WITH_UNIT (LENGTH_MEASURE( 1.000000000000000082E-05 ), #1111, 'distance_accuracy_value', 'NONE');
#321 =( NAMED_UNIT ( * ) SI_UNIT ( $, .STERADIAN. ) SOLID_ANGLE_UNIT ( ) );
#322 = FILL_AREA_STYLE_COLOUR ( '', #741 ) ;
#323 = DIRECTION ( 'NONE',  ( 1.000000000000000000, 0.000000000000000000, 0.000000000000000000 ) ) ;
#324 = CARTESIAN_POINT ( 'NONE',  ( -0.6499999999999995781, 0.000000000000000000, 0.6250000000000000000 ) ) ;
#325 = CARTESIAN_POINT ( 'NONE',  ( -0.6499999999999998002, 0.5699999999999997291, -0.6250000000000000000 ) ) ;
#326 = ORIENTED_EDGE ( 'NONE', *, *, #976, .F. ) ;
#327 = FILL_AREA_STYLE ('',( #322 ) ) ;
#328 = VERTEX_POINT ( 'NONE', #1066 ) ;
#329 = DIRECTION ( 'NONE',  ( 0.000000000000000000, 0.000000000000000000, -1.000000000000000000 ) ) ;
#330 = VECTOR ( 'NONE', #126, 1000.000000000000000 ) ;
#331 = SURFACE_STYLE_USAGE ( .BOTH. , #783 ) ;
#332 = ORIENTED_EDGE ( 'NONE', *, *, #152, .T. ) ;
#333 = EDGE_CURVE ( 'NONE', #39, #769, #473, .T. ) ;
#334 = CARTESIAN_POINT ( 'NONE',  ( 0.7899999999999995914, 0.5699999999999995071, -0.6250000000000000000 ) ) ;
#335 = LINE ( 'NONE', #873, #330 ) ;
#336 = ORIENTED_EDGE ( 'NONE', *, *, #89, .T. ) ;
#337 = VERTEX_POINT ( 'NONE', #1383 ) ;
#338 = ORIENTED_EDGE ( 'NONE', *, *, #726, .F. ) ;
#339 = DIRECTION ( 'NONE',  ( 1.668003342285393276E-16, 1.000000000000000000, -2.893524555870248321E-32 ) ) ;
#340 = EDGE_CURVE ( 'NONE', #1152, #667, #965, .T. ) ;
#341 = PRESENTATION_STYLE_ASSIGNMENT (( #313 ) ) ;
#342 = CARTESIAN_POINT ( 'NONE',  ( -0.7899999999999992584, 0.5999999999999999778, 0.4166666666666666297 ) ) ;
#343 = VERTEX_POINT ( 'NONE', #1149 ) ;
#344 = CARTESIAN_POINT ( 'NONE',  ( 0.6499999999999993561, -1.233468879687142694, -0.6250000000000000000 ) ) ;
#345 =( NAMED_UNIT ( * ) SI_UNIT ( $, .STERADIAN. ) SOLID_ANGLE_UNIT ( ) );
#346 = SURFACE_STYLE_FILL_AREA ( #848 ) ;
#347 = ORIENTED_EDGE ( 'NONE', *, *, #128, .F. ) ;
#348 = CARTESIAN_POINT ( 'NONE',  ( -0.6499999999999998002, 0.5699999999999997291, -0.6250000000000000000 ) ) ;
#349 = PRESENTATION_LAYER_ASSIGNMENT (  '', '', ( #698 ) ) ;
#350 = ORIENTED_EDGE ( 'NONE', *, *, #1156, .F. ) ;
#351 = STYLED_ITEM ( 'NONE', ( #436 ), #82 ) ;
#352 = FACE_OUTER_BOUND ( 'NONE', #691, .T. ) ;
#353 = VERTEX_POINT ( 'NONE', #259 ) ;
#354 = CARTESIAN_POINT ( 'NONE',  ( 0.9699999999999996403, 0.5699999999999998401, -0.6250000000000001110 ) ) ;
#355 = CARTESIAN_POINT ( 'NONE',  ( -0.6499999999999993561, 0.5699999999999997291, 0.4166666666666666297 ) ) ;
#356 = ORIENTED_EDGE ( 'NONE', *, *, #1215, .T. ) ;
#357 = VERTEX_POINT ( 'NONE', #793 ) ;
#358 = VERTEX_POINT ( 'NONE', #160 ) ;
#359 = CARTESIAN_POINT ( 'NONE',  ( -0.9999999999999995559, -1.224646799147352714E-16, 0.6250000000000000000 ) ) ;
#360 = EDGE_CURVE ( 'NONE', #238, #996, #478, .T. ) ;
#361 = EDGE_LOOP ( 'NONE', ( #530, #833, #1208, #992 ) ) ;
#362 = EDGE_CURVE ( 'NONE', #1343, #876, #505, .T. ) ;
#363 = VECTOR ( 'NONE', #1126, 1000.000000000000000 ) ;
#364 =( NAMED_UNIT ( * ) PLANE_ANGLE_UNIT ( ) SI_UNIT ( $, .RADIAN. ) );
#365 = ORIENTED_EDGE ( 'NONE', *, *, #751, .F. ) ;
#366 = ORIENTED_EDGE ( 'NONE', *, *, #892, .F. ) ;
#367 = ADVANCED_FACE ( 'NONE', ( #922 ), #925, .F. ) ;
#368 = EDGE_LOOP ( 'NONE', ( #338, #1209, #466, #513, #1002, #366, #742, #820 ) ) ;
#369 = DIRECTION ( 'NONE',  ( 1.734723475976807094E-16, 0.000000000000000000, 1.000000000000000000 ) ) ;
#370 = FILL_AREA_STYLE ('',( #1094 ) ) ;
#371 = ORIENTED_EDGE ( 'NONE', *, *, #660, .T. ) ;
#372 = PLANE ( 'NONE',  #738 ) ;
#373 = UNCERTAINTY_MEASURE_WITH_UNIT (LENGTH_MEASURE( 1.000000000000000082E-05 ), #536, 'distance_accuracy_value', 'NONE');
#374 = CARTESIAN_POINT ( 'NONE',  ( -0.6499999999999998002, -1.233468879687142694, -0.6250000000000000000 ) ) ;
#375 = ORIENTED_EDGE ( 'NONE', *, *, #267, .F. ) ;
#376 = CARTESIAN_POINT ( 'NONE',  ( 0.7899999999999995914, 0.5999999999999997558, -0.6250000000000000000 ) ) ;
#377 = DIRECTION ( 'NONE',  ( 1.000000000000000000, -0.000000000000000000, -0.000000000000000000 ) ) ;
#378 = VERTEX_POINT ( 'NONE', #526 ) ;
#379 = DIRECTION ( 'NONE',  ( -1.000000000000000000, 0.000000000000000000, 0.000000000000000000 ) ) ;
#380 = ORIENTED_EDGE ( 'NONE', *, *, #751, .T. ) ;
#381 = ORIENTED_EDGE ( 'NONE', *, *, #736, .F. ) ;
#382 = EDGE_CURVE ( 'NONE', #886, #546, #454, .T. ) ;
#383 = PLANE ( 'NONE',  #1261 ) ;
#384 = ADVANCED_FACE ( 'NONE', ( #966 ), #1185, .T. ) ;
#385 = ORIENTED_EDGE ( 'NONE', *, *, #221, .T. ) ;
#386 = PRESENTATION_LAYER_ASSIGNMENT (  '', '', ( #1317 ) ) ;
#387 = SURFACE_STYLE_USAGE ( .BOTH. , #174 ) ;
#388 = VERTEX_POINT ( 'NONE', #1259 ) ;
#389 = SURFACE_STYLE_USAGE ( .BOTH. , #68 ) ;
#390 = ORIENTED_EDGE ( 'NONE', *, *, #267, .T. ) ;
#391 = PRESENTATION_LAYER_ASSIGNMENT (  '', '', ( #1282 ) ) ;
#392 = ORIENTED_EDGE ( 'NONE', *, *, #308, .F. ) ;
#393 = EDGE_LOOP ( 'NONE', ( #882, #381, #299, #50, #444, #1330, #1298, #1339 ) ) ;
#394 = PRESENTATION_LAYER_ASSIGNMENT (  '', '', ( #49 ) ) ;
#395 = ORIENTED_EDGE ( 'NONE', *, *, #1256, .F. ) ;
#396 = ADVANCED_FACE ( 'NONE', ( #179 ), #643, .F. ) ;
#397 = ORIENTED_EDGE ( 'NONE', *, *, #461, .T. ) ;
#398 = CARTESIAN_POINT ( 'NONE',  ( -0.6499999999999995781, 0.5999999999999998668, 0.6250000000000000000 ) ) ;
#399 = ORIENTED_EDGE ( 'NONE', *, *, #975, .T. ) ;
#400 = EDGE_LOOP ( 'NONE', ( #1206, #853, #942, #1329 ) ) ;
#401 = ADVANCED_FACE ( 'NONE', ( #162 ), #847, .T. ) ;
#402 = DIRECTION ( 'NONE',  ( 0.000000000000000000, 0.000000000000000000, 1.000000000000000000 ) ) ;
#403 = ORIENTED_EDGE ( 'NONE', *, *, #700, .F. ) ;
#404 = LINE ( 'NONE', #798, #1361 ) ;
#405 = ORIENTED_EDGE ( 'NONE', *, *, #22, .T. ) ;
#406 = CARTESIAN_POINT ( 'NONE',  ( 0.6499999999999995781, 0.02999999999999998501, 0.6250000000000000000 ) ) ;
#407 = ORIENTED_EDGE ( 'NONE', *, *, #646, .T. ) ;
#408 = FACE_OUTER_BOUND ( 'NONE', #866, .T. ) ;
#409 = DIRECTION ( 'NONE',  ( 1.000000000000000000, 0.000000000000000000, 3.872150616019661299E-16 ) ) ;
#410 = ORIENTED_EDGE ( 'NONE', *, *, #761, .F. ) ;
#411 = VECTOR ( 'NONE', #369, 1000.000000000000000 ) ;
#412 = DIRECTION ( 'NONE',  ( -1.000000000000000000, -0.000000000000000000, -0.000000000000000000 ) ) ;
#413 = PLANE ( 'NONE',  #862 ) ;
#414 = VERTEX_POINT ( 'NONE', #766 ) ;
#415 = FACE_OUTER_BOUND ( 'NONE', #6, .T. ) ;
#416 = FILL_AREA_STYLE ('',( #577 ) ) ;
#417 = STYLED_ITEM ( 'NONE', ( #247 ), #231 ) ;
#418 = CARTESIAN_POINT ( 'NONE',  ( -0.9999999999999995559, -1.224646799147352714E-16, 0.6250000000000000000 ) ) ;
#419 = VERTEX_POINT ( 'NONE', #872 ) ;
#420 = LINE ( 'NONE', #714, #363 ) ;
#421 = CARTESIAN_POINT ( 'NONE',  ( -0.9699999999999996403, 0.5699999999999998401, 0.6250000000000000000 ) ) ;
#422 = ORIENTED_EDGE ( 'NONE', *, *, #599, .T. ) ;
#423 = FACE_OUTER_BOUND ( 'NONE', #825, .T. ) ;
#424 = VERTEX_POINT ( 'NONE', #35 ) ;
#425 = LINE ( 'NONE', #645, #453 ) ;
#426 = EDGE_LOOP ( 'NONE', ( #1307, #1308, #390, #931 ) ) ;
#427 =( NAMED_UNIT ( * ) SI_UNIT ( $, .STERADIAN. ) SOLID_ANGLE_UNIT ( ) );
#428 = ORIENTED_EDGE ( 'NONE', *, *, #1165, .F. ) ;
#429 = DIRECTION ( 'NONE',  ( 0.000000000000000000, 0.000000000000000000, 1.000000000000000000 ) ) ;
#430 = VERTEX_POINT ( 'NONE', #143 ) ;
#431 = LINE ( 'NONE', #1112, #462 ) ;
#432 = PLANE ( 'NONE',  #1067 ) ;
#433 = VECTOR ( 'NONE', #830, 1000.000000000000000 ) ;
#434 = FILL_AREA_STYLE ('',( #1088 ) ) ;
#435 = VECTOR ( 'NONE', #1182, 1000.000000000000000 ) ;
#436 = PRESENTATION_STYLE_ASSIGNMENT (( #280 ) ) ;
#437 = ADVANCED_FACE ( 'NONE', ( #693 ), #549, .T. ) ;
#438 = LINE ( 'NONE', #1360, #941 ) ;
#439 = DIRECTION ( 'NONE',  ( -1.000000000000000000, 0.000000000000000000, 0.000000000000000000 ) ) ;
#440 = PRESENTATION_LAYER_ASSIGNMENT (  '', '', ( #781 ) ) ;
#441 = DIRECTION ( 'NONE',  ( 0.000000000000000000, 0.000000000000000000, 1.000000000000000000 ) ) ;
#442 = VECTOR ( 'NONE', #1005, 1000.000000000000000 ) ;
#443 = FACE_OUTER_BOUND ( 'NONE', #232, .T. ) ;
#444 = ORIENTED_EDGE ( 'NONE', *, *, #785, .F. ) ;
#445 = CARTESIAN_POINT ( 'NONE',  ( 0.6499999999999998002, 0.5699999999999995071, 0.4166666666666665741 ) ) ;
#446 = EDGE_CURVE ( 'NONE', #954, #1318, #621, .T. ) ;
#447 = VECTOR ( 'NONE', #10, 1000.000000000000000 ) ;
#448 = FILL_AREA_STYLE_COLOUR ( '', #1116 ) ;
#449 = SURFACE_SIDE_STYLE ('',( #120 ) ) ;
#450 = VECTOR ( 'NONE', #302, 1000.000000000000000 ) ;
#451 = PRODUCT ( '21.250.60.350.35', '21.250.60.350.35', '', ( #994 ) ) ;
#452 = CARTESIAN_POINT ( 'NONE',  ( 0.9999999999999995559, 0.5999999999999998668, 0.6250000000000000000 ) ) ;
#453 = VECTOR ( 'NONE', #746, 1000.000000000000000 ) ;
#454 = LINE ( 'NONE', #629, #917 ) ;
#455 = UNCERTAINTY_MEASURE_WITH_UNIT (LENGTH_MEASURE( 1.000000000000000082E-05 ), #806, 'distance_accuracy_value', 'NONE');
#456 = PRESENTATION_STYLE_ASSIGNMENT (( #389 ) ) ;
#457 = VECTOR ( 'NONE', #33, 1000.000000000000000 ) ;
#458 = PLANE ( 'NONE',  #287 ) ;
#459 = LINE ( 'NONE', #217, #921 ) ;
#460 = CARTESIAN_POINT ( 'NONE',  ( 0.6499999999999995781, 0.5699999999999998401, 0.6250000000000000000 ) ) ;
#461 = EDGE_CURVE ( 'NONE', #996, #203, #147, .T. ) ;
#462 = VECTOR ( 'NONE', #1310, 1000.000000000000000 ) ;
#463 =( NAMED_UNIT ( * ) PLANE_ANGLE_UNIT ( ) SI_UNIT ( $, .RADIAN. ) );
#464 =( LENGTH_UNIT ( ) NAMED_UNIT ( * ) SI_UNIT ( .MILLI., .METRE. ) );
#465 = FACE_OUTER_BOUND ( 'NONE', #1288, .T. ) ;
#466 = ORIENTED_EDGE ( 'NONE', *, *, #1119, .F. ) ;
#467 = VECTOR ( 'NONE', #55, 1000.000000000000000 ) ;
#468 = EDGE_LOOP ( 'NONE', ( #1235, #774, #235, #1139 ) ) ;
#469 = ORIENTED_EDGE ( 'NONE', *, *, #135, .F. ) ;
#470 = CARTESIAN_POINT ( 'NONE',  ( -0.6499999999999993561, 0.5699999999999997291, 0.4166666666666666297 ) ) ;
#471 = VECTOR ( 'NONE', #957, 1000.000000000000000 ) ;
#472 = EDGE_LOOP ( 'NONE', ( #874, #1264, #829, #1177 ) ) ;
#473 = LINE ( 'NONE', #787, #1384 ) ;
#474 = EDGE_CURVE ( 'NONE', #353, #1305, #1085, .T. ) ;
#475 = VERTEX_POINT ( 'NONE', #558 ) ;
#476 = LINE ( 'NONE', #883, #467 ) ;
#477 = ORIENTED_EDGE ( 'NONE', *, *, #1060, .F. ) ;
#478 = LINE ( 'NONE', #355, #24 ) ;
#479 = CARTESIAN_POINT ( 'NONE',  ( 0.000000000000000000, 0.000000000000000000, -0.6250000000000000000 ) ) ;
#480 = LINE ( 'NONE', #452, #487 ) ;
#481 = ORIENTED_EDGE ( 'NONE', *, *, #135, .T. ) ;
#482 = UNCERTAINTY_MEASURE_WITH_UNIT (LENGTH_MEASURE( 1.000000000000000082E-05 ), #208, 'distance_accuracy_value', 'NONE');
#483 = LINE ( 'NONE', #560, #950 ) ;
#484 = ORIENTED_EDGE ( 'NONE', *, *, #362, .T. ) ;
#485 = DIRECTION ( 'NONE',  ( 1.000000000000000000, -0.000000000000000000, -7.744301232039322598E-16 ) ) ;
#486 = DIRECTION ( 'NONE',  ( 1.000000000000000000, 1.164670302474662720E-16, 0.000000000000000000 ) ) ;
#487 = VECTOR ( 'NONE', #1011, 1000.000000000000000 ) ;
#488 = EDGE_LOOP ( 'NONE', ( #1372, #877, #62, #399 ) ) ;
#489 = EDGE_CURVE ( 'NONE', #358, #1274, #1092, .T. ) ;
#490 = CARTESIAN_POINT ( 'NONE',  ( 0.6499999999999995781, 0.5999999999999997558, 0.6250000000000000000 ) ) ;
#491 = EDGE_LOOP ( 'NONE', ( #248, #1262, #1292, #719 ) ) ;
#492 = LINE ( 'NONE', #1140, #1370 ) ;
#493 = AXIS2_PLACEMENT_3D ( 'NONE', #1403, #23, #1166 ) ;
#494 = VECTOR ( 'NONE', #789, 1000.000000000000000 ) ;
#495 = AXIS2_PLACEMENT_3D ( 'NONE', #131, #750, #1025 ) ;
#496 = PLANE ( 'NONE',  #566 ) ;
#497 = CARTESIAN_POINT ( 'NONE',  ( -0.9999999999999995559, 0.5999999999999998668, 0.6250000000000000000 ) ) ;
#498 = EDGE_CURVE ( 'NONE', #1336, #424, #134, .T. ) ;
#499 = DIRECTION ( 'NONE',  ( 0.000000000000000000, 1.000000000000000000, 0.000000000000000000 ) ) ;
#500 = ORIENTED_EDGE ( 'NONE', *, *, #1107, .F. ) ;
#501 = SURFACE_STYLE_USAGE ( .BOTH. , #609 ) ;
#502 = DIRECTION ( 'NONE',  ( 1.000000000000000000, -0.000000000000000000, 0.000000000000000000 ) ) ;
#503 = EDGE_LOOP ( 'NONE', ( #265, #1394, #326, #253 ) ) ;
#504 = VECTOR ( 'NONE', #1245, 1000.000000000000000 ) ;
#505 = LINE ( 'NONE', #374, #28 ) ;
#506 = ORIENTED_EDGE ( 'NONE', *, *, #532, .T. ) ;
#507 = ADVANCED_FACE ( 'NONE', ( #97 ), #745, .F. ) ;
#508 = ORIENTED_EDGE ( 'NONE', *, *, #641, .T. ) ;
#509 = MECHANICAL_DESIGN_GEOMETRIC_PRESENTATION_REPRESENTATION (  '', ( #1154 ), #838 ) ;
#510 = CARTESIAN_POINT ( 'NONE',  ( -0.6499999999999994671, 0.5999999999999999778, -0.4166666666666665186 ) ) ;
#511 = VECTOR ( 'NONE', #590, 1000.000000000000000 ) ;
#512 = MECHANICAL_DESIGN_GEOMETRIC_PRESENTATION_REPRESENTATION (  '', ( #1186 ), #261 ) ;
#513 = ORIENTED_EDGE ( 'NONE', *, *, #301, .F. ) ;
#514 = LINE ( 'NONE', #1174, #562 ) ;
#515 = SURFACE_STYLE_USAGE ( .BOTH. , #1128 ) ;
#516 =( NAMED_UNIT ( * ) SI_UNIT ( $, .STERADIAN. ) SOLID_ANGLE_UNIT ( ) );
#517 = ORIENTED_EDGE ( 'NONE', *, *, #1173, .F. ) ;
#518 = VECTOR ( 'NONE', #580, 1000.000000000000000 ) ;
#519 = ORIENTED_EDGE ( 'NONE', *, *, #1205, .F. ) ;
#520 = PRESENTATION_STYLE_ASSIGNMENT (( #1232 ) ) ;
#521 = DIRECTION ( 'NONE',  ( 0.000000000000000000, 1.000000000000000000, 0.000000000000000000 ) ) ;
#522 = COLOUR_RGB ( '',0.2509803921568627416, 0.2509803921568627416, 0.2509803921568627416 ) ;
#523 = ORIENTED_EDGE ( 'NONE', *, *, #474, .T. ) ;
#524 = DIRECTION ( 'NONE',  ( 1.000000000000000000, -1.668003342285393276E-16, 0.000000000000000000 ) ) ;
#525 = ADVANCED_FACE ( 'NONE', ( #1045 ), #432, .F. ) ;
#526 = CARTESIAN_POINT ( 'NONE',  ( 0.7899999999999995914, 0.5999999999999997558, -0.4166666666666666297 ) ) ;
#527 = ORIENTED_EDGE ( 'NONE', *, *, #1069, .T. ) ;
#528 = DIRECTION ( 'NONE',  ( 0.000000000000000000, -1.000000000000000000, 0.000000000000000000 ) ) ;
#529 = AXIS2_PLACEMENT_3D ( 'NONE', #584, #27, #144 ) ;
#530 = ORIENTED_EDGE ( 'NONE', *, *, #1009, .F. ) ;
#531 = FACE_OUTER_BOUND ( 'NONE', #491, .T. ) ;
#532 = EDGE_CURVE ( 'NONE', #840, #1402, #1040, .T. ) ;
#533 = LINE ( 'NONE', #909, #539 ) ;
#534 = CARTESIAN_POINT ( 'NONE',  ( 0.6499999999999995781, 0.5999999999999998668, 0.6250000000000000000 ) ) ;
#535 = FACE_OUTER_BOUND ( 'NONE', #246, .T. ) ;
#536 =( LENGTH_UNIT ( ) NAMED_UNIT ( * ) SI_UNIT ( .MILLI., .METRE. ) );
#537 = DIRECTION ( 'NONE',  ( 9.856383386231860060E-17, 1.000000000000000000, 0.000000000000000000 ) ) ;
#538 = CARTESIAN_POINT ( 'NONE',  ( -0.9699999999999996403, 0.02999999999999994685, 0.6250000000000000000 ) ) ;
#539 = VECTOR ( 'NONE', #242, 1000.000000000000000 ) ;
#540 = VERTEX_POINT ( 'NONE', #1162 ) ;
#541 = FACE_OUTER_BOUND ( 'NONE', #1337, .T. ) ;
#542 = EDGE_CURVE ( 'NONE', #378, #358, #579, .T. ) ;
#543 = DIRECTION ( 'NONE',  ( 9.856383386231858827E-17, 1.000000000000000000, -0.000000000000000000 ) ) ;
#544 = ORIENTED_EDGE ( 'NONE', *, *, #607, .F. ) ;
#545 = DIRECTION ( 'NONE',  ( -0.000000000000000000, -0.000000000000000000, -1.000000000000000000 ) ) ;
#546 = VERTEX_POINT ( 'NONE', #804 ) ;
#547 = LINE ( 'NONE', #1071, #59 ) ;
#548 = SURFACE_STYLE_USAGE ( .BOTH. , #1395 ) ;
#549 = PLANE ( 'NONE',  #1124 ) ;
#550 = VERTEX_POINT ( 'NONE', #1373 ) ;
#551 = SURFACE_STYLE_FILL_AREA ( #153 ) ;
#552 = AXIS2_PLACEMENT_3D ( 'NONE', #656, #1108, #583 ) ;
#553 = DIRECTION ( 'NONE',  ( -0.000000000000000000, -0.000000000000000000, 1.000000000000000000 ) ) ;
#554 = DIRECTION ( 'NONE',  ( 0.000000000000000000, 1.000000000000000000, 0.000000000000000000 ) ) ;
#555 = LINE ( 'NONE', #990, #986 ) ;
#556 = PLANE ( 'NONE',  #1363 ) ;
#557 = SURFACE_SIDE_STYLE ('',( #192 ) ) ;
#558 = CARTESIAN_POINT ( 'NONE',  ( 0.6499999999999995781, 0.5699999999999997291, -0.6250000000000000000 ) ) ;
#559 = LINE ( 'NONE', #1093, #44 ) ;
#560 = CARTESIAN_POINT ( 'NONE',  ( 0.7899999999999997025, 0.5699999999999995071, 0.4166666666666664076 ) ) ;
#561 = EDGE_CURVE ( 'NONE', #739, #769, #586, .T. ) ;
#562 = VECTOR ( 'NONE', #309, 1000.000000000000000 ) ;
#563 = EDGE_CURVE ( 'NONE', #769, #414, #108, .T. ) ;
#564 = CARTESIAN_POINT ( 'NONE',  ( 0.7899999999999997025, 0.5699999999999995071, 0.6249999999999997780 ) ) ;
#565 = CARTESIAN_POINT ( 'NONE',  ( 0.9999999999999995559, -1.224646799147352714E-16, 0.6250000000000000000 ) ) ;
#566 = AXIS2_PLACEMENT_3D ( 'NONE', #1201, #52, #1340 ) ;
#567 = DIRECTION ( 'NONE',  ( -0.000000000000000000, -1.000000000000000000, -0.000000000000000000 ) ) ;
#568 = AXIS2_PLACEMENT_3D ( 'NONE', #835, #288, #402 ) ;
#569 = LINE ( 'NONE', #193, #1059 ) ;
#570 = EDGE_CURVE ( 'NONE', #271, #954, #110, .T. ) ;
#571 = SURFACE_STYLE_FILL_AREA ( #1159 ) ;
#572 = PLANE ( 'NONE',  #305 ) ;
#573 = VECTOR ( 'NONE', #429, 1000.000000000000000 ) ;
#574 = DIRECTION ( 'NONE',  ( 0.000000000000000000, 0.000000000000000000, -1.000000000000000000 ) ) ;
#575 = VECTOR ( 'NONE', #1058, 1000.000000000000000 ) ;
#576 = UNCERTAINTY_MEASURE_WITH_UNIT (LENGTH_MEASURE( 1.000000000000000082E-05 ), #1255, 'distance_accuracy_value', 'NONE');
#577 = FILL_AREA_STYLE_COLOUR ( '', #1130 ) ;
#578 = FILL_AREA_STYLE_COLOUR ( '', #1284 ) ;
#579 = LINE ( 'NONE', #376, #102 ) ;
#580 = DIRECTION ( 'NONE',  ( -1.000000000000000000, -0.000000000000000000, 1.161645184805898340E-15 ) ) ;
#581 = MECHANICAL_DESIGN_GEOMETRIC_PRESENTATION_REPRESENTATION (  '', ( #284 ), #213 ) ;
#582 = CARTESIAN_POINT ( 'NONE',  ( 0.7899999999999995914, 0.5699999999999995071, -0.6250000000000000000 ) ) ;
#583 = DIRECTION ( 'NONE',  ( 9.856383386231860060E-17, 1.000000000000000000, 0.000000000000000000 ) ) ;
#584 = CARTESIAN_POINT ( 'NONE',  ( -0.6499999999999995781, -1.233468879687142694, 0.6250000000000000000 ) ) ;
#585 = LINE ( 'NONE', #116, #90 ) ;
#586 = LINE ( 'NONE', #88, #1052 ) ;
#587 = VECTOR ( 'NONE', #650, 1000.000000000000000 ) ;
#588 = CARTESIAN_POINT ( 'NONE',  ( -0.9699999999999996403, 0.02999999999999994685, -2.638752715702699092 ) ) ;
#589 = COLOUR_RGB ( '',0.2509803921568627416, 0.2509803921568627416, 0.2509803921568627416 ) ;
#590 = DIRECTION ( 'NONE',  ( -1.000000000000000000, 1.668003342285392537E-16, -0.000000000000000000 ) ) ;
#591 = VECTOR ( 'NONE', #635, 1000.000000000000000 ) ;
#592 = DIRECTION ( 'NONE',  ( 0.000000000000000000, 0.000000000000000000, -1.000000000000000000 ) ) ;
#593 = VECTOR ( 'NONE', #485, 1000.000000000000000 ) ;
#594 = VECTOR ( 'NONE', #814, 1000.000000000000000 ) ;
#595 = PRESENTATION_LAYER_ASSIGNMENT (  '', '', ( #1081 ) ) ;
#596 = CARTESIAN_POINT ( 'NONE',  ( -0.6499999999999994671, 0.5699999999999997291, -0.4166666666666665186 ) ) ;
#597 = DIRECTION ( 'NONE',  ( 0.000000000000000000, 1.000000000000000000, 0.000000000000000000 ) ) ;
#598 = CARTESIAN_POINT ( 'NONE',  ( 0.6499999999999995781, 0.02999999999999998501, 0.6250000000000000000 ) ) ;
#599 = EDGE_CURVE ( 'NONE', #811, #856, #117, .T. ) ;
#600 = VECTOR ( 'NONE', #1170, 1000.000000000000000 ) ;
#601 = CARTESIAN_POINT ( 'NONE',  ( -0.7899999999999993694, 0.5699999999999997291, -0.4166666666666664076 ) ) ;
#602 = MANIFOLD_SOLID_BREP ( 'Cut-Extrude1[1]', #936 ) ;
#603 =( LENGTH_UNIT ( ) NAMED_UNIT ( * ) SI_UNIT ( .MILLI., .METRE. ) );
#604 = CARTESIAN_POINT ( 'NONE',  ( -0.9699999999999996403, 0.5699999999999998401, 0.6250000000000000000 ) ) ;
#605 = LINE ( 'NONE', #896, #1055 ) ;
#606 = UNCERTAINTY_MEASURE_WITH_UNIT (LENGTH_MEASURE( 1.000000000000000082E-05 ), #13, 'distance_accuracy_value', 'NONE');
#607 = EDGE_CURVE ( 'NONE', #858, #886, #795, .T. ) ;
#608 = LINE ( 'NONE', #688, #593 ) ;
#609 = SURFACE_SIDE_STYLE ('',( #1100 ) ) ;
#610 = AXIS2_PLACEMENT_3D ( 'NONE', #1061, #554, #1157 ) ;
#611 = CARTESIAN_POINT ( 'NONE',  ( 0.9999999999999995559, 0.5999999999999998668, 0.6250000000000000000 ) ) ;
#612 = EDGE_CURVE ( 'NONE', #1212, #817, #335, .T. ) ;
#613 = CARTESIAN_POINT ( 'NONE',  ( -0.9699999999999996403, 0.02999999999999994685, 0.6250000000000000000 ) ) ;
#614 = VECTOR ( 'NONE', #1029, 1000.000000000000000 ) ;
#615 = VECTOR ( 'NONE', #118, 1000.000000000000000 ) ;
#616 = CARTESIAN_POINT ( 'NONE',  ( -0.9699999999999996403, 0.5699999999999998401, -0.6250000000000000000 ) ) ;
#617 =( NAMED_UNIT ( * ) SI_UNIT ( $, .STERADIAN. ) SOLID_ANGLE_UNIT ( ) );
#618 = VECTOR ( 'NONE', #824, 1000.000000000000000 ) ;
#619 = CARTESIAN_POINT ( 'NONE',  ( 0.9699999999999996403, 0.02999999999999994685, 0.6250000000000000000 ) ) ;
#620 = CARTESIAN_POINT ( 'NONE',  ( -0.6499999999999995781, 0.02999999999999998501, 0.6250000000000000000 ) ) ;
#621 = LINE ( 'NONE', #953, #615 ) ;
#622 = ADVANCED_FACE ( 'NONE', ( #805 ), #888, .T. ) ;
#623 = MECHANICAL_DESIGN_GEOMETRIC_PRESENTATION_REPRESENTATION (  '', ( #887 ), #799 ) ;
#624 = PRESENTATION_STYLE_ASSIGNMENT (( #501 ) ) ;
#625 = CARTESIAN_POINT ( 'NONE',  ( 0.6499999999999995781, 0.000000000000000000, 0.6250000000000000000 ) ) ;
#626 =( GEOMETRIC_REPRESENTATION_CONTEXT ( 3 ) GLOBAL_UNCERTAINTY_ASSIGNED_CONTEXT ( ( #58 ) ) GLOBAL_UNIT_ASSIGNED_CONTEXT ( ( #973, #668, #1115 ) ) REPRESENTATION_CONTEXT ( 'NONE', 'WORKASPACE' ) );
#627 = CARTESIAN_POINT ( 'NONE',  ( 0.9999999999999995559, 0.5999999999999998668, -0.6250000000000000000 ) ) ;
#628 = AXIS2_PLACEMENT_3D ( 'NONE', #166, #697, #409 ) ;
#629 = CARTESIAN_POINT ( 'NONE',  ( 0.6499999999999995781, 0.02999999999999998501, -0.6250000000000000000 ) ) ;
#630 = CARTESIAN_POINT ( 'NONE',  ( -0.6499999999999995781, 0.5699999999999997291, 0.6250000000000000000 ) ) ;
#631 = CARTESIAN_POINT ( 'NONE',  ( 0.9999999999999995559, 0.5999999999999998668, 0.6250000000000000000 ) ) ;
#632 = ADVANCED_FACE ( 'NONE', ( #352 ), #239, .T. ) ;
#633 = DIRECTION ( 'NONE',  ( 1.000000000000000000, 0.000000000000000000, -0.000000000000000000 ) ) ;
#634 =( NAMED_UNIT ( * ) PLANE_ANGLE_UNIT ( ) SI_UNIT ( $, .RADIAN. ) );
#635 = DIRECTION ( 'NONE',  ( -0.000000000000000000, -1.000000000000000000, -0.000000000000000000 ) ) ;
#636 =( GEOMETRIC_REPRESENTATION_CONTEXT ( 3 ) GLOBAL_UNCERTAINTY_ASSIGNED_CONTEXT ( ( #1070 ) ) GLOBAL_UNIT_ASSIGNED_CONTEXT ( ( #204, #1168, #821 ) ) REPRESENTATION_CONTEXT ( 'NONE', 'WORKASPACE' ) );
#637 = CARTESIAN_POINT ( 'NONE',  ( 0.7899999999999997025, 0.5999999999999997558, 0.4166666666666664076 ) ) ;
#638 = LINE ( 'NONE', #460, #151 ) ;
#639 = PLANE ( 'NONE',  #964 ) ;
#640 = CARTESIAN_POINT ( 'NONE',  ( -0.7899999999999992584, 0.5699999999999997291, 0.4166666666666666297 ) ) ;
#641 = EDGE_CURVE ( 'NONE', #1326, #1152, #895, .T. ) ;
#642 = CARTESIAN_POINT ( 'NONE',  ( -0.9699999999999996403, 0.02999999999999994685, -0.6250000000000000000 ) ) ;
#643 = PLANE ( 'NONE',  #1084 ) ;
#644 = AXIS2_PLACEMENT_3D ( 'NONE', #155, #772, #252 ) ;
#645 = CARTESIAN_POINT ( 'NONE',  ( -0.6499999999999995781, 0.02999999999999998501, -0.6250000000000000000 ) ) ;
#646 = EDGE_CURVE ( 'NONE', #343, #540, #1335, .T. ) ;
#647 = CARTESIAN_POINT ( 'NONE',  ( -0.6499999999999995781, 0.000000000000000000, -0.6250000000000000000 ) ) ;
#648 = CARTESIAN_POINT ( 'NONE',  ( -0.9699999999999996403, 0.02999999999999994685, -0.6250000000000000000 ) ) ;
#649 = ADVANCED_FACE ( 'NONE', ( #408 ), #237, .F. ) ;
#650 = DIRECTION ( 'NONE',  ( 0.000000000000000000, 1.000000000000000000, 0.000000000000000000 ) ) ;
#651 = UNCERTAINTY_MEASURE_WITH_UNIT (LENGTH_MEASURE( 1.000000000000000082E-05 ), #1249, 'distance_accuracy_value', 'NONE');
#652 = EDGE_CURVE ( 'NONE', #715, #768, #420, .T. ) ;
#653 = CARTESIAN_POINT ( 'NONE',  ( -0.6499999999999995781, 0.5699999999999997291, -0.6250000000000000000 ) ) ;
#654 = AXIS2_PLACEMENT_3D ( 'NONE', #157, #1141, #1236 ) ;
#655 = PRESENTATION_STYLE_ASSIGNMENT (( #1010 ) ) ;
#656 = CARTESIAN_POINT ( 'NONE',  ( 0.6499999999999993561, -1.233468879687142694, -0.6250000000000000000 ) ) ;
#657 =( NAMED_UNIT ( * ) PLANE_ANGLE_UNIT ( ) SI_UNIT ( $, .RADIAN. ) );
#658 = LINE ( 'NONE', #717, #215 ) ;
#659 = ORIENTED_EDGE ( 'NONE', *, *, #1046, .T. ) ;
#660 = EDGE_CURVE ( 'NONE', #414, #1200, #1087, .T. ) ;
#661 = CLOSED_SHELL ( 'NONE', ( #384, #437, #401, #622, #1196, #1253 ) ) ;
#662 = DIRECTION ( 'NONE',  ( -0.000000000000000000, -0.000000000000000000, -1.000000000000000000 ) ) ;
#663 = ORIENTED_EDGE ( 'NONE', *, *, #312, .F. ) ;
#664 = FILL_AREA_STYLE_COLOUR ( '', #722 ) ;
#665 = VECTOR ( 'NONE', #502, 1000.000000000000000 ) ;
#666 = DIRECTION ( 'NONE',  ( 9.856383386231858827E-17, 1.000000000000000000, 0.000000000000000000 ) ) ;
#667 = VERTEX_POINT ( 'NONE', #1203 ) ;
#668 =( NAMED_UNIT ( * ) PLANE_ANGLE_UNIT ( ) SI_UNIT ( $, .RADIAN. ) );
#669 = ORIENTED_EDGE ( 'NONE', *, *, #279, .T. ) ;
#670 =( NAMED_UNIT ( * ) PLANE_ANGLE_UNIT ( ) SI_UNIT ( $, .RADIAN. ) );
#671 = VECTOR ( 'NONE', #1221, 1000.000000000000000 ) ;
#672 = DIRECTION ( 'NONE',  ( -1.000000000000000000, -0.000000000000000000, 1.161645184805898340E-15 ) ) ;
#673 = LINE ( 'NONE', #236, #1143 ) ;
#674 =( GEOMETRIC_REPRESENTATION_CONTEXT ( 3 ) GLOBAL_UNCERTAINTY_ASSIGNED_CONTEXT ( ( #1008 ) ) GLOBAL_UNIT_ASSIGNED_CONTEXT ( ( #319, #1121, #1101 ) ) REPRESENTATION_CONTEXT ( 'NONE', 'WORKASPACE' ) );
#675 = ORIENTED_EDGE ( 'NONE', *, *, #563, .T. ) ;
#676 = CARTESIAN_POINT ( 'NONE',  ( -0.6499999999999995781, 0.5699999999999998401, 0.6250000000000000000 ) ) ;
#677 =( GEOMETRIC_REPRESENTATION_CONTEXT ( 3 ) GLOBAL_UNCERTAINTY_ASSIGNED_CONTEXT ( ( #73 ) ) GLOBAL_UNIT_ASSIGNED_CONTEXT ( ( #464, #997, #1194 ) ) REPRESENTATION_CONTEXT ( 'NONE', 'WORKASPACE' ) );
#678 = ORIENTED_EDGE ( 'NONE', *, *, #803, .T. ) ;
#679 = CARTESIAN_POINT ( 'NONE',  ( 0.6499999999999993561, -1.233468879687142694, 0.6250000000000000000 ) ) ;
#680 = CARTESIAN_POINT ( 'NONE',  ( 0.000000000000000000, 0.000000000000000000, 0.6250000000000000000 ) ) ;
#681 = CARTESIAN_POINT ( 'NONE',  ( 0.9999999999999995559, -1.224646799147352714E-16, 0.6250000000000000000 ) ) ;
#682 = MECHANICAL_DESIGN_GEOMETRIC_PRESENTATION_REPRESENTATION (  '', ( #417 ), #1388 ) ;
#683 = EDGE_LOOP ( 'NONE', ( #1217, #978, #500, #186 ) ) ;
#684 = FILL_AREA_STYLE ('',( #1306 ) ) ;
#685 = COLOUR_RGB ( '',0.2509803921568627416, 0.2509803921568627416, 0.2509803921568627416 ) ;
#686 = ORIENTED_EDGE ( 'NONE', *, *, #340, .F. ) ;
#687 = VECTOR ( 'NONE', #1006, 1000.000000000000000 ) ;
#688 = CARTESIAN_POINT ( 'NONE',  ( -0.6499999999999994671, 0.5699999999999997291, -0.4166666666666665186 ) ) ;
#689 = EDGE_LOOP ( 'NONE', ( #403, #428, #1158, #748 ) ) ;
#690 = CARTESIAN_POINT ( 'NONE',  ( -0.6499999999999995781, 0.5999999999999999778, -0.6250000000000000000 ) ) ;
#691 = EDGE_LOOP ( 'NONE', ( #365, #395, #816, #392 ) ) ;
#692 = FACE_OUTER_BOUND ( 'NONE', #214, .T. ) ;
#693 = FACE_OUTER_BOUND ( 'NONE', #807, .T. ) ;
#694 = DIRECTION ( 'NONE',  ( 9.856383386231858827E-17, 1.000000000000000000, -0.000000000000000000 ) ) ;
#695 = VECTOR ( 'NONE', #12, 1000.000000000000000 ) ;
#696 = EDGE_CURVE ( 'NONE', #475, #430, #141, .T. ) ;
#697 = DIRECTION ( 'NONE',  ( -3.872150616019661299E-16, 3.816540100072365053E-32, 1.000000000000000000 ) ) ;
#698 = STYLED_ITEM ( 'NONE', ( #1050 ), #1269 ) ;
#699 = PLANE ( 'NONE',  #272 ) ;
#700 = EDGE_CURVE ( 'NONE', #1267, #954, #934, .T. ) ;
#701 = SURFACE_SIDE_STYLE ('',( #551 ) ) ;
#702 = ADVANCED_FACE ( 'NONE', ( #1032 ), #1332, .F. ) ;
#703 = PLANE ( 'NONE',  #233 ) ;
#704 = CARTESIAN_POINT ( 'NONE',  ( 0.9699999999999996403, 0.02999999999999994685, -0.6250000000000000000 ) ) ;
#705 = EDGE_CURVE ( 'NONE', #188, #1318, #476, .T. ) ;
#706 = ADVANCED_FACE ( 'NONE', ( #1386 ), #1214, .F. ) ;
#707 = CARTESIAN_POINT ( 'NONE',  ( -0.9999999999999995559, 0.5999999999999998668, -0.6250000000000000000 ) ) ;
#708 = ORIENTED_EDGE ( 'NONE', *, *, #340, .T. ) ;
#709 = ORIENTED_EDGE ( 'NONE', *, *, #736, .T. ) ;
#710 = DIRECTION ( 'NONE',  ( 1.000000000000000000, -3.498990854706721759E-16, 0.000000000000000000 ) ) ;
#711 = ORIENTED_EDGE ( 'NONE', *, *, #1009, .T. ) ;
#712 = CARTESIAN_POINT ( 'NONE',  ( 0.9699999999999996403, 0.02999999999999994685, -2.638752715702699092 ) ) ;
#713 = EDGE_CURVE ( 'NONE', #357, #1271, #431, .T. ) ;
#714 = CARTESIAN_POINT ( 'NONE',  ( 0.6499999999999995781, 0.02999999999999998501, 0.6250000000000000000 ) ) ;
#715 = VERTEX_POINT ( 'NONE', #598 ) ;
#716 = ORIENTED_EDGE ( 'NONE', *, *, #79, .T. ) ;
#717 = CARTESIAN_POINT ( 'NONE',  ( 0.7899999999999995914, 0.5699999999999995071, -0.4166666666666666297 ) ) ;
#718 = ORIENTED_EDGE ( 'NONE', *, *, #612, .T. ) ;
#719 = ORIENTED_EDGE ( 'NONE', *, *, #779, .T. ) ;
#720 = ADVANCED_FACE ( 'NONE', ( #415 ), #1222, .F. ) ;
#721 = VERTEX_POINT ( 'NONE', #1117 ) ;
#722 = COLOUR_RGB ( '',0.7921568627450980005, 0.8196078431372548767, 0.9333333333333333481 ) ;
#723 = DIRECTION ( 'NONE',  ( 0.000000000000000000, -0.000000000000000000, 1.000000000000000000 ) ) ;
#724 = EDGE_LOOP ( 'NONE', ( #797, #933, #1012, #197 ) ) ;
#725 = DIRECTION ( 'NONE',  ( -0.000000000000000000, -0.000000000000000000, -1.000000000000000000 ) ) ;
#726 = EDGE_CURVE ( 'NONE', #424, #1181, #915, .T. ) ;
#727 = ORIENTED_EDGE ( 'NONE', *, *, #489, .T. ) ;
#728 =( NAMED_UNIT ( * ) SI_UNIT ( $, .STERADIAN. ) SOLID_ANGLE_UNIT ( ) );
#729 = EDGE_CURVE ( 'NONE', #290, #11, #875, .T. ) ;
#730 = ADVANCED_FACE ( 'NONE', ( #465 ), #1399, .T. ) ;
#731 = CARTESIAN_POINT ( 'NONE',  ( 0.9699999999999996403, 0.5699999999999998401, 0.6250000000000000000 ) ) ;
#732 = ORIENTED_EDGE ( 'NONE', *, *, #761, .T. ) ;
#733 = CARTESIAN_POINT ( 'NONE',  ( 0.6499999999999998002, 0.5699999999999995071, 0.4166666666666665741 ) ) ;
#734 = DIRECTION ( 'NONE',  ( 0.000000000000000000, 0.000000000000000000, 1.000000000000000000 ) ) ;
#735 = FILL_AREA_STYLE ('',( #291 ) ) ;
#736 = EDGE_CURVE ( 'NONE', #843, #884, #438, .T. ) ;
#737 = CARTESIAN_POINT ( 'NONE',  ( -0.7899999999999992584, 0.5699999999999997291, 0.4166666666666666297 ) ) ;
#738 = AXIS2_PLACEMENT_3D ( 'NONE', #951, #1065, #105 ) ;
#739 = VERTEX_POINT ( 'NONE', #223 ) ;
#740 = DIRECTION ( 'NONE',  ( 0.000000000000000000, 0.000000000000000000, 1.000000000000000000 ) ) ;
#741 = COLOUR_RGB ( '',1.000000000000000000, 1.000000000000000000, 1.000000000000000000 ) ;
#742 = ORIENTED_EDGE ( 'NONE', *, *, #905, .F. ) ;
#743 = MECHANICAL_DESIGN_GEOMETRIC_PRESENTATION_REPRESENTATION (  '', ( #1304 ), #276 ) ;
#744 = ORIENTED_EDGE ( 'NONE', *, *, #1223, .T. ) ;
#745 = PLANE ( 'NONE',  #568 ) ;
#746 = DIRECTION ( 'NONE',  ( -0.000000000000000000, 1.000000000000000000, -0.000000000000000000 ) ) ;
#747 = ORIENTED_EDGE ( 'NONE', *, *, #1207, .T. ) ;
#748 = ORIENTED_EDGE ( 'NONE', *, *, #570, .T. ) ;
#749 = DIRECTION ( 'NONE',  ( -1.000000000000000000, -1.164670302474662720E-16, 0.000000000000000000 ) ) ;
#750 = DIRECTION ( 'NONE',  ( -1.000000000000000000, 9.856383386231858827E-17, 0.000000000000000000 ) ) ;
#751 = EDGE_CURVE ( 'NONE', #739, #949, #1404, .T. ) ;
#752 =( NAMED_UNIT ( * ) PLANE_ANGLE_UNIT ( ) SI_UNIT ( $, .RADIAN. ) );
#753 = SURFACE_SIDE_STYLE ('',( #263 ) ) ;
#754 = CARTESIAN_POINT ( 'NONE',  ( 0.9999999999999995559, 0.5999999999999998668, 0.6250000000000000000 ) ) ;
#755 = DIRECTION ( 'NONE',  ( 1.000000000000000000, 0.000000000000000000, 3.872150616019661299E-16 ) ) ;
#756 = EDGE_CURVE ( 'NONE', #343, #419, #881, .T. ) ;
#757 = CARTESIAN_POINT ( 'NONE',  ( 0.6499999999999995781, 0.02999999999999998501, 0.6250000000000000000 ) ) ;
#758 = DIRECTION ( 'NONE',  ( 0.000000000000000000, -0.000000000000000000, -1.000000000000000000 ) ) ;
#759 = DIRECTION ( 'NONE',  ( 1.000000000000000000, 0.000000000000000000, 0.000000000000000000 ) ) ;
#760 = VECTOR ( 'NONE', #597, 1000.000000000000000 ) ;
#761 = EDGE_CURVE ( 'NONE', #1181, #1274, #480, .T. ) ;
#762 = PLANE ( 'NONE',  #493 ) ;
#763 = FILL_AREA_STYLE ('',( #664 ) ) ;
#764 = PRODUCT_DEFINITION_FORMATION_WITH_SPECIFIED_SOURCE ( 'ANY', '', #451, .NOT_KNOWN. ) ;
#765 = APPLICATION_PROTOCOL_DEFINITION ( 'draft international standard', 'automotive_design', 1998, #47 ) ;
#766 = CARTESIAN_POINT ( 'NONE',  ( -0.9699999999999996403, 0.02999999999999994685, 0.6250000000000000000 ) ) ;
#767 = AXIS2_PLACEMENT_3D ( 'NONE', #1118, #318, #486 ) ;
#768 = VERTEX_POINT ( 'NONE', #300 ) ;
#769 = VERTEX_POINT ( 'NONE', #421 ) ;
#770 = ORIENTED_EDGE ( 'NONE', *, *, #976, .T. ) ;
#771 = FACE_OUTER_BOUND ( 'NONE', #1219, .T. ) ;
#772 = DIRECTION ( 'NONE',  ( -3.498990854706721759E-16, 1.000000000000000000, 0.000000000000000000 ) ) ;
#773 = DIRECTION ( 'NONE',  ( 1.000000000000000000, 0.000000000000000000, 0.000000000000000000 ) ) ;
#774 = ORIENTED_EDGE ( 'NONE', *, *, #184, .F. ) ;
#775 = CARTESIAN_POINT ( 'NONE',  ( -0.7899999999999992584, 0.5699999999999997291, 0.6250000000000000000 ) ) ;
#776 = COLOUR_RGB ( '',1.000000000000000000, 1.000000000000000000, 1.000000000000000000 ) ;
#777 = SURFACE_SIDE_STYLE ('',( #346 ) ) ;
#778 = EDGE_LOOP ( 'NONE', ( #1323, #1313, #375, #796 ) ) ;
#779 = EDGE_CURVE ( 'NONE', #290, #42, #483, .T. ) ;
#780 = DIRECTION ( 'NONE',  ( 0.000000000000000000, 0.000000000000000000, -1.000000000000000000 ) ) ;
#781 = STYLED_ITEM ( 'NONE', ( #1048 ), #1253 ) ;
#782 = LINE ( 'NONE', #75, #294 ) ;
#783 = SURFACE_SIDE_STYLE ('',( #1191 ) ) ;
#784 = MECHANICAL_DESIGN_GEOMETRIC_PRESENTATION_REPRESENTATION (  '', ( #216 ), #626 ) ;
#785 = EDGE_CURVE ( 'NONE', #721, #419, #425, .T. ) ;
#786 = CARTESIAN_POINT ( 'NONE',  ( 0.7899999999999997025, 0.5999999999999997558, 0.6249999999999997780 ) ) ;
#787 = CARTESIAN_POINT ( 'NONE',  ( -0.9699999999999996403, 0.5699999999999998401, 0.6250000000000000000 ) ) ;
#788 = DIRECTION ( 'NONE',  ( 0.000000000000000000, -1.000000000000000000, 0.000000000000000000 ) ) ;
#789 = DIRECTION ( 'NONE',  ( 0.000000000000000000, 0.000000000000000000, 1.000000000000000000 ) ) ;
#790 = ORIENTED_EDGE ( 'NONE', *, *, #1294, .T. ) ;
#791 = CARTESIAN_POINT ( 'NONE',  ( -0.6499999999999995781, 0.000000000000000000, 0.6250000000000000000 ) ) ;
#792 = ORIENTED_EDGE ( 'NONE', *, *, #382, .T. ) ;
#793 = CARTESIAN_POINT ( 'NONE',  ( 0.6499999999999998002, 0.5999999999999997558, 0.4166666666666665741 ) ) ;
#794 = ORIENTED_EDGE ( 'NONE', *, *, #312, .T. ) ;
#795 = LINE ( 'NONE', #1293, #1273 ) ;
#796 = ORIENTED_EDGE ( 'NONE', *, *, #256, .F. ) ;
#797 = ORIENTED_EDGE ( 'NONE', *, *, #79, .F. ) ;
#798 = CARTESIAN_POINT ( 'NONE',  ( -0.9999999999999995559, -1.224646799147352714E-16, 0.6250000000000000000 ) ) ;
#799 =( GEOMETRIC_REPRESENTATION_CONTEXT ( 3 ) GLOBAL_UNCERTAINTY_ASSIGNED_CONTEXT ( ( #963 ) ) GLOBAL_UNIT_ASSIGNED_CONTEXT ( ( #1031, #670, #228 ) ) REPRESENTATION_CONTEXT ( 'NONE', 'WORKASPACE' ) );
#800 = DIRECTION ( 'NONE',  ( 0.000000000000000000, 0.000000000000000000, 1.000000000000000000 ) ) ;
#801 = ORIENTED_EDGE ( 'NONE', *, *, #1215, .F. ) ;
#802 = DIRECTION ( 'NONE',  ( 0.000000000000000000, 1.000000000000000000, 0.000000000000000000 ) ) ;
#803 = EDGE_CURVE ( 'NONE', #1200, #39, #1368, .T. ) ;
#804 = CARTESIAN_POINT ( 'NONE',  ( 0.6499999999999995781, 0.02999999999999998501, -0.6250000000000000000 ) ) ;
#805 = FACE_OUTER_BOUND ( 'NONE', #1350, .T. ) ;
#806 =( LENGTH_UNIT ( ) NAMED_UNIT ( * ) SI_UNIT ( .MILLI., .METRE. ) );
#807 = EDGE_LOOP ( 'NONE', ( #469, #484, #868, #857 ) ) ;
#808 = ADVANCED_FACE ( 'NONE', ( #903 ), #212, .F. ) ;
#809 = EDGE_LOOP ( 'NONE', ( #947, #303, #1260, #790 ) ) ;
#810 = ORIENTED_EDGE ( 'NONE', *, *, #1039, .T. ) ;
#811 = VERTEX_POINT ( 'NONE', #359 ) ;
#812 = ORIENTED_EDGE ( 'NONE', *, *, #207, .T. ) ;
#813 = CARTESIAN_POINT ( 'NONE',  ( -0.9999999999999995559, 0.5999999999999998668, 0.6250000000000000000 ) ) ;
#814 = DIRECTION ( 'NONE',  ( 0.000000000000000000, -0.000000000000000000, -1.000000000000000000 ) ) ;
#815 = EDGE_CURVE ( 'NONE', #1271, #378, #1344, .T. ) ;
#816 = ORIENTED_EDGE ( 'NONE', *, *, #89, .F. ) ;
#817 = VERTEX_POINT ( 'NONE', #510 ) ;
#818 = UNCERTAINTY_MEASURE_WITH_UNIT (LENGTH_MEASURE( 1.000000000000000082E-05 ), #83, 'distance_accuracy_value', 'NONE');
#819 = CARTESIAN_POINT ( 'NONE',  ( -0.9699999999999996403, 0.5699999999999998401, 0.6250000000000000000 ) ) ;
#820 = ORIENTED_EDGE ( 'NONE', *, *, #146, .F. ) ;
#821 =( NAMED_UNIT ( * ) SI_UNIT ( $, .STERADIAN. ) SOLID_ANGLE_UNIT ( ) );
#822 = EDGE_LOOP ( 'NONE', ( #1347, #918, #1325, #397 ) ) ;
#823 = EDGE_CURVE ( 'NONE', #876, #1345, #906, .T. ) ;
#824 = DIRECTION ( 'NONE',  ( -1.000000000000000000, 0.000000000000000000, -0.000000000000000000 ) ) ;
#825 = EDGE_LOOP ( 'NONE', ( #812, #37, #241, #989 ) ) ;
#826 = CARTESIAN_POINT ( 'NONE',  ( 0.9999999999999995559, -1.224646799147352714E-16, -0.6250000000000000000 ) ) ;
#827 = CLOSED_SHELL ( 'NONE', ( #1091, #292, #507, #1049, #114, #720, #808, #1153, #1248, #1164, #1376, #95, #1175, #367 ) ) ;
#828 = CARTESIAN_POINT ( 'NONE',  ( -0.9999999999999995559, 0.5999999999999998668, 0.6250000000000000000 ) ) ;
#829 = ORIENTED_EDGE ( 'NONE', *, *, #705, .F. ) ;
#830 = DIRECTION ( 'NONE',  ( 1.000000000000000000, -1.164670302474662720E-16, 0.000000000000000000 ) ) ;
#831 = PLANE ( 'NONE',  #1037 ) ;
#832 = FILL_AREA_STYLE_COLOUR ( '', #113 ) ;
#833 = ORIENTED_EDGE ( 'NONE', *, *, #1321, .F. ) ;
#834 = PRODUCT_DEFINITION ( 'UNKNOWN', '', #764, #870 ) ;
#835 = CARTESIAN_POINT ( 'NONE',  ( 0.9699999999999996403, 0.02999999999999994685, 0.6250000000000000000 ) ) ;
#836 = VERTEX_POINT ( 'NONE', #161 ) ;
#837 = CARTESIAN_POINT ( 'NONE',  ( 0.9699999999999996403, 0.02999999999999994685, 0.6250000000000000000 ) ) ;
#838 =( GEOMETRIC_REPRESENTATION_CONTEXT ( 3 ) GLOBAL_UNCERTAINTY_ASSIGNED_CONTEXT ( ( #839 ) ) GLOBAL_UNIT_ASSIGNED_CONTEXT ( ( #1016, #1110, #617 ) ) REPRESENTATION_CONTEXT ( 'NONE', 'WORKASPACE' ) );
#839 = UNCERTAINTY_MEASURE_WITH_UNIT (LENGTH_MEASURE( 1.000000000000000082E-05 ), #1016, 'distance_accuracy_value', 'NONE');
#840 = VERTEX_POINT ( 'NONE', #707 ) ;
#841 = VECTOR ( 'NONE', #1027, 1000.000000000000000 ) ;
#842 = PRESENTATION_LAYER_ASSIGNMENT (  '', '', ( #1304 ) ) ;
#843 = VERTEX_POINT ( 'NONE', #616 ) ;
#844 = PLANE ( 'NONE',  #644 ) ;
#845 = MECHANICAL_DESIGN_GEOMETRIC_PRESENTATION_REPRESENTATION (  '', ( #351 ), #1189 ) ;
#846 = EDGE_LOOP ( 'NONE', ( #865, #544, #850, #385 ) ) ;
#847 = PLANE ( 'NONE',  #552 ) ;
#848 = FILL_AREA_STYLE ('',( #578 ) ) ;
#849 = ORIENTED_EDGE ( 'NONE', *, *, #138, .F. ) ;
#850 = ORIENTED_EDGE ( 'NONE', *, *, #892, .T. ) ;
#851 = DIRECTION ( 'NONE',  ( 0.000000000000000000, -1.000000000000000000, -0.000000000000000000 ) ) ;
#852 = ORIENTED_EDGE ( 'NONE', *, *, #705, .T. ) ;
#853 = ORIENTED_EDGE ( 'NONE', *, *, #1357, .F. ) ;
#854 = ORIENTED_EDGE ( 'NONE', *, *, #1207, .F. ) ;
#855 = DIRECTION ( 'NONE',  ( 9.856383386231860060E-17, 1.000000000000000000, 0.000000000000000000 ) ) ;
#856 = VERTEX_POINT ( 'NONE', #791 ) ;
#857 = ORIENTED_EDGE ( 'NONE', *, *, #696, .F. ) ;
#858 = VERTEX_POINT ( 'NONE', #935 ) ;
#859 = ORIENTED_EDGE ( 'NONE', *, *, #570, .F. ) ;
#860 = SURFACE_STYLE_USAGE ( .BOTH. , #985 ) ;
#861 = ORIENTED_EDGE ( 'NONE', *, *, #1263, .T. ) ;
#862 = AXIS2_PLACEMENT_3D ( 'NONE', #1244, #1369, #723 ) ;
#863 = EDGE_LOOP ( 'NONE', ( #506, #1243, #961, #669 ) ) ;
#864 = ORIENTED_EDGE ( 'NONE', *, *, #308, .T. ) ;
#865 = ORIENTED_EDGE ( 'NONE', *, *, #382, .F. ) ;
#866 = EDGE_LOOP ( 'NONE', ( #17, #508, #708, #861, #422, #1302, #407, #66 ) ) ;
#867 = DIRECTION ( 'NONE',  ( 0.000000000000000000, 1.000000000000000000, 0.000000000000000000 ) ) ;
#868 = ORIENTED_EDGE ( 'NONE', *, *, #250, .F. ) ;
#869 = APPLICATION_CONTEXT ( 'automotive_design' ) ;
#870 = PRODUCT_DEFINITION_CONTEXT ( 'detailed design', #869, 'design' ) ;
#871 = LINE ( 'NONE', #112, #433 ) ;
#872 = CARTESIAN_POINT ( 'NONE',  ( -0.6499999999999995781, 0.02999999999999998501, -0.6250000000000000000 ) ) ;
#873 = CARTESIAN_POINT ( 'NONE',  ( -0.6499999999999994671, 0.5699999999999997291, -0.4166666666666665186 ) ) ;
#874 = ORIENTED_EDGE ( 'NONE', *, *, #542, .T. ) ;
#875 = LINE ( 'NONE', #29, #924 ) ;
#876 = VERTEX_POINT ( 'NONE', #1053 ) ;
#877 = ORIENTED_EDGE ( 'NONE', *, *, #461, .F. ) ;
#878 = LINE ( 'NONE', #268, #932 ) ;
#879 =( LENGTH_UNIT ( ) NAMED_UNIT ( * ) SI_UNIT ( .MILLI., .METRE. ) );
#880 = EDGE_LOOP ( 'NONE', ( #1237, #969, #1218, #718 ) ) ;
#881 = LINE ( 'NONE', #314, #901 ) ;
#882 = ORIENTED_EDGE ( 'NONE', *, *, #115, .F. ) ;
#883 = CARTESIAN_POINT ( 'NONE',  ( 0.7899999999999995914, 0.5699999999999995071, -0.6250000000000000000 ) ) ;
#884 = VERTEX_POINT ( 'NONE', #74 ) ;
#885 = LINE ( 'NONE', #564, #442 ) ;
#886 = VERTEX_POINT ( 'NONE', #165 ) ;
#887 = STYLED_ITEM ( 'NONE', ( #255 ), #632 ) ;
#888 = PLANE ( 'NONE',  #529 ) ;
#889 = ORIENTED_EDGE ( 'NONE', *, *, #561, .F. ) ;
#890 = VECTOR ( 'NONE', #528, 1000.000000000000000 ) ;
#891 = LINE ( 'NONE', #826, #450 ) ;
#892 = EDGE_CURVE ( 'NONE', #858, #715, #878, .T. ) ;
#893 = ORIENTED_EDGE ( 'NONE', *, *, #995, .T. ) ;
#894 = VECTOR ( 'NONE', #1392, 1000.000000000000000 ) ;
#895 = LINE ( 'NONE', #927, #1366 ) ;
#896 = CARTESIAN_POINT ( 'NONE',  ( -0.9699999999999996403, 0.02999999999999994685, -2.638752715702699092 ) ) ;
#897 = ORIENTED_EDGE ( 'NONE', *, *, #561, .T. ) ;
#898 = CARTESIAN_POINT ( 'NONE',  ( 0.6499999999999995781, 0.5999999999999997558, -0.6250000000000000000 ) ) ;
#899 = ORIENTED_EDGE ( 'NONE', *, *, #1046, .F. ) ;
#900 = FILL_AREA_STYLE ('',( #1281 ) ) ;
#901 = VECTOR ( 'NONE', #171, 1000.000000000000000 ) ;
#902 = VECTOR ( 'NONE', #499, 1000.000000000000000 ) ;
#903 = FACE_OUTER_BOUND ( 'NONE', #240, .T. ) ;
#904 = PLANE ( 'NONE',  #628 ) ;
#905 = EDGE_CURVE ( 'NONE', #69, #858, #1359, .T. ) ;
#906 = LINE ( 'NONE', #1240, #411 ) ;
#907 = VECTOR ( 'NONE', #176, 1000.000000000000000 ) ;
#908 = LINE ( 'NONE', #1324, #938 ) ;
#909 = CARTESIAN_POINT ( 'NONE',  ( -0.6499999999999993561, 0.5999999999999999778, 0.4166666666666666297 ) ) ;
#910 = STYLED_ITEM ( 'NONE', ( #341 ), #622 ) ;
#911 = FACE_OUTER_BOUND ( 'NONE', #880, .T. ) ;
#912 = VECTOR ( 'NONE', #1034, 1000.000000000000000 ) ;
#913 = SURFACE_STYLE_FILL_AREA ( #735 ) ;
#914 = DIRECTION ( 'NONE',  ( 0.000000000000000000, 0.000000000000000000, -1.000000000000000000 ) ) ;
#915 = LINE ( 'NONE', #631, #1390 ) ;
#916 = PRESENTATION_LAYER_ASSIGNMENT (  '', '', ( #1186 ) ) ;
#917 = VECTOR ( 'NONE', #802, 1000.000000000000000 ) ;
#918 = ORIENTED_EDGE ( 'NONE', *, *, #641, .F. ) ;
#919 = LINE ( 'NONE', #647, #471 ) ;
#920 = ORIENTED_EDGE ( 'NONE', *, *, #955, .T. ) ;
#921 = VECTOR ( 'NONE', #749, 1000.000000000000000 ) ;
#922 = FACE_OUTER_BOUND ( 'NONE', #503, .T. ) ;
#923 = DIRECTION ( 'NONE',  ( 0.000000000000000000, -0.000000000000000000, -1.000000000000000000 ) ) ;
#924 = VECTOR ( 'NONE', #672, 1000.000000000000000 ) ;
#925 = PLANE ( 'NONE',  #945 ) ;
#926 = VERTEX_POINT ( 'NONE', #642 ) ;
#927 = CARTESIAN_POINT ( 'NONE',  ( -0.7899999999999992584, 0.5699999999999997291, 0.6250000000000000000 ) ) ;
#928 = COLOUR_RGB ( '',1.000000000000000000, 1.000000000000000000, 1.000000000000000000 ) ;
#929 = EDGE_LOOP ( 'NONE', ( #988, #347, #972, #1280 ) ) ;
#930 = FACE_OUTER_BOUND ( 'NONE', #724, .T. ) ;
#931 = ORIENTED_EDGE ( 'NONE', *, *, #250, .T. ) ;
#932 = VECTOR ( 'NONE', #521, 1000.000000000000000 ) ;
#933 = ORIENTED_EDGE ( 'NONE', *, *, #221, .F. ) ;
#934 = LINE ( 'NONE', #704, #902 ) ;
#935 = CARTESIAN_POINT ( 'NONE',  ( 0.6499999999999995781, 0.000000000000000000, 0.6250000000000000000 ) ) ;
#936 = CLOSED_SHELL ( 'NONE', ( #702, #185, #14, #706, #1001, #1138, #525, #175, #649, #220, #277, #1276, #167, #971 ) ) ;
#937 = VECTOR ( 'NONE', #1169, 1000.000000000000000 ) ;
#938 = VECTOR ( 'NONE', #755, 1000.000000000000000 ) ;
#939 = PRESENTATION_LAYER_ASSIGNMENT (  '', '', ( #887 ) ) ;
#940 = SURFACE_STYLE_USAGE ( .BOTH. , #1252 ) ;
#941 = VECTOR ( 'NONE', #199, 1000.000000000000000 ) ;
#942 = ORIENTED_EDGE ( 'NONE', *, *, #177, .F. ) ;
#943 = DIRECTION ( 'NONE',  ( -1.164670302474662720E-16, -1.000000000000000000, 0.000000000000000000 ) ) ;
#944 = DIRECTION ( 'NONE',  ( 0.000000000000000000, 0.000000000000000000, -1.000000000000000000 ) ) ;
#945 = AXIS2_PLACEMENT_3D ( 'NONE', #1234, #1042, #1229 ) ;
#946 = SURFACE_STYLE_FILL_AREA ( #434 ) ;
#947 = ORIENTED_EDGE ( 'NONE', *, *, #713, .T. ) ;
#948 = PRESENTATION_LAYER_ASSIGNMENT (  '', '', ( #351 ) ) ;
#949 = VERTEX_POINT ( 'NONE', #293 ) ;
#950 = VECTOR ( 'NONE', #119, 1000.000000000000000 ) ;
#951 = CARTESIAN_POINT ( 'NONE',  ( -0.7899999999999993694, 0.5699999999999997291, -0.6249999999999997780 ) ) ;
#952 = CARTESIAN_POINT ( 'NONE',  ( 0.7899999999999997025, 0.5699999999999995071, 0.4166666666666664076 ) ) ;
#953 = CARTESIAN_POINT ( 'NONE',  ( 0.9699999999999996403, 0.5699999999999998401, -0.6250000000000000000 ) ) ;
#954 = VERTEX_POINT ( 'NONE', #104 ) ;
#955 = EDGE_CURVE ( 'NONE', #836, #840, #1364, .T. ) ;
#956 = ORIENTED_EDGE ( 'NONE', *, *, #726, .T. ) ;
#957 = DIRECTION ( 'NONE',  ( 1.000000000000000000, 3.498990854706721759E-16, -0.000000000000000000 ) ) ;
#958 = SURFACE_SIDE_STYLE ('',( #913 ) ) ;
#959 = AXIS2_PLACEMENT_3D ( 'NONE', #224, #1192, #93 ) ;
#960 =( NAMED_UNIT ( * ) SI_UNIT ( $, .STERADIAN. ) SOLID_ANGLE_UNIT ( ) );
#961 = ORIENTED_EDGE ( 'NONE', *, *, #1263, .F. ) ;
#962 = LINE ( 'NONE', #619, #504 ) ;
#963 = UNCERTAINTY_MEASURE_WITH_UNIT (LENGTH_MEASURE( 1.000000000000000082E-05 ), #1031, 'distance_accuracy_value', 'NONE');
#964 = AXIS2_PLACEMENT_3D ( 'NONE', #278, #379, #740 ) ;
#965 = LINE ( 'NONE', #497, #907 ) ;
#966 = FACE_OUTER_BOUND ( 'NONE', #1378, .T. ) ;
#967 = DIRECTION ( 'NONE',  ( 1.000000000000000000, 0.000000000000000000, -0.000000000000000000 ) ) ;
#968 = CARTESIAN_POINT ( 'NONE',  ( 0.9999999999999995559, -1.224646799147352714E-16, 0.6250000000000000000 ) ) ;
#969 = ORIENTED_EDGE ( 'NONE', *, *, #975, .F. ) ;
#970 = PLANE ( 'NONE',  #60 ) ;
#971 = ADVANCED_FACE ( 'NONE', ( #1349 ), #831, .F. ) ;
#972 = ORIENTED_EDGE ( 'NONE', *, *, #9, .F. ) ;
#973 =( LENGTH_UNIT ( ) NAMED_UNIT ( * ) SI_UNIT ( .MILLI., .METRE. ) );
#974 = VECTOR ( 'NONE', #1078, 1000.000000000000000 ) ;
#975 = EDGE_CURVE ( 'NONE', #238, #550, #1346, .T. ) ;
#976 = EDGE_CURVE ( 'NONE', #1336, #290, #885, .T. ) ;
#977 = VECTOR ( 'NONE', #1309, 1000.000000000000000 ) ;
#978 = ORIENTED_EDGE ( 'NONE', *, *, #756, .F. ) ;
#979 = LINE ( 'NONE', #679, #977 ) ;
#980 = VECTOR ( 'NONE', #553, 1000.000000000000000 ) ;
#981 = DIRECTION ( 'NONE',  ( 0.000000000000000000, -1.000000000000000000, 0.000000000000000000 ) ) ;
#982 = ORIENTED_EDGE ( 'NONE', *, *, #22, .F. ) ;
#983 = SURFACE_STYLE_FILL_AREA ( #163 ) ;
#984 = CARTESIAN_POINT ( 'NONE',  ( -0.9699999999999996403, 0.5699999999999998401, -0.6250000000000001110 ) ) ;
#985 = SURFACE_SIDE_STYLE ('',( #1120 ) ) ;
#986 = VECTOR ( 'NONE', #543, 1000.000000000000000 ) ;
#987 = FILL_AREA_STYLE_COLOUR ( '', #685 ) ;
#988 = ORIENTED_EDGE ( 'NONE', *, *, #815, .T. ) ;
#989 = ORIENTED_EDGE ( 'NONE', *, *, #1077, .T. ) ;
#990 = CARTESIAN_POINT ( 'NONE',  ( 0.7899999999999995914, 0.5699999999999995071, -0.6250000000000000000 ) ) ;
#991 = DIRECTION ( 'NONE',  ( 0.000000000000000000, 0.000000000000000000, 1.000000000000000000 ) ) ;
#992 = ORIENTED_EDGE ( 'NONE', *, *, #607, .T. ) ;
#993 = VECTOR ( 'NONE', #101, 1000.000000000000000 ) ;
#994 = PRODUCT_CONTEXT ( 'NONE', #47, 'mechanical' ) ;
#995 = EDGE_CURVE ( 'NONE', #475, #353, #1377, .T. ) ;
#996 = VERTEX_POINT ( 'NONE', #640 ) ;
#997 =( NAMED_UNIT ( * ) PLANE_ANGLE_UNIT ( ) SI_UNIT ( $, .RADIAN. ) );
#998 = DIRECTION ( 'NONE',  ( -0.000000000000000000, 0.000000000000000000, -1.000000000000000000 ) ) ;
#999 = AXIS2_PLACEMENT_3D ( 'NONE', #680, #914, #1230 ) ;
#1000 = LINE ( 'NONE', #317, #518 ) ;
#1001 = ADVANCED_FACE ( 'NONE', ( #911 ), #762, .F. ) ;
#1002 = ORIENTED_EDGE ( 'NONE', *, *, #652, .F. ) ;
#1003 = VECTOR ( 'NONE', #329, 1000.000000000000000 ) ;
#1004 = PRESENTATION_LAYER_ASSIGNMENT (  '', '', ( #48 ) ) ;
#1005 = DIRECTION ( 'NONE',  ( 0.000000000000000000, 0.000000000000000000, -1.000000000000000000 ) ) ;
#1006 = DIRECTION ( 'NONE',  ( 0.000000000000000000, -1.000000000000000000, -0.000000000000000000 ) ) ;
#1007 = FACE_OUTER_BOUND ( 'NONE', #1400, .T. ) ;
#1008 = UNCERTAINTY_MEASURE_WITH_UNIT (LENGTH_MEASURE( 1.000000000000000082E-05 ), #319, 'distance_accuracy_value', 'NONE');
#1009 = EDGE_CURVE ( 'NONE', #1144, #886, #1381, .T. ) ;
#1010 = SURFACE_STYLE_USAGE ( .BOTH. , #557 ) ;
#1011 = DIRECTION ( 'NONE',  ( 0.000000000000000000, -0.000000000000000000, -1.000000000000000000 ) ) ;
#1012 = ORIENTED_EDGE ( 'NONE', *, *, #652, .T. ) ;
#1013 = COLOUR_RGB ( '',1.000000000000000000, 1.000000000000000000, 1.000000000000000000 ) ;
#1014 = ORIENTED_EDGE ( 'NONE', *, *, #542, .F. ) ;
#1015 = LINE ( 'NONE', #1389, #56 ) ;
#1016 =( LENGTH_UNIT ( ) NAMED_UNIT ( * ) SI_UNIT ( .MILLI., .METRE. ) );
#1017 = DIRECTION ( 'NONE',  ( 0.000000000000000000, -0.000000000000000000, 1.000000000000000000 ) ) ;
#1018 = LINE ( 'NONE', #786, #1003 ) ;
#1019 = PRESENTATION_LAYER_ASSIGNMENT (  '', '', ( #229 ) ) ;
#1020 = APPLICATION_PROTOCOL_DEFINITION ( 'draft international standard', 'automotive_design', 1998, #869 ) ;
#1021 = AXIS2_PLACEMENT_3D ( 'NONE', #19, #65, #262 ) ;
#1022 = LINE ( 'NONE', #398, #974 ) ;
#1023 = MECHANICAL_DESIGN_GEOMETRIC_PRESENTATION_REPRESENTATION (  '', ( #49 ), #1171 ) ;
#1024 =( NAMED_UNIT ( * ) PLANE_ANGLE_UNIT ( ) SI_UNIT ( $, .RADIAN. ) );
#1025 = DIRECTION ( 'NONE',  ( -9.856383386231858827E-17, -1.000000000000000000, 0.000000000000000000 ) ) ;
#1026 = ORIENTED_EDGE ( 'NONE', *, *, #713, .F. ) ;
#1027 = DIRECTION ( 'NONE',  ( -1.000000000000000000, -1.164670302474662720E-16, 0.000000000000000000 ) ) ;
#1028 = VECTOR ( 'NONE', #1319, 1000.000000000000000 ) ;
#1029 = DIRECTION ( 'NONE',  ( -0.000000000000000000, -0.000000000000000000, 1.000000000000000000 ) ) ;
#1030 = VECTOR ( 'NONE', #1220, 1000.000000000000000 ) ;
#1031 =( LENGTH_UNIT ( ) NAMED_UNIT ( * ) SI_UNIT ( .MILLI., .METRE. ) );
#1032 = FACE_OUTER_BOUND ( 'NONE', #683, .T. ) ;
#1033 = EDGE_CURVE ( 'NONE', #1402, #721, #919, .T. ) ;
#1034 = DIRECTION ( 'NONE',  ( -0.000000000000000000, -0.000000000000000000, -1.000000000000000000 ) ) ;
#1035 = DIRECTION ( 'NONE',  ( 0.000000000000000000, -0.000000000000000000, -1.000000000000000000 ) ) ;
#1036 = FACE_OUTER_BOUND ( 'NONE', #368, .T. ) ;
#1037 = AXIS2_PLACEMENT_3D ( 'NONE', #15, #574, #282 ) ;
#1038 = SURFACE_STYLE_FILL_AREA ( #1268 ) ;
#1039 = EDGE_CURVE ( 'NONE', #419, #926, #459, .T. ) ;
#1040 = LINE ( 'NONE', #80, #1068 ) ;
#1041 = DIRECTION ( 'NONE',  ( -0.000000000000000000, -0.000000000000000000, -1.000000000000000000 ) ) ;
#1042 = DIRECTION ( 'NONE',  ( 1.000000000000000000, -9.856383386231858827E-17, 0.000000000000000000 ) ) ;
#1043 = FACE_OUTER_BOUND ( 'NONE', #1391, .T. ) ;
#1044 = PRESENTATION_STYLE_ASSIGNMENT (( #387 ) ) ;
#1045 = FACE_OUTER_BOUND ( 'NONE', #863, .T. ) ;
#1046 = EDGE_CURVE ( 'NONE', #1305, #1345, #547, .T. ) ;
#1047 = CARTESIAN_POINT ( 'NONE',  ( -0.9699999999999996403, 0.5699999999999998401, 0.6250000000000000000 ) ) ;
#1048 = PRESENTATION_STYLE_ASSIGNMENT (( #548 ) ) ;
#1049 = ADVANCED_FACE ( 'NONE', ( #8 ), #1379, .F. ) ;
#1050 = PRESENTATION_STYLE_ASSIGNMENT (( #940 ) ) ;
#1051 = EDGE_CURVE ( 'NONE', #550, #817, #1022, .T. ) ;
#1052 = VECTOR ( 'NONE', #178, 1000.000000000000000 ) ;
#1053 = CARTESIAN_POINT ( 'NONE',  ( -0.6499999999999995781, 0.5999999999999999778, -0.6250000000000000000 ) ) ;
#1054 = COLOUR_RGB ( '',1.000000000000000000, 1.000000000000000000, 1.000000000000000000 ) ;
#1055 = VECTOR ( 'NONE', #61, 1000.000000000000000 ) ;
#1056 = PRODUCT_DEFINITION_SHAPE ( 'NONE', 'NONE',  #834 ) ;
#1057 = DIRECTION ( 'NONE',  ( -1.000000000000000000, -0.000000000000000000, -0.000000000000000000 ) ) ;
#1058 = DIRECTION ( 'NONE',  ( 9.856383386231858827E-17, 1.000000000000000000, -0.000000000000000000 ) ) ;
#1059 = VECTOR ( 'NONE', #524, 1000.000000000000000 ) ;
#1060 = EDGE_CURVE ( 'NONE', #42, #357, #1000, .T. ) ;
#1061 = CARTESIAN_POINT ( 'NONE',  ( -0.9699999999999996403, 0.5699999999999998401, -2.638752715702699092 ) ) ;
#1062 = COLOUR_RGB ( '',0.7921568627450980005, 0.8196078431372548767, 0.9333333333333333481 ) ;
#1063 = LINE ( 'NONE', #984, #125 ) ;
#1064 = AXIS2_PLACEMENT_3D ( 'NONE', #582, #1216, #666 ) ;
#1065 = DIRECTION ( 'NONE',  ( -1.000000000000000000, 9.856383386231858827E-17, 0.000000000000000000 ) ) ;
#1066 = CARTESIAN_POINT ( 'NONE',  ( -0.7899999999999993694, 0.5999999999999999778, -0.4166666666666664076 ) ) ;
#1067 = AXIS2_PLACEMENT_3D ( 'NONE', #418, #1356, #944 ) ;
#1068 = VECTOR ( 'NONE', #170, 1000.000000000000000 ) ;
#1069 = EDGE_CURVE ( 'NONE', #1318, #358, #555, .T. ) ;
#1070 = UNCERTAINTY_MEASURE_WITH_UNIT (LENGTH_MEASURE( 1.000000000000000082E-05 ), #204, 'distance_accuracy_value', 'NONE');
#1071 = CARTESIAN_POINT ( 'NONE',  ( -0.6499999999999995781, -1.233468879687142694, 0.6250000000000000000 ) ) ;
#1072 = LINE ( 'NONE', #604, #86 ) ;
#1073 = DIRECTION ( 'NONE',  ( 0.000000000000000000, 1.000000000000000000, 0.000000000000000000 ) ) ;
#1074 =( NAMED_UNIT ( * ) PLANE_ANGLE_UNIT ( ) SI_UNIT ( $, .RADIAN. ) );
#1075 = CARTESIAN_POINT ( 'NONE',  ( 0.9699999999999996403, 0.5699999999999998401, 0.6250000000000000000 ) ) ;
#1076 = CARTESIAN_POINT ( 'NONE',  ( -0.6499999999999995781, 0.000000000000000000, 0.6250000000000000000 ) ) ;
#1077 = EDGE_CURVE ( 'NONE', #540, #926, #559, .T. ) ;
#1078 = DIRECTION ( 'NONE',  ( -0.000000000000000000, -0.000000000000000000, -1.000000000000000000 ) ) ;
#1079 = VECTOR ( 'NONE', #1114, 1000.000000000000000 ) ;
#1080 = SURFACE_STYLE_USAGE ( .BOTH. , #1266 ) ;
#1081 = STYLED_ITEM ( 'NONE', ( #520 ), #1196 ) ;
#1082 = CARTESIAN_POINT ( 'NONE',  ( -0.9699999999999996403, 0.02999999999999994685, -2.638752715702699092 ) ) ;
#1083 = CARTESIAN_POINT ( 'NONE',  ( 0.000000000000000000, 0.000000000000000000, 0.6250000000000000000 ) ) ;
#1084 = AXIS2_PLACEMENT_3D ( 'NONE', #1083, #25, #1270 ) ;
#1085 = LINE ( 'NONE', #630, #618 ) ;
#1086 = CARTESIAN_POINT ( 'NONE',  ( -0.6499999999999998002, -1.233468879687142694, -0.6250000000000000000 ) ) ;
#1087 = LINE ( 'NONE', #613, #1098 ) ;
#1088 = FILL_AREA_STYLE_COLOUR ( '', #928 ) ;
#1089 = SHAPE_DEFINITION_REPRESENTATION ( #1056, #1142 ) ;
#1090 = UNCERTAINTY_MEASURE_WITH_UNIT (LENGTH_MEASURE( 1.000000000000000082E-05 ), #603, 'distance_accuracy_value', 'NONE');
#1091 = ADVANCED_FACE ( 'NONE', ( #51 ), #1096, .F. ) ;
#1092 = LINE ( 'NONE', #298, #145 ) ;
#1093 = CARTESIAN_POINT ( 'NONE',  ( -0.9699999999999996403, 0.02999999999999994685, 0.6250000000000000000 ) ) ;
#1094 = FILL_AREA_STYLE_COLOUR ( '', #776 ) ;
#1095 = SURFACE_SIDE_STYLE ('',( #200 ) ) ;
#1096 = PLANE ( 'NONE',  #1183 ) ;
#1097 = LINE ( 'NONE', #681, #149 ) ;
#1098 = VECTOR ( 'NONE', #773, 1000.000000000000000 ) ;
#1099 = MECHANICAL_DESIGN_GEOMETRIC_PRESENTATION_REPRESENTATION (  '', ( #781 ), #1250 ) ;
#1100 = SURFACE_STYLE_FILL_AREA ( #900 ) ;
#1101 =( NAMED_UNIT ( * ) SI_UNIT ( $, .STERADIAN. ) SOLID_ANGLE_UNIT ( ) );
#1102 = EDGE_CURVE ( 'NONE', #1137, #1326, #40, .T. ) ;
#1103 = CARTESIAN_POINT ( 'NONE',  ( -0.6499999999999998002, -1.233468879687142694, -0.6250000000000000000 ) ) ;
#1104 =( LENGTH_UNIT ( ) NAMED_UNIT ( * ) SI_UNIT ( .MILLI., .METRE. ) );
#1105 = SURFACE_SIDE_STYLE ('',( #946 ) ) ;
#1106 = CARTESIAN_POINT ( 'NONE',  ( -0.7899999999999992584, 0.5999999999999999778, 0.6250000000000000000 ) ) ;
#1107 = EDGE_CURVE ( 'NONE', #856, #343, #514, .T. ) ;
#1108 = DIRECTION ( 'NONE',  ( 1.000000000000000000, -9.856383386231860060E-17, 0.000000000000000000 ) ) ;
#1109 =( GEOMETRIC_REPRESENTATION_CONTEXT ( 3 ) GLOBAL_UNCERTAINTY_ASSIGNED_CONTEXT ( ( #249 ) ) GLOBAL_UNIT_ASSIGNED_CONTEXT ( ( #164, #364, #516 ) ) REPRESENTATION_CONTEXT ( 'NONE', 'WORKASPACE' ) );
#1110 =( NAMED_UNIT ( * ) PLANE_ANGLE_UNIT ( ) SI_UNIT ( $, .RADIAN. ) );
#1111 =( LENGTH_UNIT ( ) NAMED_UNIT ( * ) SI_UNIT ( .MILLI., .METRE. ) );
#1112 = CARTESIAN_POINT ( 'NONE',  ( 0.6499999999999995781, 0.5999999999999998668, 0.6250000000000000000 ) ) ;
#1113 = EDGE_CURVE ( 'NONE', #203, #1152, #63, .T. ) ;
#1114 = DIRECTION ( 'NONE',  ( 9.856383386231858827E-17, 1.000000000000000000, -0.000000000000000000 ) ) ;
#1115 =( NAMED_UNIT ( * ) SI_UNIT ( $, .STERADIAN. ) SOLID_ANGLE_UNIT ( ) );
#1116 = COLOUR_RGB ( '',0.2509803921568627416, 0.2509803921568627416, 0.2509803921568627416 ) ;
#1117 = CARTESIAN_POINT ( 'NONE',  ( -0.6499999999999995781, 0.000000000000000000, -0.6250000000000000000 ) ) ;
#1118 = CARTESIAN_POINT ( 'NONE',  ( -0.6499999999999995781, 0.02999999999999998501, 0.6250000000000000000 ) ) ;
#1119 = EDGE_CURVE ( 'NONE', #271, #1336, #1015, .T. ) ;
#1120 = SURFACE_STYLE_FILL_AREA ( #3 ) ;
#1121 =( NAMED_UNIT ( * ) PLANE_ANGLE_UNIT ( ) SI_UNIT ( $, .RADIAN. ) );
#1122 =( GEOMETRIC_REPRESENTATION_CONTEXT ( 3 ) GLOBAL_UNCERTAINTY_ASSIGNED_CONTEXT ( ( #1354 ) ) GLOBAL_UNIT_ASSIGNED_CONTEXT ( ( #1104, #657, #36 ) ) REPRESENTATION_CONTEXT ( 'NONE', 'WORKASPACE' ) );
#1123 = PRESENTATION_STYLE_ASSIGNMENT (( #860 ) ) ;
#1124 = AXIS2_PLACEMENT_3D ( 'NONE', #1086, #1272, #107 ) ;
#1125 = EDGE_CURVE ( 'NONE', #1283, #1271, #72, .T. ) ;
#1126 = DIRECTION ( 'NONE',  ( 1.000000000000000000, -1.164670302474662720E-16, 0.000000000000000000 ) ) ;
#1127 = CARTESIAN_POINT ( 'NONE',  ( 0.000000000000000000, 0.000000000000000000, 0.000000000000000000 ) ) ;
#1128 = SURFACE_SIDE_STYLE ('',( #983 ) ) ;
#1129 = ORIENTED_EDGE ( 'NONE', *, *, #1256, .T. ) ;
#1130 = COLOUR_RGB ( '',1.000000000000000000, 1.000000000000000000, 1.000000000000000000 ) ;
#1131 = CARTESIAN_POINT ( 'NONE',  ( -0.6499999999999994671, 0.5999999999999999778, -0.4166666666666665186 ) ) ;
#1132 = PRESENTATION_LAYER_ASSIGNMENT (  '', '', ( #284 ) ) ;
#1133 = ORIENTED_EDGE ( 'NONE', *, *, #333, .F. ) ;
#1134 = ORIENTED_EDGE ( 'NONE', *, *, #152, .F. ) ;
#1135 = ORIENTED_EDGE ( 'NONE', *, *, #1113, .F. ) ;
#1136 = LINE ( 'NONE', #565, #687 ) ;
#1137 = VERTEX_POINT ( 'NONE', #189 ) ;
#1138 = ADVANCED_FACE ( 'NONE', ( #1007 ), #572, .F. ) ;
#1139 = ORIENTED_EDGE ( 'NONE', *, *, #30, .T. ) ;
#1140 = CARTESIAN_POINT ( 'NONE',  ( -0.9699999999999996403, 0.02999999999999994685, -0.6250000000000001110 ) ) ;
#1141 = DIRECTION ( 'NONE',  ( -1.000000000000000000, 0.000000000000000000, 0.000000000000000000 ) ) ;
#1142 = ADVANCED_BREP_SHAPE_REPRESENTATION ( '21.250.60.350.35', ( #1287, #82, #602, #231, #1296 ), #1385 ) ;
#1143 = VECTOR ( 'NONE', #441, 1000.000000000000000 ) ;
#1144 = VERTEX_POINT ( 'NONE', #111 ) ;
#1145 = CARTESIAN_POINT ( 'NONE',  ( 0.6499999999999996891, 0.5999999999999997558, -0.4166666666666666852 ) ) ;
#1146 = CARTESIAN_POINT ( 'NONE',  ( 0.000000000000000000, 0.000000000000000000, 0.6250000000000000000 ) ) ;
#1147 = ORIENTED_EDGE ( 'NONE', *, *, #1251, .F. ) ;
#1148 = PRESENTATION_STYLE_ASSIGNMENT (( #1151 ) ) ;
#1149 = CARTESIAN_POINT ( 'NONE',  ( -0.6499999999999995781, 0.02999999999999998501, 0.6250000000000000000 ) ) ;
#1150 = VECTOR ( 'NONE', #45, 1000.000000000000000 ) ;
#1151 = SURFACE_STYLE_USAGE ( .BOTH. , #1095 ) ;
#1152 = VERTEX_POINT ( 'NONE', #201 ) ;
#1153 = ADVANCED_FACE ( 'NONE', ( #32 ), #1197, .F. ) ;
#1154 = STYLED_ITEM ( 'NONE', ( #76 ), #1172 ) ;
#1155 = ORIENTED_EDGE ( 'NONE', *, *, #1077, .F. ) ;
#1156 = EDGE_CURVE ( 'NONE', #424, #42, #1018, .T. ) ;
#1157 = DIRECTION ( 'NONE',  ( 0.000000000000000000, -0.000000000000000000, 1.000000000000000000 ) ) ;
#1158 = ORIENTED_EDGE ( 'NONE', *, *, #301, .T. ) ;
#1159 = FILL_AREA_STYLE ('',( #832 ) ) ;
#1160 = FILL_AREA_STYLE ('',( #1341 ) ) ;
#1161 = LINE ( 'NONE', #648, #760 ) ;
#1162 = CARTESIAN_POINT ( 'NONE',  ( -0.9699999999999996403, 0.02999999999999994685, 0.6250000000000000000 ) ) ;
#1163 = LINE ( 'NONE', #1131, #1150 ) ;
#1164 = ADVANCED_FACE ( 'NONE', ( #535 ), #137, .T. ) ;
#1165 = EDGE_CURVE ( 'NONE', #768, #1267, #70, .T. ) ;
#1166 = DIRECTION ( 'NONE',  ( 0.000000000000000000, 0.000000000000000000, 1.000000000000000000 ) ) ;
#1167 = MECHANICAL_DESIGN_GEOMETRIC_PRESENTATION_REPRESENTATION (  '', ( #910 ), #1122 ) ;
#1168 =( NAMED_UNIT ( * ) PLANE_ANGLE_UNIT ( ) SI_UNIT ( $, .RADIAN. ) );
#1169 = DIRECTION ( 'NONE',  ( -0.000000000000000000, -0.000000000000000000, -1.000000000000000000 ) ) ;
#1170 = DIRECTION ( 'NONE',  ( 1.000000000000000000, 3.498990854706721759E-16, -0.000000000000000000 ) ) ;
#1171 =( GEOMETRIC_REPRESENTATION_CONTEXT ( 3 ) GLOBAL_UNCERTAINTY_ASSIGNED_CONTEXT ( ( #1090 ) ) GLOBAL_UNIT_ASSIGNED_CONTEXT ( ( #603, #270, #427 ) ) REPRESENTATION_CONTEXT ( 'NONE', 'WORKASPACE' ) );
#1172 = ADVANCED_FACE ( 'NONE', ( #541 ), #699, .T. ) ;
#1173 = EDGE_CURVE ( 'NONE', #238, #1212, #64, .T. ) ;
#1174 = CARTESIAN_POINT ( 'NONE',  ( -0.6499999999999995781, 0.02999999999999998501, 0.6250000000000000000 ) ) ;
#1175 = ADVANCED_FACE ( 'NONE', ( #531 ), #496, .F. ) ;
#1176 = CARTESIAN_POINT ( 'NONE',  ( 0.6499999999999996891, 0.5999999999999997558, -0.4166666666666666852 ) ) ;
#1177 = ORIENTED_EDGE ( 'NONE', *, *, #128, .T. ) ;
#1178 = FILL_AREA_STYLE ('',( #987 ) ) ;
#1179 = SURFACE_STYLE_USAGE ( .BOTH. , #1105 ) ;
#1180 = VECTOR ( 'NONE', #243, 1000.000000000000000 ) ;
#1181 = VERTEX_POINT ( 'NONE', #611 ) ;
#1182 = DIRECTION ( 'NONE',  ( 9.856383386231858827E-17, 1.000000000000000000, -0.000000000000000000 ) ) ;
#1183 = AXIS2_PLACEMENT_3D ( 'NONE', #406, #967, #734 ) ;
#1184 = DIRECTION ( 'NONE',  ( -1.000000000000000000, 0.000000000000000000, 0.000000000000000000 ) ) ;
#1185 = PLANE ( 'NONE',  #26 ) ;
#1186 = STYLED_ITEM ( 'NONE', ( #1123 ), #401 ) ;
#1187 = DIRECTION ( 'NONE',  ( 1.000000000000000000, -0.000000000000000000, -0.000000000000000000 ) ) ;
#1188 = DIRECTION ( 'NONE',  ( 0.000000000000000000, 1.000000000000000000, 0.000000000000000000 ) ) ;
#1189 =( GEOMETRIC_REPRESENTATION_CONTEXT ( 3 ) GLOBAL_UNCERTAINTY_ASSIGNED_CONTEXT ( ( #818 ) ) GLOBAL_UNIT_ASSIGNED_CONTEXT ( ( #83, #1328, #1380 ) ) REPRESENTATION_CONTEXT ( 'NONE', 'WORKASPACE' ) );
#1190 = VERTEX_POINT ( 'NONE', #354 ) ;
#1191 = SURFACE_STYLE_FILL_AREA ( #763 ) ;
#1192 = DIRECTION ( 'NONE',  ( 0.000000000000000000, 1.000000000000000000, 0.000000000000000000 ) ) ;
#1193 = CARTESIAN_POINT ( 'NONE',  ( 0.7899999999999995914, 0.5699999999999995071, -0.4166666666666666297 ) ) ;
#1194 =( NAMED_UNIT ( * ) SI_UNIT ( $, .STERADIAN. ) SOLID_ANGLE_UNIT ( ) );
#1195 =( NAMED_UNIT ( * ) PLANE_ANGLE_UNIT ( ) SI_UNIT ( $, .RADIAN. ) );
#1196 = ADVANCED_FACE ( 'NONE', ( #57 ), #1297, .T. ) ;
#1197 = PLANE ( 'NONE',  #1299 ) ;
#1198 = MECHANICAL_DESIGN_GEOMETRIC_PRESENTATION_REPRESENTATION (  '', ( #698 ), #636 ) ;
#1199 = CARTESIAN_POINT ( 'NONE',  ( -0.7899999999999992584, 0.5699999999999997291, 0.6250000000000000000 ) ) ;
#1200 = VERTEX_POINT ( 'NONE', #148 ) ;
#1201 = CARTESIAN_POINT ( 'NONE',  ( 0.6499999999999998002, 0.5699999999999995071, 0.4166666666666665741 ) ) ;
#1202 =( NAMED_UNIT ( * ) PLANE_ANGLE_UNIT ( ) SI_UNIT ( $, .RADIAN. ) );
#1203 = CARTESIAN_POINT ( 'NONE',  ( -0.9999999999999995559, 0.5999999999999998668, 0.6250000000000000000 ) ) ;
#1204 = DIRECTION ( 'NONE',  ( 0.000000000000000000, 0.000000000000000000, 1.000000000000000000 ) ) ;
#1205 = EDGE_CURVE ( 'NONE', #550, #203, #533, .T. ) ;
#1206 = ORIENTED_EDGE ( 'NONE', *, *, #172, .T. ) ;
#1207 = EDGE_CURVE ( 'NONE', #337, #1212, #608, .T. ) ;
#1208 = ORIENTED_EDGE ( 'NONE', *, *, #905, .T. ) ;
#1209 = ORIENTED_EDGE ( 'NONE', *, *, #498, .F. ) ;
#1210 = ORIENTED_EDGE ( 'NONE', *, *, #446, .F. ) ;
#1211 = CARTESIAN_POINT ( 'NONE',  ( 1.000802005371235621E-16, 0.5999999999999998668, -1.736114733522148883E-32 ) ) ;
#1212 = VERTEX_POINT ( 'NONE', #596 ) ;
#1213 =( NAMED_UNIT ( * ) SI_UNIT ( $, .STERADIAN. ) SOLID_ANGLE_UNIT ( ) );
#1214 = PLANE ( 'NONE',  #1279 ) ;
#1215 = EDGE_CURVE ( 'NONE', #949, #414, #605, .T. ) ;
#1216 = DIRECTION ( 'NONE',  ( 1.000000000000000000, -9.856383386231858827E-17, 0.000000000000000000 ) ) ;
#1217 = ORIENTED_EDGE ( 'NONE', *, *, #785, .T. ) ;
#1218 = ORIENTED_EDGE ( 'NONE', *, *, #1173, .T. ) ;
#1219 = EDGE_LOOP ( 'NONE', ( #1147, #1129, #897, #1133 ) ) ;
#1220 = DIRECTION ( 'NONE',  ( 0.000000000000000000, -0.000000000000000000, -1.000000000000000000 ) ) ;
#1221 = DIRECTION ( 'NONE',  ( -1.734723475976807341E-16, 0.000000000000000000, -1.000000000000000000 ) ) ;
#1222 = PLANE ( 'NONE',  #154 ) ;
#1223 = EDGE_CURVE ( 'NONE', #1137, #843, #1072, .T. ) ;
#1224 = CARTESIAN_POINT ( 'NONE',  ( -0.6499999999999995781, 0.5699999999999997291, 0.6250000000000000000 ) ) ;
#1225 = AXIS2_PLACEMENT_3D ( 'NONE', #230, #759, #1246 ) ;
#1226 = MECHANICAL_DESIGN_GEOMETRIC_PRESENTATION_REPRESENTATION (  '', ( #1282 ), #677 ) ;
#1227 = ORIENTED_EDGE ( 'NONE', *, *, #1371, .T. ) ;
#1228 = CARTESIAN_POINT ( 'NONE',  ( 0.000000000000000000, 0.000000000000000000, -0.6250000000000000000 ) ) ;
#1229 = DIRECTION ( 'NONE',  ( 9.856383386231858827E-17, 1.000000000000000000, 0.000000000000000000 ) ) ;
#1230 = DIRECTION ( 'NONE',  ( -1.000000000000000000, 0.000000000000000000, -0.000000000000000000 ) ) ;
#1231 = FACE_OUTER_BOUND ( 'NONE', #393, .T. ) ;
#1232 = SURFACE_STYLE_USAGE ( .BOTH. , #701 ) ;
#1233 = PRESENTATION_STYLE_ASSIGNMENT (( #1080 ) ) ;
#1234 = CARTESIAN_POINT ( 'NONE',  ( 0.7899999999999997025, 0.5699999999999995071, 0.6249999999999997780 ) ) ;
#1235 = ORIENTED_EDGE ( 'NONE', *, *, #1033, .T. ) ;
#1236 = DIRECTION ( 'NONE',  ( 0.000000000000000000, 0.000000000000000000, 1.000000000000000000 ) ) ;
#1237 = ORIENTED_EDGE ( 'NONE', *, *, #1051, .F. ) ;
#1238 = DIRECTION ( 'NONE',  ( 9.856383386231858827E-17, 1.000000000000000000, -0.000000000000000000 ) ) ;
#1239 = PRESENTATION_LAYER_ASSIGNMENT (  '', '', ( #1154 ) ) ;
#1240 = CARTESIAN_POINT ( 'NONE',  ( -0.6499999999999995781, 0.5999999999999999778, -0.6250000000000000000 ) ) ;
#1241 = PRESENTATION_LAYER_ASSIGNMENT (  '', '', ( #417 ) ) ;
#1242 = SURFACE_STYLE_FILL_AREA ( #370 ) ;
#1243 = ORIENTED_EDGE ( 'NONE', *, *, #30, .F. ) ;
#1244 = CARTESIAN_POINT ( 'NONE',  ( -0.9699999999999996403, 0.5699999999999998401, -2.638752715702699092 ) ) ;
#1245 = DIRECTION ( 'NONE',  ( 0.000000000000000000, 1.000000000000000000, 0.000000000000000000 ) ) ;
#1246 = DIRECTION ( 'NONE',  ( 0.000000000000000000, 0.000000000000000000, -1.000000000000000000 ) ) ;
#1247 = FACE_OUTER_BOUND ( 'NONE', #809, .T. ) ;
#1248 = ADVANCED_FACE ( 'NONE', ( #1036 ), #556, .F. ) ;
#1249 =( LENGTH_UNIT ( ) NAMED_UNIT ( * ) SI_UNIT ( .MILLI., .METRE. ) );
#1250 =( GEOMETRIC_REPRESENTATION_CONTEXT ( 3 ) GLOBAL_UNCERTAINTY_ASSIGNED_CONTEXT ( ( #651 ) ) GLOBAL_UNIT_ASSIGNED_CONTEXT ( ( #1249, #1074, #960 ) ) REPRESENTATION_CONTEXT ( 'NONE', 'WORKASPACE' ) );
#1251 = EDGE_CURVE ( 'NONE', #1190, #39, #100, .T. ) ;
#1252 = SURFACE_SIDE_STYLE ('',( #123 ) ) ;
#1253 = ADVANCED_FACE ( 'NONE', ( #1043 ), #413, .F. ) ;
#1254 = DIRECTION ( 'NONE',  ( -1.000000000000000000, 1.164670302474662720E-16, 0.000000000000000000 ) ) ;
#1255 =( LENGTH_UNIT ( ) NAMED_UNIT ( * ) SI_UNIT ( .MILLI., .METRE. ) );
#1256 = EDGE_CURVE ( 'NONE', #1190, #739, #1063, .T. ) ;
#1257 = DIRECTION ( 'NONE',  ( 1.000000000000000000, 0.000000000000000000, 0.000000000000000000 ) ) ;
#1258 = PLANE ( 'NONE',  #610 ) ;
#1259 = CARTESIAN_POINT ( 'NONE',  ( 0.9699999999999996403, 0.02999999999999994685, -0.6250000000000001110 ) ) ;
#1260 = ORIENTED_EDGE ( 'NONE', *, *, #1371, .F. ) ;
#1261 = AXIS2_PLACEMENT_3D ( 'NONE', #534, #633, #54 ) ;
#1262 = ORIENTED_EDGE ( 'NONE', *, *, #1294, .F. ) ;
#1263 = EDGE_CURVE ( 'NONE', #667, #811, #585, .T. ) ;
#1264 = ORIENTED_EDGE ( 'NONE', *, *, #1069, .F. ) ;
#1265 = DIRECTION ( 'NONE',  ( 0.000000000000000000, -0.000000000000000000, -1.000000000000000000 ) ) ;
#1266 = SURFACE_SIDE_STYLE ('',( #1242 ) ) ;
#1267 = VERTEX_POINT ( 'NONE', #85 ) ;
#1268 = FILL_AREA_STYLE ('',( #168 ) ) ;
#1269 = ADVANCED_FACE ( 'NONE', ( #96 ), #970, .T. ) ;
#1270 = DIRECTION ( 'NONE',  ( -1.000000000000000000, 0.000000000000000000, -0.000000000000000000 ) ) ;
#1271 = VERTEX_POINT ( 'NONE', #1176 ) ;
#1272 = DIRECTION ( 'NONE',  ( 0.000000000000000000, 0.000000000000000000, -1.000000000000000000 ) ) ;
#1273 = VECTOR ( 'NONE', #758, 1000.000000000000000 ) ;
#1274 = VERTEX_POINT ( 'NONE', #627 ) ;
#1275 = EDGE_CURVE ( 'NONE', #540, #1137, #84, .T. ) ;
#1276 = ADVANCED_FACE ( 'NONE', ( #103 ), #372, .F. ) ;
#1277 = ORIENTED_EDGE ( 'NONE', *, *, #700, .T. ) ;
#1278 = CARTESIAN_POINT ( 'NONE',  ( 0.6499999999999995781, 0.5699999999999997291, -0.6250000000000000000 ) ) ;
#1279 = AXIS2_PLACEMENT_3D ( 'NONE', #1047, #867, #1017 ) ;
#1280 = ORIENTED_EDGE ( 'NONE', *, *, #1125, .T. ) ;
#1281 = FILL_AREA_STYLE_COLOUR ( '', #136 ) ;
#1282 = STYLED_ITEM ( 'NONE', ( #124 ), #602 ) ;
#1283 = VERTEX_POINT ( 'NONE', #77 ) ;
#1284 = COLOUR_RGB ( '',0.2509803921568627416, 0.2509803921568627416, 0.2509803921568627416 ) ;
#1285 = ORIENTED_EDGE ( 'NONE', *, *, #756, .T. ) ;
#1286 = EDGE_CURVE ( 'NONE', #1345, #1291, #569, .T. ) ;
#1287 = MANIFOLD_SOLID_BREP ( 'Boss-Extrude2', #1311 ) ;
#1288 = EDGE_LOOP ( 'NONE', ( #663, #336, #209, #1301 ) ) ;
#1289 = CARTESIAN_POINT ( 'NONE',  ( 0.6499999999999995781, 0.000000000000000000, -0.6250000000000000000 ) ) ;
#1290 = PLANE ( 'NONE',  #495 ) ;
#1291 = VERTEX_POINT ( 'NONE', #490 ) ;
#1292 = ORIENTED_EDGE ( 'NONE', *, *, #729, .F. ) ;
#1293 = CARTESIAN_POINT ( 'NONE',  ( 0.6499999999999995781, 0.000000000000000000, 0.6250000000000000000 ) ) ;
#1294 = EDGE_CURVE ( 'NONE', #11, #357, #99, .T. ) ;
#1295 = EDGE_LOOP ( 'NONE', ( #71, #852, #1210, #859, #1375, #770, #1348, #1227 ) ) ;
#1296 = AXIS2_PLACEMENT_3D ( 'NONE', #1127, #1204, #1312 ) ;
#1297 = PLANE ( 'NONE',  #7 ) ;
#1298 = ORIENTED_EDGE ( 'NONE', *, *, #532, .F. ) ;
#1299 = AXIS2_PLACEMENT_3D ( 'NONE', #234, #31, #710 ) ;
#1300 = DIRECTION ( 'NONE',  ( -1.000000000000000000, 0.000000000000000000, -0.000000000000000000 ) ) ;
#1301 = ORIENTED_EDGE ( 'NONE', *, *, #803, .F. ) ;
#1302 = ORIENTED_EDGE ( 'NONE', *, *, #1107, .T. ) ;
#1303 = DIRECTION ( 'NONE',  ( 9.856383386231858827E-17, 1.000000000000000000, -0.000000000000000000 ) ) ;
#1304 = STYLED_ITEM ( 'NONE', ( #1148 ), #437 ) ;
#1305 = VERTEX_POINT ( 'NONE', #1224 ) ;
#1306 = FILL_AREA_STYLE_COLOUR ( '', #1062 ) ;
#1307 = ORIENTED_EDGE ( 'NONE', *, *, #823, .T. ) ;
#1308 = ORIENTED_EDGE ( 'NONE', *, *, #1286, .T. ) ;
#1309 = DIRECTION ( 'NONE',  ( 9.856383386231860060E-17, 1.000000000000000000, 0.000000000000000000 ) ) ;
#1310 = DIRECTION ( 'NONE',  ( 0.000000000000000000, -0.000000000000000000, -1.000000000000000000 ) ) ;
#1311 = CLOSED_SHELL ( 'NONE', ( #632, #396, #1172, #730, #106, #1269 ) ) ;
#1312 = DIRECTION ( 'NONE',  ( 1.000000000000000000, 0.000000000000000000, 0.000000000000000000 ) ) ;
#1313 = ORIENTED_EDGE ( 'NONE', *, *, #696, .T. ) ;
#1314 = MECHANICAL_DESIGN_GEOMETRIC_PRESENTATION_REPRESENTATION (  '', ( #229 ), #674 ) ;
#1315 = EDGE_LOOP ( 'NONE', ( #675, #371, #678, #1333 ) ) ;
#1316 = ORIENTED_EDGE ( 'NONE', *, *, #660, .F. ) ;
#1317 = STYLED_ITEM ( 'NONE', ( #5 ), #730 ) ;
#1318 = VERTEX_POINT ( 'NONE', #334 ) ;
#1319 = DIRECTION ( 'NONE',  ( -0.000000000000000000, -0.000000000000000000, -1.000000000000000000 ) ) ;
#1320 = ORIENTED_EDGE ( 'NONE', *, *, #362, .F. ) ;
#1321 = EDGE_CURVE ( 'NONE', #69, #1144, #1097, .T. ) ;
#1322 = ORIENTED_EDGE ( 'NONE', *, *, #815, .F. ) ;
#1323 = ORIENTED_EDGE ( 'NONE', *, *, #995, .F. ) ;
#1324 = CARTESIAN_POINT ( 'NONE',  ( 0.6499999999999996891, 0.5699999999999995071, -0.4166666666666666852 ) ) ;
#1325 = ORIENTED_EDGE ( 'NONE', *, *, #1334, .F. ) ;
#1326 = VERTEX_POINT ( 'NONE', #775 ) ;
#1327 = ORIENTED_EDGE ( 'NONE', *, *, #612, .F. ) ;
#1328 =( NAMED_UNIT ( * ) PLANE_ANGLE_UNIT ( ) SI_UNIT ( $, .RADIAN. ) );
#1329 = ORIENTED_EDGE ( 'NONE', *, *, #115, .T. ) ;
#1330 = ORIENTED_EDGE ( 'NONE', *, *, #1033, .F. ) ;
#1331 = DIRECTION ( 'NONE',  ( 1.000000000000000000, 0.000000000000000000, 0.000000000000000000 ) ) ;
#1332 = PLANE ( 'NONE',  #654 ) ;
#1333 = ORIENTED_EDGE ( 'NONE', *, *, #333, .T. ) ;
#1334 = EDGE_CURVE ( 'NONE', #996, #1326, #129, .T. ) ;
#1335 = LINE ( 'NONE', #620, #841 ) ;
#1336 = VERTEX_POINT ( 'NONE', #158 ) ;
#1337 = EDGE_LOOP ( 'NONE', ( #801, #864, #794, #1316 ) ) ;
#1338 = DIRECTION ( 'NONE',  ( 1.000000000000000000, 0.000000000000000000, 3.872150616019661299E-16 ) ) ;
#1339 = ORIENTED_EDGE ( 'NONE', *, *, #955, .F. ) ;
#1340 = DIRECTION ( 'NONE',  ( -1.000000000000000000, 0.000000000000000000, 1.161645184805898340E-15 ) ) ;
#1341 = FILL_AREA_STYLE_COLOUR ( '', #1382 ) ;
#1342 = DIRECTION ( 'NONE',  ( 9.856383386231858827E-17, 1.000000000000000000, -0.000000000000000000 ) ) ;
#1343 = VERTEX_POINT ( 'NONE', #325 ) ;
#1344 = LINE ( 'NONE', #1145, #1397 ) ;
#1345 = VERTEX_POINT ( 'NONE', #254 ) ;
#1346 = LINE ( 'NONE', #180, #435 ) ;
#1347 = ORIENTED_EDGE ( 'NONE', *, *, #1113, .T. ) ;
#1348 = ORIENTED_EDGE ( 'NONE', *, *, #729, .T. ) ;
#1349 = FACE_OUTER_BOUND ( 'NONE', #488, .T. ) ;
#1350 = EDGE_LOOP ( 'NONE', ( #1387, #1362, #1405, #899 ) ) ;
#1351 = ORIENTED_EDGE ( 'NONE', *, *, #563, .F. ) ;
#1352 = CARTESIAN_POINT ( 'NONE',  ( -0.9699999999999996403, 0.02999999999999994685, 0.6250000000000000000 ) ) ;
#1353 = ORIENTED_EDGE ( 'NONE', *, *, #1051, .T. ) ;
#1354 = UNCERTAINTY_MEASURE_WITH_UNIT (LENGTH_MEASURE( 1.000000000000000082E-05 ), #1104, 'distance_accuracy_value', 'NONE');
#1355 = DIRECTION ( 'NONE',  ( -1.000000000000000000, 0.000000000000000000, 0.000000000000000000 ) ) ;
#1356 = DIRECTION ( 'NONE',  ( 1.000000000000000000, 0.000000000000000000, 0.000000000000000000 ) ) ;
#1357 = EDGE_CURVE ( 'NONE', #337, #328, #156, .T. ) ;
#1358 = EDGE_LOOP ( 'NONE', ( #889, #380, #356, #1351 ) ) ;
#1359 = LINE ( 'NONE', #625, #894 ) ;
#1360 = CARTESIAN_POINT ( 'NONE',  ( -0.9699999999999996403, 0.5699999999999998401, -0.6250000000000000000 ) ) ;
#1361 = VECTOR ( 'NONE', #545, 1000.000000000000000 ) ;
#1362 = ORIENTED_EDGE ( 'NONE', *, *, #256, .T. ) ;
#1363 = AXIS2_PLACEMENT_3D ( 'NONE', #1146, #307, #295 ) ;
#1364 = LINE ( 'NONE', #191, #1374 ) ;
#1365 = VECTOR ( 'NONE', #1188, 1000.000000000000000 ) ;
#1366 = VECTOR ( 'NONE', #1342, 1000.000000000000000 ) ;
#1367 = COLOUR_RGB ( '',0.7921568627450980005, 0.8196078431372548767, 0.9333333333333333481 ) ;
#1368 = LINE ( 'NONE', #837, #1365 ) ;
#1369 = DIRECTION ( 'NONE',  ( 0.000000000000000000, 1.000000000000000000, 0.000000000000000000 ) ) ;
#1370 = VECTOR ( 'NONE', #1331, 1000.000000000000000 ) ;
#1371 = EDGE_CURVE ( 'NONE', #11, #1283, #638, .T. ) ;
#1372 = ORIENTED_EDGE ( 'NONE', *, *, #1205, .T. ) ;
#1373 = CARTESIAN_POINT ( 'NONE',  ( -0.6499999999999993561, 0.5999999999999999778, 0.4166666666666666297 ) ) ;
#1374 = VECTOR ( 'NONE', #412, 1000.000000000000000 ) ;
#1375 = ORIENTED_EDGE ( 'NONE', *, *, #1119, .T. ) ;
#1376 = ADVANCED_FACE ( 'NONE', ( #150 ), #222, .F. ) ;
#1377 = LINE ( 'NONE', #1278, #447 ) ;
#1378 = EDGE_LOOP ( 'NONE', ( #1134, #659, #1398, #1320 ) ) ;
#1379 = PLANE ( 'NONE',  #959 ) ;
#1380 =( NAMED_UNIT ( * ) SI_UNIT ( $, .STERADIAN. ) SOLID_ANGLE_UNIT ( ) );
#1381 = LINE ( 'NONE', #1289, #1393 ) ;
#1382 = COLOUR_RGB ( '',0.2509803921568627416, 0.2509803921568627416, 0.2509803921568627416 ) ;
#1383 = CARTESIAN_POINT ( 'NONE',  ( -0.7899999999999993694, 0.5699999999999997291, -0.4166666666666664076 ) ) ;
#1384 = VECTOR ( 'NONE', #1057, 1000.000000000000000 ) ;
#1385 =( GEOMETRIC_REPRESENTATION_CONTEXT ( 3 ) GLOBAL_UNCERTAINTY_ASSIGNED_CONTEXT ( ( #606 ) ) GLOBAL_UNIT_ASSIGNED_CONTEXT ( ( #13, #752, #345 ) ) REPRESENTATION_CONTEXT ( 'NONE', 'WORKASPACE' ) );
#1386 = FACE_OUTER_BOUND ( 'NONE', #46, .T. ) ;
#1387 = ORIENTED_EDGE ( 'NONE', *, *, #474, .F. ) ;
#1388 =( GEOMETRIC_REPRESENTATION_CONTEXT ( 3 ) GLOBAL_UNCERTAINTY_ASSIGNED_CONTEXT ( ( #320 ) ) GLOBAL_UNIT_ASSIGNED_CONTEXT ( ( #1111, #1202, #1213 ) ) REPRESENTATION_CONTEXT ( 'NONE', 'WORKASPACE' ) );
#1389 = CARTESIAN_POINT ( 'NONE',  ( 0.9699999999999996403, 0.5699999999999998401, 0.6250000000000000000 ) ) ;
#1390 = VECTOR ( 'NONE', #377, 1000.000000000000000 ) ;
#1391 = EDGE_LOOP ( 'NONE', ( #332, #481, #893, #523 ) ) ;
#1392 = DIRECTION ( 'NONE',  ( -1.000000000000000000, 3.498990854706721759E-16, 0.000000000000000000 ) ) ;
#1393 = VECTOR ( 'NONE', #130, 1000.000000000000000 ) ;
#1394 = ORIENTED_EDGE ( 'NONE', *, *, #779, .F. ) ;
#1395 = SURFACE_SIDE_STYLE ('',( #1038 ) ) ;
#1396 = SURFACE_STYLE_FILL_AREA ( #1160 ) ;
#1397 = VECTOR ( 'NONE', #1338, 1000.000000000000000 ) ;
#1398 = ORIENTED_EDGE ( 'NONE', *, *, #823, .F. ) ;
#1399 = PLANE ( 'NONE',  #1225 ) ;
#1400 = EDGE_LOOP ( 'NONE', ( #686, #1135, #519, #1353, #849, #1, #920, #269 ) ) ;
#1401 = ORIENTED_EDGE ( 'NONE', *, *, #489, .F. ) ;
#1402 = VERTEX_POINT ( 'NONE', #132 ) ;
#1403 = CARTESIAN_POINT ( 'NONE',  ( -0.6499999999999995781, 0.5999999999999998668, 0.6250000000000000000 ) ) ;
#1404 = LINE ( 'NONE', #81, #890 ) ;
#1405 = ORIENTED_EDGE ( 'NONE', *, *, #1286, .F. ) ;
ENDSEC;
END-ISO-10303-21;
