ISO-10303-21;
HEADER;
FILE_DESCRIPTION (( 'STEP AP214' ),
    '1' );
FILE_NAME ('NPTC111LFBN-RC.STEP',
    '2024-10-30T12:17:28',
    ( '' ),
    ( '' ),
    'SwSTEP 2.0',
    'SolidWorks 2021',
    '' );
FILE_SCHEMA (( 'AUTOMOTIVE_DESIGN' ));
ENDSEC;

DATA;
#1 = ITEM_DEFINED_TRANSFORMATION ( 'NONE', 'NONE', #6491,  #5362 ) ;
#2 = SURFACE_STYLE_FILL_AREA ( #37 ) ;
#3 = CARTESIAN_POINT ( 'NONE',  ( -1.269999999999996909, 0.5080000000000000071, 0.7528818102449925664 ) ) ;
#4 = CARTESIAN_POINT ( 'NONE',  ( 4.699000000000005173, 7.239000000000000767, -0.3810000000000041687 ) ) ;
#5 = EDGE_CURVE ( 'NONE', #756, #4321, #4926, .T. ) ;
#6 = ORIENTED_EDGE ( 'NONE', *, *, #1306, .F. ) ;
#7 = CARTESIAN_POINT ( 'NONE',  ( -2.158999999999995811, 7.239000000000000767, 0.3809999999999946207 ) ) ;
#8 = ORIENTED_EDGE ( 'NONE', *, *, #204, .F. ) ;
#9 = PLANE ( 'NONE',  #1696 ) ;
#10 = LINE ( 'NONE', #5352, #1372 ) ;
#11 = ORIENTED_EDGE ( 'NONE', *, *, #3096, .F. ) ;
#12 = DIRECTION ( 'NONE',  ( 0.000000000000000000, 0.000000000000000000, -1.000000000000000000 ) ) ;
#13 = DIRECTION ( 'NONE',  ( -1.000000000000000000, -0.000000000000000000, -0.000000000000000000 ) ) ;
#14 = EDGE_LOOP ( 'NONE', ( #479, #1858, #6227, #4447 ) ) ;
#15 = FILL_AREA_STYLE ('',( #4240 ) ) ;
#16 = ORIENTED_EDGE ( 'NONE', *, *, #4211, .T. ) ;
#17 = EDGE_CURVE ( 'NONE', #5741, #6469, #2255, .T. ) ;
#18 = CARTESIAN_POINT ( 'NONE',  ( -2.158999999999995811, 8.064500000000000668, -0.3810000000000040021 ) ) ;
#19 = ORIENTED_EDGE ( 'NONE', *, *, #66, .T. ) ;
#20 = AXIS2_PLACEMENT_3D ( 'NONE', #3454, #4995, #6708 ) ;
#21 = CARTESIAN_POINT ( 'NONE',  ( -6.349999999999996980, 8.509000000000000341, 1.270000000000001128 ) ) ;
#22 = DIRECTION ( 'NONE',  ( -1.000000000000000000, 0.000000000000000000, 0.000000000000000000 ) ) ;
#23 = ORIENTED_EDGE ( 'NONE', *, *, #1650, .T. ) ;
#24 = ADVANCED_FACE ( 'NONE', ( #244 ), #4994, .F. ) ;
#25 = CARTESIAN_POINT ( 'NONE',  ( -8.000999999999994117, 8.064500000000000668, 0.3809999999999947873 ) ) ;
#26 = CARTESIAN_POINT ( 'NONE',  ( 12.31900000000000617, 7.239000000000000767, -0.3810000000000041687 ) ) ;
#27 = ADVANCED_FACE ( 'NONE', ( #214 ), #6114, .F. ) ;
#28 = VECTOR ( 'NONE', #4445, 1000.000000000000000 ) ;
#29 = DIRECTION ( 'NONE',  ( 1.000000000000000000, 0.000000000000000000, -0.000000000000000000 ) ) ;
#30 = CARTESIAN_POINT ( 'NONE',  ( 2.159000000000004693, 7.239000000000000767, -0.3810000000000041687 ) ) ;
#31 = VERTEX_POINT ( 'NONE', #4474 ) ;
#32 = PRESENTATION_STYLE_ASSIGNMENT (( #2213 ) ) ;
#33 = EDGE_LOOP ( 'NONE', ( #6084, #5068, #5230, #2109 ) ) ;
#34 = CARTESIAN_POINT ( 'NONE',  ( -13.96999999999999886, 0.5080000000000002292, -0.7528818102449945648 ) ) ;
#35 = VECTOR ( 'NONE', #4088, 1000.000000000000000 ) ;
#36 = EDGE_CURVE ( 'NONE', #2059, #1931, #3453, .T. ) ;
#37 = FILL_AREA_STYLE ('',( #6499 ) ) ;
#38 = VECTOR ( 'NONE', #167, 1000.000000000000000 ) ;
#39 = FACE_OUTER_BOUND ( 'NONE', #6323, .T. ) ;
#40 = CARTESIAN_POINT ( 'NONE',  ( -6.349999999999996980, 0.000000000000000000, 1.269999999999998908 ) ) ;
#41 = ORIENTED_EDGE ( 'NONE', *, *, #6874, .F. ) ;
#42 = PLANE ( 'NONE',  #3528 ) ;
#43 = ORIENTED_EDGE ( 'NONE', *, *, #1984, .F. ) ;
#44 = AXIS2_PLACEMENT_3D ( 'NONE', #4308, #3147, #1617 ) ;
#45 = EDGE_CURVE ( 'NONE', #4917, #6587, #703, .T. ) ;
#46 = LINE ( 'NONE', #3841, #3692 ) ;
#47 = LINE ( 'NONE', #6855, #2029 ) ;
#48 = ORIENTED_EDGE ( 'NONE', *, *, #1001, .T. ) ;
#49 = LINE ( 'NONE', #2159, #5309 ) ;
#50 = VECTOR ( 'NONE', #4222, 1000.000000000000000 ) ;
#51 = CARTESIAN_POINT ( 'NONE',  ( -7.238999999999996326, 7.239000000000000767, 0.3809999999999946207 ) ) ;
#52 = VERTEX_POINT ( 'NONE', #4724 ) ;
#53 = DIRECTION ( 'NONE',  ( 1.000000000000000000, 0.000000000000000000, 0.000000000000000000 ) ) ;
#54 = ORIENTED_EDGE ( 'NONE', *, *, #6167, .F. ) ;
#55 = VECTOR ( 'NONE', #5334, 1000.000000000000000 ) ;
#56 = ADVANCED_FACE ( 'NONE', ( #4197 ), #5738, .F. ) ;
#57 = LINE ( 'NONE', #3817, #599 ) ;
#58 = ORIENTED_EDGE ( 'NONE', *, *, #2486, .F. ) ;
#59 = AXIS2_PLACEMENT_3D ( 'NONE', #3064, #6249, #344 ) ;
#60 = DIRECTION ( 'NONE',  ( 0.000000000000000000, 0.000000000000000000, -1.000000000000000000 ) ) ;
#61 = CARTESIAN_POINT ( 'NONE',  ( -1.269999999999996909, 8.509000000000000341, -1.270000000000001128 ) ) ;
#62 = ORIENTED_EDGE ( 'NONE', *, *, #3288, .T. ) ;
#63 = DIRECTION ( 'NONE',  ( 0.000000000000000000, -1.000000000000000000, 0.000000000000000000 ) ) ;
#64 = PLANE ( 'NONE',  #2559 ) ;
#65 = VECTOR ( 'NONE', #4635, 1000.000000000000000 ) ;
#66 = EDGE_CURVE ( 'NONE', #395, #3538, #3146, .T. ) ;
#67 = STYLED_ITEM ( 'NONE', ( #4100 ), #2772 ) ;
#68 = CARTESIAN_POINT ( 'NONE',  ( -0.3809999999999941767, 7.239000000000000767, -0.3810000000000041687 ) ) ;
#69 = DIRECTION ( 'NONE',  ( -0.3420201433256659929, -0.9396926207859094271, -1.098928681830094149E-16 ) ) ;
#70 = EDGE_LOOP ( 'NONE', ( #3909, #2348, #4194, #4641 ) ) ;
#71 = DIRECTION ( 'NONE',  ( 0.000000000000000000, 0.000000000000000000, -1.000000000000000000 ) ) ;
#72 = EDGE_CURVE ( 'NONE', #1272, #3132, #3040, .T. ) ;
#73 = VECTOR ( 'NONE', #1408, 1000.000000000000000 ) ;
#74 = AXIS2_PLACEMENT_3D ( 'NONE', #4900, #3737, #2195 ) ;
#75 = DIRECTION ( 'NONE',  ( -0.000000000000000000, 1.000000000000000000, 1.440069553722777130E-16 ) ) ;
#76 = DIRECTION ( 'NONE',  ( -1.000000000000000000, -0.000000000000000000, -0.000000000000000000 ) ) ;
#77 = EDGE_LOOP ( 'NONE', ( #2368, #4759, #918, #5814 ) ) ;
#78 = LINE ( 'NONE', #2794, #3093 ) ;
#79 = EDGE_CURVE ( 'NONE', #1336, #4560, #6231, .T. ) ;
#80 = ORIENTED_EDGE ( 'NONE', *, *, #307, .T. ) ;
#81 = PRESENTATION_LAYER_ASSIGNMENT (  '', '', ( #3078 ) ) ;
#82 = VECTOR ( 'NONE', #5456, 1000.000000000000000 ) ;
#83 = DIRECTION ( 'NONE',  ( 1.000000000000000000, 0.000000000000000000, 0.000000000000000000 ) ) ;
#84 =( GEOMETRIC_REPRESENTATION_CONTEXT ( 3 ) GLOBAL_UNCERTAINTY_ASSIGNED_CONTEXT ( ( #5947 ) ) GLOBAL_UNIT_ASSIGNED_CONTEXT ( ( #1600, #1639, #2108 ) ) REPRESENTATION_CONTEXT ( 'NONE', 'WORKASPACE' ) );
#85 = VERTEX_POINT ( 'NONE', #983 ) ;
#86 = CARTESIAN_POINT ( 'NONE',  ( -0.3809999999999941767, 7.239000000000000767, 0.3809999999999946207 ) ) ;
#87 = LINE ( 'NONE', #501, #4081 ) ;
#88 = VERTEX_POINT ( 'NONE', #3076 ) ;
#89 = DIRECTION ( 'NONE',  ( 0.000000000000000000, -1.000000000000000000, -2.548365665731588345E-16 ) ) ;
#90 = ORIENTED_EDGE ( 'NONE', *, *, #3179, .F. ) ;
#91 = DIRECTION ( 'NONE',  ( 0.000000000000000000, 0.000000000000000000, 1.000000000000000000 ) ) ;
#92 = VECTOR ( 'NONE', #1776, 1000.000000000000000 ) ;
#93 = LINE ( 'NONE', #4841, #1264 ) ;
#94 = ORIENTED_EDGE ( 'NONE', *, *, #3017, .T. ) ;
#95 = CARTESIAN_POINT ( 'NONE',  ( 11.43000000000000504, 2.177422008883992879E-16, -0.8890000000000013447 ) ) ;
#96 = CARTESIAN_POINT ( 'NONE',  ( 13.97000000000000419, 0.000000000000000000, 1.269999999999998908 ) ) ;
#97 = ORIENTED_EDGE ( 'NONE', *, *, #2515, .F. ) ;
#98 = CARTESIAN_POINT ( 'NONE',  ( -8.889999999999997016, 0.5080000000000000071, 0.7528818102449925664 ) ) ;
#99 = EDGE_CURVE ( 'NONE', #5642, #1664, #3110, .T. ) ;
#100 = DIRECTION ( 'NONE',  ( 0.000000000000000000, 0.9659258262890700886, -0.2588190451025140781 ) ) ;
#101 = LINE ( 'NONE', #4781, #4604 ) ;
#102 = LINE ( 'NONE', #5373, #1713 ) ;
#103 = EDGE_LOOP ( 'NONE', ( #1253, #3167, #3703, #5692 ) ) ;
#104 = CARTESIAN_POINT ( 'NONE',  ( 13.97000000000000419, 0.5080000000000002292, -0.7528818102449945648 ) ) ;
#105 = ADVANCED_FACE ( 'NONE', ( #1510 ), #5243, .T. ) ;
#106 = SURFACE_SIDE_STYLE ('',( #2 ) ) ;
#107 = DIRECTION ( 'NONE',  ( 0.000000000000000000, 0.2588190451025145222, -0.9659258262890699775 ) ) ;
#108 = CARTESIAN_POINT ( 'NONE',  ( 14.22399999999999842, 8.509000000000000341, -1.270000000000001128 ) ) ;
#109 = ORIENTED_EDGE ( 'NONE', *, *, #5197, .T. ) ;
#110 = DIRECTION ( 'NONE',  ( 1.000000000000000000, 0.000000000000000000, 0.000000000000000000 ) ) ;
#111 = EDGE_CURVE ( 'NONE', #4276, #1021, #2514, .T. ) ;
#112 = ORIENTED_EDGE ( 'NONE', *, *, #2718, .F. ) ;
#113 = CARTESIAN_POINT ( 'NONE',  ( -6.349999999999996980, 0.5080000000000002292, -0.7528818102449945648 ) ) ;
#114 = ORIENTED_EDGE ( 'NONE', *, *, #4207, .F. ) ;
#115 = VECTOR ( 'NONE', #5180, 1000.000000000000000 ) ;
#116 = CARTESIAN_POINT ( 'NONE',  ( 1.270000000000003793, 8.509000000000000341, -0.8255000000000052296 ) ) ;
#117 = CARTESIAN_POINT ( 'NONE',  ( -1.269999999999996909, 8.509000000000000341, -1.270000000000001128 ) ) ;
#118 = ORIENTED_EDGE ( 'NONE', *, *, #66, .F. ) ;
#119 = DIRECTION ( 'NONE',  ( 0.000000000000000000, 2.449293598294710852E-16, -1.000000000000000000 ) ) ;
#120 = ORIENTED_EDGE ( 'NONE', *, *, #3618, .F. ) ;
#121 = PLANE ( 'NONE',  #2712 ) ;
#122 = ORIENTED_EDGE ( 'NONE', *, *, #5833, .F. ) ;
#123 = DIRECTION ( 'NONE',  ( 0.7071067811865475727, -0.7071067811865475727, 0.000000000000000000 ) ) ;
#124 = CARTESIAN_POINT ( 'NONE',  ( -11.42999999999999794, 2.177422008883992879E-16, -0.8890000000000013447 ) ) ;
#125 = ORIENTED_EDGE ( 'NONE', *, *, #3724, .F. ) ;
#126 = AXIS2_PLACEMENT_3D ( 'NONE', #2902, #6742, #4015 ) ;
#127 = DIRECTION ( 'NONE',  ( 0.000000000000000000, 1.000000000000000000, 1.733406087350420004E-16 ) ) ;
#128 = PLANE ( 'NONE',  #3113 ) ;
#129 = AXIS2_PLACEMENT_3D ( 'NONE', #465, #91, #6480 ) ;
#130 = EDGE_CURVE ( 'NONE', #817, #5322, #2087, .T. ) ;
#131 = DIRECTION ( 'NONE',  ( 0.000000000000000000, 0.000000000000000000, -1.000000000000000000 ) ) ;
#132 = DIRECTION ( 'NONE',  ( -1.000000000000000000, -0.000000000000000000, -0.000000000000000000 ) ) ;
#133 = ORIENTED_EDGE ( 'NONE', *, *, #1126, .T. ) ;
#134 = FACE_OUTER_BOUND ( 'NONE', #6756, .T. ) ;
#135 = CARTESIAN_POINT ( 'NONE',  ( 11.87450000000000649, 8.509000000000000341, -0.8255000000000052296 ) ) ;
#136 = VERTEX_POINT ( 'NONE', #6308 ) ;
#137 = AXIS2_PLACEMENT_3D ( 'NONE', #3351, #83, #146 ) ;
#138 = CARTESIAN_POINT ( 'NONE',  ( -3.809999999999997389, -1.925929944387235853E-31, 0.8889999999999991243 ) ) ;
#139 = AXIS2_PLACEMENT_3D ( 'NONE', #3066, #5200, #6254 ) ;
#140 = CARTESIAN_POINT ( 'NONE',  ( -7.238999999999996326, 7.239000000000000767, 0.3809999999999946207 ) ) ;
#141 = ORIENTED_EDGE ( 'NONE', *, *, #5406, .T. ) ;
#142 = DIRECTION ( 'NONE',  ( -1.000000000000000000, -0.000000000000000000, -0.000000000000000000 ) ) ;
#143 = ORIENTED_EDGE ( 'NONE', *, *, #6718, .F. ) ;
#144 = EDGE_CURVE ( 'NONE', #3921, #3099, #5702, .T. ) ;
#145 = AXIS2_PLACEMENT_3D ( 'NONE', #6837, #5657, #868 ) ;
#146 = DIRECTION ( 'NONE',  ( 0.000000000000000000, 0.000000000000000000, -1.000000000000000000 ) ) ;
#147 = EDGE_CURVE ( 'NONE', #4058, #4775, #4127, .T. ) ;
#148 = UNCERTAINTY_MEASURE_WITH_UNIT (LENGTH_MEASURE( 1.000000000000000082E-05 ), #4167, 'distance_accuracy_value', 'NONE');
#149 = EDGE_LOOP ( 'NONE', ( #4747, #2332, #6822, #2731 ) ) ;
#150 = LINE ( 'NONE', #2766, #6436 ) ;
#151 =( NAMED_UNIT ( * ) SI_UNIT ( $, .STERADIAN. ) SOLID_ANGLE_UNIT ( ) );
#152 = ORIENTED_EDGE ( 'NONE', *, *, #2139, .T. ) ;
#153 = DIRECTION ( 'NONE',  ( -0.000000000000000000, 0.000000000000000000, 1.000000000000000000 ) ) ;
#154 = VECTOR ( 'NONE', #5041, 1000.000000000000000 ) ;
#155 = ORIENTED_EDGE ( 'NONE', *, *, #1874, .T. ) ;
#156 = EDGE_CURVE ( 'NONE', #3777, #2433, #5319, .T. ) ;
#157 = VECTOR ( 'NONE', #3718, 1000.000000000000000 ) ;
#158 = CARTESIAN_POINT ( 'NONE',  ( -9.334499999999994913, 8.509000000000000341, -0.8255000000000052296 ) ) ;
#159 = ORIENTED_EDGE ( 'NONE', *, *, #4074, .T. ) ;
#160 = DIRECTION ( 'NONE',  ( -0.000000000000000000, 1.000000000000000000, 2.449293598294710852E-16 ) ) ;
#161 = LINE ( 'NONE', #2377, #1393 ) ;
#162 = ORIENTED_EDGE ( 'NONE', *, *, #6744, .T. ) ;
#163 = EDGE_LOOP ( 'NONE', ( #2375, #561, #5712, #5829 ) ) ;
#164 = CARTESIAN_POINT ( 'NONE',  ( -8.000999999999994117, 8.064500000000000668, 0.3809999999999946207 ) ) ;
#165 = EDGE_CURVE ( 'NONE', #719, #1336, #4160, .T. ) ;
#166 = EDGE_CURVE ( 'NONE', #2589, #6237, #2659, .T. ) ;
#167 = DIRECTION ( 'NONE',  ( 0.000000000000000000, -1.440069553722777130E-16, 1.000000000000000000 ) ) ;
#168 = VECTOR ( 'NONE', #4975, 1000.000000000000000 ) ;
#169 = LINE ( 'NONE', #4004, #828 ) ;
#170 = ORIENTED_EDGE ( 'NONE', *, *, #2019, .F. ) ;
#171 = FACE_OUTER_BOUND ( 'NONE', #1844, .T. ) ;
#172 = PLANE ( 'NONE',  #1622 ) ;
#173 = AXIS2_PLACEMENT_3D ( 'NONE', #6465, #4854, #1112 ) ;
#174 = CARTESIAN_POINT ( 'NONE',  ( 12.31900000000000617, 7.239000000000000767, 0.3809999999999946207 ) ) ;
#175 = CARTESIAN_POINT ( 'NONE',  ( 0.3810000000000000053, -2.692399999999995686, 0.2032000000000002693 ) ) ;
#176 = VECTOR ( 'NONE', #5691, 1000.000000000000000 ) ;
#177 = CARTESIAN_POINT ( 'NONE',  ( -10.54099999999999504, 8.064500000000000668, 0.3809999999999946207 ) ) ;
#178 = DIRECTION ( 'NONE',  ( 0.000000000000000000, 1.440069553722777130E-16, -1.000000000000000000 ) ) ;
#179 = ORIENTED_EDGE ( 'NONE', *, *, #411, .T. ) ;
#180 = CARTESIAN_POINT ( 'NONE',  ( 0.3810000000000046128, 7.239000000000000767, -0.3810000000000041687 ) ) ;
#181 = ORIENTED_EDGE ( 'NONE', *, *, #5574, .T. ) ;
#182 = ADVANCED_FACE ( 'NONE', ( #3589 ), #9, .F. ) ;
#183 = VECTOR ( 'NONE', #5143, 1000.000000000000000 ) ;
#184 = FACE_OUTER_BOUND ( 'NONE', #1558, .T. ) ;
#185 = ORIENTED_EDGE ( 'NONE', *, *, #4922, .T. ) ;
#186 = DIRECTION ( 'NONE',  ( 0.000000000000000000, -1.733406087350420004E-16, 1.000000000000000000 ) ) ;
#187 = PRODUCT_DEFINITION_SHAPE ( 'NONE', 'NONE',  #3258 ) ;
#188 = ORIENTED_EDGE ( 'NONE', *, *, #410, .F. ) ;
#189 = PLANE ( 'NONE',  #2075 ) ;
#190 = VECTOR ( 'NONE', #210, 1000.000000000000000 ) ;
#191 = VECTOR ( 'NONE', #4964, 1000.000000000000000 ) ;
#192 = ORIENTED_EDGE ( 'NONE', *, *, #5625, .T. ) ;
#193 = EDGE_CURVE ( 'NONE', #5839, #3614, #912, .T. ) ;
#194 = CARTESIAN_POINT ( 'NONE',  ( -8.000999999999994117, 7.239000000000000767, 0.3809999999999946207 ) ) ;
#195 = ORIENTED_EDGE ( 'NONE', *, *, #3129, .F. ) ;
#196 = EDGE_CURVE ( 'NONE', #1958, #262, #1016, .T. ) ;
#197 = CARTESIAN_POINT ( 'NONE',  ( 11.43000000000000504, 2.177422008883992879E-16, -0.8890000000000013447 ) ) ;
#198 = CARTESIAN_POINT ( 'NONE',  ( 10.54100000000000570, 8.064500000000000668, -0.3810000000000040021 ) ) ;
#199 = ORIENTED_EDGE ( 'NONE', *, *, #6178, .F. ) ;
#200 = ORIENTED_EDGE ( 'NONE', *, *, #4805, .F. ) ;
#201 = CARTESIAN_POINT ( 'NONE',  ( 9.779000000000007020, 8.064500000000000668, 0.3809999999999947873 ) ) ;
#202 = VECTOR ( 'NONE', #2254, 1000.000000000000000 ) ;
#203 = LINE ( 'NONE', #1793, #1036 ) ;
#204 = EDGE_CURVE ( 'NONE', #2969, #2704, #4763, .T. ) ;
#205 = DIRECTION ( 'NONE',  ( -1.000000000000000000, 0.000000000000000000, 0.000000000000000000 ) ) ;
#206 = ORIENTED_EDGE ( 'NONE', *, *, #1214, .T. ) ;
#207 = FACE_OUTER_BOUND ( 'NONE', #6391, .T. ) ;
#208 = LINE ( 'NONE', #2427, #389 ) ;
#209 = PLANE ( 'NONE',  #4159 ) ;
#210 = DIRECTION ( 'NONE',  ( 0.5773502691896253980, 0.5773502691896253980, -0.5773502691896266192 ) ) ;
#211 = DIRECTION ( 'NONE',  ( -0.000000000000000000, 0.000000000000000000, 1.000000000000000000 ) ) ;
#212 = EDGE_LOOP ( 'NONE', ( #253, #4792, #2264, #2949 ) ) ;
#213 = LINE ( 'NONE', #316, #4210 ) ;
#214 = FACE_OUTER_BOUND ( 'NONE', #2172, .T. ) ;
#215 = DIRECTION ( 'NONE',  ( 0.000000000000000000, 0.000000000000000000, -1.000000000000000000 ) ) ;
#216 = ADVANCED_FACE ( 'NONE', ( #5173 ), #1576, .F. ) ;
#217 = EDGE_LOOP ( 'NONE', ( #4495, #4264, #2877, #224 ) ) ;
#218 = PLANE ( 'NONE',  #1518 ) ;
#219 = DIRECTION ( 'NONE',  ( 0.000000000000000000, -1.000000000000000000, -1.733406087350420004E-16 ) ) ;
#220 = ORIENTED_EDGE ( 'NONE', *, *, #2037, .T. ) ;
#221 = FACE_OUTER_BOUND ( 'NONE', #4487, .T. ) ;
#222 = ORIENTED_EDGE ( 'NONE', *, *, #4278, .F. ) ;
#223 = DIRECTION ( 'NONE',  ( 0.000000000000000000, -0.9659258262890700886, 0.2588190451025140781 ) ) ;
#224 = ORIENTED_EDGE ( 'NONE', *, *, #2180, .T. ) ;
#225 = CARTESIAN_POINT ( 'NONE',  ( -10.54099999999999504, 7.239000000000000767, -0.3810000000000041687 ) ) ;
#226 = CARTESIAN_POINT ( 'NONE',  ( 1.270000000000003793, 3.110602869834277161E-16, -1.270000000000001128 ) ) ;
#227 = EDGE_LOOP ( 'NONE', ( #109, #1187, #5528, #4030 ) ) ;
#228 = EDGE_LOOP ( 'NONE', ( #3421, #8, #1109, #1660 ) ) ;
#229 = PLANE ( 'NONE',  #4687 ) ;
#230 = EDGE_CURVE ( 'NONE', #4682, #5914, #1120, .T. ) ;
#231 = DIRECTION ( 'NONE',  ( 0.000000000000000000, 2.449293598294710852E-16, -1.000000000000000000 ) ) ;
#232 = DIRECTION ( 'NONE',  ( -0.000000000000000000, 1.000000000000000000, 2.449293598294710852E-16 ) ) ;
#233 = ORIENTED_EDGE ( 'NONE', *, *, #2992, .T. ) ;
#234 = CARTESIAN_POINT ( 'NONE',  ( -5.460999999999994969, 7.239000000000000767, 0.3809999999999946207 ) ) ;
#235 = CARTESIAN_POINT ( 'NONE',  ( -8.889999999999997016, 8.509000000000000341, -1.270000000000001128 ) ) ;
#236 = PRODUCT_DEFINITION_SHAPE ( 'NONE', 'NONE',  #6907 ) ;
#237 =( NAMED_UNIT ( * ) SI_UNIT ( $, .STERADIAN. ) SOLID_ANGLE_UNIT ( ) );
#238 = EDGE_CURVE ( 'NONE', #4934, #1544, #565, .T. ) ;
#239 = DIRECTION ( 'NONE',  ( 0.000000000000000000, 5.054934237236841843E-31, 1.000000000000000000 ) ) ;
#240 = FACE_OUTER_BOUND ( 'NONE', #5179, .T. ) ;
#241 = LINE ( 'NONE', #4504, #3635 ) ;
#242 = ORIENTED_EDGE ( 'NONE', *, *, #666, .T. ) ;
#243 = LINE ( 'NONE', #3452, #975 ) ;
#244 = FACE_OUTER_BOUND ( 'NONE', #774, .T. ) ;
#245 = CLOSED_SHELL ( 'NONE', ( #5660, #6596, #1486, #1831, #1151, #637, #6809, #105 ) ) ;
#246 = CARTESIAN_POINT ( 'NONE',  ( -5.079999999999995630, 0.000000000000000000, 0.000000000000000000 ) ) ;
#247 = ADVANCED_FACE ( 'NONE', ( #1682 ), #3772, .F. ) ;
#248 = CARTESIAN_POINT ( 'NONE',  ( -4.698999999999996291, 8.064500000000000668, 0.3809999999999947873 ) ) ;
#249 = VECTOR ( 'NONE', #3985, 1000.000000000000000 ) ;
#250 = ORIENTED_EDGE ( 'NONE', *, *, #6603, .T. ) ;
#251 = DIRECTION ( 'NONE',  ( -1.000000000000000000, 0.000000000000000000, 0.000000000000000000 ) ) ;
#252 = CARTESIAN_POINT ( 'NONE',  ( -4.952999999999995850, 7.810500000000000220, -0.1270000000000037488 ) ) ;
#253 = ORIENTED_EDGE ( 'NONE', *, *, #3878, .T. ) ;
#254 = PLANE ( 'NONE',  #4438 ) ;
#255 = ORIENTED_EDGE ( 'NONE', *, *, #5226, .T. ) ;
#256 = VECTOR ( 'NONE', #4672, 1000.000000000000000 ) ;
#257 = CARTESIAN_POINT ( 'NONE',  ( 7.747000000000005215, 7.810500000000001108, 0.1269999999999949503 ) ) ;
#258 = ORIENTED_EDGE ( 'NONE', *, *, #574, .T. ) ;
#259 = DIRECTION ( 'NONE',  ( 0.000000000000000000, -1.440069553722777130E-16, 1.000000000000000000 ) ) ;
#260 = AXIS2_PLACEMENT_3D ( 'NONE', #4726, #2055, #6339 ) ;
#261 = CARTESIAN_POINT ( 'NONE',  ( 3.810000000000002718, -1.925929944387235853E-31, 0.8889999999999991243 ) ) ;
#262 = VERTEX_POINT ( 'NONE', #3879 ) ;
#263 = ORIENTED_EDGE ( 'NONE', *, *, #1040, .F. ) ;
#264 = FACE_OUTER_BOUND ( 'NONE', #656, .T. ) ;
#265 = EDGE_CURVE ( 'NONE', #376, #3380, #1193, .T. ) ;
#266 = VECTOR ( 'NONE', #4668, 1000.000000000000000 ) ;
#267 = VECTOR ( 'NONE', #998, 1000.000000000000000 ) ;
#268 = CARTESIAN_POINT ( 'NONE',  ( 11.43000000000000504, 3.110602869834277161E-16, -1.270000000000001128 ) ) ;
#269 = FACE_OUTER_BOUND ( 'NONE', #1573, .T. ) ;
#270 = VERTEX_POINT ( 'NONE', #113 ) ;
#271 = CARTESIAN_POINT ( 'NONE',  ( 9.334500000000005571, 8.509000000000000341, -0.8255000000000052296 ) ) ;
#272 = DIRECTION ( 'NONE',  ( 0.000000000000000000, 0.000000000000000000, 1.000000000000000000 ) ) ;
#273 = EDGE_CURVE ( 'NONE', #2695, #3350, #600, .T. ) ;
#274 = DIRECTION ( 'NONE',  ( -0.000000000000000000, 1.000000000000000000, 1.440069553722777130E-16 ) ) ;
#275 = CARTESIAN_POINT ( 'NONE',  ( -14.22399999999999842, 2.177422008883992879E-16, -0.8890000000000013447 ) ) ;
#276 = ADVANCED_FACE ( 'NONE', ( #6407 ), #6012, .T. ) ;
#277 = VECTOR ( 'NONE', #3653, 1000.000000000000000 ) ;
#278 = LINE ( 'NONE', #2865, #190 ) ;
#279 = LINE ( 'NONE', #1324, #1287 ) ;
#280 = ORIENTED_EDGE ( 'NONE', *, *, #591, .F. ) ;
#281 = CARTESIAN_POINT ( 'NONE',  ( 6.350000000000003197, 8.509000000000000341, -1.270000000000001128 ) ) ;
#282 = DIRECTION ( 'NONE',  ( 0.000000000000000000, -1.000000000000000000, -1.733406087350420004E-16 ) ) ;
#283 = DIRECTION ( 'NONE',  ( 1.000000000000000000, 0.000000000000000000, 0.000000000000000000 ) ) ;
#284 = EDGE_CURVE ( 'NONE', #6185, #6791, #4307, .T. ) ;
#285 = VECTOR ( 'NONE', #4737, 1000.000000000000000 ) ;
#286 = EDGE_CURVE ( 'NONE', #6469, #790, #1225, .T. ) ;
#287 = DIRECTION ( 'NONE',  ( 0.000000000000000000, 5.054934237236841843E-31, 1.000000000000000000 ) ) ;
#288 = CARTESIAN_POINT ( 'NONE',  ( 1.270000000000002016, 0.000000000000000000, 1.269999999999998908 ) ) ;
#289 = ORIENTED_EDGE ( 'NONE', *, *, #2833, .T. ) ;
#290 = CARTESIAN_POINT ( 'NONE',  ( 8.890000000000004121, 8.509000000000000341, -0.8255000000000052296 ) ) ;
#291 = EDGE_LOOP ( 'NONE', ( #2307, #4404, #3930, #2621 ) ) ;
#292 = VECTOR ( 'NONE', #2519, 1000.000000000000114 ) ;
#293 = ADVANCED_FACE ( 'NONE', ( #6444 ), #4896, .F. ) ;
#294 = FACE_OUTER_BOUND ( 'NONE', #6295, .T. ) ;
#295 = VECTOR ( 'NONE', #3613, 1000.000000000000000 ) ;
#296 = VERTEX_POINT ( 'NONE', #1156 ) ;
#297 = PLANE ( 'NONE',  #3964 ) ;
#298 = VECTOR ( 'NONE', #3738, 1000.000000000000000 ) ;
#299 = CARTESIAN_POINT ( 'NONE',  ( -8.889999999999997016, 8.509000000000000341, -1.270000000000001128 ) ) ;
#300 = VERTEX_POINT ( 'NONE', #5351 ) ;
#301 = EDGE_LOOP ( 'NONE', ( #3037, #378, #907, #3905 ) ) ;
#302 = FILL_AREA_STYLE_COLOUR ( '', #6252 ) ;
#303 =( GEOMETRIC_REPRESENTATION_CONTEXT ( 3 ) GLOBAL_UNCERTAINTY_ASSIGNED_CONTEXT ( ( #641 ) ) GLOBAL_UNIT_ASSIGNED_CONTEXT ( ( #3240, #5375, #4817 ) ) REPRESENTATION_CONTEXT ( 'NONE', 'WORKASPACE' ) );
#304 = VECTOR ( 'NONE', #3583, 1000.000000000000000 ) ;
#305 = DIRECTION ( 'NONE',  ( -0.5773502691896253980, 0.5773502691896253980, -0.5773502691896266192 ) ) ;
#306 = PLANE ( 'NONE',  #5626 ) ;
#307 = EDGE_CURVE ( 'NONE', #362, #3748, #46, .T. ) ;
#308 = ORIENTED_EDGE ( 'NONE', *, *, #2146, .T. ) ;
#309 = VECTOR ( 'NONE', #562, 1000.000000000000000 ) ;
#310 = PLANE ( 'NONE',  #6214 ) ;
#311 = DIRECTION ( 'NONE',  ( -1.000000000000000000, -0.000000000000000000, -0.000000000000000000 ) ) ;
#312 = LINE ( 'NONE', #6071, #1148 ) ;
#313 = DIRECTION ( 'NONE',  ( -1.000000000000000000, -0.000000000000000000, -0.000000000000000000 ) ) ;
#314 = DIRECTION ( 'NONE',  ( 0.000000000000000000, -5.054934237236841843E-31, -1.000000000000000000 ) ) ;
#315 = ORIENTED_EDGE ( 'NONE', *, *, #2966, .T. ) ;
#316 = CARTESIAN_POINT ( 'NONE',  ( -3.809999999999997389, 8.509000000000000341, 1.270000000000001128 ) ) ;
#317 = DIRECTION ( 'NONE',  ( 1.000000000000000000, 0.000000000000000000, 0.000000000000000000 ) ) ;
#318 = EDGE_CURVE ( 'NONE', #4027, #1343, #2689, .T. ) ;
#319 = DIRECTION ( 'NONE',  ( -0.000000000000000000, 1.000000000000000000, 1.733406087350420004E-16 ) ) ;
#320 = FACE_OUTER_BOUND ( 'NONE', #3837, .T. ) ;
#321 = ADVANCED_FACE ( 'NONE', ( #184 ), #4268, .F. ) ;
#322 = LINE ( 'NONE', #4580, #4319 ) ;
#323 = ORIENTED_EDGE ( 'NONE', *, *, #273, .F. ) ;
#324 = PLANE ( 'NONE',  #3646 ) ;
#325 = ORIENTED_EDGE ( 'NONE', *, *, #3572, .F. ) ;
#326 = DIRECTION ( 'NONE',  ( 0.000000000000000000, -1.440069553722777130E-16, 1.000000000000000000 ) ) ;
#327 = ORIENTED_EDGE ( 'NONE', *, *, #2870, .T. ) ;
#328 = CARTESIAN_POINT ( 'NONE',  ( 2.159000000000004693, 8.064500000000000668, 0.3809999999999946207 ) ) ;
#329 = ORIENTED_EDGE ( 'NONE', *, *, #1813, .F. ) ;
#330 = ORIENTED_EDGE ( 'NONE', *, *, #4048, .F. ) ;
#331 = VECTOR ( 'NONE', #4881, 1000.000000000000000 ) ;
#332 = LINE ( 'NONE', #3565, #4837 ) ;
#333 = ORIENTED_EDGE ( 'NONE', *, *, #1214, .F. ) ;
#334 = FACE_OUTER_BOUND ( 'NONE', #5045, .T. ) ;
#335 = ORIENTED_EDGE ( 'NONE', *, *, #1192, .T. ) ;
#336 = AXIS2_PLACEMENT_3D ( 'NONE', #436, #2989, #4033 ) ;
#337 = CARTESIAN_POINT ( 'NONE',  ( 3.810000000000002718, 0.5080000000000002292, -0.7528818102449945648 ) ) ;
#338 = ADVANCED_FACE ( 'NONE', ( #4829 ), #4929, .F. ) ;
#339 = DIRECTION ( 'NONE',  ( -1.000000000000000000, 0.000000000000000000, 0.000000000000000000 ) ) ;
#340 = DIRECTION ( 'NONE',  ( 0.000000000000000000, -2.449293598294710852E-16, 1.000000000000000000 ) ) ;
#341 = LINE ( 'NONE', #3275, #1303 ) ;
#342 = CARTESIAN_POINT ( 'NONE',  ( 14.22399999999999842, 8.509000000000000341, -1.270000000000001128 ) ) ;
#343 = ORIENTED_EDGE ( 'NONE', *, *, #3059, .T. ) ;
#344 = DIRECTION ( 'NONE',  ( -0.000000000000000000, 0.000000000000000000, 1.000000000000000000 ) ) ;
#345 = DIRECTION ( 'NONE',  ( 0.000000000000000000, 0.000000000000000000, 1.000000000000000000 ) ) ;
#346 = EDGE_CURVE ( 'NONE', #6016, #4476, #5880, .T. ) ;
#347 = FACE_OUTER_BOUND ( 'NONE', #5603, .T. ) ;
#348 = UNCERTAINTY_MEASURE_WITH_UNIT (LENGTH_MEASURE( 1.000000000000000082E-05 ), #2628, 'distance_accuracy_value', 'NONE');
#349 = DIRECTION ( 'NONE',  ( 0.000000000000000000, 1.440069553722777130E-16, -1.000000000000000000 ) ) ;
#350 = CARTESIAN_POINT ( 'NONE',  ( -14.22399999999999842, 2.177422008883992879E-16, -0.8890000000000013447 ) ) ;
#351 = ORIENTED_EDGE ( 'NONE', *, *, #833, .T. ) ;
#352 = CARTESIAN_POINT ( 'NONE',  ( -9.778999999999996362, 7.239000000000000767, -0.3810000000000041687 ) ) ;
#353 = ORIENTED_EDGE ( 'NONE', *, *, #2343, .T. ) ;
#354 = EDGE_CURVE ( 'NONE', #1547, #6791, #2193, .T. ) ;
#355 = AXIS2_PLACEMENT_3D ( 'NONE', #6605, #1223, #2361 ) ;
#356 = PLANE ( 'NONE',  #6625 ) ;
#357 = ORIENTED_EDGE ( 'NONE', *, *, #6581, .F. ) ;
#358 = FACE_OUTER_BOUND ( 'NONE', #1122, .T. ) ;
#359 = ORIENTED_EDGE ( 'NONE', *, *, #2541, .F. ) ;
#360 = EDGE_CURVE ( 'NONE', #4481, #790, #5496, .T. ) ;
#361 = VECTOR ( 'NONE', #3244, 1000.000000000000000 ) ;
#362 = VERTEX_POINT ( 'NONE', #1090 ) ;
#363 = DIRECTION ( 'NONE',  ( -1.000000000000000000, -0.000000000000000000, -0.000000000000000000 ) ) ;
#364 = AXIS2_PLACEMENT_3D ( 'NONE', #2177, #5899, #1635 ) ;
#365 = LINE ( 'NONE', #3537, #6276 ) ;
#366 = VERTEX_POINT ( 'NONE', #4510 ) ;
#367 = DIRECTION ( 'NONE',  ( -1.000000000000000000, 0.000000000000000000, 0.000000000000000000 ) ) ;
#368 = VERTEX_POINT ( 'NONE', #6608 ) ;
#369 = CARTESIAN_POINT ( 'NONE',  ( 3.810000000000002718, -1.925929944387235853E-31, 0.8889999999999991243 ) ) ;
#370 = VECTOR ( 'NONE', #1663, 1000.000000000000000 ) ;
#371 = ADVANCED_FACE ( 'NONE', ( #5529 ), #811, .F. ) ;
#372 = VECTOR ( 'NONE', #475, 1000.000000000000000 ) ;
#373 = DIRECTION ( 'NONE',  ( 0.000000000000000000, 2.548365665731588345E-16, -1.000000000000000000 ) ) ;
#374 = VECTOR ( 'NONE', #3791, 1000.000000000000000 ) ;
#375 = LINE ( 'NONE', #445, #2831 ) ;
#376 = VERTEX_POINT ( 'NONE', #1811 ) ;
#377 = LINE ( 'NONE', #1389, #6443 ) ;
#378 = ORIENTED_EDGE ( 'NONE', *, *, #156, .F. ) ;
#379 = PLANE ( 'NONE',  #2269 ) ;
#380 = ITEM_DEFINED_TRANSFORMATION ( 'NONE', 'NONE', #4031,  #5362 ) ;
#381 = DIRECTION ( 'NONE',  ( 1.000000000000000000, 0.000000000000000000, 0.000000000000000000 ) ) ;
#382 = AXIS2_PLACEMENT_3D ( 'NONE', #235, #1282, #832 ) ;
#383 = CARTESIAN_POINT ( 'NONE',  ( 8.001000000000004775, 8.064500000000000668, 0.3809999999999946207 ) ) ;
#384 = LINE ( 'NONE', #2976, #966 ) ;
#385 = EDGE_CURVE ( 'NONE', #2908, #4825, #778, .T. ) ;
#386 = ORIENTED_EDGE ( 'NONE', *, *, #3878, .F. ) ;
#387 = LINE ( 'NONE', #945, #763 ) ;
#388 = EDGE_LOOP ( 'NONE', ( #1095, #4216, #3752, #3084 ) ) ;
#389 = VECTOR ( 'NONE', #1320, 1000.000000000000000 ) ;
#390 = CARTESIAN_POINT ( 'NONE',  ( 6.350000000000003197, 8.509000000000000341, 0.8254999999999963478 ) ) ;
#391 = PLANE ( 'NONE',  #1601 ) ;
#392 = EDGE_LOOP ( 'NONE', ( #3877, #4182, #4236, #3928, #3534, #528, #5782, #5645 ) ) ;
#393 = LINE ( 'NONE', #6896, #292 ) ;
#394 = SURFACE_SIDE_STYLE ('',( #3595 ) ) ;
#395 = VERTEX_POINT ( 'NONE', #6149 ) ;
#396 = AXIS2_PLACEMENT_3D ( 'NONE', #4941, #123, #60 ) ;
#397 = ORIENTED_EDGE ( 'NONE', *, *, #4421, .T. ) ;
#398 = CARTESIAN_POINT ( 'NONE',  ( -1.269999999999996909, 2.177422008883992879E-16, -0.8890000000000013447 ) ) ;
#399 = EDGE_CURVE ( 'NONE', #900, #2433, #6043, .T. ) ;
#400 = VECTOR ( 'NONE', #12, 1000.000000000000000 ) ;
#401 = DIRECTION ( 'NONE',  ( -0.000000000000000000, 0.000000000000000000, 1.000000000000000000 ) ) ;
#402 = ORIENTED_EDGE ( 'NONE', *, *, #535, .T. ) ;
#403 = LINE ( 'NONE', #3643, #1732 ) ;
#404 = CARTESIAN_POINT ( 'NONE',  ( -0.3809999999999941767, 8.064500000000000668, -0.3810000000000040021 ) ) ;
#405 = VERTEX_POINT ( 'NONE', #5667 ) ;
#406 = EDGE_CURVE ( 'NONE', #3786, #900, #5105, .T. ) ;
#407 = CARTESIAN_POINT ( 'NONE',  ( 11.43000000000000504, 8.509000000000000341, 0.8254999999999963478 ) ) ;
#408 = COLOUR_RGB ( '',0.2509803921568627416, 0.2509803921568627416, 0.2509803921568627416 ) ;
#409 = VECTOR ( 'NONE', #5382, 999.9999999999998863 ) ;
#410 = EDGE_CURVE ( 'NONE', #4390, #4907, #5597, .T. ) ;
#411 = EDGE_CURVE ( 'NONE', #3196, #5764, #6080, .T. ) ;
#412 = DIRECTION ( 'NONE',  ( -1.000000000000000000, -0.000000000000000000, -0.000000000000000000 ) ) ;
#413 = STYLED_ITEM ( 'NONE', ( #3830 ), #5071 ) ;
#414 = DIRECTION ( 'NONE',  ( -0.000000000000000000, 1.000000000000000000, 1.733406087350420004E-16 ) ) ;
#415 = ORIENTED_EDGE ( 'NONE', *, *, #4589, .F. ) ;
#416 = CARTESIAN_POINT ( 'NONE',  ( -8.889999999999997016, -1.925929944387235853E-31, 0.8889999999999991243 ) ) ;
#417 = EDGE_CURVE ( 'NONE', #6681, #6086, #4996, .T. ) ;
#418 = ORIENTED_EDGE ( 'NONE', *, *, #6116, .T. ) ;
#419 = FACE_OUTER_BOUND ( 'NONE', #1444, .T. ) ;
#420 = AXIS2_PLACEMENT_3D ( 'NONE', #492, #4232, #5734 ) ;
#421 = CARTESIAN_POINT ( 'NONE',  ( -2.920999999999994934, 8.064500000000000668, -0.3810000000000040021 ) ) ;
#422 = CARTESIAN_POINT ( 'NONE',  ( -14.22399999999999842, 0.5080000000000002292, -0.7528818102449945648 ) ) ;
#423 = CARTESIAN_POINT ( 'NONE',  ( -3.809999999999997389, 0.000000000000000000, 0.000000000000000000 ) ) ;
#424 = VERTEX_POINT ( 'NONE', #1330 ) ;
#425 = LINE ( 'NONE', #3176, #4095 ) ;
#426 = ORIENTED_EDGE ( 'NONE', *, *, #6805, .T. ) ;
#427 = ADVANCED_FACE ( 'NONE', ( #1296 ), #5566, .F. ) ;
#428 = CARTESIAN_POINT ( 'NONE',  ( -3.809999999999997389, 3.110602869834277161E-16, -1.270000000000001128 ) ) ;
#429 = CARTESIAN_POINT ( 'NONE',  ( 22.86000000000000298, 7.239000000000000767, -2.201425730935033664E-16 ) ) ;
#430 = ORIENTED_EDGE ( 'NONE', *, *, #3907, .F. ) ;
#431 = CARTESIAN_POINT ( 'NONE',  ( 3.810000000000002718, 2.177422008883992879E-16, -0.8890000000000013447 ) ) ;
#432 = CARTESIAN_POINT ( 'NONE',  ( 13.96999999999999886, -1.925929944387235853E-31, 0.8889999999999991243 ) ) ;
#433 = ORIENTED_EDGE ( 'NONE', *, *, #5459, .F. ) ;
#434 = LINE ( 'NONE', #2198, #3868 ) ;
#435 = ORIENTED_EDGE ( 'NONE', *, *, #6751, .F. ) ;
#436 = CARTESIAN_POINT ( 'NONE',  ( -11.42999999999999794, 2.177422008883992879E-16, -0.8890000000000013447 ) ) ;
#437 = DIRECTION ( 'NONE',  ( 0.000000000000000000, 0.9659258262890700886, -0.2588190451025140781 ) ) ;
#438 = ORIENTED_EDGE ( 'NONE', *, *, #2735, .T. ) ;
#439 = CARTESIAN_POINT ( 'NONE',  ( -6.349999999999997868, 0.5080000000000002292, -0.7528818102449945648 ) ) ;
#440 = CARTESIAN_POINT ( 'NONE',  ( 9.779000000000007020, 7.239000000000000767, -0.3810000000000041687 ) ) ;
#441 = ORIENTED_EDGE ( 'NONE', *, *, #2211, .T. ) ;
#442 = LINE ( 'NONE', #4109, #3612 ) ;
#443 = EDGE_CURVE ( 'NONE', #6257, #2589, #5029, .T. ) ;
#444 = CARTESIAN_POINT ( 'NONE',  ( 1.270000000000003793, 8.509000000000000341, -1.270000000000001128 ) ) ;
#445 = CARTESIAN_POINT ( 'NONE',  ( -3.809999999999997389, 8.509000000000000341, -1.270000000000001128 ) ) ;
#446 = VERTEX_POINT ( 'NONE', #248 ) ;
#447 = CARTESIAN_POINT ( 'NONE',  ( -3.809999999999997389, 3.110602869834277161E-16, -1.270000000000001128 ) ) ;
#448 = VERTEX_POINT ( 'NONE', #3002 ) ;
#449 = LINE ( 'NONE', #6285, #2499 ) ;
#450 = EDGE_CURVE ( 'NONE', #708, #3507, #2364, .T. ) ;
#451 = DIRECTION ( 'NONE',  ( -0.000000000000000000, 0.2588190451025140781, 0.9659258262890700886 ) ) ;
#452 = CARTESIAN_POINT ( 'NONE',  ( 8.890000000000004121, 2.177422008883992879E-16, -0.8890000000000013447 ) ) ;
#453 = DIRECTION ( 'NONE',  ( 0.000000000000000000, -1.000000000000000000, -2.548365665731588345E-16 ) ) ;
#454 = EDGE_LOOP ( 'NONE', ( #206, #2013, #5172, #2125 ) ) ;
#455 = FACE_OUTER_BOUND ( 'NONE', #5636, .T. ) ;
#456 = ORIENTED_EDGE ( 'NONE', *, *, #6389, .F. ) ;
#457 = MANIFOLD_SOLID_BREP ( 'Chamfer1', #245 ) ;
#458 = DIRECTION ( 'NONE',  ( 0.000000000000000000, 1.440069553722777130E-16, -1.000000000000000000 ) ) ;
#459 = DIRECTION ( 'NONE',  ( 0.000000000000000000, 1.000000000000000000, 2.548365665731588345E-16 ) ) ;
#460 = VERTEX_POINT ( 'NONE', #1778 ) ;
#461 = DIRECTION ( 'NONE',  ( 1.000000000000000000, 0.000000000000000000, 0.000000000000000000 ) ) ;
#462 =( NAMED_UNIT ( * ) PLANE_ANGLE_UNIT ( ) SI_UNIT ( $, .RADIAN. ) );
#463 = VERTEX_POINT ( 'NONE', #3910 ) ;
#464 = ORIENTED_EDGE ( 'NONE', *, *, #2841, .F. ) ;
#465 = CARTESIAN_POINT ( 'NONE',  ( -12.69999999999999574, 0.000000000000000000, 0.000000000000000000 ) ) ;
#466 = VECTOR ( 'NONE', #2549, 1000.000000000000000 ) ;
#467 = CARTESIAN_POINT ( 'NONE',  ( -1.269999999999996909, 0.000000000000000000, 1.269999999999998908 ) ) ;
#468 = ORIENTED_EDGE ( 'NONE', *, *, #5843, .T. ) ;
#469 = DIRECTION ( 'NONE',  ( 0.000000000000000000, 1.000000000000000000, 0.000000000000000000 ) ) ;
#470 = VECTOR ( 'NONE', #6810, 1000.000000000000114 ) ;
#471 = DIRECTION ( 'NONE',  ( -1.000000000000000000, 0.000000000000000000, 0.000000000000000000 ) ) ;
#472 = ORIENTED_EDGE ( 'NONE', *, *, #2921, .T. ) ;
#473 = FACE_OUTER_BOUND ( 'NONE', #4835, .T. ) ;
#474 = EDGE_CURVE ( 'NONE', #2194, #4775, #1257, .T. ) ;
#475 = DIRECTION ( 'NONE',  ( 0.000000000000000000, 1.000000000000000000, 0.000000000000000000 ) ) ;
#476 = AXIS2_PLACEMENT_3D ( 'NONE', #1597, #3717, #5407 ) ;
#477 = CARTESIAN_POINT ( 'NONE',  ( 1.270000000000003793, 2.177422008883992879E-16, -0.8890000000000013447 ) ) ;
#478 = LINE ( 'NONE', #3098, #2036 ) ;
#479 = ORIENTED_EDGE ( 'NONE', *, *, #5452, .T. ) ;
#480 = DIRECTION ( 'NONE',  ( -1.000000000000000000, 0.000000000000000000, 0.000000000000000000 ) ) ;
#481 = AXIS2_PLACEMENT_3D ( 'NONE', #737, #4540, #340 ) ;
#482 = VERTEX_POINT ( 'NONE', #2542 ) ;
#483 = DIRECTION ( 'NONE',  ( 0.000000000000000000, -0.000000000000000000, 1.000000000000000000 ) ) ;
#484 = EDGE_CURVE ( 'NONE', #3675, #6526, #941, .T. ) ;
#485 = AXIS2_PLACEMENT_3D ( 'NONE', #6729, #6240, #367 ) ;
#486 = ADVANCED_FACE ( 'NONE', ( #904 ), #3619, .F. ) ;
#487 = PLANE ( 'NONE',  #3697 ) ;
#488 = EDGE_CURVE ( 'NONE', #2291, #680, #4679, .T. ) ;
#489 = CARTESIAN_POINT ( 'NONE',  ( 13.08100000000000662, 7.239000000000000767, 0.3809999999999946207 ) ) ;
#490 = PLANE ( 'NONE',  #2636 ) ;
#491 = ORIENTED_EDGE ( 'NONE', *, *, #2118, .F. ) ;
#492 = CARTESIAN_POINT ( 'NONE',  ( 1.270000000000003793, 0.000000000000000000, 1.269999999999998908 ) ) ;
#493 = EDGE_CURVE ( 'NONE', #5218, #2059, #1501, .T. ) ;
#494 = ORIENTED_EDGE ( 'NONE', *, *, #6694, .F. ) ;
#495 = ADVANCED_FACE ( 'NONE', ( #4715 ), #2468, .F. ) ;
#496 = DIRECTION ( 'NONE',  ( 0.000000000000000000, 0.9659258262890700886, -0.2588190451025140781 ) ) ;
#497 = EDGE_CURVE ( 'NONE', #2626, #376, #6847, .T. ) ;
#498 = FACE_OUTER_BOUND ( 'NONE', #3914, .T. ) ;
#499 = ORIENTED_EDGE ( 'NONE', *, *, #3857, .T. ) ;
#500 = PLANE ( 'NONE',  #1181 ) ;
#501 = CARTESIAN_POINT ( 'NONE',  ( 4.699000000000005173, 7.239000000000000767, -0.3810000000000041687 ) ) ;
#502 = ORIENTED_EDGE ( 'NONE', *, *, #2674, .F. ) ;
#503 = PLANE ( 'NONE',  #2071 ) ;
#504 = VECTOR ( 'NONE', #1079, 1000.000000000000000 ) ;
#505 = EDGE_CURVE ( 'NONE', #2619, #5764, #3690, .T. ) ;
#506 = ORIENTED_EDGE ( 'NONE', *, *, #3886, .T. ) ;
#507 = DIRECTION ( 'NONE',  ( 0.000000000000000000, 0.9659258262890699775, 0.2588190451025145222 ) ) ;
#508 = VECTOR ( 'NONE', #1996, 1000.000000000000000 ) ;
#509 = EDGE_LOOP ( 'NONE', ( #402, #2641, #1967, #1648 ) ) ;
#510 = LINE ( 'NONE', #2032, #6865 ) ;
#511 = CARTESIAN_POINT ( 'NONE',  ( 10.03300000000000480, 7.810500000000000220, -0.1270000000000037488 ) ) ;
#512 = VERTEX_POINT ( 'NONE', #421 ) ;
#513 = LINE ( 'NONE', #1841, #1409 ) ;
#514 = LINE ( 'NONE', #5862, #6582 ) ;
#515 = VECTOR ( 'NONE', #5577, 1000.000000000000114 ) ;
#516 = ADVANCED_FACE ( 'NONE', ( #347 ), #487, .F. ) ;
#517 = DIRECTION ( 'NONE',  ( 0.000000000000000000, 0.2588190451025145222, -0.9659258262890699775 ) ) ;
#518 = DIRECTION ( 'NONE',  ( 0.000000000000000000, 1.000000000000000000, 2.449293598294710852E-16 ) ) ;
#519 = ORIENTED_EDGE ( 'NONE', *, *, #4417, .F. ) ;
#520 = DIRECTION ( 'NONE',  ( 0.000000000000000000, 0.9659258262890700886, -0.2588190451025140781 ) ) ;
#521 = VECTOR ( 'NONE', #4301, 1000.000000000000000 ) ;
#522 = VERTEX_POINT ( 'NONE', #6362 ) ;
#523 = DIRECTION ( 'NONE',  ( 1.000000000000000000, 0.000000000000000000, -0.000000000000000000 ) ) ;
#524 = CONTEXT_DEPENDENT_SHAPE_REPRESENTATION ( #6734, #6096 ) ;
#525 = VECTOR ( 'NONE', #732, 1000.000000000000000 ) ;
#526 = DIRECTION ( 'NONE',  ( 0.000000000000000000, 0.000000000000000000, -1.000000000000000000 ) ) ;
#527 = LINE ( 'NONE', #5803, #5656 ) ;
#528 = ORIENTED_EDGE ( 'NONE', *, *, #5825, .T. ) ;
#529 = FACE_OUTER_BOUND ( 'NONE', #1143, .T. ) ;
#530 = VECTOR ( 'NONE', #6075, 1000.000000000000000 ) ;
#531 = ORIENTED_EDGE ( 'NONE', *, *, #4376, .T. ) ;
#532 = EDGE_CURVE ( 'NONE', #1428, #6086, #1538, .T. ) ;
#533 = CARTESIAN_POINT ( 'NONE',  ( -6.349999999999997868, -1.925929944387235853E-31, 0.8889999999999991243 ) ) ;
#534 = EDGE_CURVE ( 'NONE', #2704, #616, #6743, .T. ) ;
#535 = EDGE_CURVE ( 'NONE', #4276, #1370, #4188, .T. ) ;
#536 = LINE ( 'NONE', #4797, #5622 ) ;
#537 = ORIENTED_EDGE ( 'NONE', *, *, #659, .T. ) ;
#538 = DIRECTION ( 'NONE',  ( 0.000000000000000000, -1.000000000000000000, 0.000000000000000000 ) ) ;
#539 = CARTESIAN_POINT ( 'NONE',  ( 0.3810000000000000053, -3.200400000000000134, -0.2032000000000001583 ) ) ;
#540 = ORIENTED_EDGE ( 'NONE', *, *, #3872, .T. ) ;
#541 = ORIENTED_EDGE ( 'NONE', *, *, #2947, .F. ) ;
#542 = SHAPE_REPRESENTATION_RELATIONSHIP ( 'NONE' , 'NONE' ,  #1961, #6360 ) ;
#543 = EDGE_CURVE ( 'NONE', #1512, #5923, #4119, .T. ) ;
#544 = EDGE_CURVE ( 'NONE', #3196, #2626, #3137, .T. ) ;
#545 = CARTESIAN_POINT ( 'NONE',  ( 11.87450000000000649, 8.509000000000000341, 0.8254999999999963478 ) ) ;
#546 = VERTEX_POINT ( 'NONE', #1946 ) ;
#547 = DIRECTION ( 'NONE',  ( 0.000000000000000000, 2.548365665731588345E-16, -1.000000000000000000 ) ) ;
#548 = DIRECTION ( 'NONE',  ( 0.000000000000000000, 1.000000000000000000, -5.054934237236841843E-31 ) ) ;
#549 = ORIENTED_EDGE ( 'NONE', *, *, #5094, .F. ) ;
#550 = CARTESIAN_POINT ( 'NONE',  ( 8.890000000000004121, 0.000000000000000000, 1.269999999999998908 ) ) ;
#551 = CARTESIAN_POINT ( 'NONE',  ( -3.809999999999997389, -1.925929944387235853E-31, 0.8889999999999991243 ) ) ;
#552 = CARTESIAN_POINT ( 'NONE',  ( -14.22399999999999842, 0.5080000000000000071, 0.7528818102449925664 ) ) ;
#553 = PLANE ( 'NONE',  #6736 ) ;
#554 = ORIENTED_EDGE ( 'NONE', *, *, #360, .F. ) ;
#555 = FACE_OUTER_BOUND ( 'NONE', #5116, .T. ) ;
#556 = VERTEX_POINT ( 'NONE', #6885 ) ;
#557 = PLANE ( 'NONE',  #173 ) ;
#558 = ADVANCED_FACE ( 'NONE', ( #1464 ), #2081, .F. ) ;
#559 = PLANE ( 'NONE',  #5878 ) ;
#560 = CARTESIAN_POINT ( 'NONE',  ( -11.42999999999999794, 8.509000000000000341, 1.270000000000001128 ) ) ;
#561 = ORIENTED_EDGE ( 'NONE', *, *, #5625, .F. ) ;
#562 = DIRECTION ( 'NONE',  ( 1.000000000000000000, 0.000000000000000000, 0.000000000000000000 ) ) ;
#563 = ORIENTED_EDGE ( 'NONE', *, *, #5505, .T. ) ;
#564 = EDGE_CURVE ( 'NONE', #6334, #5839, #4227, .T. ) ;
#565 = LINE ( 'NONE', #5946, #2578 ) ;
#566 = CARTESIAN_POINT ( 'NONE',  ( 13.96999999999999886, 0.5080000000000000071, 0.7528818102449925664 ) ) ;
#567 = ORIENTED_EDGE ( 'NONE', *, *, #1712, .T. ) ;
#568 = PLANE ( 'NONE',  #4868 ) ;
#569 = LINE ( 'NONE', #4203, #6539 ) ;
#570 = ORIENTED_EDGE ( 'NONE', *, *, #2321, .T. ) ;
#571 = CARTESIAN_POINT ( 'NONE',  ( 12.31900000000000617, 7.239000000000000767, -0.3810000000000041687 ) ) ;
#572 = ORIENTED_EDGE ( 'NONE', *, *, #2529, .T. ) ;
#573 = ADVANCED_FACE ( 'NONE', ( #6224 ), #1432, .F. ) ;
#574 = EDGE_CURVE ( 'NONE', #2988, #3527, #3764, .T. ) ;
#575 = CARTESIAN_POINT ( 'NONE',  ( -0.3809999999999941767, 7.239000000000000767, 0.3809999999999946207 ) ) ;
#576 = EDGE_LOOP ( 'NONE', ( #4371, #5804, #3357, #502, #3962, #5476, #3501, #1871 ) ) ;
#577 = PRODUCT_DEFINITION_FORMATION_WITH_SPECIFIED_SOURCE ( 'ANY', '', #3860, .NOT_KNOWN. ) ;
#578 = PLANE ( 'NONE',  #3067 ) ;
#579 = DIRECTION ( 'NONE',  ( 1.000000000000000000, 0.000000000000000000, 0.000000000000000000 ) ) ;
#580 = ORIENTED_EDGE ( 'NONE', *, *, #3387, .F. ) ;
#581 = DIRECTION ( 'NONE',  ( -1.000000000000000000, 0.000000000000000000, 0.000000000000000000 ) ) ;
#582 = VECTOR ( 'NONE', #1395, 1000.000000000000000 ) ;
#583 = DIRECTION ( 'NONE',  ( 1.000000000000000000, 0.000000000000000000, 0.000000000000000000 ) ) ;
#584 = AXIS2_PLACEMENT_3D ( 'NONE', #1903, #2928, #1321 ) ;
#585 = PLANE ( 'NONE',  #3820 ) ;
#586 = ADVANCED_FACE ( 'NONE', ( #5454 ), #3795, .F. ) ;
#587 = LINE ( 'NONE', #1178, #4057 ) ;
#588 = ORIENTED_EDGE ( 'NONE', *, *, #3395, .F. ) ;
#589 = PLANE ( 'NONE',  #4628 ) ;
#590 = MANIFOLD_SOLID_BREP ( 'LPattern1[5]', #6387 ) ;
#591 = EDGE_CURVE ( 'NONE', #2337, #6156, #1645, .T. ) ;
#592 = SURFACE_STYLE_USAGE ( .BOTH. , #106 ) ;
#593 = VECTOR ( 'NONE', #6801, 1000.000000000000000 ) ;
#594 = DIRECTION ( 'NONE',  ( 0.000000000000000000, -0.9659258262890699775, -0.2588190451025145222 ) ) ;
#595 = CARTESIAN_POINT ( 'NONE',  ( -11.42999999999999794, 3.110602869834277161E-16, -1.270000000000001128 ) ) ;
#596 = EDGE_LOOP ( 'NONE', ( #5700, #1885, #1128, #1244 ) ) ;
#597 = LINE ( 'NONE', #2759, #6107 ) ;
#598 = ORIENTED_EDGE ( 'NONE', *, *, #4052, .T. ) ;
#599 = VECTOR ( 'NONE', #2064, 1000.000000000000000 ) ;
#600 = LINE ( 'NONE', #3804, #1466 ) ;
#601 = EDGE_CURVE ( 'NONE', #4607, #1162, #6530, .T. ) ;
#602 = ORIENTED_EDGE ( 'NONE', *, *, #3551, .F. ) ;
#603 = CARTESIAN_POINT ( 'NONE',  ( -13.96999999999999886, 0.5080000000000000071, 0.7528818102449925664 ) ) ;
#604 = VECTOR ( 'NONE', #2864, 1000.000000000000000 ) ;
#605 = LINE ( 'NONE', #1620, #3742 ) ;
#606 = ORIENTED_EDGE ( 'NONE', *, *, #230, .T. ) ;
#607 = CARTESIAN_POINT ( 'NONE',  ( 12.31900000000000617, 7.239000000000000767, 0.3809999999999946207 ) ) ;
#608 = ORIENTED_EDGE ( 'NONE', *, *, #4343, .T. ) ;
#609 = DIRECTION ( 'NONE',  ( 1.000000000000000000, 0.000000000000000000, 0.000000000000000000 ) ) ;
#610 = VECTOR ( 'NONE', #5683, 1000.000000000000000 ) ;
#611 = LINE ( 'NONE', #4875, #2938 ) ;
#612 = VERTEX_POINT ( 'NONE', #1607 ) ;
#613 = VECTOR ( 'NONE', #5450, 1000.000000000000000 ) ;
#614 = CARTESIAN_POINT ( 'NONE',  ( 11.43000000000000504, 3.110602869834277161E-16, -1.270000000000001128 ) ) ;
#615 = PLANE ( 'NONE',  #3390 ) ;
#616 = VERTEX_POINT ( 'NONE', #1182 ) ;
#617 = CARTESIAN_POINT ( 'NONE',  ( 3.810000000000002718, -1.925929944387235853E-31, 0.8889999999999991243 ) ) ;
#618 = PLANE ( 'NONE',  #5800 ) ;
#619 = EDGE_CURVE ( 'NONE', #5605, #1021, #2790, .T. ) ;
#620 = VECTOR ( 'NONE', #1234, 1000.000000000000000 ) ;
#621 = MECHANICAL_DESIGN_GEOMETRIC_PRESENTATION_REPRESENTATION (  '', ( #67 ), #1289 ) ;
#622 = DIRECTION ( 'NONE',  ( 0.000000000000000000, 0.2588190451025140781, 0.9659258262890700886 ) ) ;
#623 = EDGE_CURVE ( 'NONE', #3150, #756, #3833, .T. ) ;
#624 = CARTESIAN_POINT ( 'NONE',  ( -1.269999999999996909, 2.177422008883992879E-16, -0.8890000000000013447 ) ) ;
#625 = VERTEX_POINT ( 'NONE', #4889 ) ;
#626 = LINE ( 'NONE', #4919, #4743 ) ;
#627 = VECTOR ( 'NONE', #1465, 1000.000000000000000 ) ;
#628 = MANIFOLD_SOLID_BREP ( 'LPattern1[7]', #3365 ) ;
#629 = VECTOR ( 'NONE', #3005, 1000.000000000000114 ) ;
#630 = EDGE_CURVE ( 'NONE', #2358, #4390, #4789, .T. ) ;
#631 = PLANE ( 'NONE',  #4538 ) ;
#632 = LINE ( 'NONE', #5024, #5199 ) ;
#633 = ORIENTED_EDGE ( 'NONE', *, *, #2880, .T. ) ;
#634 = LINE ( 'NONE', #7, #6337 ) ;
#635 = ORIENTED_EDGE ( 'NONE', *, *, #1385, .T. ) ;
#636 = VECTOR ( 'NONE', #2654, 1000.000000000000000 ) ;
#637 = ADVANCED_FACE ( 'NONE', ( #3725 ), #5379, .F. ) ;
#638 = AXIS2_PLACEMENT_3D ( 'NONE', #2357, #1708, #5491 ) ;
#639 = MANIFOLD_SOLID_BREP ( 'LPattern1[9]', #5826 ) ;
#640 = DIRECTION ( 'NONE',  ( 0.000000000000000000, 1.440069553722777130E-16, -1.000000000000000000 ) ) ;
#641 = UNCERTAINTY_MEASURE_WITH_UNIT (LENGTH_MEASURE( 1.000000000000000082E-05 ), #3240, 'distance_accuracy_value', 'NONE');
#642 = VECTOR ( 'NONE', #520, 1000.000000000000114 ) ;
#643 = VERTEX_POINT ( 'NONE', #769 ) ;
#644 = PLANE ( 'NONE',  #2175 ) ;
#645 = DIRECTION ( 'NONE',  ( 0.000000000000000000, 0.000000000000000000, -1.000000000000000000 ) ) ;
#646 = ORIENTED_EDGE ( 'NONE', *, *, #1137, .T. ) ;
#647 = DIRECTION ( 'NONE',  ( 0.000000000000000000, 1.733406087350420004E-16, -1.000000000000000000 ) ) ;
#648 = ORIENTED_EDGE ( 'NONE', *, *, #6623, .F. ) ;
#649 = DIRECTION ( 'NONE',  ( 0.000000000000000000, 0.000000000000000000, 1.000000000000000000 ) ) ;
#650 = ADVANCED_FACE ( 'NONE', ( #4008 ), #2353, .F. ) ;
#651 = VECTOR ( 'NONE', #2803, 1000.000000000000000 ) ;
#652 = CARTESIAN_POINT ( 'NONE',  ( -1.269999999999996909, -1.925929944387235853E-31, 0.8889999999999991243 ) ) ;
#653 = ORIENTED_EDGE ( 'NONE', *, *, #2311, .T. ) ;
#654 = CARTESIAN_POINT ( 'NONE',  ( 7.239000000000006096, 7.239000000000000767, 0.3809999999999946207 ) ) ;
#655 = CARTESIAN_POINT ( 'NONE',  ( 2.159000000000004693, 7.239000000000000767, 0.3809999999999946207 ) ) ;
#656 = EDGE_LOOP ( 'NONE', ( #2396, #1686, #5784, #856 ) ) ;
#657 = CARTESIAN_POINT ( 'NONE',  ( -2.158999999999995811, 7.239000000000000767, 0.3809999999999946207 ) ) ;
#658 = DIRECTION ( 'NONE',  ( 0.000000000000000000, -0.7071067811865484609, 0.7071067811865466846 ) ) ;
#659 = EDGE_CURVE ( 'NONE', #2296, #1680, #6634, .T. ) ;
#660 = LINE ( 'NONE', #2678, #4275 ) ;
#661 = CARTESIAN_POINT ( 'NONE',  ( 1.270000000000003793, 3.110602869834277161E-16, -1.270000000000001128 ) ) ;
#662 = EDGE_LOOP ( 'NONE', ( #4845, #3660, #5571, #3409 ) ) ;
#663 = EDGE_CURVE ( 'NONE', #3721, #2561, #1285, .T. ) ;
#664 = FACE_OUTER_BOUND ( 'NONE', #6615, .T. ) ;
#665 = DIRECTION ( 'NONE',  ( 0.000000000000000000, 2.548365665731588345E-16, -1.000000000000000000 ) ) ;
#666 = EDGE_CURVE ( 'NONE', #5144, #5353, #834, .T. ) ;
#667 = CARTESIAN_POINT ( 'NONE',  ( 1.270000000000002016, 2.177422008883992879E-16, -0.8890000000000013447 ) ) ;
#668 = EDGE_CURVE ( 'NONE', #2531, #5239, #6566, .T. ) ;
#669 = LINE ( 'NONE', #1082, #6097 ) ;
#670 = CARTESIAN_POINT ( 'NONE',  ( -11.42999999999999794, 8.509000000000000341, -1.270000000000001128 ) ) ;
#671 = ORIENTED_EDGE ( 'NONE', *, *, #204, .T. ) ;
#672 = DIRECTION ( 'NONE',  ( -0.000000000000000000, 1.000000000000000000, 1.733406087350420004E-16 ) ) ;
#673 = ORIENTED_EDGE ( 'NONE', *, *, #3724, .T. ) ;
#674 = DIRECTION ( 'NONE',  ( 0.000000000000000000, 0.000000000000000000, -1.000000000000000000 ) ) ;
#675 = VERTEX_POINT ( 'NONE', #3415 ) ;
#676 = ADVANCED_FACE ( 'NONE', ( #2318 ), #3901, .F. ) ;
#677 = CARTESIAN_POINT ( 'NONE',  ( -13.08099999999999596, 8.064500000000000668, -0.3810000000000040021 ) ) ;
#678 = EDGE_LOOP ( 'NONE', ( #5335, #766, #2916, #2886, #6121, #5772, #2272, #6340 ) ) ;
#679 = PLANE ( 'NONE',  #2983 ) ;
#680 = VERTEX_POINT ( 'NONE', #2861 ) ;
#681 = PLANE ( 'NONE',  #1490 ) ;
#682 = EDGE_LOOP ( 'NONE', ( #5153, #4719, #5010, #1894 ) ) ;
#683 = DIRECTION ( 'NONE',  ( -0.000000000000000000, 0.000000000000000000, 1.000000000000000000 ) ) ;
#684 = DIRECTION ( 'NONE',  ( -1.000000000000000000, -0.000000000000000000, -0.000000000000000000 ) ) ;
#685 = ORIENTED_EDGE ( 'NONE', *, *, #79, .T. ) ;
#686 = ORIENTED_EDGE ( 'NONE', *, *, #913, .F. ) ;
#687 = CARTESIAN_POINT ( 'NONE',  ( 11.43000000000000504, 0.000000000000000000, 0.000000000000000000 ) ) ;
#688 = PRODUCT_DEFINITION_SHAPE ( 'NONE', 'NONE',  #6914 ) ;
#689 = CARTESIAN_POINT ( 'NONE',  ( 8.890000000000004121, 8.509000000000000341, -1.270000000000001128 ) ) ;
#690 = LINE ( 'NONE', #5551, #3051 ) ;
#691 = ADVANCED_FACE ( 'NONE', ( #5589 ), #6179, .F. ) ;
#692 = EDGE_LOOP ( 'NONE', ( #951, #2869, #2314, #1764 ) ) ;
#693 = LINE ( 'NONE', #6032, #2979 ) ;
#694 = DIRECTION ( 'NONE',  ( 0.000000000000000000, 0.000000000000000000, 1.000000000000000000 ) ) ;
#695 = VECTOR ( 'NONE', #4863, 1000.000000000000000 ) ;
#696 = CARTESIAN_POINT ( 'NONE',  ( 1.270000000000002016, 0.5080000000000000071, 0.7528818102449925664 ) ) ;
#697 = CARTESIAN_POINT ( 'NONE',  ( 0.3810000000000046128, 8.064500000000000668, -0.3810000000000040021 ) ) ;
#698 = DIRECTION ( 'NONE',  ( 1.000000000000000000, 0.000000000000000000, 0.000000000000000000 ) ) ;
#699 = VECTOR ( 'NONE', #1008, 1000.000000000000000 ) ;
#700 = PLANE ( 'NONE',  #2072 ) ;
#701 = ORIENTED_EDGE ( 'NONE', *, *, #3908, .T. ) ;
#702 = DIRECTION ( 'NONE',  ( 1.000000000000000000, 0.000000000000000000, 0.000000000000000000 ) ) ;
#703 = LINE ( 'NONE', #2829, #28 ) ;
#704 = PRODUCT_DEFINITION_SHAPE ( 'NONE', 'NONE',  #6916 ) ;
#705 = ADVANCED_FACE ( 'NONE', ( #4468 ), #4954, .F. ) ;
#706 = AXIS2_PLACEMENT_3D ( 'NONE', #5749, #5681, #6270 ) ;
#707 = DIRECTION ( 'NONE',  ( 1.000000000000000000, 0.000000000000000000, -0.000000000000000000 ) ) ;
#708 = VERTEX_POINT ( 'NONE', #6672 ) ;
#709 = DIRECTION ( 'NONE',  ( -1.000000000000000000, 0.000000000000000000, 0.000000000000000000 ) ) ;
#710 = EDGE_CURVE ( 'NONE', #3614, #4794, #1875, .T. ) ;
#711 = ORIENTED_EDGE ( 'NONE', *, *, #750, .T. ) ;
#712 = CARTESIAN_POINT ( 'NONE',  ( -9.334499999999994913, 8.509000000000000341, -1.270000000000001128 ) ) ;
#713 = VECTOR ( 'NONE', #4658, 1000.000000000000000 ) ;
#714 = ORIENTED_EDGE ( 'NONE', *, *, #4001, .F. ) ;
#715 = ADVANCED_FACE ( 'NONE', ( #2962 ), #5095, .F. ) ;
#716 = EDGE_CURVE ( 'NONE', #6274, #5978, #2459, .T. ) ;
#717 = AXIS2_PLACEMENT_3D ( 'NONE', #6134, #3967, #6030 ) ;
#718 = CARTESIAN_POINT ( 'NONE',  ( -8.889999999999998792, -1.925929944387235853E-31, 0.8889999999999991243 ) ) ;
#719 = VERTEX_POINT ( 'NONE', #3543 ) ;
#720 = FACE_OUTER_BOUND ( 'NONE', #5747, .T. ) ;
#721 = ADVANCED_FACE ( 'NONE', ( #4143 ), #2495, .F. ) ;
#722 = SURFACE_STYLE_USAGE ( .BOTH. , #6057 ) ;
#723 = ORIENTED_EDGE ( 'NONE', *, *, #3587, .F. ) ;
#724 = ORIENTED_EDGE ( 'NONE', *, *, #1404, .T. ) ;
#725 = CARTESIAN_POINT ( 'NONE',  ( -9.778999999999996362, 7.239000000000000767, 0.3809999999999946207 ) ) ;
#726 = VECTOR ( 'NONE', #3750, 1000.000000000000000 ) ;
#727 = EDGE_CURVE ( 'NONE', #5884, #1400, #6735, .T. ) ;
#728 = LINE ( 'NONE', #3369, #6399 ) ;
#729 = EDGE_LOOP ( 'NONE', ( #5364, #188, #2405, #5432 ) ) ;
#730 = PLANE ( 'NONE',  #1267 ) ;
#731 = ORIENTED_EDGE ( 'NONE', *, *, #5929, .F. ) ;
#732 = DIRECTION ( 'NONE',  ( 1.000000000000000000, 0.000000000000000000, 0.000000000000000000 ) ) ;
#733 = CARTESIAN_POINT ( 'NONE',  ( -6.794499999999995765, 8.509000000000000341, -0.8255000000000052296 ) ) ;
#734 = VECTOR ( 'NONE', #5412, 1000.000000000000000 ) ;
#735 = ADVANCED_FACE ( 'NONE', ( #3648 ), #5758, .F. ) ;
#736 = CARTESIAN_POINT ( 'NONE',  ( 11.43000000000000504, 0.5080000000000000071, 0.7528818102449925664 ) ) ;
#737 = CARTESIAN_POINT ( 'NONE',  ( -6.349999999999996980, 2.177422008883992879E-16, -0.8890000000000013447 ) ) ;
#738 = VECTOR ( 'NONE', #4974, 1000.000000000000000 ) ;
#739 = LINE ( 'NONE', #5524, #4646 ) ;
#740 = FACE_OUTER_BOUND ( 'NONE', #1963, .T. ) ;
#741 = VERTEX_POINT ( 'NONE', #6875 ) ;
#742 = LINE ( 'NONE', #6041, #4884 ) ;
#743 = ORIENTED_EDGE ( 'NONE', *, *, #2888, .F. ) ;
#744 = VECTOR ( 'NONE', #4131, 1000.000000000000000 ) ;
#745 = CARTESIAN_POINT ( 'NONE',  ( 3.810000000000002718, 2.177422008883992879E-16, -0.8890000000000013447 ) ) ;
#746 = ORIENTED_EDGE ( 'NONE', *, *, #4597, .T. ) ;
#747 = LINE ( 'NONE', #4053, #5193 ) ;
#748 = LINE ( 'NONE', #252, #6884 ) ;
#749 = ORIENTED_EDGE ( 'NONE', *, *, #4421, .F. ) ;
#750 = EDGE_CURVE ( 'NONE', #482, #2358, #3023, .T. ) ;
#751 = DIRECTION ( 'NONE',  ( -1.000000000000000000, -0.000000000000000000, -0.000000000000000000 ) ) ;
#752 = VECTOR ( 'NONE', #6637, 1000.000000000000000 ) ;
#753 = ORIENTED_EDGE ( 'NONE', *, *, #5957, .T. ) ;
#754 = PRESENTATION_LAYER_ASSIGNMENT (  '', '', ( #413 ) ) ;
#755 = LINE ( 'NONE', #1338, #5396 ) ;
#756 = VERTEX_POINT ( 'NONE', #6771 ) ;
#757 = FACE_OUTER_BOUND ( 'NONE', #6621, .T. ) ;
#758 = LINE ( 'NONE', #5007, #168 ) ;
#759 = VERTEX_POINT ( 'NONE', #6278 ) ;
#760 = EDGE_CURVE ( 'NONE', #5256, #1991, #4639, .T. ) ;
#761 = ORIENTED_EDGE ( 'NONE', *, *, #5913, .F. ) ;
#762 = DIRECTION ( 'NONE',  ( -0.000000000000000000, 0.000000000000000000, 1.000000000000000000 ) ) ;
#763 = VECTOR ( 'NONE', #908, 1000.000000000000000 ) ;
#764 = CARTESIAN_POINT ( 'NONE',  ( 13.97000000000000419, 8.509000000000000341, -1.270000000000001128 ) ) ;
#765 = PLANE ( 'NONE',  #6294 ) ;
#766 = ORIENTED_EDGE ( 'NONE', *, *, #3872, .F. ) ;
#767 = LINE ( 'NONE', #234, #6667 ) ;
#768 = FACE_OUTER_BOUND ( 'NONE', #5704, .T. ) ;
#769 = CARTESIAN_POINT ( 'NONE',  ( -12.31899999999999729, 8.064500000000000668, 0.3809999999999947873 ) ) ;
#770 = SHAPE_REPRESENTATION ( 'NPTC111LFBN-RC', ( #20, #4698, #129, #1689, #5598, #6491, #4031, #126, #1241, #2009, #3138, #2919, #1022 ), #6824 ) ;
#771 = LINE ( 'NONE', #6181, #6846 ) ;
#772 = DIRECTION ( 'NONE',  ( -0.000000000000000000, 1.000000000000000000, 1.733406087350420004E-16 ) ) ;
#773 = LINE ( 'NONE', #1150, #6327 ) ;
#774 = EDGE_LOOP ( 'NONE', ( #5724, #959, #6471, #2768 ) ) ;
#775 = FACE_OUTER_BOUND ( 'NONE', #2152, .T. ) ;
#776 = ORIENTED_EDGE ( 'NONE', *, *, #4120, .F. ) ;
#777 = DIRECTION ( 'NONE',  ( 1.000000000000000000, 0.000000000000000000, 0.000000000000000000 ) ) ;
#778 = LINE ( 'NONE', #6187, #5497 ) ;
#779 = VERTEX_POINT ( 'NONE', #1493 ) ;
#780 = DIRECTION ( 'NONE',  ( 0.000000000000000000, 0.000000000000000000, -1.000000000000000000 ) ) ;
#781 = CARTESIAN_POINT ( 'NONE',  ( 11.43000000000000504, 0.000000000000000000, 1.269999999999998908 ) ) ;
#782 = EDGE_CURVE ( 'NONE', #3941, #5573, #3130, .T. ) ;
#783 = EDGE_LOOP ( 'NONE', ( #2489, #4936, #2912, #6775 ) ) ;
#784 = LINE ( 'NONE', #290, #5890 ) ;
#785 = ORIENTED_EDGE ( 'NONE', *, *, #4066, .T. ) ;
#786 = CARTESIAN_POINT ( 'NONE',  ( 0.3810000000000000053, 0.5079999999999998961, -0.2031999999999997419 ) ) ;
#787 = ORIENTED_EDGE ( 'NONE', *, *, #5444, .F. ) ;
#788 = CARTESIAN_POINT ( 'NONE',  ( 2.159000000000004693, 8.064500000000000668, 0.3809999999999947873 ) ) ;
#789 = ORIENTED_EDGE ( 'NONE', *, *, #4361, .T. ) ;
#790 = VERTEX_POINT ( 'NONE', #3097 ) ;
#791 = CARTESIAN_POINT ( 'NONE',  ( -0.1961031209927693308, -3.200400000000000134, 0.2032000000000001583 ) ) ;
#792 = ADVANCED_FACE ( 'NONE', ( #6318 ), #2001, .F. ) ;
#793 = CARTESIAN_POINT ( 'NONE',  ( -2.158999999999995811, 8.064500000000000668, 0.3809999999999946207 ) ) ;
#794 = LINE ( 'NONE', #6064, #1606 ) ;
#795 = ORIENTED_EDGE ( 'NONE', *, *, #727, .F. ) ;
#796 = LINE ( 'NONE', #5484, #5442 ) ;
#797 = EDGE_CURVE ( 'NONE', #1779, #6660, #3060, .T. ) ;
#798 = DIRECTION ( 'NONE',  ( 0.000000000000000000, 0.000000000000000000, 1.000000000000000000 ) ) ;
#799 = EDGE_CURVE ( 'NONE', #5674, #2806, #2535, .T. ) ;
#800 = PRODUCT_DEFINITION_SHAPE ( 'NONE', 'NONE',  #6911 ) ;
#801 = DIRECTION ( 'NONE',  ( 1.000000000000000000, 0.000000000000000000, 0.000000000000000000 ) ) ;
#802 = DIRECTION ( 'NONE',  ( -0.000000000000000000, -0.7071067811865482389, -0.7071067811865467956 ) ) ;
#803 = CARTESIAN_POINT ( 'NONE',  ( -0.3809999999999941767, 8.064500000000000668, 0.3809999999999946207 ) ) ;
#804 = CARTESIAN_POINT ( 'NONE',  ( -1.269999999999996909, 0.000000000000000000, 1.269999999999998908 ) ) ;
#805 = LINE ( 'NONE', #5128, #6310 ) ;
#806 = ORIENTED_EDGE ( 'NONE', *, *, #3120, .F. ) ;
#807 = CARTESIAN_POINT ( 'NONE',  ( 3.810000000000002718, 8.509000000000000341, 1.270000000000001128 ) ) ;
#808 = VERTEX_POINT ( 'NONE', #1454 ) ;
#809 = CLOSED_SHELL ( 'NONE', ( #2265, #5201, #4752, #1481, #6764, #4695, #371, #5460, #2779, #586, #4830, #4814, #1161, #6770, #5451, #1098, #4637, #5615, #4467 ) ) ;
#810 = DIRECTION ( 'NONE',  ( 0.000000000000000000, 0.000000000000000000, 1.000000000000000000 ) ) ;
#811 = PLANE ( 'NONE',  #4930 ) ;
#812 = VECTOR ( 'NONE', #801, 1000.000000000000000 ) ;
#813 = CARTESIAN_POINT ( 'NONE',  ( -13.96999999999999886, 0.5080000000000000071, 0.7528818102449925664 ) ) ;
#814 = CARTESIAN_POINT ( 'NONE',  ( -12.31899999999999729, 7.239000000000000767, -0.3810000000000041687 ) ) ;
#815 = VERTEX_POINT ( 'NONE', #5262 ) ;
#816 = DIRECTION ( 'NONE',  ( 0.000000000000000000, 1.440069553722777130E-16, -1.000000000000000000 ) ) ;
#817 = VERTEX_POINT ( 'NONE', #4601 ) ;
#818 = AXIS2_PLACEMENT_3D ( 'NONE', #2956, #1316, #2853 ) ;
#819 = EDGE_CURVE ( 'NONE', #5177, #546, #932, .T. ) ;
#820 = CARTESIAN_POINT ( 'NONE',  ( 1.270000000000002016, 0.000000000000000000, 0.000000000000000000 ) ) ;
#821 = ORIENTED_EDGE ( 'NONE', *, *, #5666, .F. ) ;
#822 = CARTESIAN_POINT ( 'NONE',  ( 1.270000000000003793, 8.509000000000000341, -1.270000000000001128 ) ) ;
#823 = VECTOR ( 'NONE', #5845, 1000.000000000000000 ) ;
#824 = DIRECTION ( 'NONE',  ( 0.000000000000000000, -0.9659258262890699775, -0.2588190451025145222 ) ) ;
#825 = ORIENTED_EDGE ( 'NONE', *, *, #4499, .F. ) ;
#826 = ORIENTED_EDGE ( 'NONE', *, *, #4627, .F. ) ;
#827 = FACE_OUTER_BOUND ( 'NONE', #692, .T. ) ;
#828 = VECTOR ( 'NONE', #4432, 1000.000000000000000 ) ;
#829 = LINE ( 'NONE', #5087, #5836 ) ;
#830 = DIRECTION ( 'NONE',  ( 0.000000000000000000, -0.000000000000000000, -1.000000000000000000 ) ) ;
#831 = ORIENTED_EDGE ( 'NONE', *, *, #2543, .F. ) ;
#832 = DIRECTION ( 'NONE',  ( 0.000000000000000000, -0.000000000000000000, -1.000000000000000000 ) ) ;
#833 = EDGE_CURVE ( 'NONE', #2291, #6825, #5189, .T. ) ;
#834 = LINE ( 'NONE', #3974, #6831 ) ;
#835 = DIRECTION ( 'NONE',  ( -0.000000000000000000, -0.7071067811865482389, -0.7071067811865467956 ) ) ;
#836 = VECTOR ( 'NONE', #483, 1000.000000000000000 ) ;
#837 = LINE ( 'NONE', #4541, #1076 ) ;
#838 = CARTESIAN_POINT ( 'NONE',  ( -8.889999999999998792, 0.000000000000000000, 1.269999999999998908 ) ) ;
#839 = VERTEX_POINT ( 'NONE', #5225 ) ;
#840 = LINE ( 'NONE', #5102, #2344 ) ;
#841 = DIRECTION ( 'NONE',  ( 0.000000000000000000, 0.000000000000000000, 1.000000000000000000 ) ) ;
#842 = CARTESIAN_POINT ( 'NONE',  ( -6.349999999999996980, 0.000000000000000000, 1.269999999999998908 ) ) ;
#843 = VECTOR ( 'NONE', #6423, 1000.000000000000114 ) ;
#844 = CARTESIAN_POINT ( 'NONE',  ( 7.239000000000006096, 7.239000000000000767, 0.3809999999999946207 ) ) ;
#845 = PLANE ( 'NONE',  #2520 ) ;
#846 = ORIENTED_EDGE ( 'NONE', *, *, #2534, .T. ) ;
#847 = DIRECTION ( 'NONE',  ( 1.000000000000000000, 0.000000000000000000, 0.000000000000000000 ) ) ;
#848 = ORIENTED_EDGE ( 'NONE', *, *, #5881, .T. ) ;
#849 = VECTOR ( 'NONE', #2906, 1000.000000000000114 ) ;
#850 = EDGE_CURVE ( 'NONE', #4213, #460, #4180, .T. ) ;
#851 = CARTESIAN_POINT ( 'NONE',  ( 3.810000000000002718, 8.509000000000000341, -0.8255000000000052296 ) ) ;
#852 = AXIS2_PLACEMENT_3D ( 'NONE', #3978, #6599, #4441 ) ;
#853 = ORIENTED_EDGE ( 'NONE', *, *, #5971, .T. ) ;
#854 = PLANE ( 'NONE',  #5761 ) ;
#855 = SURFACE_STYLE_USAGE ( .BOTH. , #1990 ) ;
#856 = ORIENTED_EDGE ( 'NONE', *, *, #2360, .F. ) ;
#857 = EDGE_LOOP ( 'NONE', ( #1533, #4414, #4940, #5325 ) ) ;
#858 = ADVANCED_FACE ( 'NONE', ( #2568 ), #4705, .F. ) ;
#859 = CARTESIAN_POINT ( 'NONE',  ( -2.920999999999994934, 8.064500000000000668, 0.3809999999999946207 ) ) ;
#860 = STYLED_ITEM ( 'NONE', ( #6860 ), #5224 ) ;
#861 = CARTESIAN_POINT ( 'NONE',  ( 14.22399999999999842, 0.5080000000000000071, 0.7528818102449925664 ) ) ;
#862 = CARTESIAN_POINT ( 'NONE',  ( 5.080000000000000071, 7.239000000000000767, -2.201425730935033664E-16 ) ) ;
#863 = ORIENTED_EDGE ( 'NONE', *, *, #3431, .T. ) ;
#864 = VECTOR ( 'NONE', #2441, 1000.000000000000000 ) ;
#865 = EDGE_CURVE ( 'NONE', #3350, #2669, #2995, .T. ) ;
#866 = LINE ( 'NONE', #6208, #3956 ) ;
#867 = ADVANCED_FACE ( 'NONE', ( #1141 ), #3237, .F. ) ;
#868 = DIRECTION ( 'NONE',  ( 0.000000000000000000, 0.000000000000000000, -1.000000000000000000 ) ) ;
#869 = CARTESIAN_POINT ( 'NONE',  ( 20.32000000000000028, 7.239000000000000767, -2.201425730935033664E-16 ) ) ;
#870 = DIRECTION ( 'NONE',  ( 0.000000000000000000, -0.9659258262890700886, 0.2588190451025140781 ) ) ;
#871 = CARTESIAN_POINT ( 'NONE',  ( 2.159000000000004693, 7.239000000000000767, 0.3809999999999946207 ) ) ;
#872 = ORIENTED_EDGE ( 'NONE', *, *, #385, .F. ) ;
#873 = CARTESIAN_POINT ( 'NONE',  ( -0.3810000000000000053, -2.692399999999995686, 0.000000000000000000 ) ) ;
#874 = CARTESIAN_POINT ( 'NONE',  ( -2.539999999999995595, 0.000000000000000000, 0.000000000000000000 ) ) ;
#875 = EDGE_CURVE ( 'NONE', #5941, #2379, #4362, .T. ) ;
#876 = CARTESIAN_POINT ( 'NONE',  ( 12.31900000000000617, 7.239000000000000767, 0.3809999999999946207 ) ) ;
#877 = ADVANCED_FACE ( 'NONE', ( #3756 ), #585, .F. ) ;
#878 = DIRECTION ( 'NONE',  ( -1.000000000000000000, -0.000000000000000000, -0.000000000000000000 ) ) ;
#879 = LINE ( 'NONE', #2508, #1304 ) ;
#880 = VERTEX_POINT ( 'NONE', #5863 ) ;
#881 = LINE ( 'NONE', #4616, #5998 ) ;
#882 = ORIENTED_EDGE ( 'NONE', *, *, #1368, .T. ) ;
#883 = EDGE_CURVE ( 'NONE', #3089, #1412, #2708, .T. ) ;
#884 = CARTESIAN_POINT ( 'NONE',  ( 0.1270000000000055806, 7.810500000000000220, -0.1270000000000037488 ) ) ;
#885 = ADVANCED_BREP_SHAPE_REPRESENTATION ( '', ( #457, #5362 ), #3680 ) ;
#886 = VERTEX_POINT ( 'NONE', #3165 ) ;
#887 = CARTESIAN_POINT ( 'NONE',  ( 1.270000000000003793, 0.000000000000000000, 0.000000000000000000 ) ) ;
#888 = ORIENTED_EDGE ( 'NONE', *, *, #4563, .T. ) ;
#889 = EDGE_CURVE ( 'NONE', #4583, #4276, #660, .T. ) ;
#890 = ORIENTED_EDGE ( 'NONE', *, *, #1276, .T. ) ;
#891 = CARTESIAN_POINT ( 'NONE',  ( -3.365499999999995051, 8.509000000000000341, -1.270000000000001128 ) ) ;
#892 = ADVANCED_FACE ( 'NONE', ( #4914 ), #3204, .F. ) ;
#893 = PLANE ( 'NONE',  #706 ) ;
#894 = ORIENTED_EDGE ( 'NONE', *, *, #5459, .T. ) ;
#895 = DIRECTION ( 'NONE',  ( 1.000000000000000000, 0.000000000000000000, 0.000000000000000000 ) ) ;
#896 = ORIENTED_EDGE ( 'NONE', *, *, #1113, .F. ) ;
#897 = LINE ( 'NONE', #2457, #5416 ) ;
#898 = DIRECTION ( 'NONE',  ( 0.7071067811865475727, -0.7071067811865475727, 0.000000000000000000 ) ) ;
#899 = CARTESIAN_POINT ( 'NONE',  ( -5.460999999999994969, 7.239000000000000767, -0.3810000000000041687 ) ) ;
#900 = VERTEX_POINT ( 'NONE', #6492 ) ;
#901 = FILL_AREA_STYLE ('',( #3651 ) ) ;
#902 = ORIENTED_EDGE ( 'NONE', *, *, #2789, .F. ) ;
#903 = CARTESIAN_POINT ( 'NONE',  ( 13.97000000000000419, 0.5080000000000000071, 0.7528818102449925664 ) ) ;
#904 = FACE_OUTER_BOUND ( 'NONE', #1827, .T. ) ;
#905 = DIRECTION ( 'NONE',  ( -1.000000000000000000, -0.000000000000000000, -0.000000000000000000 ) ) ;
#906 = DIRECTION ( 'NONE',  ( -0.000000000000000000, 1.000000000000000000, 1.733406087350420004E-16 ) ) ;
#907 = ORIENTED_EDGE ( 'NONE', *, *, #4685, .F. ) ;
#908 = DIRECTION ( 'NONE',  ( 0.000000000000000000, 0.000000000000000000, -1.000000000000000000 ) ) ;
#909 = ORIENTED_EDGE ( 'NONE', *, *, #2044, .T. ) ;
#910 = EDGE_CURVE ( 'NONE', #1356, #5470, #101, .T. ) ;
#911 = VECTOR ( 'NONE', #4686, 1000.000000000000000 ) ;
#912 = LINE ( 'NONE', #1472, #1247 ) ;
#913 = EDGE_CURVE ( 'NONE', #2212, #366, #1107, .T. ) ;
#914 = DIRECTION ( 'NONE',  ( 0.000000000000000000, -1.000000000000000000, -2.548365665731588345E-16 ) ) ;
#915 = EDGE_LOOP ( 'NONE', ( #2491, #1907, #1015, #1280, #2667, #6442, #3883, #4766 ) ) ;
#916 = LINE ( 'NONE', #6303, #3074 ) ;
#917 = FILL_AREA_STYLE_COLOUR ( '', #4969 ) ;
#918 = ORIENTED_EDGE ( 'NONE', *, *, #1851, .T. ) ;
#919 =( GEOMETRIC_REPRESENTATION_CONTEXT ( 3 ) GLOBAL_UNCERTAINTY_ASSIGNED_CONTEXT ( ( #2797 ) ) GLOBAL_UNIT_ASSIGNED_CONTEXT ( ( #2755, #6466, #5905 ) ) REPRESENTATION_CONTEXT ( 'NONE', 'WORKASPACE' ) );
#920 = VERTEX_POINT ( 'NONE', #3681 ) ;
#921 = ADVANCED_FACE ( 'NONE', ( #3827 ), #2241, .F. ) ;
#922 = ADVANCED_FACE ( 'NONE', ( #4813 ), #5372, .F. ) ;
#923 = VECTOR ( 'NONE', #3927, 1000.000000000000000 ) ;
#924 = CARTESIAN_POINT ( 'NONE',  ( -10.54099999999999504, 7.239000000000000767, -0.3810000000000041687 ) ) ;
#925 = ORIENTED_EDGE ( 'NONE', *, *, #6346, .T. ) ;
#926 = LINE ( 'NONE', #3054, #5307 ) ;
#927 = CARTESIAN_POINT ( 'NONE',  ( -6.349999999999996980, 0.5080000000000000071, 0.7528818102449925664 ) ) ;
#928 = ORIENTED_EDGE ( 'NONE', *, *, #5600, .T. ) ;
#929 = DIRECTION ( 'NONE',  ( 0.000000000000000000, 0.000000000000000000, 1.000000000000000000 ) ) ;
#930 = VECTOR ( 'NONE', #5363, 1000.000000000000000 ) ;
#931 = ADVANCED_FACE ( 'NONE', ( #1671 ), #6354, .F. ) ;
#932 = LINE ( 'NONE', #3512, #3588 ) ;
#933 = AXIS2_PLACEMENT_3D ( 'NONE', #3866, #3828, #4332 ) ;
#934 = PLANE ( 'NONE',  #5285 ) ;
#935 = ORIENTED_EDGE ( 'NONE', *, *, #2966, .F. ) ;
#936 =( NAMED_UNIT ( * ) PLANE_ANGLE_UNIT ( ) SI_UNIT ( $, .RADIAN. ) );
#937 = EDGE_LOOP ( 'NONE', ( #1900, #1438, #4485, #6877 ) ) ;
#938 = DIRECTION ( 'NONE',  ( -1.000000000000000000, -0.000000000000000000, -0.000000000000000000 ) ) ;
#939 = CONTEXT_DEPENDENT_SHAPE_REPRESENTATION ( #6863, #5281 ) ;
#940 = ADVANCED_FACE ( 'NONE', ( #3789 ), #3472, .F. ) ;
#941 = LINE ( 'NONE', #1568, #3032 ) ;
#942 = LINE ( 'NONE', #422, #6652 ) ;
#943 = DIRECTION ( 'NONE',  ( -0.000000000000000000, -0.000000000000000000, 1.000000000000000000 ) ) ;
#944 = ORIENTED_EDGE ( 'NONE', *, *, #6034, .F. ) ;
#945 = CARTESIAN_POINT ( 'NONE',  ( -4.698999999999996291, 8.064500000000000668, 0.3809999999999946207 ) ) ;
#946 = ORIENTED_EDGE ( 'NONE', *, *, #4259, .F. ) ;
#947 = AXIS2_PLACEMENT_3D ( 'NONE', #3319, #4991, #211 ) ;
#948 = DIRECTION ( 'NONE',  ( -1.000000000000000000, -0.000000000000000000, -0.000000000000000000 ) ) ;
#949 = ADVANCED_FACE ( 'NONE', ( #3271 ), #6388, .F. ) ;
#950 = CARTESIAN_POINT ( 'NONE',  ( -3.809999999999997389, 0.5080000000000000071, 0.7528818102449925664 ) ) ;
#951 = ORIENTED_EDGE ( 'NONE', *, *, #6573, .T. ) ;
#952 = DIRECTION ( 'NONE',  ( 0.000000000000000000, 2.449293598294710852E-16, -1.000000000000000000 ) ) ;
#953 = PRESENTATION_STYLE_ASSIGNMENT (( #855 ) ) ;
#954 = ORIENTED_EDGE ( 'NONE', *, *, #6172, .T. ) ;
#955 = VECTOR ( 'NONE', #4248, 1000.000000000000000 ) ;
#956 = VERTEX_POINT ( 'NONE', #5339 ) ;
#957 = VECTOR ( 'NONE', #5080, 1000.000000000000000 ) ;
#958 = DIRECTION ( 'NONE',  ( -0.000000000000000000, 1.000000000000000000, 1.733406087350420004E-16 ) ) ;
#959 = ORIENTED_EDGE ( 'NONE', *, *, #3673, .F. ) ;
#960 = DIRECTION ( 'NONE',  ( -0.000000000000000000, 1.000000000000000000, 1.733406087350420004E-16 ) ) ;
#961 = FACE_OUTER_BOUND ( 'NONE', #5531, .T. ) ;
#962 = ORIENTED_EDGE ( 'NONE', *, *, #6051, .T. ) ;
#963 = CARTESIAN_POINT ( 'NONE',  ( 6.350000000000003197, 0.5080000000000000071, 0.7528818102449925664 ) ) ;
#964 = MECHANICAL_DESIGN_GEOMETRIC_PRESENTATION_REPRESENTATION (  '', ( #3078 ), #84 ) ;
#965 = ADVANCED_FACE ( 'NONE', ( #2746 ), #6427, .F. ) ;
#966 = VECTOR ( 'NONE', #906, 1000.000000000000000 ) ;
#967 = CARTESIAN_POINT ( 'NONE',  ( 6.350000000000003197, 8.509000000000000341, 1.270000000000001128 ) ) ;
#968 = VECTOR ( 'NONE', #5016, 1000.000000000000000 ) ;
#969 = DIRECTION ( 'NONE',  ( 0.000000000000000000, 1.440069553722777130E-16, -1.000000000000000000 ) ) ;
#970 = VERTEX_POINT ( 'NONE', #2277 ) ;
#971 = LINE ( 'NONE', #3515, #1520 ) ;
#972 = EDGE_LOOP ( 'NONE', ( #753, #3019, #5228, #5182 ) ) ;
#973 = CARTESIAN_POINT ( 'NONE',  ( 11.43000000000000504, 8.509000000000000341, -1.270000000000001128 ) ) ;
#974 = CONTEXT_DEPENDENT_SHAPE_REPRESENTATION ( #6148, #704 ) ;
#975 = VECTOR ( 'NONE', #3518, 1000.000000000000000 ) ;
#976 = CARTESIAN_POINT ( 'NONE',  ( 1.270000000000003793, 2.177422008883992879E-16, -0.8890000000000013447 ) ) ;
#977 = EDGE_CURVE ( 'NONE', #405, #5448, #203, .T. ) ;
#978 = LINE ( 'NONE', #1434, #2971 ) ;
#979 = DIRECTION ( 'NONE',  ( -0.000000000000000000, 0.000000000000000000, -1.000000000000000000 ) ) ;
#980 = EDGE_LOOP ( 'NONE', ( #5287, #1039, #3361, #6375 ) ) ;
#981 = DIRECTION ( 'NONE',  ( 0.000000000000000000, -1.000000000000000000, -2.338910953479677683E-16 ) ) ;
#982 = ORIENTED_EDGE ( 'NONE', *, *, #3723, .T. ) ;
#983 = CARTESIAN_POINT ( 'NONE',  ( 5.905500000000004412, 8.509000000000000341, -0.8255000000000052296 ) ) ;
#984 = EDGE_CURVE ( 'NONE', #6546, #448, #2815, .T. ) ;
#985 = FACE_OUTER_BOUND ( 'NONE', #5253, .T. ) ;
#986 = EDGE_LOOP ( 'NONE', ( #58, #3286, #5733, #2371 ) ) ;
#987 = CARTESIAN_POINT ( 'NONE',  ( 1.270000000000003793, 8.509000000000000341, -1.270000000000001128 ) ) ;
#988 = CARTESIAN_POINT ( 'NONE',  ( 11.43000000000000504, 0.000000000000000000, 1.269999999999998908 ) ) ;
#989 = ORIENTED_EDGE ( 'NONE', *, *, #2418, .T. ) ;
#990 = CARTESIAN_POINT ( 'NONE',  ( -14.22399999999999842, 8.509000000000000341, -1.270000000000001128 ) ) ;
#991 = ORIENTED_EDGE ( 'NONE', *, *, #4547, .F. ) ;
#992 = CARTESIAN_POINT ( 'NONE',  ( -2.920999999999994934, 7.239000000000000767, 0.3809999999999946207 ) ) ;
#993 = ORIENTED_EDGE ( 'NONE', *, *, #3519, .F. ) ;
#994 = CARTESIAN_POINT ( 'NONE',  ( -3.809999999999997389, 0.000000000000000000, 1.269999999999998908 ) ) ;
#995 = LINE ( 'NONE', #2067, #6287 ) ;
#996 = ORIENTED_EDGE ( 'NONE', *, *, #196, .T. ) ;
#997 = PLANE ( 'NONE',  #5643 ) ;
#998 = DIRECTION ( 'NONE',  ( -1.000000000000000000, 0.000000000000000000, 0.000000000000000000 ) ) ;
#999 = ADVANCED_FACE ( 'NONE', ( #6626 ), #6524, .F. ) ;
#1000 = CARTESIAN_POINT ( 'NONE',  ( -13.96999999999999886, 3.110602869834277161E-16, -1.270000000000001128 ) ) ;
#1001 = EDGE_CURVE ( 'NONE', #6750, #3584, #1242, .T. ) ;
#1002 = DIRECTION ( 'NONE',  ( -0.000000000000000000, 1.000000000000000000, 1.733406087350420004E-16 ) ) ;
#1003 = ORIENTED_EDGE ( 'NONE', *, *, #3846, .F. ) ;
#1004 = FACE_OUTER_BOUND ( 'NONE', #1298, .T. ) ;
#1005 = ORIENTED_EDGE ( 'NONE', *, *, #4295, .F. ) ;
#1006 = LINE ( 'NONE', #873, #836 ) ;
#1007 = EDGE_CURVE ( 'NONE', #5465, #2774, #4947, .T. ) ;
#1008 = DIRECTION ( 'NONE',  ( 0.000000000000000000, 0.000000000000000000, 1.000000000000000000 ) ) ;
#1009 = MECHANICAL_DESIGN_GEOMETRIC_PRESENTATION_REPRESENTATION (  '', ( #4128 ), #1130 ) ;
#1010 = DIRECTION ( 'NONE',  ( -1.000000000000000000, -0.000000000000000000, -0.000000000000000000 ) ) ;
#1011 = PLANE ( 'NONE',  #4874 ) ;
#1012 = ORIENTED_EDGE ( 'NONE', *, *, #3626, .T. ) ;
#1013 = PLANE ( 'NONE',  #1753 ) ;
#1014 = ORIENTED_EDGE ( 'NONE', *, *, #1175, .F. ) ;
#1015 = ORIENTED_EDGE ( 'NONE', *, *, #130, .T. ) ;
#1016 = LINE ( 'NONE', #5280, #4823 ) ;
#1017 = DIRECTION ( 'NONE',  ( -0.000000000000000000, 1.000000000000000000, 1.733406087350420004E-16 ) ) ;
#1018 = VERTEX_POINT ( 'NONE', #5583 ) ;
#1019 = LINE ( 'NONE', #2090, #4189 ) ;
#1020 = DIRECTION ( 'NONE',  ( 0.000000000000000000, -0.9659258262890700886, 0.2588190451025140781 ) ) ;
#1021 = VERTEX_POINT ( 'NONE', #1209 ) ;
#1022 = AXIS2_PLACEMENT_3D ( 'NONE', #3942, #3983, #6115 ) ;
#1023 = ORIENTED_EDGE ( 'NONE', *, *, #2380, .F. ) ;
#1024 = VECTOR ( 'NONE', #2257, 1000.000000000000000 ) ;
#1025 = EDGE_CURVE ( 'NONE', #1786, #1269, #4430, .T. ) ;
#1026 = FACE_OUTER_BOUND ( 'NONE', #1374, .T. ) ;
#1027 = ORIENTED_EDGE ( 'NONE', *, *, #4970, .F. ) ;
#1028 = CARTESIAN_POINT ( 'NONE',  ( 0.3810000000000000053, 0.5079999999999997851, 0.2032000000000010465 ) ) ;
#1029 = PRESENTATION_LAYER_ASSIGNMENT (  '', '', ( #1588 ) ) ;
#1030 = CARTESIAN_POINT ( 'NONE',  ( -2.158999999999995811, 8.064500000000000668, 0.3809999999999946207 ) ) ;
#1031 = VECTOR ( 'NONE', #2397, 1000.000000000000000 ) ;
#1032 = EDGE_LOOP ( 'NONE', ( #1673, #1468, #4561, #2692 ) ) ;
#1033 = EDGE_CURVE ( 'NONE', #2586, #3658, #6561, .T. ) ;
#1034 = DIRECTION ( 'NONE',  ( 0.000000000000000000, 1.733406087350420004E-16, -1.000000000000000000 ) ) ;
#1035 = DIRECTION ( 'NONE',  ( 0.000000000000000000, -0.9659258262890699775, -0.2588190451025145222 ) ) ;
#1036 = VECTOR ( 'NONE', #6133, 1000.000000000000000 ) ;
#1037 = DIRECTION ( 'NONE',  ( 0.000000000000000000, -0.9659258262890700886, 0.2588190451025140781 ) ) ;
#1038 = FACE_OUTER_BOUND ( 'NONE', #1718, .T. ) ;
#1039 = ORIENTED_EDGE ( 'NONE', *, *, #4019, .F. ) ;
#1040 = EDGE_CURVE ( 'NONE', #1610, #4373, #3337, .T. ) ;
#1041 = FILL_AREA_STYLE ('',( #4334 ) ) ;
#1042 = AXIS2_PLACEMENT_3D ( 'NONE', #5609, #5740, #5639 ) ;
#1043 = EDGE_LOOP ( 'NONE', ( #5996, #2554, #4401, #6578 ) ) ;
#1044 = DIRECTION ( 'NONE',  ( 0.000000000000000000, 1.000000000000000000, 2.548365665731588345E-16 ) ) ;
#1045 = VECTOR ( 'NONE', #4394, 1000.000000000000000 ) ;
#1046 = DIRECTION ( 'NONE',  ( 0.000000000000000000, 2.449293598294710852E-16, -1.000000000000000000 ) ) ;
#1047 = EDGE_CURVE ( 'NONE', #4476, #2848, #1346, .T. ) ;
#1048 = FACE_OUTER_BOUND ( 'NONE', #2879, .T. ) ;
#1049 = FACE_OUTER_BOUND ( 'NONE', #6592, .T. ) ;
#1050 = VERTEX_POINT ( 'NONE', #3407 ) ;
#1051 = CARTESIAN_POINT ( 'NONE',  ( -11.42999999999999794, 2.177422008883992879E-16, -0.8890000000000013447 ) ) ;
#1052 = ORIENTED_EDGE ( 'NONE', *, *, #3181, .T. ) ;
#1053 = DIRECTION ( 'NONE',  ( 0.000000000000000000, 0.000000000000000000, 1.000000000000000000 ) ) ;
#1054 = CARTESIAN_POINT ( 'NONE',  ( 13.97000000000000419, 8.509000000000000341, 1.270000000000001128 ) ) ;
#1055 = VERTEX_POINT ( 'NONE', #1829 ) ;
#1056 = CARTESIAN_POINT ( 'NONE',  ( -13.96999999999999886, 2.177422008883992879E-16, -0.8890000000000013447 ) ) ;
#1057 = LINE ( 'NONE', #5356, #5871 ) ;
#1058 = VERTEX_POINT ( 'NONE', #4493 ) ;
#1059 = LINE ( 'NONE', #6900, #5883 ) ;
#1060 = VECTOR ( 'NONE', #311, 1000.000000000000000 ) ;
#1061 = ORIENTED_EDGE ( 'NONE', *, *, #5190, .T. ) ;
#1062 = LINE ( 'NONE', #1690, #930 ) ;
#1063 = AXIS2_PLACEMENT_3D ( 'NONE', #1941, #1559, #6217 ) ;
#1064 = ORIENTED_EDGE ( 'NONE', *, *, #2408, .T. ) ;
#1065 = LINE ( 'NONE', #6797, #508 ) ;
#1066 = DIRECTION ( 'NONE',  ( 0.000000000000000000, 1.000000000000000000, 2.548365665731588345E-16 ) ) ;
#1067 = ADVANCED_FACE ( 'NONE', ( #3865 ), #3966, .F. ) ;
#1068 = ORIENTED_EDGE ( 'NONE', *, *, #3924, .T. ) ;
#1069 = CARTESIAN_POINT ( 'NONE',  ( 7.239000000000006096, 7.239000000000000767, 0.3809999999999946207 ) ) ;
#1070 = PLANE ( 'NONE',  #1675 ) ;
#1071 = VECTOR ( 'NONE', #6341, 1000.000000000000000 ) ;
#1072 = DIRECTION ( 'NONE',  ( 0.000000000000000000, 0.000000000000000000, 1.000000000000000000 ) ) ;
#1073 = CARTESIAN_POINT ( 'NONE',  ( 9.779000000000007020, 8.064500000000000668, 0.3809999999999947873 ) ) ;
#1074 = EDGE_CURVE ( 'NONE', #6477, #1356, #5481, .T. ) ;
#1075 = ORIENTED_EDGE ( 'NONE', *, *, #3551, .T. ) ;
#1076 = VECTOR ( 'NONE', #1288, 999.9999999999998863 ) ;
#1077 = VECTOR ( 'NONE', #1949, 1000.000000000000000 ) ;
#1078 = ORIENTED_EDGE ( 'NONE', *, *, #3776, .F. ) ;
#1079 = DIRECTION ( 'NONE',  ( 0.000000000000000000, 0.000000000000000000, 1.000000000000000000 ) ) ;
#1080 = AXIS2_PLACEMENT_3D ( 'NONE', #4887, #1796, #2857 ) ;
#1081 = CARTESIAN_POINT ( 'NONE',  ( -3.809999999999997389, 0.000000000000000000, 0.000000000000000000 ) ) ;
#1082 = CARTESIAN_POINT ( 'NONE',  ( -11.42999999999999794, 8.509000000000000341, -1.270000000000001128 ) ) ;
#1083 = LINE ( 'NONE', #1116, #3960 ) ;
#1084 = EDGE_LOOP ( 'NONE', ( #1832, #1458, #5685, #1206 ) ) ;
#1085 = LINE ( 'NONE', #1153, #5208 ) ;
#1086 = VECTOR ( 'NONE', #5986, 1000.000000000000000 ) ;
#1087 = ORIENTED_EDGE ( 'NONE', *, *, #193, .F. ) ;
#1088 = PRODUCT_DEFINITION_SHAPE ( 'NONE', 'NONE',  #6915 ) ;
#1089 = EDGE_CURVE ( 'NONE', #2523, #3892, #728, .T. ) ;
#1090 = CARTESIAN_POINT ( 'NONE',  ( -3.809999999999997389, 0.5080000000000000071, 0.7528818102449925664 ) ) ;
#1091 = LINE ( 'NONE', #3699, #5728 ) ;
#1092 = ORIENTED_EDGE ( 'NONE', *, *, #532, .T. ) ;
#1093 = DIRECTION ( 'NONE',  ( 0.000000000000000000, 1.440069553722777130E-16, -1.000000000000000000 ) ) ;
#1094 = CARTESIAN_POINT ( 'NONE',  ( -13.96999999999999886, 0.000000000000000000, 1.269999999999998908 ) ) ;
#1095 = ORIENTED_EDGE ( 'NONE', *, *, #4953, .T. ) ;
#1096 = DIRECTION ( 'NONE',  ( 0.000000000000000000, 0.000000000000000000, 1.000000000000000000 ) ) ;
#1097 = ORIENTED_EDGE ( 'NONE', *, *, #4634, .T. ) ;
#1098 = ADVANCED_FACE ( 'NONE', ( #2312 ), #4461, .F. ) ;
#1099 = CARTESIAN_POINT ( 'NONE',  ( 14.22399999999999842, 2.177422008883992879E-16, -0.8890000000000013447 ) ) ;
#1100 = ORIENTED_EDGE ( 'NONE', *, *, #2234, .F. ) ;
#1101 = CARTESIAN_POINT ( 'NONE',  ( -6.349999999999996980, 8.509000000000000341, -1.270000000000001128 ) ) ;
#1102 = EDGE_CURVE ( 'NONE', #3658, #3089, #1869, .T. ) ;
#1103 = CARTESIAN_POINT ( 'NONE',  ( 8.890000000000004121, 0.5080000000000000071, 0.7528818102449925664 ) ) ;
#1104 = EDGE_LOOP ( 'NONE', ( #982, #4585, #723, #2608 ) ) ;
#1105 = CARTESIAN_POINT ( 'NONE',  ( 0.000000000000000000, 7.239000000000000767, -2.201425730935033664E-16 ) ) ;
#1106 = LINE ( 'NONE', #551, #5471 ) ;
#1107 = LINE ( 'NONE', #2783, #1478 ) ;
#1108 = DIRECTION ( 'NONE',  ( 0.5773502691896252870, -0.5773502691896252870, -0.5773502691896267303 ) ) ;
#1109 = ORIENTED_EDGE ( 'NONE', *, *, #1424, .F. ) ;
#1110 = SURFACE_STYLE_USAGE ( .BOTH. , #6392 ) ;
#1111 = VERTEX_POINT ( 'NONE', #5617 ) ;
#1112 = DIRECTION ( 'NONE',  ( 0.000000000000000000, 0.000000000000000000, -1.000000000000000000 ) ) ;
#1113 = EDGE_CURVE ( 'NONE', #4312, #6013, #4003, .T. ) ;
#1114 = CARTESIAN_POINT ( 'NONE',  ( 13.08100000000000662, 7.239000000000000767, 0.3809999999999946207 ) ) ;
#1115 = FACE_OUTER_BOUND ( 'NONE', #6698, .T. ) ;
#1116 = CARTESIAN_POINT ( 'NONE',  ( -3.809999999999997389, 2.177422008883992879E-16, -0.8890000000000013447 ) ) ;
#1117 = VERTEX_POINT ( 'NONE', #3473 ) ;
#1118 = LINE ( 'NONE', #5942, #6454 ) ;
#1119 = ORIENTED_EDGE ( 'NONE', *, *, #6512, .F. ) ;
#1120 = LINE ( 'NONE', #5425, #4262 ) ;
#1121 = UNCERTAINTY_MEASURE_WITH_UNIT (LENGTH_MEASURE( 1.000000000000000082E-05 ), #3326, 'distance_accuracy_value', 'NONE');
#1122 = EDGE_LOOP ( 'NONE', ( #6266, #1564, #5348, #1014 ) ) ;
#1123 = DIRECTION ( 'NONE',  ( 0.000000000000000000, 0.000000000000000000, 1.000000000000000000 ) ) ;
#1124 = DIRECTION ( 'NONE',  ( 0.000000000000000000, 0.9659258262890700886, -0.2588190451025140781 ) ) ;
#1125 = ORIENTED_EDGE ( 'NONE', *, *, #2200, .T. ) ;
#1126 = EDGE_CURVE ( 'NONE', #1428, #6192, #829, .T. ) ;
#1127 = CARTESIAN_POINT ( 'NONE',  ( -14.22399999999999842, 0.5080000000000002292, -0.7528818102449945648 ) ) ;
#1128 = ORIENTED_EDGE ( 'NONE', *, *, #4304, .F. ) ;
#1129 =( LENGTH_UNIT ( ) NAMED_UNIT ( * ) SI_UNIT ( .MILLI., .METRE. ) );
#1130 =( GEOMETRIC_REPRESENTATION_CONTEXT ( 3 ) GLOBAL_UNCERTAINTY_ASSIGNED_CONTEXT ( ( #3842 ) ) GLOBAL_UNIT_ASSIGNED_CONTEXT ( ( #1129, #5817, #5327 ) ) REPRESENTATION_CONTEXT ( 'NONE', 'WORKASPACE' ) );
#1131 = DIRECTION ( 'NONE',  ( 0.000000000000000000, 0.000000000000000000, 1.000000000000000000 ) ) ;
#1132 = EDGE_LOOP ( 'NONE', ( #1777, #2202, #4531, #4689 ) ) ;
#1133 = LINE ( 'NONE', #4254, #2373 ) ;
#1134 = CARTESIAN_POINT ( 'NONE',  ( -7.492999999999994998, 7.810500000000000220, -0.1270000000000037488 ) ) ;
#1135 = CARTESIAN_POINT ( 'NONE',  ( -1.714499999999995472, 8.509000000000000341, 0.8254999999999963478 ) ) ;
#1136 = VERTEX_POINT ( 'NONE', #689 ) ;
#1137 = EDGE_CURVE ( 'NONE', #4106, #2523, #4629, .T. ) ;
#1138 = PLANE ( 'NONE',  #3616 ) ;
#1139 = VECTOR ( 'NONE', #3629, 1000.000000000000114 ) ;
#1140 = CARTESIAN_POINT ( 'NONE',  ( 12.31900000000000617, 7.239000000000000767, 0.3809999999999946207 ) ) ;
#1141 = FACE_OUTER_BOUND ( 'NONE', #4309, .T. ) ;
#1142 = CARTESIAN_POINT ( 'NONE',  ( -0.3809999999999941767, 8.064500000000000668, 0.3809999999999946207 ) ) ;
#1143 = EDGE_LOOP ( 'NONE', ( #5874, #4904, #6785, #4832 ) ) ;
#1144 = FACE_OUTER_BOUND ( 'NONE', #5005, .T. ) ;
#1145 = DIRECTION ( 'NONE',  ( -0.000000000000000000, 0.000000000000000000, -1.000000000000000000 ) ) ;
#1146 = VECTOR ( 'NONE', #5624, 1000.000000000000000 ) ;
#1147 = DIRECTION ( 'NONE',  ( -0.000000000000000000, 1.000000000000000000, 1.733406087350420004E-16 ) ) ;
#1148 = VECTOR ( 'NONE', #239, 1000.000000000000000 ) ;
#1149 = CARTESIAN_POINT ( 'NONE',  ( -7.238999999999996326, 7.239000000000000767, 0.3809999999999946207 ) ) ;
#1150 = CARTESIAN_POINT ( 'NONE',  ( 1.270000000000002016, 0.000000000000000000, 1.269999999999998908 ) ) ;
#1151 = ADVANCED_FACE ( 'NONE', ( #6762 ), #6169, .T. ) ;
#1152 = ORIENTED_EDGE ( 'NONE', *, *, #6286, .F. ) ;
#1153 = CARTESIAN_POINT ( 'NONE',  ( -3.809999999999997389, 8.509000000000000341, 1.270000000000001128 ) ) ;
#1154 = ORIENTED_EDGE ( 'NONE', *, *, #2234, .T. ) ;
#1155 = AXIS2_PLACEMENT_3D ( 'NONE', #4010, #802, #2929 ) ;
#1156 = CARTESIAN_POINT ( 'NONE',  ( 6.350000000000003197, 0.5080000000000002292, -0.7528818102449945648 ) ) ;
#1157 = ORIENTED_EDGE ( 'NONE', *, *, #5666, .T. ) ;
#1158 = CARTESIAN_POINT ( 'NONE',  ( 10.98550000000000537, 8.509000000000000341, -0.8255000000000052296 ) ) ;
#1159 = VECTOR ( 'NONE', #4738, 1000.000000000000000 ) ;
#1160 = CARTESIAN_POINT ( 'NONE',  ( 13.96999999999999886, 0.000000000000000000, 1.269999999999998908 ) ) ;
#1161 = ADVANCED_FACE ( 'NONE', ( #6238 ), #4068, .F. ) ;
#1162 = VERTEX_POINT ( 'NONE', #1446 ) ;
#1163 = CARTESIAN_POINT ( 'NONE',  ( 3.810000000000002718, 0.5080000000000002292, -0.7528818102449945648 ) ) ;
#1164 = ORIENTED_EDGE ( 'NONE', *, *, #5981, .T. ) ;
#1165 = EDGE_CURVE ( 'NONE', #6248, #3491, #332, .T. ) ;
#1166 = LINE ( 'NONE', #5291, #6176 ) ;
#1167 = ORIENTED_EDGE ( 'NONE', *, *, #2506, .T. ) ;
#1168 = VECTOR ( 'NONE', #4608, 1000.000000000000000 ) ;
#1169 = CARTESIAN_POINT ( 'NONE',  ( -8.889999999999998792, 0.5080000000000002292, -0.7528818102449945648 ) ) ;
#1170 = CARTESIAN_POINT ( 'NONE',  ( 6.350000000000003197, -1.925929944387235853E-31, 0.8889999999999991243 ) ) ;
#1171 = ORIENTED_EDGE ( 'NONE', *, *, #5911, .T. ) ;
#1172 = EDGE_CURVE ( 'NONE', #2433, #6610, #6726, .T. ) ;
#1173 = LINE ( 'NONE', #617, #6198 ) ;
#1174 = CARTESIAN_POINT ( 'NONE',  ( 7.239000000000006096, 8.064500000000000668, 0.3809999999999947873 ) ) ;
#1175 = EDGE_CURVE ( 'NONE', #1325, #1436, #3601, .T. ) ;
#1176 = VECTOR ( 'NONE', #4244, 1000.000000000000000 ) ;
#1177 = CARTESIAN_POINT ( 'NONE',  ( 3.810000000000002718, 3.110602869834277161E-16, -1.270000000000001128 ) ) ;
#1178 = CARTESIAN_POINT ( 'NONE',  ( 11.43000000000000504, 3.110602869834277161E-16, -1.270000000000001128 ) ) ;
#1179 = ORIENTED_EDGE ( 'NONE', *, *, #2673, .F. ) ;
#1180 = DIRECTION ( 'NONE',  ( 0.5773502691896253980, 0.5773502691896253980, -0.5773502691896266192 ) ) ;
#1181 = AXIS2_PLACEMENT_3D ( 'NONE', #6373, #3562, #5705 ) ;
#1182 = CARTESIAN_POINT ( 'NONE',  ( -11.42999999999999794, 3.110602869834277161E-16, -1.270000000000001128 ) ) ;
#1183 = AXIS2_PLACEMENT_3D ( 'NONE', #3873, #1877, #5099 ) ;
#1184 = COLOUR_RGB ( '',0.2509803921568627416, 0.2509803921568627416, 0.2509803921568627416 ) ;
#1185 = DIRECTION ( 'NONE',  ( 0.000000000000000000, -1.000000000000000000, -0.000000000000000000 ) ) ;
#1186 = PLANE ( 'NONE',  #947 ) ;
#1187 = ORIENTED_EDGE ( 'NONE', *, *, #1266, .T. ) ;
#1188 = CARTESIAN_POINT ( 'NONE',  ( 4.699000000000005173, 8.064500000000000668, -0.3810000000000040021 ) ) ;
#1189 = ORIENTED_EDGE ( 'NONE', *, *, #4927, .F. ) ;
#1190 = VECTOR ( 'NONE', #3293, 1000.000000000000000 ) ;
#1191 = AXIS2_PLACEMENT_3D ( 'NONE', #3524, #4123, #2439 ) ;
#1192 = EDGE_CURVE ( 'NONE', #5054, #970, #3052, .T. ) ;
#1193 = LINE ( 'NONE', #1750, #4377 ) ;
#1194 = PRODUCT_DEFINITION_CONTEXT ( 'detailed design', #5930, 'design' ) ;
#1195 = VECTOR ( 'NONE', #1951, 1000.000000000000000 ) ;
#1196 = ORIENTED_EDGE ( 'NONE', *, *, #3907, .T. ) ;
#1197 = LINE ( 'NONE', #4271, #4314 ) ;
#1198 = ORIENTED_EDGE ( 'NONE', *, *, #1730, .T. ) ;
#1199 = CARTESIAN_POINT ( 'NONE',  ( -1.269999999999996909, 0.5080000000000000071, 0.7528818102449925664 ) ) ;
#1200 = EDGE_LOOP ( 'NONE', ( #635, #323, #5038, #3945 ) ) ;
#1201 = EDGE_CURVE ( 'NONE', #4663, #4184, #1416, .T. ) ;
#1202 = LINE ( 'NONE', #1268, #1921 ) ;
#1203 = VERTEX_POINT ( 'NONE', #4135 ) ;
#1204 = FACE_OUTER_BOUND ( 'NONE', #392, .T. ) ;
#1205 = LINE ( 'NONE', #5510, #1616 ) ;
#1206 = ORIENTED_EDGE ( 'NONE', *, *, #4405, .F. ) ;
#1207 = CARTESIAN_POINT ( 'NONE',  ( -1.269999999999996909, 0.5080000000000000071, 0.7528818102449925664 ) ) ;
#1208 = PRODUCT_DEFINITION ( 'UNKNOWN', '', #2458, #2940 ) ;
#1209 = CARTESIAN_POINT ( 'NONE',  ( 13.08100000000000662, 8.064500000000000668, 0.3809999999999947873 ) ) ;
#1210 = LINE ( 'NONE', #1142, #2715 ) ;
#1211 = VERTEX_POINT ( 'NONE', #4696 ) ;
#1212 = FACE_OUTER_BOUND ( 'NONE', #596, .T. ) ;
#1213 = LINE ( 'NONE', #5555, #1060 ) ;
#1214 = EDGE_CURVE ( 'NONE', #5511, #5341, #365, .T. ) ;
#1215 = ADVANCED_FACE ( 'NONE', ( #2526, #2453 ), #893, .F. ) ;
#1216 = DIRECTION ( 'NONE',  ( 0.000000000000000000, -1.000000000000000000, -2.548365665731588345E-16 ) ) ;
#1217 = DIRECTION ( 'NONE',  ( 0.000000000000000000, -5.054934237236841843E-31, -1.000000000000000000 ) ) ;
#1218 = DIRECTION ( 'NONE',  ( 0.000000000000000000, 1.000000000000000000, -5.054934237236841843E-31 ) ) ;
#1219 = DIRECTION ( 'NONE',  ( -1.000000000000000000, -0.000000000000000000, -0.000000000000000000 ) ) ;
#1220 = EDGE_LOOP ( 'NONE', ( #3324, #5429, #3639, #3652 ) ) ;
#1221 = DIRECTION ( 'NONE',  ( 0.000000000000000000, 0.000000000000000000, -1.000000000000000000 ) ) ;
#1222 = EDGE_CURVE ( 'NONE', #3423, #446, #5650, .T. ) ;
#1223 = DIRECTION ( 'NONE',  ( 0.000000000000000000, 1.000000000000000000, -5.054934237236841843E-31 ) ) ;
#1224 = VECTOR ( 'NONE', #1669, 1000.000000000000000 ) ;
#1225 = LINE ( 'NONE', #2725, #1799 ) ;
#1226 = ORIENTED_EDGE ( 'NONE', *, *, #6472, .F. ) ;
#1227 = VECTOR ( 'NONE', #3598, 1000.000000000000000 ) ;
#1228 = LINE ( 'NONE', #3355, #5979 ) ;
#1229 = ORIENTED_EDGE ( 'NONE', *, *, #6903, .F. ) ;
#1230 = CARTESIAN_POINT ( 'NONE',  ( -1.269999999999996909, 0.5080000000000000071, 0.7528818102449925664 ) ) ;
#1231 = EDGE_LOOP ( 'NONE', ( #3545, #6727, #3980, #6025 ) ) ;
#1232 = DIRECTION ( 'NONE',  ( 0.000000000000000000, -1.000000000000000000, -2.548365665731588345E-16 ) ) ;
#1233 = VERTEX_POINT ( 'NONE', #1483 ) ;
#1234 = DIRECTION ( 'NONE',  ( 1.000000000000000000, 0.000000000000000000, 0.000000000000000000 ) ) ;
#1235 = CARTESIAN_POINT ( 'NONE',  ( 11.43000000000000504, 0.5080000000000000071, 0.7528818102449925664 ) ) ;
#1236 = ORIENTED_EDGE ( 'NONE', *, *, #5318, .F. ) ;
#1237 = ORIENTED_EDGE ( 'NONE', *, *, #3886, .F. ) ;
#1238 = ADVANCED_FACE ( 'NONE', ( #3088 ), #4592, .F. ) ;
#1239 = CARTESIAN_POINT ( 'NONE',  ( 6.350000000000003197, -1.925929944387235853E-31, 0.8889999999999991243 ) ) ;
#1240 = PRODUCT ( 'NPTC111LFBN-RC', 'NPTC111LFBN-RC', '', ( #5596 ) ) ;
#1241 = AXIS2_PLACEMENT_3D ( 'NONE', #2937, #810, #3295 ) ;
#1242 = LINE ( 'NONE', #6062, #4388 ) ;
#1243 = CARTESIAN_POINT ( 'NONE',  ( 14.22399999999999842, 2.177422008883992879E-16, -0.8890000000000013447 ) ) ;
#1244 = ORIENTED_EDGE ( 'NONE', *, *, #5701, .T. ) ;
#1245 = CARTESIAN_POINT ( 'NONE',  ( 8.445500000000004448, 8.509000000000000341, -1.270000000000001128 ) ) ;
#1246 = DIRECTION ( 'NONE',  ( 0.000000000000000000, -1.000000000000000000, -2.548365665731588345E-16 ) ) ;
#1247 = VECTOR ( 'NONE', #1986, 1000.000000000000000 ) ;
#1248 = EDGE_CURVE ( 'NONE', #2463, #3082, #1521, .T. ) ;
#1249 = DIRECTION ( 'NONE',  ( -1.000000000000000000, 0.000000000000000000, 0.000000000000000000 ) ) ;
#1250 = CARTESIAN_POINT ( 'NONE',  ( -11.87449999999999584, 8.509000000000000341, 0.8254999999999963478 ) ) ;
#1251 = AXIS2_PLACEMENT_3D ( 'NONE', #5695, #451, #3031 ) ;
#1252 = DIRECTION ( 'NONE',  ( -1.000000000000000000, -0.000000000000000000, -0.000000000000000000 ) ) ;
#1253 = ORIENTED_EDGE ( 'NONE', *, *, #1516, .T. ) ;
#1254 = CARTESIAN_POINT ( 'NONE',  ( 6.350000000000003197, 0.5080000000000002292, -0.7528818102449945648 ) ) ;
#1255 = ORIENTED_EDGE ( 'NONE', *, *, #4187, .T. ) ;
#1256 = VECTOR ( 'NONE', #2889, 1000.000000000000000 ) ;
#1257 = LINE ( 'NONE', #6117, #4040 ) ;
#1258 = VERTEX_POINT ( 'NONE', #5787 ) ;
#1259 = DIRECTION ( 'NONE',  ( 0.000000000000000000, 1.000000000000000000, -5.054934237236841843E-31 ) ) ;
#1260 = DIRECTION ( 'NONE',  ( 0.000000000000000000, 0.000000000000000000, 1.000000000000000000 ) ) ;
#1261 = ORIENTED_EDGE ( 'NONE', *, *, #5251, .F. ) ;
#1262 = DIRECTION ( 'NONE',  ( -1.000000000000000000, 0.000000000000000000, 0.000000000000000000 ) ) ;
#1263 = EDGE_CURVE ( 'NONE', #296, #1603, #3121, .T. ) ;
#1264 = VECTOR ( 'NONE', #3195, 1000.000000000000000 ) ;
#1265 = VERTEX_POINT ( 'NONE', #4564 ) ;
#1266 = EDGE_CURVE ( 'NONE', #1991, #446, #6696, .T. ) ;
#1267 = AXIS2_PLACEMENT_3D ( 'NONE', #4462, #2347, #3408 ) ;
#1268 = CARTESIAN_POINT ( 'NONE',  ( -1.269999999999996909, 3.110602869834277161E-16, -1.270000000000001128 ) ) ;
#1269 = VERTEX_POINT ( 'NONE', #1898 ) ;
#1270 = LINE ( 'NONE', #3436, #515 ) ;
#1271 = VERTEX_POINT ( 'NONE', #5120 ) ;
#1272 = VERTEX_POINT ( 'NONE', #1378 ) ;
#1273 = LINE ( 'NONE', #164, #2329 ) ;
#1274 = VECTOR ( 'NONE', #3674, 1000.000000000000000 ) ;
#1275 = AXIS2_PLACEMENT_3D ( 'NONE', #4497, #4987, #5056 ) ;
#1276 = EDGE_CURVE ( 'NONE', #5082, #3760, #3505, .T. ) ;
#1277 = CARTESIAN_POINT ( 'NONE',  ( -0.8254999999999946825, 8.509000000000000341, -1.270000000000001128 ) ) ;
#1278 = STYLED_ITEM ( 'NONE', ( #4522 ), #2717 ) ;
#1279 = CARTESIAN_POINT ( 'NONE',  ( 2.159000000000004693, 8.064500000000000668, -0.3810000000000040021 ) ) ;
#1280 = ORIENTED_EDGE ( 'NONE', *, *, #6481, .T. ) ;
#1281 = PLANE ( 'NONE',  #4984 ) ;
#1282 = DIRECTION ( 'NONE',  ( 0.000000000000000000, -1.000000000000000000, 0.000000000000000000 ) ) ;
#1283 = AXIS2_PLACEMENT_3D ( 'NONE', #4073, #1453, #1902 ) ;
#1284 = EDGE_CURVE ( 'NONE', #4818, #88, #1062, .T. ) ;
#1285 = LINE ( 'NONE', #1352, #812 ) ;
#1286 = CARTESIAN_POINT ( 'NONE',  ( 3.810000000000002718, 0.5080000000000002292, -0.7528818102449945648 ) ) ;
#1287 = VECTOR ( 'NONE', #4542, 1000.000000000000000 ) ;
#1288 = DIRECTION ( 'NONE',  ( 0.5773502691896252870, -0.5773502691896252870, -0.5773502691896267303 ) ) ;
#1289 =( GEOMETRIC_REPRESENTATION_CONTEXT ( 3 ) GLOBAL_UNCERTAINTY_ASSIGNED_CONTEXT ( ( #1683 ) ) GLOBAL_UNIT_ASSIGNED_CONTEXT ( ( #3499, #462, #1962 ) ) REPRESENTATION_CONTEXT ( 'NONE', 'WORKASPACE' ) );
#1290 = DIRECTION ( 'NONE',  ( 0.000000000000000000, -5.054934237236841843E-31, -1.000000000000000000 ) ) ;
#1291 = ORIENTED_EDGE ( 'NONE', *, *, #1740, .T. ) ;
#1292 = CARTESIAN_POINT ( 'NONE',  ( 8.890000000000004121, -1.925929944387235853E-31, 0.8889999999999991243 ) ) ;
#1293 = CARTESIAN_POINT ( 'NONE',  ( -13.08099999999999596, 8.064500000000000668, -0.3810000000000040021 ) ) ;
#1294 = APPLICATION_PROTOCOL_DEFINITION ( 'draft international standard', 'automotive_design', 1998, #1602 ) ;
#1295 = AXIS2_PLACEMENT_3D ( 'NONE', #1398, #186, #2438 ) ;
#1296 = FACE_OUTER_BOUND ( 'NONE', #3428, .T. ) ;
#1297 = ADVANCED_FACE ( 'NONE', ( #1026 ), #3261, .F. ) ;
#1298 = EDGE_LOOP ( 'NONE', ( #6891, #795, #4651, #1196 ) ) ;
#1299 = DIRECTION ( 'NONE',  ( 0.000000000000000000, -0.9659258262890700886, 0.2588190451025140781 ) ) ;
#1300 = PRODUCT_DEFINITION_SHAPE ( 'NONE', 'NONE',  #2217 ) ;
#1301 = ORIENTED_EDGE ( 'NONE', *, *, #3679, .T. ) ;
#1302 = LINE ( 'NONE', #1365, #5556 ) ;
#1303 = VECTOR ( 'NONE', #3761, 1000.000000000000000 ) ;
#1304 = VECTOR ( 'NONE', #6782, 1000.000000000000000 ) ;
#1305 = ORIENTED_EDGE ( 'NONE', *, *, #2850, .T. ) ;
#1306 = EDGE_CURVE ( 'NONE', #3792, #6382, #5922, .T. ) ;
#1307 = VECTOR ( 'NONE', #3477, 1000.000000000000000 ) ;
#1308 = FACE_OUTER_BOUND ( 'NONE', #14, .T. ) ;
#1309 = ORIENTED_EDGE ( 'NONE', *, *, #4074, .F. ) ;
#1310 = CARTESIAN_POINT ( 'NONE',  ( -6.349999999999996980, 0.5080000000000002292, -0.7528818102449945648 ) ) ;
#1311 = ORIENTED_EDGE ( 'NONE', *, *, #4376, .F. ) ;
#1312 = ORIENTED_EDGE ( 'NONE', *, *, #3784, .T. ) ;
#1313 = CARTESIAN_POINT ( 'NONE',  ( 1.270000000000003793, 0.5080000000000000071, 0.7528818102449925664 ) ) ;
#1314 = VECTOR ( 'NONE', #4553, 1000.000000000000000 ) ;
#1315 = ADVANCED_FACE ( 'NONE', ( #1585 ), #2668, .F. ) ;
#1316 = DIRECTION ( 'NONE',  ( 0.000000000000000000, -1.000000000000000000, 0.000000000000000000 ) ) ;
#1317 = FACE_OUTER_BOUND ( 'NONE', #5343, .T. ) ;
#1318 = ORIENTED_EDGE ( 'NONE', *, *, #4295, .T. ) ;
#1319 = DIRECTION ( 'NONE',  ( 0.000000000000000000, -1.000000000000000000, -2.548365665731588345E-16 ) ) ;
#1320 = DIRECTION ( 'NONE',  ( 0.000000000000000000, 0.000000000000000000, 1.000000000000000000 ) ) ;
#1321 = DIRECTION ( 'NONE',  ( 0.000000000000000000, 0.000000000000000000, -1.000000000000000000 ) ) ;
#1322 = LINE ( 'NONE', #3418, #4617 ) ;
#1323 = CARTESIAN_POINT ( 'NONE',  ( 11.43000000000000504, 8.509000000000000341, -0.8255000000000052296 ) ) ;
#1324 = CARTESIAN_POINT ( 'NONE',  ( -0.1269999999999951723, 7.810500000000000220, -0.1270000000000037488 ) ) ;
#1325 = VERTEX_POINT ( 'NONE', #5330 ) ;
#1326 = DIRECTION ( 'NONE',  ( 0.000000000000000000, 1.000000000000000000, 2.548365665731588345E-16 ) ) ;
#1327 = CARTESIAN_POINT ( 'NONE',  ( -10.54099999999999504, 7.239000000000000767, 0.3809999999999946207 ) ) ;
#1328 = PRODUCT_CONTEXT ( 'NONE', #1731, 'mechanical' ) ;
#1329 = ADVANCED_FACE ( 'NONE', ( #4242 ), #3228, .F. ) ;
#1330 = CARTESIAN_POINT ( 'NONE',  ( 3.365500000000003933, 8.509000000000000341, 0.8254999999999963478 ) ) ;
#1331 = ORIENTED_EDGE ( 'NONE', *, *, #6220, .T. ) ;
#1332 = CARTESIAN_POINT ( 'NONE',  ( 8.890000000000004121, 2.177422008883992879E-16, -0.8890000000000013447 ) ) ;
#1333 = CARTESIAN_POINT ( 'NONE',  ( -13.08099999999999596, 7.239000000000000767, -0.3810000000000041687 ) ) ;
#1334 = VERTEX_POINT ( 'NONE', #3747 ) ;
#1335 = CARTESIAN_POINT ( 'NONE',  ( -3.809999999999997389, 0.000000000000000000, 1.269999999999998908 ) ) ;
#1336 = VERTEX_POINT ( 'NONE', #3156 ) ;
#1337 = EDGE_CURVE ( 'NONE', #366, #6274, #5397, .T. ) ;
#1338 = CARTESIAN_POINT ( 'NONE',  ( 0.3810000000000046128, 8.064500000000000668, 0.3809999999999946207 ) ) ;
#1339 = ORIENTED_EDGE ( 'NONE', *, *, #1376, .T. ) ;
#1340 = DIRECTION ( 'NONE',  ( 0.000000000000000000, 1.440069553722777130E-16, -1.000000000000000000 ) ) ;
#1341 = FILL_AREA_STYLE ('',( #2808 ) ) ;
#1342 = VERTEX_POINT ( 'NONE', #6418 ) ;
#1343 = VERTEX_POINT ( 'NONE', #18 ) ;
#1344 = CARTESIAN_POINT ( 'NONE',  ( -8.000999999999994117, 7.239000000000000767, 0.3809999999999946207 ) ) ;
#1345 = VECTOR ( 'NONE', #5680, 1000.000000000000000 ) ;
#1346 = LINE ( 'NONE', #1733, #5161 ) ;
#1347 = CARTESIAN_POINT ( 'NONE',  ( -6.349999999999996980, 0.5080000000000000071, 0.7528818102449925664 ) ) ;
#1348 = EDGE_LOOP ( 'NONE', ( #133, #2086, #6307, #2748 ) ) ;
#1349 = CARTESIAN_POINT ( 'NONE',  ( -14.22399999999999842, 2.177422008883992879E-16, -0.8890000000000013447 ) ) ;
#1350 = LINE ( 'NONE', #3932, #4299 ) ;
#1351 = PRESENTATION_LAYER_ASSIGNMENT (  '', '', ( #4128 ) ) ;
#1352 = CARTESIAN_POINT ( 'NONE',  ( 7.239000000000006096, 7.239000000000000767, 0.3809999999999946207 ) ) ;
#1353 = FACE_OUTER_BOUND ( 'NONE', #4798, .T. ) ;
#1354 = FACE_OUTER_BOUND ( 'NONE', #4625, .T. ) ;
#1355 = CARTESIAN_POINT ( 'NONE',  ( -13.96999999999999886, 0.5080000000000000071, 0.7528818102449925664 ) ) ;
#1356 = VERTEX_POINT ( 'NONE', #6347 ) ;
#1357 = LINE ( 'NONE', #4047, #1868 ) ;
#1358 = CONTEXT_DEPENDENT_SHAPE_REPRESENTATION ( #4099, #236 ) ;
#1359 = CARTESIAN_POINT ( 'NONE',  ( -11.87449999999999584, 8.509000000000000341, -1.270000000000001128 ) ) ;
#1360 = MECHANICAL_DESIGN_GEOMETRIC_PRESENTATION_REPRESENTATION (  '', ( #3581 ), #5504 ) ;
#1361 = EDGE_CURVE ( 'NONE', #1265, #6895, #6378, .T. ) ;
#1362 = DIRECTION ( 'NONE',  ( -0.000000000000000000, 1.000000000000000000, 1.733406087350420004E-16 ) ) ;
#1363 = CARTESIAN_POINT ( 'NONE',  ( -7.238999999999996326, 8.064500000000000668, 0.3809999999999947873 ) ) ;
#1364 = ORIENTED_EDGE ( 'NONE', *, *, #6728, .T. ) ;
#1365 = CARTESIAN_POINT ( 'NONE',  ( 6.350000000000003197, 8.509000000000000341, 1.270000000000001128 ) ) ;
#1366 = VERTEX_POINT ( 'NONE', #5855 ) ;
#1367 = AXIS2_PLACEMENT_3D ( 'NONE', #268, #5550, #2920 ) ;
#1368 = EDGE_CURVE ( 'NONE', #1786, #6112, #93, .T. ) ;
#1369 = DIRECTION ( 'NONE',  ( -0.000000000000000000, 1.000000000000000000, 1.440069553722777130E-16 ) ) ;
#1370 = VERTEX_POINT ( 'NONE', #545 ) ;
#1371 = DIRECTION ( 'NONE',  ( 1.000000000000000000, 0.000000000000000000, -0.000000000000000000 ) ) ;
#1372 = VECTOR ( 'NONE', #6371, 1000.000000000000000 ) ;
#1373 = VERTEX_POINT ( 'NONE', #6483 ) ;
#1374 = EDGE_LOOP ( 'NONE', ( #3186, #6195, #1736, #2610 ) ) ;
#1375 = DIRECTION ( 'NONE',  ( -1.000000000000000000, -0.000000000000000000, -0.000000000000000000 ) ) ;
#1376 = EDGE_CURVE ( 'NONE', #1436, #1342, #611, .T. ) ;
#1377 = VECTOR ( 'NONE', #132, 1000.000000000000000 ) ;
#1378 = CARTESIAN_POINT ( 'NONE',  ( -6.349999999999997868, -1.925929944387235853E-31, 0.8889999999999991243 ) ) ;
#1379 = EDGE_CURVE ( 'NONE', #6840, #1547, #1166, .T. ) ;
#1380 = DIRECTION ( 'NONE',  ( 0.000000000000000000, 0.000000000000000000, 1.000000000000000000 ) ) ;
#1381 = ORIENTED_EDGE ( 'NONE', *, *, #6346, .F. ) ;
#1382 = CARTESIAN_POINT ( 'NONE',  ( 3.810000000000002718, 8.509000000000000341, 1.270000000000001128 ) ) ;
#1383 = DIRECTION ( 'NONE',  ( 0.000000000000000000, -1.000000000000000000, -1.733406087350420004E-16 ) ) ;
#1384 = EDGE_CURVE ( 'NONE', #4243, #4058, #2128, .T. ) ;
#1385 = EDGE_CURVE ( 'NONE', #616, #3350, #57, .T. ) ;
#1386 = DIRECTION ( 'NONE',  ( -1.000000000000000000, 0.000000000000000000, 0.000000000000000000 ) ) ;
#1387 = FACE_OUTER_BOUND ( 'NONE', #2629, .T. ) ;
#1388 = VECTOR ( 'NONE', #1499, 1000.000000000000114 ) ;
#1389 = CARTESIAN_POINT ( 'NONE',  ( 1.270000000000003793, 8.509000000000000341, 1.270000000000001128 ) ) ;
#1390 = CARTESIAN_POINT ( 'NONE',  ( 3.810000000000002718, 8.509000000000000341, 1.270000000000001128 ) ) ;
#1391 = VERTEX_POINT ( 'NONE', #2166 ) ;
#1392 = CARTESIAN_POINT ( 'NONE',  ( 14.22399999999999842, 3.110602869834277161E-16, -1.270000000000001128 ) ) ;
#1393 = VECTOR ( 'NONE', #4559, 1000.000000000000000 ) ;
#1394 = EDGE_CURVE ( 'NONE', #3099, #4273, #4320, .T. ) ;
#1395 = DIRECTION ( 'NONE',  ( -0.000000000000000000, 1.000000000000000000, 1.733406087350420004E-16 ) ) ;
#1396 = AXIS2_PLACEMENT_3D ( 'NONE', #4846, #2101, #6489 ) ;
#1397 = EDGE_CURVE ( 'NONE', #4893, #5511, #3298, .T. ) ;
#1398 = CARTESIAN_POINT ( 'NONE',  ( -0.3809999999999941767, 7.239000000000000767, 0.3809999999999946207 ) ) ;
#1399 = FACE_OUTER_BOUND ( 'NONE', #4861, .T. ) ;
#1400 = VERTEX_POINT ( 'NONE', #4212 ) ;
#1401 = CARTESIAN_POINT ( 'NONE',  ( -1.269999999999996909, 3.110602869834277161E-16, -1.270000000000001128 ) ) ;
#1402 = ORIENTED_EDGE ( 'NONE', *, *, #6534, .T. ) ;
#1403 = VECTOR ( 'NONE', #4833, 1000.000000000000000 ) ;
#1404 = EDGE_CURVE ( 'NONE', #6553, #2291, #6864, .T. ) ;
#1405 = DIRECTION ( 'NONE',  ( -0.000000000000000000, 1.000000000000000000, 1.440069553722777130E-16 ) ) ;
#1406 = AXIS2_PLACEMENT_3D ( 'NONE', #6142, #2355, #3481 ) ;
#1407 = ORIENTED_EDGE ( 'NONE', *, *, #2496, .F. ) ;
#1408 = DIRECTION ( 'NONE',  ( 1.000000000000000000, 0.000000000000000000, 0.000000000000000000 ) ) ;
#1409 = VECTOR ( 'NONE', #6705, 1000.000000000000000 ) ;
#1410 = FILL_AREA_STYLE ('',( #3532 ) ) ;
#1411 = ORIENTED_EDGE ( 'NONE', *, *, #4460, .F. ) ;
#1412 = VERTEX_POINT ( 'NONE', #3360 ) ;
#1413 = CARTESIAN_POINT ( 'NONE',  ( -1.269999999999996909, 3.110602869834277161E-16, -1.270000000000001128 ) ) ;
#1414 = ADVANCED_FACE ( 'NONE', ( #5506 ), #6654, .F. ) ;
#1415 = VECTOR ( 'NONE', #3444, 1000.000000000000000 ) ;
#1416 = LINE ( 'NONE', #6795, #3705 ) ;
#1417 = ORIENTED_EDGE ( 'NONE', *, *, #5669, .T. ) ;
#1418 = DIRECTION ( 'NONE',  ( 0.7071067811865475727, -0.7071067811865475727, 0.000000000000000000 ) ) ;
#1419 = ORIENTED_EDGE ( 'NONE', *, *, #3171, .T. ) ;
#1420 = AXIS2_PLACEMENT_3D ( 'NONE', #5909, #110, #1221 ) ;
#1421 = FACE_OUTER_BOUND ( 'NONE', #662, .T. ) ;
#1422 = CARTESIAN_POINT ( 'NONE',  ( 8.890000000000004121, 0.000000000000000000, 1.269999999999998908 ) ) ;
#1423 = DIRECTION ( 'NONE',  ( -0.000000000000000000, 0.000000000000000000, -1.000000000000000000 ) ) ;
#1424 = EDGE_CURVE ( 'NONE', #2664, #2969, #2374, .T. ) ;
#1425 = EDGE_CURVE ( 'NONE', #6494, #3035, #1202, .T. ) ;
#1426 = LINE ( 'NONE', #5690, #3416 ) ;
#1427 = FACE_OUTER_BOUND ( 'NONE', #6431, .T. ) ;
#1428 = VERTEX_POINT ( 'NONE', #3917 ) ;
#1429 = FACE_OUTER_BOUND ( 'NONE', #4654, .T. ) ;
#1430 = CONTEXT_DEPENDENT_SHAPE_REPRESENTATION ( #5797, #5034 ) ;
#1431 = ADVANCED_FACE ( 'NONE', ( #6552 ), #2842, .T. ) ;
#1432 = PLANE ( 'NONE',  #5717 ) ;
#1433 = ADVANCED_FACE ( 'NONE', ( #1308 ), #4971, .F. ) ;
#1434 = CARTESIAN_POINT ( 'NONE',  ( 4.699000000000005173, 8.064500000000000668, 0.3809999999999946207 ) ) ;
#1435 = DIRECTION ( 'NONE',  ( 0.000000000000000000, 0.000000000000000000, 1.000000000000000000 ) ) ;
#1436 = VERTEX_POINT ( 'NONE', #3397 ) ;
#1437 = DIRECTION ( 'NONE',  ( 0.000000000000000000, -1.733406087350420004E-16, 1.000000000000000000 ) ) ;
#1438 = ORIENTED_EDGE ( 'NONE', *, *, #3679, .F. ) ;
#1439 = CARTESIAN_POINT ( 'NONE',  ( 12.82700000000000706, 7.810500000000001108, 0.1269999999999949503 ) ) ;
#1440 = DIRECTION ( 'NONE',  ( 0.7071067811865475727, -0.7071067811865475727, 0.000000000000000000 ) ) ;
#1441 = ORIENTED_EDGE ( 'NONE', *, *, #3655, .F. ) ;
#1442 = LINE ( 'NONE', #3665, #744 ) ;
#1443 = DIRECTION ( 'NONE',  ( -0.000000000000000000, 0.000000000000000000, -1.000000000000000000 ) ) ;
#1444 = EDGE_LOOP ( 'NONE', ( #1339, #3303, #114, #2854 ) ) ;
#1445 = ORIENTED_EDGE ( 'NONE', *, *, #1698, .F. ) ;
#1446 = CARTESIAN_POINT ( 'NONE',  ( 1.270000000000002016, 3.110602869834277161E-16, -1.270000000000001128 ) ) ;
#1447 = ORIENTED_EDGE ( 'NONE', *, *, #36, .F. ) ;
#1448 = LINE ( 'NONE', #3567, #1947 ) ;
#1449 = DIRECTION ( 'NONE',  ( 0.000000000000000000, 1.440069553722777130E-16, -1.000000000000000000 ) ) ;
#1450 = ADVANCED_FACE ( 'NONE', ( #4385 ), #681, .F. ) ;
#1451 = ORIENTED_EDGE ( 'NONE', *, *, #6595, .T. ) ;
#1452 =( GEOMETRIC_REPRESENTATION_CONTEXT ( 3 ) GLOBAL_UNCERTAINTY_ASSIGNED_CONTEXT ( ( #4897 ) ) GLOBAL_UNIT_ASSIGNED_CONTEXT ( ( #1965, #2451, #4103 ) ) REPRESENTATION_CONTEXT ( 'NONE', 'WORKASPACE' ) );
#1453 = DIRECTION ( 'NONE',  ( 0.000000000000000000, 0.000000000000000000, 1.000000000000000000 ) ) ;
#1454 = CARTESIAN_POINT ( 'NONE',  ( 6.350000000000003197, 0.5080000000000000071, 0.7528818102449925664 ) ) ;
#1455 = DIRECTION ( 'NONE',  ( 0.000000000000000000, 0.000000000000000000, 1.000000000000000000 ) ) ;
#1456 = VERTEX_POINT ( 'NONE', #5539 ) ;
#1457 = FACE_OUTER_BOUND ( 'NONE', #5032, .T. ) ;
#1458 = ORIENTED_EDGE ( 'NONE', *, *, #6498, .T. ) ;
#1459 = DIRECTION ( 'NONE',  ( 1.000000000000000000, 0.000000000000000000, 0.000000000000000000 ) ) ;
#1460 = STYLED_ITEM ( 'NONE', ( #6415 ), #885 ) ;
#1461 = CONTEXT_DEPENDENT_SHAPE_REPRESENTATION ( #3731, #1088 ) ;
#1462 = VECTOR ( 'NONE', #6602, 1000.000000000000000 ) ;
#1463 = EDGE_CURVE ( 'NONE', #3073, #5884, #2303, .T. ) ;
#1464 = FACE_OUTER_BOUND ( 'NONE', #2977, .T. ) ;
#1465 = DIRECTION ( 'NONE',  ( 0.000000000000000000, 0.000000000000000000, -1.000000000000000000 ) ) ;
#1466 = VECTOR ( 'NONE', #2764, 1000.000000000000000 ) ;
#1467 = CARTESIAN_POINT ( 'NONE',  ( -1.269999999999996909, 8.509000000000000341, 1.270000000000001128 ) ) ;
#1468 = ORIENTED_EDGE ( 'NONE', *, *, #1165, .F. ) ;
#1469 = DIRECTION ( 'NONE',  ( 0.000000000000000000, 1.000000000000000000, 2.548365665731588345E-16 ) ) ;
#1470 = VERTEX_POINT ( 'NONE', #4906 ) ;
#1471 = PRESENTATION_LAYER_ASSIGNMENT (  '', '', ( #4712 ) ) ;
#1472 = CARTESIAN_POINT ( 'NONE',  ( 13.96999999999999886, 8.509000000000000341, -1.270000000000001128 ) ) ;
#1473 = CARTESIAN_POINT ( 'NONE',  ( 2.159000000000004693, 7.239000000000000767, 0.3809999999999946207 ) ) ;
#1474 = EDGE_LOOP ( 'NONE', ( #2378, #2144, #6456, #1154 ) ) ;
#1475 = DIRECTION ( 'NONE',  ( 0.000000000000000000, 5.054934237236841843E-31, 1.000000000000000000 ) ) ;
#1476 = LINE ( 'NONE', #1514, #2061 ) ;
#1477 = ORIENTED_EDGE ( 'NONE', *, *, #6437, .F. ) ;
#1478 = VECTOR ( 'NONE', #131, 1000.000000000000000 ) ;
#1479 = ORIENTED_EDGE ( 'NONE', *, *, #2735, .F. ) ;
#1480 = DIRECTION ( 'NONE',  ( 0.000000000000000000, 2.449293598294710852E-16, -1.000000000000000000 ) ) ;
#1481 = ADVANCED_FACE ( 'NONE', ( #6088 ), #121, .F. ) ;
#1482 = VECTOR ( 'NONE', #412, 1000.000000000000000 ) ;
#1483 = CARTESIAN_POINT ( 'NONE',  ( 3.810000000000002718, 2.177422008883992879E-16, -0.8890000000000013447 ) ) ;
#1484 = ORIENTED_EDGE ( 'NONE', *, *, #2543, .T. ) ;
#1485 = CARTESIAN_POINT ( 'NONE',  ( 1.270000000000003793, 0.000000000000000000, 1.269999999999998908 ) ) ;
#1486 = ADVANCED_FACE ( 'NONE', ( #1723 ), #2773, .F. ) ;
#1487 = DIRECTION ( 'NONE',  ( -0.5773502691896252870, -0.5773502691896252870, -0.5773502691896267303 ) ) ;
#1488 = EDGE_LOOP ( 'NONE', ( #3249, #3762, #3372, #5376 ) ) ;
#1489 = DIRECTION ( 'NONE',  ( 0.000000000000000000, 0.000000000000000000, -1.000000000000000000 ) ) ;
#1490 = AXIS2_PLACEMENT_3D ( 'NONE', #194, #5435, #6125 ) ;
#1491 = EDGE_CURVE ( 'NONE', #2664, #1621, #2267, .T. ) ;
#1492 = VECTOR ( 'NONE', #4670, 1000.000000000000000 ) ;
#1493 = CARTESIAN_POINT ( 'NONE',  ( -13.08099999999999596, 7.239000000000000767, 0.3809999999999946207 ) ) ;
#1494 = VECTOR ( 'NONE', #5688, 1000.000000000000000 ) ;
#1495 = LINE ( 'NONE', #4746, #1494 ) ;
#1496 = ORIENTED_EDGE ( 'NONE', *, *, #5737, .F. ) ;
#1497 = DIRECTION ( 'NONE',  ( -1.000000000000000000, 0.000000000000000000, -0.000000000000000000 ) ) ;
#1498 = ORIENTED_EDGE ( 'NONE', *, *, #72, .T. ) ;
#1499 = DIRECTION ( 'NONE',  ( 0.000000000000000000, 0.9659258262890700886, -0.2588190451025140781 ) ) ;
#1500 = EDGE_CURVE ( 'NONE', #4775, #1779, #755, .T. ) ;
#1501 = LINE ( 'NONE', #5166, #5269 ) ;
#1502 = LINE ( 'NONE', #6290, #3620 ) ;
#1503 = COLOUR_RGB ( '',0.2509803921568627416, 0.2509803921568627416, 0.2509803921568627416 ) ;
#1504 = LINE ( 'NONE', #4091, #4762 ) ;
#1505 = ORIENTED_EDGE ( 'NONE', *, *, #1248, .T. ) ;
#1506 = LINE ( 'NONE', #2085, #3757 ) ;
#1507 = VERTEX_POINT ( 'NONE', #158 ) ;
#1508 = VECTOR ( 'NONE', #1246, 1000.000000000000000 ) ;
#1509 = VECTOR ( 'NONE', #469, 1000.000000000000000 ) ;
#1510 = FACE_OUTER_BOUND ( 'NONE', #3262, .T. ) ;
#1511 = CARTESIAN_POINT ( 'NONE',  ( 13.97000000000000419, 8.509000000000000341, -1.270000000000001128 ) ) ;
#1512 = VERTEX_POINT ( 'NONE', #718 ) ;
#1513 = CARTESIAN_POINT ( 'NONE',  ( 3.810000000000002718, 8.509000000000000341, -1.270000000000001128 ) ) ;
#1514 = CARTESIAN_POINT ( 'NONE',  ( 6.350000000000003197, 0.000000000000000000, 1.269999999999998908 ) ) ;
#1515 = ORIENTED_EDGE ( 'NONE', *, *, #1670, .T. ) ;
#1516 = EDGE_CURVE ( 'NONE', #1055, #2034, #2881, .T. ) ;
#1517 = FILL_AREA_STYLE ('',( #2124 ) ) ;
#1518 = AXIS2_PLACEMENT_3D ( 'NONE', #4550, #6611, #5033 ) ;
#1519 = EDGE_LOOP ( 'NONE', ( #6459, #433, #6145, #441 ) ) ;
#1520 = VECTOR ( 'NONE', #870, 1000.000000000000114 ) ;
#1521 = LINE ( 'NONE', #3641, #6506 ) ;
#1522 = ORIENTED_EDGE ( 'NONE', *, *, #2321, .F. ) ;
#1523 = DIRECTION ( 'NONE',  ( -1.000000000000000000, -0.000000000000000000, -0.000000000000000000 ) ) ;
#1524 = DIRECTION ( 'NONE',  ( 0.000000000000000000, -1.000000000000000000, 0.000000000000000000 ) ) ;
#1525 = VERTEX_POINT ( 'NONE', #1861 ) ;
#1526 = EDGE_CURVE ( 'NONE', #448, #5674, #5992, .T. ) ;
#1527 = CARTESIAN_POINT ( 'NONE',  ( -4.952999999999995850, 7.810500000000001108, 0.1269999999999949503 ) ) ;
#1528 = VECTOR ( 'NONE', #3884, 1000.000000000000000 ) ;
#1529 = VECTOR ( 'NONE', #178, 1000.000000000000000 ) ;
#1530 = ADVANCED_FACE ( 'NONE', ( #2336 ), #4484, .F. ) ;
#1531 = DIRECTION ( 'NONE',  ( -1.000000000000000000, -0.000000000000000000, -0.000000000000000000 ) ) ;
#1532 = LINE ( 'NONE', #4111, #5848 ) ;
#1533 = ORIENTED_EDGE ( 'NONE', *, *, #1767, .T. ) ;
#1534 = PLANE ( 'NONE',  #4534 ) ;
#1535 = ORIENTED_EDGE ( 'NONE', *, *, #4342, .T. ) ;
#1536 = LINE ( 'NONE', #3577, #3840 ) ;
#1537 = VECTOR ( 'NONE', #6451, 1000.000000000000000 ) ;
#1538 = LINE ( 'NONE', #3654, #699 ) ;
#1539 = DIRECTION ( 'NONE',  ( 0.000000000000000000, 0.000000000000000000, -1.000000000000000000 ) ) ;
#1540 = DIRECTION ( 'NONE',  ( 0.000000000000000000, 2.449293598294710852E-16, -1.000000000000000000 ) ) ;
#1541 = ADVANCED_FACE ( 'NONE', ( #2516 ), #5078, .F. ) ;
#1542 = ORIENTED_EDGE ( 'NONE', *, *, #6078, .T. ) ;
#1543 = FACE_OUTER_BOUND ( 'NONE', #6796, .T. ) ;
#1544 = VERTEX_POINT ( 'NONE', #4161 ) ;
#1545 = DIRECTION ( 'NONE',  ( 0.000000000000000000, 0.000000000000000000, -1.000000000000000000 ) ) ;
#1546 = PLANE ( 'NONE',  #260 ) ;
#1547 = VERTEX_POINT ( 'NONE', #3529 ) ;
#1548 = CARTESIAN_POINT ( 'NONE',  ( 4.699000000000005173, 7.239000000000000767, 0.3809999999999946207 ) ) ;
#1549 = LINE ( 'NONE', #2663, #298 ) ;
#1550 = ORIENTED_EDGE ( 'NONE', *, *, #2634, .T. ) ;
#1551 = SURFACE_STYLE_FILL_AREA ( #1517 ) ;
#1552 = ORIENTED_EDGE ( 'NONE', *, *, #1955, .F. ) ;
#1553 = ADVANCED_FACE ( 'NONE', ( #3560 ), #6752, .F. ) ;
#1554 = DIRECTION ( 'NONE',  ( 0.000000000000000000, 0.2588190451025145222, -0.9659258262890699775 ) ) ;
#1555 = ORIENTED_EDGE ( 'NONE', *, *, #6711, .F. ) ;
#1556 = CARTESIAN_POINT ( 'NONE',  ( -3.809999999999997389, 0.5080000000000002292, -0.7528818102449945648 ) ) ;
#1557 = CARTESIAN_POINT ( 'NONE',  ( 5.461000000000003851, 7.239000000000000767, -0.3810000000000041687 ) ) ;
#1558 = EDGE_LOOP ( 'NONE', ( #3239, #3388, #1552, #3602 ) ) ;
#1559 = DIRECTION ( 'NONE',  ( -0.7071067811865475727, -0.7071067811865475727, 0.000000000000000000 ) ) ;
#1560 = DIRECTION ( 'NONE',  ( 0.000000000000000000, 1.000000000000000000, 1.440069553722777377E-16 ) ) ;
#1561 = EDGE_CURVE ( 'NONE', #3569, #4983, #6687, .T. ) ;
#1562 = CARTESIAN_POINT ( 'NONE',  ( 13.97000000000000419, 0.5080000000000002292, -0.7528818102449945648 ) ) ;
#1563 = DIRECTION ( 'NONE',  ( 0.000000000000000000, -2.449293598294710852E-16, 1.000000000000000000 ) ) ;
#1564 = ORIENTED_EDGE ( 'NONE', *, *, #6242, .T. ) ;
#1565 = FACE_OUTER_BOUND ( 'NONE', #6236, .T. ) ;
#1566 = ORIENTED_EDGE ( 'NONE', *, *, #5748, .T. ) ;
#1567 = CARTESIAN_POINT ( 'NONE',  ( 13.96999999999999886, 2.177422008883992879E-16, -0.8890000000000013447 ) ) ;
#1568 = CARTESIAN_POINT ( 'NONE',  ( -6.349999999999996980, -1.925929944387235853E-31, 0.8889999999999991243 ) ) ;
#1569 = PLANE ( 'NONE',  #4195 ) ;
#1570 = DIRECTION ( 'NONE',  ( -0.000000000000000000, 0.000000000000000000, -1.000000000000000000 ) ) ;
#1571 = ORIENTED_EDGE ( 'NONE', *, *, #5565, .T. ) ;
#1572 = FACE_OUTER_BOUND ( 'NONE', #227, .T. ) ;
#1573 = EDGE_LOOP ( 'NONE', ( #673, #2478, #3199, #141 ) ) ;
#1574 = PRODUCT_DEFINITION_FORMATION_WITH_SPECIFIED_SOURCE ( 'ANY', '', #5984, .NOT_KNOWN. ) ;
#1575 = EDGE_CURVE ( 'NONE', #1779, #1050, #6818, .T. ) ;
#1576 = PLANE ( 'NONE',  #5607 ) ;
#1577 = CARTESIAN_POINT ( 'NONE',  ( -13.08099999999999596, 8.064500000000000668, -0.3810000000000040021 ) ) ;
#1578 = ORIENTED_EDGE ( 'NONE', *, *, #5881, .F. ) ;
#1579 = CARTESIAN_POINT ( 'NONE',  ( 11.43000000000000504, 0.5080000000000002292, -0.7528818102449945648 ) ) ;
#1580 = LINE ( 'NONE', #5886, #4535 ) ;
#1581 = ORIENTED_EDGE ( 'NONE', *, *, #2565, .T. ) ;
#1582 = ORIENTED_EDGE ( 'NONE', *, *, #17, .T. ) ;
#1583 = VECTOR ( 'NONE', #3218, 1000.000000000000000 ) ;
#1584 = ADVANCED_FACE ( 'NONE', ( #6719 ), #5675, .F. ) ;
#1585 = FACE_OUTER_BOUND ( 'NONE', #2236, .T. ) ;
#1586 = ORIENTED_EDGE ( 'NONE', *, *, #1192, .F. ) ;
#1587 = CARTESIAN_POINT ( 'NONE',  ( -3.809999999999997389, 3.110602869834277161E-16, -1.270000000000001128 ) ) ;
#1588 = STYLED_ITEM ( 'NONE', ( #4337 ), #590 ) ;
#1589 = LINE ( 'NONE', #1666, #726 ) ;
#1590 = ORIENTED_EDGE ( 'NONE', *, *, #5338, .F. ) ;
#1591 = CARTESIAN_POINT ( 'NONE',  ( -13.96999999999999886, -1.925929944387235853E-31, 0.8889999999999991243 ) ) ;
#1592 = CARTESIAN_POINT ( 'NONE',  ( -5.905499999999995531, 8.509000000000000341, 0.8254999999999963478 ) ) ;
#1593 = ADVANCED_FACE ( 'NONE', ( #2550 ), #1890, .F. ) ;
#1594 = AXIS2_PLACEMENT_3D ( 'NONE', #4077, #373, #1973 ) ;
#1595 = ADVANCED_FACE ( 'NONE', ( #3077 ), #356, .F. ) ;
#1596 = ADVANCED_FACE ( 'NONE', ( #4026 ), #391, .F. ) ;
#1597 = CARTESIAN_POINT ( 'NONE',  ( 9.779000000000007020, 7.239000000000000767, 0.3809999999999946207 ) ) ;
#1598 = CARTESIAN_POINT ( 'NONE',  ( 0.3810000000000046128, 7.239000000000000767, 0.3809999999999946207 ) ) ;
#1599 = ORIENTED_EDGE ( 'NONE', *, *, #6137, .T. ) ;
#1600 =( LENGTH_UNIT ( ) NAMED_UNIT ( * ) SI_UNIT ( .MILLI., .METRE. ) );
#1601 = AXIS2_PLACEMENT_3D ( 'NONE', #5703, #1440, #4620 ) ;
#1602 = APPLICATION_CONTEXT ( 'automotive_design' ) ;
#1603 = VERTEX_POINT ( 'NONE', #6301 ) ;
#1604 = CARTESIAN_POINT ( 'NONE',  ( 10.28700000000000614, 7.810500000000000220, -0.1270000000000037488 ) ) ;
#1605 = EDGE_CURVE ( 'NONE', #5470, #1271, #3464, .T. ) ;
#1606 = VECTOR ( 'NONE', #1380, 1000.000000000000000 ) ;
#1607 = CARTESIAN_POINT ( 'NONE',  ( -2.158999999999995811, 8.064500000000000668, 0.3809999999999947873 ) ) ;
#1608 = DIRECTION ( 'NONE',  ( 0.000000000000000000, -1.440069553722777130E-16, 1.000000000000000000 ) ) ;
#1609 = CARTESIAN_POINT ( 'NONE',  ( 7.239000000000006096, 8.064500000000000668, 0.3809999999999947873 ) ) ;
#1610 = VERTEX_POINT ( 'NONE', #1987 ) ;
#1611 = PLANE ( 'NONE',  #1651 ) ;
#1612 = ADVANCED_FACE ( 'NONE', ( #294 ), #3041, .F. ) ;
#1613 = VECTOR ( 'NONE', #579, 1000.000000000000000 ) ;
#1614 = EDGE_LOOP ( 'NONE', ( #1331, #531, #6045, #4173 ) ) ;
#1615 = DIRECTION ( 'NONE',  ( 1.000000000000000000, 0.000000000000000000, -0.000000000000000000 ) ) ;
#1616 = VECTOR ( 'NONE', #2306, 1000.000000000000000 ) ;
#1617 = DIRECTION ( 'NONE',  ( -0.000000000000000000, 0.000000000000000000, -1.000000000000000000 ) ) ;
#1618 = ORIENTED_EDGE ( 'NONE', *, *, #3094, .T. ) ;
#1619 = LINE ( 'NONE', #2693, #1403 ) ;
#1620 = CARTESIAN_POINT ( 'NONE',  ( 3.810000000000002718, 2.177422008883992879E-16, -0.8890000000000013447 ) ) ;
#1621 = VERTEX_POINT ( 'NONE', #3591 ) ;
#1622 = AXIS2_PLACEMENT_3D ( 'NONE', #2894, #5621, #2387 ) ;
#1623 = VERTEX_POINT ( 'NONE', #4129 ) ;
#1624 = VECTOR ( 'NONE', #824, 1000.000000000000000 ) ;
#1625 = DIRECTION ( 'NONE',  ( 0.000000000000000000, 1.000000000000000000, 2.449293598294710852E-16 ) ) ;
#1626 = AXIS2_PLACEMENT_3D ( 'NONE', #95, #160, #3854 ) ;
#1627 = ORIENTED_EDGE ( 'NONE', *, *, #1222, .T. ) ;
#1628 = CARTESIAN_POINT ( 'NONE',  ( 8.890000000000004121, 0.5080000000000000071, 0.7528818102449925664 ) ) ;
#1629 = CARTESIAN_POINT ( 'NONE',  ( 14.22399999999999842, 0.000000000000000000, 1.269999999999998908 ) ) ;
#1630 = EDGE_LOOP ( 'NONE', ( #2456, #4365, #5215, #3497, #6081, #6639, #2915, #5866 ) ) ;
#1631 = PLANE ( 'NONE',  #1396 ) ;
#1632 = ADVANCED_FACE ( 'NONE', ( #3496 ), #5174, .F. ) ;
#1633 = LINE ( 'NONE', #3754, #1224 ) ;
#1634 = AXIS2_PLACEMENT_3D ( 'NONE', #1658, #5390, #4932 ) ;
#1635 = DIRECTION ( 'NONE',  ( -0.000000000000000000, 0.000000000000000000, -1.000000000000000000 ) ) ;
#1636 = DIRECTION ( 'NONE',  ( -1.000000000000000000, -0.000000000000000000, -0.000000000000000000 ) ) ;
#1637 = ORIENTED_EDGE ( 'NONE', *, *, #4171, .F. ) ;
#1638 = VECTOR ( 'NONE', #698, 1000.000000000000000 ) ;
#1639 =( NAMED_UNIT ( * ) PLANE_ANGLE_UNIT ( ) SI_UNIT ( $, .RADIAN. ) );
#1640 = VECTOR ( 'NONE', #5570, 1000.000000000000000 ) ;
#1641 = EDGE_LOOP ( 'NONE', ( #6357, #308, #902, #2005 ) ) ;
#1642 = DIRECTION ( 'NONE',  ( -1.000000000000000000, -0.000000000000000000, -0.000000000000000000 ) ) ;
#1643 = AXIS2_PLACEMENT_3D ( 'NONE', #6527, #1737, #3869 ) ;
#1644 = ADVANCED_FACE ( 'NONE', ( #2413 ), #2446, .F. ) ;
#1645 = LINE ( 'NONE', #5937, #1910 ) ;
#1646 = CARTESIAN_POINT ( 'NONE',  ( -11.42999999999999794, 0.000000000000000000, 1.269999999999998908 ) ) ;
#1647 = CARTESIAN_POINT ( 'NONE',  ( 0.3810000000000000053, 0.5079999999999997851, 0.2032000000000010465 ) ) ;
#1648 = ORIENTED_EDGE ( 'NONE', *, *, #889, .T. ) ;
#1649 = PLANE ( 'NONE',  #1420 ) ;
#1650 = EDGE_CURVE ( 'NONE', #52, #6331, #4556, .T. ) ;
#1651 = AXIS2_PLACEMENT_3D ( 'NONE', #5458, #4793, #4925 ) ;
#1652 = VERTEX_POINT ( 'NONE', #5113 ) ;
#1653 = ADVANCED_FACE ( 'NONE', ( #5282 ), #4269, .F. ) ;
#1654 = DIRECTION ( 'NONE',  ( 1.000000000000000000, 0.000000000000000000, -0.000000000000000000 ) ) ;
#1655 = EDGE_CURVE ( 'NONE', #2049, #5256, #4198, .T. ) ;
#1656 = LINE ( 'NONE', #3631, #3270 ) ;
#1657 = EDGE_LOOP ( 'NONE', ( #4707, #4140, #5852, #5142 ) ) ;
#1658 = CARTESIAN_POINT ( 'NONE',  ( 3.810000000000002718, 2.177422008883992879E-16, -0.8890000000000013447 ) ) ;
#1659 = LINE ( 'NONE', #2196, #2513 ) ;
#1660 = ORIENTED_EDGE ( 'NONE', *, *, #1491, .T. ) ;
#1661 = PLANE ( 'NONE',  #5096 ) ;
#1662 = ORIENTED_EDGE ( 'NONE', *, *, #1025, .T. ) ;
#1663 = DIRECTION ( 'NONE',  ( 0.000000000000000000, 1.000000000000000000, 2.548365665731588345E-16 ) ) ;
#1664 = VERTEX_POINT ( 'NONE', #175 ) ;
#1665 = CARTESIAN_POINT ( 'NONE',  ( -6.349999999999997868, 8.509000000000000341, -1.270000000000001128 ) ) ;
#1666 = CARTESIAN_POINT ( 'NONE',  ( 6.350000000000003197, 0.5080000000000002292, -0.7528818102449945648 ) ) ;
#1667 = ORIENTED_EDGE ( 'NONE', *, *, #727, .T. ) ;
#1668 = CARTESIAN_POINT ( 'NONE',  ( 7.239000000000006096, 7.239000000000000767, -0.3810000000000041687 ) ) ;
#1669 = DIRECTION ( 'NONE',  ( -1.000000000000000000, -0.000000000000000000, -0.000000000000000000 ) ) ;
#1670 = EDGE_CURVE ( 'NONE', #4115, #3721, #536, .T. ) ;
#1671 = FACE_OUTER_BOUND ( 'NONE', #3592, .T. ) ;
#1672 = LINE ( 'NONE', #3273, #2487 ) ;
#1673 = ORIENTED_EDGE ( 'NONE', *, *, #6253, .F. ) ;
#1674 = CARTESIAN_POINT ( 'NONE',  ( -11.42999999999999794, 8.509000000000000341, 1.270000000000001128 ) ) ;
#1675 = AXIS2_PLACEMENT_3D ( 'NONE', #4812, #6490, #4327 ) ;
#1676 = DIRECTION ( 'NONE',  ( -0.000000000000000000, 1.000000000000000000, 1.733406087350420004E-16 ) ) ;
#1677 = LINE ( 'NONE', #2151, #521 ) ;
#1678 = ORIENTED_EDGE ( 'NONE', *, *, #2044, .F. ) ;
#1679 = DIRECTION ( 'NONE',  ( 0.000000000000000000, -0.000000000000000000, -1.000000000000000000 ) ) ;
#1680 = VERTEX_POINT ( 'NONE', #5778 ) ;
#1681 = EDGE_CURVE ( 'NONE', #4523, #1233, #2660, .T. ) ;
#1682 = FACE_OUTER_BOUND ( 'NONE', #576, .T. ) ;
#1683 = UNCERTAINTY_MEASURE_WITH_UNIT (LENGTH_MEASURE( 1.000000000000000082E-05 ), #3499, 'distance_accuracy_value', 'NONE');
#1684 = VERTEX_POINT ( 'NONE', #6445 ) ;
#1685 = DIRECTION ( 'NONE',  ( -1.000000000000000000, 0.000000000000000000, 0.000000000000000000 ) ) ;
#1686 = ORIENTED_EDGE ( 'NONE', *, *, #6100, .F. ) ;
#1687 = PLANE ( 'NONE',  #5658 ) ;
#1688 = ORIENTED_EDGE ( 'NONE', *, *, #2299, .T. ) ;
#1689 = AXIS2_PLACEMENT_3D ( 'NONE', #2593, #3154, #5564 ) ;
#1690 = CARTESIAN_POINT ( 'NONE',  ( 6.794500000000005535, 8.509000000000000341, -1.270000000000001128 ) ) ;
#1691 = EDGE_LOOP ( 'NONE', ( #3209, #3021, #2161, #6404 ) ) ;
#1692 = CARTESIAN_POINT ( 'NONE',  ( 6.350000000000003197, 8.509000000000000341, 1.270000000000001128 ) ) ;
#1693 = LINE ( 'NONE', #6381, #5967 ) ;
#1694 = ORIENTED_EDGE ( 'NONE', *, *, #6183, .F. ) ;
#1695 = CARTESIAN_POINT ( 'NONE',  ( -8.889999999999997016, 8.509000000000000341, 0.8254999999999963478 ) ) ;
#1696 = AXIS2_PLACEMENT_3D ( 'NONE', #6854, #2584, #2117 ) ;
#1697 = FACE_OUTER_BOUND ( 'NONE', #6024, .T. ) ;
#1698 = EDGE_CURVE ( 'NONE', #85, #719, #10, .T. ) ;
#1699 = VECTOR ( 'NONE', #3447, 1000.000000000000000 ) ;
#1700 = DIRECTION ( 'NONE',  ( -1.000000000000000000, -0.000000000000000000, -0.000000000000000000 ) ) ;
#1701 = CARTESIAN_POINT ( 'NONE',  ( 6.350000000000003197, 8.509000000000000341, -1.270000000000001128 ) ) ;
#1702 = EDGE_LOOP ( 'NONE', ( #5111, #430, #4886, #5568 ) ) ;
#1703 = SURFACE_STYLE_FILL_AREA ( #2711 ) ;
#1704 = LINE ( 'NONE', #2682, #613 ) ;
#1705 = AXIS2_PLACEMENT_3D ( 'NONE', #4745, #898, #6244 ) ;
#1706 = AXIS2_PLACEMENT_3D ( 'NONE', #1054, #3734, #459 ) ;
#1707 = DIRECTION ( 'NONE',  ( 0.000000000000000000, 0.9659258262890699775, 0.2588190451025145222 ) ) ;
#1708 = DIRECTION ( 'NONE',  ( -0.000000000000000000, 1.000000000000000000, 2.449293598294710852E-16 ) ) ;
#1709 = EDGE_LOOP ( 'NONE', ( #5775, #2419, #2179, #602, #3062, #415, #2158, #2300 ) ) ;
#1710 = LINE ( 'NONE', #5493, #2532 ) ;
#1711 = VERTEX_POINT ( 'NONE', #6894 ) ;
#1712 = EDGE_CURVE ( 'NONE', #779, #3829, #5244, .T. ) ;
#1713 = VECTOR ( 'NONE', #4915, 1000.000000000000000 ) ;
#1714 = DIRECTION ( 'NONE',  ( -0.000000000000000000, 1.000000000000000000, 1.440069553722777130E-16 ) ) ;
#1715 = ORIENTED_EDGE ( 'NONE', *, *, #3535, .T. ) ;
#1716 = CARTESIAN_POINT ( 'NONE',  ( -12.31899999999999729, 7.239000000000000767, 0.3809999999999946207 ) ) ;
#1717 = CARTESIAN_POINT ( 'NONE',  ( 1.270000000000003793, -1.925929944387235853E-31, 0.8889999999999991243 ) ) ;
#1718 = EDGE_LOOP ( 'NONE', ( #11, #2107, #263, #6521, #2163, #1309, #3220, #2522 ) ) ;
#1719 = LINE ( 'NONE', #3848, #1749 ) ;
#1720 = ORIENTED_EDGE ( 'NONE', *, *, #6472, .T. ) ;
#1721 = ADVANCED_FACE ( 'NONE', ( #2157 ), #2088, .F. ) ;
#1722 = ADVANCED_FACE ( 'NONE', ( #498 ), #5320, .T. ) ;
#1723 = FACE_OUTER_BOUND ( 'NONE', #5367, .T. ) ;
#1724 = ORIENTED_EDGE ( 'NONE', *, *, #286, .F. ) ;
#1725 = VECTOR ( 'NONE', #6432, 1000.000000000000000 ) ;
#1726 = LINE ( 'NONE', #1169, #738 ) ;
#1727 = DIRECTION ( 'NONE',  ( 0.000000000000000000, 1.000000000000000000, 1.733406087350420004E-16 ) ) ;
#1728 = VERTEX_POINT ( 'NONE', #566 ) ;
#1729 = CARTESIAN_POINT ( 'NONE',  ( 1.270000000000003793, 0.5080000000000002292, -0.7528818102449945648 ) ) ;
#1730 = EDGE_CURVE ( 'NONE', #5736, #2302, #3773, .T. ) ;
#1731 = APPLICATION_CONTEXT ( 'automotive_design' ) ;
#1732 = VECTOR ( 'NONE', #4214, 1000.000000000000000 ) ;
#1733 = CARTESIAN_POINT ( 'NONE',  ( 7.747000000000005215, 7.810500000000000220, -0.1270000000000037488 ) ) ;
#1734 = ADVANCED_FACE ( 'NONE', ( #2288 ), #3111, .F. ) ;
#1735 = PLANE ( 'NONE',  #5735 ) ;
#1736 = ORIENTED_EDGE ( 'NONE', *, *, #5931, .T. ) ;
#1737 = DIRECTION ( 'NONE',  ( 0.000000000000000000, 2.548365665731588345E-16, -1.000000000000000000 ) ) ;
#1738 = DIRECTION ( 'NONE',  ( 0.000000000000000000, 1.000000000000000000, 2.548365665731588345E-16 ) ) ;
#1739 = VECTOR ( 'NONE', #251, 1000.000000000000000 ) ;
#1740 = EDGE_CURVE ( 'NONE', #4515, #4312, #1656, .T. ) ;
#1741 = PRESENTATION_STYLE_ASSIGNMENT (( #592 ) ) ;
#1742 = VECTOR ( 'NONE', #5380, 1000.000000000000000 ) ;
#1743 = AXIS2_PLACEMENT_3D ( 'NONE', #595, #4718, #5770 ) ;
#1744 = PLANE ( 'NONE',  #1406 ) ;
#1745 = DIRECTION ( 'NONE',  ( 0.000000000000000000, 0.9659258262890699775, 0.2588190451025145222 ) ) ;
#1746 = VERTEX_POINT ( 'NONE', #6006 ) ;
#1747 = CARTESIAN_POINT ( 'NONE',  ( 1.714500000000004132, 8.509000000000000341, -1.270000000000001128 ) ) ;
#1748 = CARTESIAN_POINT ( 'NONE',  ( 3.810000000000002718, -1.925929944387235853E-31, 0.8889999999999991243 ) ) ;
#1749 = VECTOR ( 'NONE', #2838, 1000.000000000000000 ) ;
#1750 = CARTESIAN_POINT ( 'NONE',  ( 5.461000000000003851, 7.239000000000000767, 0.3809999999999946207 ) ) ;
#1751 = UNCERTAINTY_MEASURE_WITH_UNIT (LENGTH_MEASURE( 1.000000000000000082E-05 ), #5815, 'distance_accuracy_value', 'NONE');
#1752 = EDGE_CURVE ( 'NONE', #6156, #3469, #1091, .T. ) ;
#1753 = AXIS2_PLACEMENT_3D ( 'NONE', #3143, #2620, #1679 ) ;
#1754 = ORIENTED_EDGE ( 'NONE', *, *, #72, .F. ) ;
#1755 = DIRECTION ( 'NONE',  ( -1.000000000000000000, 0.000000000000000000, -0.000000000000000000 ) ) ;
#1756 = EDGE_LOOP ( 'NONE', ( #4094, #5865, #541, #5744 ) ) ;
#1757 = LINE ( 'NONE', #6017, #4199 ) ;
#1758 = ORIENTED_EDGE ( 'NONE', *, *, #5358, .T. ) ;
#1759 = DIRECTION ( 'NONE',  ( 0.000000000000000000, -0.9659258262890700886, 0.2588190451025140781 ) ) ;
#1760 = EDGE_LOOP ( 'NONE', ( #4450, #6414, #1441, #6758 ) ) ;
#1761 = CARTESIAN_POINT ( 'NONE',  ( -13.96999999999999886, -1.925929944387235853E-31, 0.8889999999999991243 ) ) ;
#1762 = SURFACE_STYLE_FILL_AREA ( #1341 ) ;
#1763 = ORIENTED_EDGE ( 'NONE', *, *, #534, .T. ) ;
#1764 = ORIENTED_EDGE ( 'NONE', *, *, #5477, .F. ) ;
#1765 = CARTESIAN_POINT ( 'NONE',  ( 6.350000000000003197, 3.110602869834277161E-16, -1.270000000000001128 ) ) ;
#1766 = DIRECTION ( 'NONE',  ( 0.000000000000000000, -0.9659258262890700886, 0.2588190451025140781 ) ) ;
#1767 = EDGE_CURVE ( 'NONE', #5473, #2910, #47, .T. ) ;
#1768 = CARTESIAN_POINT ( 'NONE',  ( -8.889999999999998792, 0.5080000000000002292, -0.7528818102449945648 ) ) ;
#1769 = VERTEX_POINT ( 'NONE', #5489 ) ;
#1770 = DIRECTION ( 'NONE',  ( -0.000000000000000000, 0.000000000000000000, -1.000000000000000000 ) ) ;
#1771 = LINE ( 'NONE', #2926, #2714 ) ;
#1772 = DIRECTION ( 'NONE',  ( -0.5773502691896253980, 0.5773502691896253980, -0.5773502691896266192 ) ) ;
#1773 = CARTESIAN_POINT ( 'NONE',  ( 8.890000000000004121, 0.000000000000000000, 1.269999999999998908 ) ) ;
#1774 = PLANE ( 'NONE',  #4428 ) ;
#1775 = ORIENTED_EDGE ( 'NONE', *, *, #5260, .F. ) ;
#1776 = DIRECTION ( 'NONE',  ( -1.000000000000000000, -0.000000000000000000, -0.000000000000000000 ) ) ;
#1777 = ORIENTED_EDGE ( 'NONE', *, *, #6476, .T. ) ;
#1778 = CARTESIAN_POINT ( 'NONE',  ( 1.270000000000003793, 8.509000000000000341, 1.270000000000001128 ) ) ;
#1779 = VERTEX_POINT ( 'NONE', #697 ) ;
#1780 = DIRECTION ( 'NONE',  ( 0.000000000000000000, -0.000000000000000000, -1.000000000000000000 ) ) ;
#1781 = PLANE ( 'NONE',  #3976 ) ;
#1782 = VERTEX_POINT ( 'NONE', #4440 ) ;
#1783 = FACE_OUTER_BOUND ( 'NONE', #3134, .T. ) ;
#1784 = ORIENTED_EDGE ( 'NONE', *, *, #1999, .T. ) ;
#1785 = DIRECTION ( 'NONE',  ( 0.000000000000000000, 0.000000000000000000, -1.000000000000000000 ) ) ;
#1786 = VERTEX_POINT ( 'NONE', #1511 ) ;
#1787 = DIRECTION ( 'NONE',  ( 0.000000000000000000, 1.000000000000000000, 1.733406087350420004E-16 ) ) ;
#1788 = DIRECTION ( 'NONE',  ( 0.000000000000000000, 1.733406087350420004E-16, -1.000000000000000000 ) ) ;
#1789 = VERTEX_POINT ( 'NONE', #2585 ) ;
#1790 = EDGE_LOOP ( 'NONE', ( #5889, #1578, #2511, #6135 ) ) ;
#1791 = DIRECTION ( 'NONE',  ( 1.000000000000000000, 0.000000000000000000, 0.000000000000000000 ) ) ;
#1792 = ADVANCED_FACE ( 'NONE', ( #985 ), #1546, .F. ) ;
#1793 = CARTESIAN_POINT ( 'NONE',  ( 8.890000000000004121, 3.110602869834277161E-16, -1.270000000000001128 ) ) ;
#1794 = CARTESIAN_POINT ( 'NONE',  ( -6.349999999999996980, 8.509000000000000341, 0.8254999999999963478 ) ) ;
#1795 = ORIENTED_EDGE ( 'NONE', *, *, #4205, .F. ) ;
#1796 = DIRECTION ( 'NONE',  ( -1.000000000000000000, 0.000000000000000000, -0.000000000000000000 ) ) ;
#1797 = DIRECTION ( 'NONE',  ( 0.5773502691896252870, -0.5773502691896252870, -0.5773502691896267303 ) ) ;
#1798 = ADVANCED_FACE ( 'NONE', ( #5810 ), #209, .F. ) ;
#1799 = VECTOR ( 'NONE', #3251, 1000.000000000000000 ) ;
#1800 = DIRECTION ( 'NONE',  ( 0.000000000000000000, -1.440069553722777130E-16, 1.000000000000000000 ) ) ;
#1801 = CARTESIAN_POINT ( 'NONE',  ( 0.3810000000000000053, 0.5079999999999997851, 0.2032000000000010465 ) ) ;
#1802 = EDGE_CURVE ( 'NONE', #2806, #2839, #312, .T. ) ;
#1803 = CARTESIAN_POINT ( 'NONE',  ( -11.42999999999999794, 0.5080000000000002292, -0.7528818102449945648 ) ) ;
#1804 = COLOUR_RGB ( '',0.2509803921568627416, 0.2509803921568627416, 0.2509803921568627416 ) ;
#1805 = CARTESIAN_POINT ( 'NONE',  ( 5.461000000000003851, 7.239000000000000767, -0.3810000000000041687 ) ) ;
#1806 = ORIENTED_EDGE ( 'NONE', *, *, #6545, .T. ) ;
#1807 = DIRECTION ( 'NONE',  ( 0.000000000000000000, 1.440069553722777130E-16, -1.000000000000000000 ) ) ;
#1808 = DIRECTION ( 'NONE',  ( 0.000000000000000000, -1.733406087350420004E-16, 1.000000000000000000 ) ) ;
#1809 =( NAMED_UNIT ( * ) PLANE_ANGLE_UNIT ( ) SI_UNIT ( $, .RADIAN. ) );
#1810 = AXIS2_PLACEMENT_3D ( 'NONE', #552, #622, #1037 ) ;
#1811 = CARTESIAN_POINT ( 'NONE',  ( 5.461000000000003851, 7.239000000000000767, 0.3809999999999946207 ) ) ;
#1812 = EDGE_LOOP ( 'NONE', ( #3990, #5715, #6753, #2738 ) ) ;
#1813 = EDGE_CURVE ( 'NONE', #3311, #1428, #4042, .T. ) ;
#1814 = CARTESIAN_POINT ( 'NONE',  ( -11.87449999999999584, 8.509000000000000341, -0.8255000000000052296 ) ) ;
#1815 = CARTESIAN_POINT ( 'NONE',  ( -13.08099999999999596, 7.239000000000000767, 0.3809999999999946207 ) ) ;
#1816 = ORIENTED_EDGE ( 'NONE', *, *, #3330, .T. ) ;
#1817 = DIRECTION ( 'NONE',  ( 0.000000000000000000, -1.000000000000000000, 0.000000000000000000 ) ) ;
#1818 = AXIS2_PLACEMENT_3D ( 'NONE', #1577, #4955, #2119 ) ;
#1819 = VERTEX_POINT ( 'NONE', #4469 ) ;
#1820 = ADVANCED_FACE ( 'NONE', ( #4501 ), #6703, .F. ) ;
#1821 = VECTOR ( 'NONE', #6428, 1000.000000000000000 ) ;
#1822 = DIRECTION ( 'NONE',  ( 1.000000000000000000, 0.000000000000000000, -0.000000000000000000 ) ) ;
#1823 = ORIENTED_EDGE ( 'NONE', *, *, #797, .F. ) ;
#1824 = DIRECTION ( 'NONE',  ( 0.000000000000000000, 0.000000000000000000, 1.000000000000000000 ) ) ;
#1825 = CARTESIAN_POINT ( 'NONE',  ( -11.42999999999999794, 8.509000000000000341, 1.270000000000001128 ) ) ;
#1826 = ORIENTED_EDGE ( 'NONE', *, *, #5684, .T. ) ;
#1827 = EDGE_LOOP ( 'NONE', ( #5211, #3468, #731, #3586 ) ) ;
#1828 = CARTESIAN_POINT ( 'NONE',  ( 13.97000000000000419, -1.925929944387235853E-31, 0.8889999999999991243 ) ) ;
#1829 = CARTESIAN_POINT ( 'NONE',  ( 8.445500000000004448, 8.509000000000000341, 0.8254999999999963478 ) ) ;
#1830 = DIRECTION ( 'NONE',  ( -1.000000000000000000, -0.000000000000000000, -0.000000000000000000 ) ) ;
#1831 = ADVANCED_FACE ( 'NONE', ( #1387 ), #5126, .F. ) ;
#1832 = ORIENTED_EDGE ( 'NONE', *, *, #4336, .T. ) ;
#1833 = DIRECTION ( 'NONE',  ( 0.000000000000000000, 2.449293598294710852E-16, -1.000000000000000000 ) ) ;
#1834 = DIRECTION ( 'NONE',  ( 0.000000000000000000, -5.054934237236841843E-31, -1.000000000000000000 ) ) ;
#1835 = VECTOR ( 'NONE', #76, 1000.000000000000000 ) ;
#1836 = ADVANCED_FACE ( 'NONE', ( #3936 ), #2354, .F. ) ;
#1837 = CARTESIAN_POINT ( 'NONE',  ( -3.809999999999997389, 0.5080000000000002292, -0.7528818102449945648 ) ) ;
#1838 = CARTESIAN_POINT ( 'NONE',  ( 3.810000000000002718, 0.5080000000000000071, 0.7528818102449925664 ) ) ;
#1839 = VECTOR ( 'NONE', #581, 1000.000000000000000 ) ;
#1840 = CARTESIAN_POINT ( 'NONE',  ( 2.921000000000003372, 8.064500000000000668, -0.3810000000000040021 ) ) ;
#1841 = CARTESIAN_POINT ( 'NONE',  ( 0.8255000000000050075, 8.509000000000000341, -1.270000000000001128 ) ) ;
#1842 = ORIENTED_EDGE ( 'NONE', *, *, #3235, .F. ) ;
#1843 = CARTESIAN_POINT ( 'NONE',  ( 13.96999999999999886, 8.509000000000000341, -1.270000000000001128 ) ) ;
#1844 = EDGE_LOOP ( 'NONE', ( #4005, #2649, #170, #258 ) ) ;
#1845 = SHAPE_DEFINITION_REPRESENTATION ( #1300, #5719 ) ;
#1846 = EDGE_CURVE ( 'NONE', #6382, #5239, #3377, .T. ) ;
#1847 = AXIS2_PLACEMENT_3D ( 'NONE', #6619, #6689, #4521 ) ;
#1848 = DIRECTION ( 'NONE',  ( 0.000000000000000000, 0.000000000000000000, 1.000000000000000000 ) ) ;
#1849 = ORIENTED_EDGE ( 'NONE', *, *, #2222, .T. ) ;
#1850 = CARTESIAN_POINT ( 'NONE',  ( 13.97000000000000419, 0.5080000000000002292, -0.7528818102449945648 ) ) ;
#1851 = EDGE_CURVE ( 'NONE', #886, #4489, #1322, .T. ) ;
#1852 = PRODUCT_DEFINITION_SHAPE ( 'NONE', 'NONE',  #6910 ) ;
#1853 = PLANE ( 'NONE',  #6769 ) ;
#1854 = ORIENTED_EDGE ( 'NONE', *, *, #5415, .F. ) ;
#1855 = CARTESIAN_POINT ( 'NONE',  ( -5.460999999999994969, 7.239000000000000767, 0.3809999999999946207 ) ) ;
#1856 = VECTOR ( 'NONE', #5906, 1000.000000000000000 ) ;
#1857 = AXIS2_PLACEMENT_3D ( 'NONE', #6401, #3727, #979 ) ;
#1858 = ORIENTED_EDGE ( 'NONE', *, *, #79, .F. ) ;
#1859 = EDGE_CURVE ( 'NONE', #2573, #612, #3480, .T. ) ;
#1860 = PRESENTATION_LAYER_ASSIGNMENT (  '', '', ( #860 ) ) ;
#1861 = CARTESIAN_POINT ( 'NONE',  ( -2.920999999999994934, 8.064500000000000668, 0.3809999999999947873 ) ) ;
#1862 = ORIENTED_EDGE ( 'NONE', *, *, #2830, .F. ) ;
#1863 = LINE ( 'NONE', #1920, #2053 ) ;
#1864 = DIRECTION ( 'NONE',  ( -0.000000000000000000, 0.2588190451025140781, 0.9659258262890700886 ) ) ;
#1865 = EDGE_LOOP ( 'NONE', ( #6766, #4633, #1407, #6898 ) ) ;
#1866 = ORIENTED_EDGE ( 'NONE', *, *, #2888, .T. ) ;
#1867 = FACE_OUTER_BOUND ( 'NONE', #678, .T. ) ;
#1868 = VECTOR ( 'NONE', #6113, 999.9999999999998863 ) ;
#1869 = LINE ( 'NONE', #5052, #5723 ) ;
#1870 = CARTESIAN_POINT ( 'NONE',  ( -13.52549999999999564, 8.509000000000000341, -0.8255000000000052296 ) ) ;
#1871 = ORIENTED_EDGE ( 'NONE', *, *, #5257, .F. ) ;
#1872 = CARTESIAN_POINT ( 'NONE',  ( -0.3809999999999941767, 8.064500000000000668, 0.3809999999999947873 ) ) ;
#1873 = CARTESIAN_POINT ( 'NONE',  ( 3.810000000000002718, 2.177422008883992879E-16, -0.8890000000000013447 ) ) ;
#1874 = EDGE_CURVE ( 'NONE', #1366, #1782, #771, .T. ) ;
#1875 = LINE ( 'NONE', #6035, #1146 ) ;
#1876 = CARTESIAN_POINT ( 'NONE',  ( -14.22399999999999842, 0.000000000000000000, 1.269999999999998908 ) ) ;
#1877 = DIRECTION ( 'NONE',  ( 1.000000000000000000, 0.000000000000000000, 0.000000000000000000 ) ) ;
#1878 = CARTESIAN_POINT ( 'NONE',  ( -6.794499999999995765, 8.509000000000000341, 0.8254999999999963478 ) ) ;
#1879 = ORIENTED_EDGE ( 'NONE', *, *, #4196, .F. ) ;
#1880 = DIRECTION ( 'NONE',  ( 0.000000000000000000, 0.9659258262890700886, -0.2588190451025140781 ) ) ;
#1881 = SHAPE_DEFINITION_REPRESENTATION ( #187, #1961 ) ;
#1882 = ADVANCED_FACE ( 'NONE', ( #1353 ), #5590, .F. ) ;
#1883 = DIRECTION ( 'NONE',  ( -0.7071067811865475727, -0.7071067811865475727, 0.000000000000000000 ) ) ;
#1884 = CARTESIAN_POINT ( 'NONE',  ( -10.98549999999999471, 8.509000000000000341, 0.8254999999999963478 ) ) ;
#1885 = ORIENTED_EDGE ( 'NONE', *, *, #5608, .F. ) ;
#1886 = EDGE_CURVE ( 'NONE', #5144, #5978, #4571, .T. ) ;
#1887 = DIRECTION ( 'NONE',  ( -1.000000000000000000, -0.000000000000000000, -0.000000000000000000 ) ) ;
#1888 = EDGE_LOOP ( 'NONE', ( #1255, #5264, #1942, #1964 ) ) ;
#1889 = ADVANCED_FACE ( 'NONE', ( #5659 ), #3902, .F. ) ;
#1890 = PLANE ( 'NONE',  #6282 ) ;
#1891 = ORIENTED_EDGE ( 'NONE', *, *, #2147, .T. ) ;
#1892 = LINE ( 'NONE', #2950, #4524 ) ;
#1893 = SURFACE_SIDE_STYLE ('',( #6690 ) ) ;
#1894 = ORIENTED_EDGE ( 'NONE', *, *, #5148, .F. ) ;
#1895 = EDGE_CURVE ( 'NONE', #759, #2031, #2460, .T. ) ;
#1896 = ORIENTED_EDGE ( 'NONE', *, *, #6001, .T. ) ;
#1897 = FACE_OUTER_BOUND ( 'NONE', #3266, .T. ) ;
#1898 = CARTESIAN_POINT ( 'NONE',  ( 13.97000000000000419, 8.509000000000000341, 1.270000000000001128 ) ) ;
#1899 = CARTESIAN_POINT ( 'NONE',  ( 4.699000000000005173, 8.064500000000000668, -0.3810000000000040021 ) ) ;
#1900 = ORIENTED_EDGE ( 'NONE', *, *, #6221, .T. ) ;
#1901 = CARTESIAN_POINT ( 'NONE',  ( 1.270000000000002016, 0.5080000000000002292, -0.7528818102449945648 ) ) ;
#1902 = DIRECTION ( 'NONE',  ( 1.000000000000000000, 0.000000000000000000, -0.000000000000000000 ) ) ;
#1903 = CARTESIAN_POINT ( 'NONE',  ( -0.3810000000000000053, 0.000000000000000000, 0.000000000000000000 ) ) ;
#1904 = DIRECTION ( 'NONE',  ( 0.000000000000000000, -1.000000000000000000, 0.000000000000000000 ) ) ;
#1905 = DIRECTION ( 'NONE',  ( 0.000000000000000000, 0.000000000000000000, -1.000000000000000000 ) ) ;
#1906 = ADVANCED_FACE ( 'NONE', ( #2391 ), #4989, .F. ) ;
#1907 = ORIENTED_EDGE ( 'NONE', *, *, #5251, .T. ) ;
#1908 = DIRECTION ( 'NONE',  ( 0.000000000000000000, -1.000000000000000000, -2.548365665731588345E-16 ) ) ;
#1909 = CLOSED_SHELL ( 'NONE', ( #1067, #6882, #1297, #1315, #721, #1238, #1644, #2599, #2104, #5295 ) ) ;
#1910 = VECTOR ( 'NONE', #1216, 1000.000000000000000 ) ;
#1911 = CARTESIAN_POINT ( 'NONE',  ( 1.270000000000003793, -1.925929944387235853E-31, 0.8889999999999991243 ) ) ;
#1912 = LINE ( 'NONE', #1467, #304 ) ;
#1913 = EDGE_CURVE ( 'NONE', #512, #886, #2963, .T. ) ;
#1914 = ORIENTED_EDGE ( 'NONE', *, *, #5808, .F. ) ;
#1915 = PLANE ( 'NONE',  #3871 ) ;
#1916 = EDGE_LOOP ( 'NONE', ( #3014, #315, #5048, #4692 ) ) ;
#1917 = AXIS2_PLACEMENT_3D ( 'NONE', #2138, #5827, #4850 ) ;
#1918 = CARTESIAN_POINT ( 'NONE',  ( 12.31900000000000617, 8.064500000000000668, 0.3809999999999947873 ) ) ;
#1919 = ORIENTED_EDGE ( 'NONE', *, *, #3751, .T. ) ;
#1920 = CARTESIAN_POINT ( 'NONE',  ( 3.365500000000003933, 8.509000000000000341, -1.270000000000001128 ) ) ;
#1921 = VECTOR ( 'NONE', #4939, 1000.000000000000000 ) ;
#1922 = FILL_AREA_STYLE ('',( #917 ) ) ;
#1923 = ORIENTED_EDGE ( 'NONE', *, *, #1712, .F. ) ;
#1924 = ORIENTED_EDGE ( 'NONE', *, *, #4820, .F. ) ;
#1925 = DIRECTION ( 'NONE',  ( 0.000000000000000000, 0.000000000000000000, -1.000000000000000000 ) ) ;
#1926 = VECTOR ( 'NONE', #3448, 999.9999999999998863 ) ;
#1927 = ADVANCED_FACE ( 'NONE', ( #6036 ), #5523, .F. ) ;
#1928 = DIRECTION ( 'NONE',  ( -1.000000000000000000, -0.000000000000000000, -0.000000000000000000 ) ) ;
#1929 = ORIENTED_EDGE ( 'NONE', *, *, #2850, .F. ) ;
#1930 = DIRECTION ( 'NONE',  ( -0.5773502691896252870, -0.5773502691896252870, -0.5773502691896267303 ) ) ;
#1931 = VERTEX_POINT ( 'NONE', #6803 ) ;
#1932 = VECTOR ( 'NONE', #4107, 1000.000000000000000 ) ;
#1933 = DIRECTION ( 'NONE',  ( 0.000000000000000000, 0.000000000000000000, -1.000000000000000000 ) ) ;
#1934 = ADVANCED_FACE ( 'NONE', ( #1038 ), #6215, .F. ) ;
#1935 = EDGE_CURVE ( 'NONE', #4126, #1789, #5191, .T. ) ;
#1936 = CARTESIAN_POINT ( 'NONE',  ( -11.42999999999999794, 8.509000000000000341, -1.270000000000001128 ) ) ;
#1937 = CARTESIAN_POINT ( 'NONE',  ( 13.97000000000000419, 2.177422008883992879E-16, -0.8890000000000013447 ) ) ;
#1938 = VECTOR ( 'NONE', #4116, 1000.000000000000000 ) ;
#1939 = FACE_OUTER_BOUND ( 'NONE', #729, .T. ) ;
#1940 = EDGE_CURVE ( 'NONE', #2729, #4063, #1532, .T. ) ;
#1941 = CARTESIAN_POINT ( 'NONE',  ( 12.31900000000000617, 8.064500000000000668, 0.3809999999999946207 ) ) ;
#1942 = ORIENTED_EDGE ( 'NONE', *, *, #1404, .F. ) ;
#1943 = CARTESIAN_POINT ( 'NONE',  ( 8.890000000000004121, 8.509000000000000341, -1.270000000000001128 ) ) ;
#1944 = CARTESIAN_POINT ( 'NONE',  ( -7.619999999999995666, 0.000000000000000000, 0.000000000000000000 ) ) ;
#1945 =( REPRESENTATION_RELATIONSHIP ('NONE','NONE', #770, #5719 ) REPRESENTATION_RELATIONSHIP_WITH_TRANSFORMATION ( #380 )SHAPE_REPRESENTATION_RELATIONSHIP( ) );
#1946 = CARTESIAN_POINT ( 'NONE',  ( -8.445499999999995566, 8.509000000000000341, -0.8255000000000052296 ) ) ;
#1947 = VECTOR ( 'NONE', #1523, 1000.000000000000000 ) ;
#1948 = CARTESIAN_POINT ( 'NONE',  ( -5.460999999999994969, 7.239000000000000767, -0.3810000000000041687 ) ) ;
#1949 = DIRECTION ( 'NONE',  ( 0.000000000000000000, -1.000000000000000000, -2.548365665731588345E-16 ) ) ;
#1950 = EDGE_LOOP ( 'NONE', ( #6834, #2934, #6716, #2093 ) ) ;
#1951 = DIRECTION ( 'NONE',  ( 1.000000000000000000, -0.000000000000000000, -0.000000000000000000 ) ) ;
#1952 = ORIENTED_EDGE ( 'NONE', *, *, #6709, .F. ) ;
#1953 = AXIS2_PLACEMENT_3D ( 'NONE', #3254, #6475, #2259 ) ;
#1954 = STYLED_ITEM ( 'NONE', ( #6161 ), #2825 ) ;
#1955 = EDGE_CURVE ( 'NONE', #2379, #6660, #5263, .T. ) ;
#1956 = DIRECTION ( 'NONE',  ( 0.000000000000000000, -1.000000000000000000, 0.000000000000000000 ) ) ;
#1957 = VECTOR ( 'NONE', #4399, 1000.000000000000000 ) ;
#1958 = VERTEX_POINT ( 'NONE', #6876 ) ;
#1959 = LINE ( 'NONE', #1548, #3741 ) ;
#1960 = VECTOR ( 'NONE', #4339, 999.9999999999998863 ) ;
#1961 = SHAPE_REPRESENTATION ( 'PPPC021LFBN-RC_C11', ( #5362 ), #1452 ) ;
#1962 =( NAMED_UNIT ( * ) SI_UNIT ( $, .STERADIAN. ) SOLID_ANGLE_UNIT ( ) );
#1963 = EDGE_LOOP ( 'NONE', ( #1498, #3027, #3071, #181 ) ) ;
#1964 = ORIENTED_EDGE ( 'NONE', *, *, #6709, .T. ) ;
#1965 =( LENGTH_UNIT ( ) NAMED_UNIT ( * ) SI_UNIT ( .MILLI., .METRE. ) );
#1966 = DIRECTION ( 'NONE',  ( 1.000000000000000000, 0.000000000000000000, 0.000000000000000000 ) ) ;
#1967 = ORIENTED_EDGE ( 'NONE', *, *, #6711, .T. ) ;
#1968 = LINE ( 'NONE', #1557, #5290 ) ;
#1969 = ORIENTED_EDGE ( 'NONE', *, *, #3559, .F. ) ;
#1970 = VECTOR ( 'NONE', #816, 1000.000000000000000 ) ;
#1971 = CARTESIAN_POINT ( 'NONE',  ( -10.03299999999999592, 7.810500000000001108, 0.1269999999999949503 ) ) ;
#1972 = ADVANCED_FACE ( 'NONE', ( #2076 ), #6838, .F. ) ;
#1973 = DIRECTION ( 'NONE',  ( 0.000000000000000000, 1.000000000000000000, 2.548365665731588345E-16 ) ) ;
#1974 = CARTESIAN_POINT ( 'NONE',  ( -5.460999999999994969, 8.064500000000000668, 0.3809999999999947873 ) ) ;
#1975 = ORIENTED_EDGE ( 'NONE', *, *, #354, .T. ) ;
#1976 = DIRECTION ( 'NONE',  ( 0.000000000000000000, -1.000000000000000000, 0.000000000000000000 ) ) ;
#1977 = EDGE_LOOP ( 'NONE', ( #5811, #5576, #2205, #1496 ) ) ;
#1978 = DIRECTION ( 'NONE',  ( -0.000000000000000000, 0.000000000000000000, -1.000000000000000000 ) ) ;
#1979 = CARTESIAN_POINT ( 'NONE',  ( 13.97000000000000419, 8.509000000000000341, 0.8254999999999963478 ) ) ;
#1980 = LINE ( 'NONE', #489, #2631 ) ;
#1981 = CARTESIAN_POINT ( 'NONE',  ( 17.78000000000000114, 7.239000000000000767, -2.201425730935033664E-16 ) ) ;
#1982 = ORIENTED_EDGE ( 'NONE', *, *, #2973, .T. ) ;
#1983 = CARTESIAN_POINT ( 'NONE',  ( -1.269999999999996909, -1.925929944387235853E-31, 0.8889999999999991243 ) ) ;
#1984 = EDGE_CURVE ( 'NONE', #5679, #3918, #1495, .T. ) ;
#1985 = ORIENTED_EDGE ( 'NONE', *, *, #4139, .T. ) ;
#1986 = DIRECTION ( 'NONE',  ( 0.000000000000000000, -1.000000000000000000, 0.000000000000000000 ) ) ;
#1987 = CARTESIAN_POINT ( 'NONE',  ( 6.350000000000003197, 2.177422008883992879E-16, -0.8890000000000013447 ) ) ;
#1988 = ORIENTED_EDGE ( 'NONE', *, *, #1655, .T. ) ;
#1989 = LINE ( 'NONE', #5847, #5086 ) ;
#1990 = SURFACE_SIDE_STYLE ('',( #6304 ) ) ;
#1991 = VERTEX_POINT ( 'NONE', #1974 ) ;
#1992 = ORIENTED_EDGE ( 'NONE', *, *, #4343, .F. ) ;
#1993 = CARTESIAN_POINT ( 'NONE',  ( 2.159000000000004693, 8.064500000000000668, -0.3810000000000040021 ) ) ;
#1994 = DIRECTION ( 'NONE',  ( -1.000000000000000000, 0.000000000000000000, -0.000000000000000000 ) ) ;
#1995 = ORIENTED_EDGE ( 'NONE', *, *, #591, .T. ) ;
#1996 = DIRECTION ( 'NONE',  ( -0.000000000000000000, 1.000000000000000000, 1.733406087350420004E-16 ) ) ;
#1997 = CARTESIAN_POINT ( 'NONE',  ( -6.349999999999997868, 3.110602869834277161E-16, -1.270000000000001128 ) ) ;
#1998 = ORIENTED_EDGE ( 'NONE', *, *, #411, .F. ) ;
#1999 = EDGE_CURVE ( 'NONE', #6587, #4472, #375, .T. ) ;
#2000 = CARTESIAN_POINT ( 'NONE',  ( 9.334500000000005571, 8.509000000000000341, -1.270000000000001128 ) ) ;
#2001 = PLANE ( 'NONE',  #1594 ) ;
#2002 = CARTESIAN_POINT ( 'NONE',  ( 6.350000000000003197, 0.000000000000000000, 0.000000000000000000 ) ) ;
#2003 = EDGE_LOOP ( 'NONE', ( #6575, #4976, #3148, #4997 ) ) ;
#2004 = CARTESIAN_POINT ( 'NONE',  ( -11.42999999999999794, 0.5080000000000000071, 0.7528818102449925664 ) ) ;
#2005 = ORIENTED_EDGE ( 'NONE', *, *, #2418, .F. ) ;
#2006 = CARTESIAN_POINT ( 'NONE',  ( -9.778999999999996362, 7.239000000000000767, 0.3809999999999946207 ) ) ;
#2007 = EDGE_CURVE ( 'NONE', #3274, #2664, #4673, .T. ) ;
#2008 = DIRECTION ( 'NONE',  ( -0.000000000000000000, 1.000000000000000000, 1.733406087350420004E-16 ) ) ;
#2009 = AXIS2_PLACEMENT_3D ( 'NONE', #5131, #4545, #2362 ) ;
#2010 = DIRECTION ( 'NONE',  ( 0.000000000000000000, 0.000000000000000000, 1.000000000000000000 ) ) ;
#2011 = VECTOR ( 'NONE', #4345, 999.9999999999998863 ) ;
#2012 = PLANE ( 'NONE',  #3314 ) ;
#2013 = ORIENTED_EDGE ( 'NONE', *, *, #4002, .F. ) ;
#2014 = CARTESIAN_POINT ( 'NONE',  ( 1.270000000000003793, 8.509000000000000341, -1.270000000000001128 ) ) ;
#2015 = EDGE_CURVE ( 'NONE', #2839, #6334, #5759, .T. ) ;
#2016 = ORIENTED_EDGE ( 'NONE', *, *, #4113, .T. ) ;
#2017 = PRESENTATION_LAYER_ASSIGNMENT (  '', '', ( #3581 ) ) ;
#2018 = CARTESIAN_POINT ( 'NONE',  ( 8.890000000000004121, 0.5080000000000000071, 0.7528818102449925664 ) ) ;
#2019 = EDGE_CURVE ( 'NONE', #2988, #4126, #6356, .T. ) ;
#2020 = CARTESIAN_POINT ( 'NONE',  ( 1.270000000000003793, 2.177422008883992879E-16, -0.8890000000000013447 ) ) ;
#2021 = ORIENTED_EDGE ( 'NONE', *, *, #4536, .T. ) ;
#2022 = CARTESIAN_POINT ( 'NONE',  ( -4.698999999999996291, 7.239000000000000767, -0.3810000000000041687 ) ) ;
#2023 = LINE ( 'NONE', #4165, #5644 ) ;
#2024 = ORIENTED_EDGE ( 'NONE', *, *, #6130, .T. ) ;
#2025 = ADVANCED_FACE ( 'NONE', ( #5794 ), #934, .F. ) ;
#2026 = AXIS2_PLACEMENT_3D ( 'NONE', #5557, #2390, #4537 ) ;
#2027 = EDGE_LOOP ( 'NONE', ( #5249, #4911, #1164, #2551 ) ) ;
#2028 = LINE ( 'NONE', #5646, #6367 ) ;
#2029 = VECTOR ( 'NONE', #3344, 1000.000000000000000 ) ;
#2030 = DIRECTION ( 'NONE',  ( 0.000000000000000000, -0.9659258262890700886, 0.2588190451025140781 ) ) ;
#2031 = VERTEX_POINT ( 'NONE', #2569 ) ;
#2032 = CARTESIAN_POINT ( 'NONE',  ( 7.239000000000006096, 8.064500000000000668, 0.3809999999999946207 ) ) ;
#2033 = CARTESIAN_POINT ( 'NONE',  ( -1.269999999999996909, 2.177422008883992879E-16, -0.8890000000000013447 ) ) ;
#2034 = VERTEX_POINT ( 'NONE', #3683 ) ;
#2035 = LINE ( 'NONE', #3095, #5730 ) ;
#2036 = VECTOR ( 'NONE', #3544, 999.9999999999998863 ) ;
#2037 = EDGE_CURVE ( 'NONE', #643, #756, #4602, .T. ) ;
#2038 = DIRECTION ( 'NONE',  ( 0.000000000000000000, 0.000000000000000000, 1.000000000000000000 ) ) ;
#2039 = DIRECTION ( 'NONE',  ( -0.000000000000000000, 0.2588190451025140781, 0.9659258262890700886 ) ) ;
#2040 = ORIENTED_EDGE ( 'NONE', *, *, #1913, .T. ) ;
#2041 = CARTESIAN_POINT ( 'NONE',  ( -13.08099999999999596, 7.239000000000000767, -0.3810000000000041687 ) ) ;
#2042 = ORIENTED_EDGE ( 'NONE', *, *, #6335, .F. ) ;
#2043 = CARTESIAN_POINT ( 'NONE',  ( -13.96999999999999886, 0.000000000000000000, 0.000000000000000000 ) ) ;
#2044 = EDGE_CURVE ( 'NONE', #424, #368, #478, .T. ) ;
#2045 = DIRECTION ( 'NONE',  ( 1.000000000000000000, 0.000000000000000000, -0.000000000000000000 ) ) ;
#2046 = VECTOR ( 'NONE', #1180, 1000.000000000000000 ) ;
#2047 = CARTESIAN_POINT ( 'NONE',  ( 11.43000000000000504, 3.110602869834277161E-16, -1.270000000000001128 ) ) ;
#2048 = LINE ( 'NONE', #3141, #4539 ) ;
#2049 = VERTEX_POINT ( 'NONE', #899 ) ;
#2050 = DIRECTION ( 'NONE',  ( 1.000000000000000000, 0.000000000000000000, 0.000000000000000000 ) ) ;
#2051 = ORIENTED_EDGE ( 'NONE', *, *, #5462, .F. ) ;
#2052 = ADVANCED_FACE ( 'NONE', ( #5227 ), #3024, .F. ) ;
#2053 = VECTOR ( 'NONE', #1824, 1000.000000000000000 ) ;
#2054 = CARTESIAN_POINT ( 'NONE',  ( 4.254500000000004611, 8.509000000000000341, -1.270000000000001128 ) ) ;
#2055 = DIRECTION ( 'NONE',  ( 0.000000000000000000, -0.7071067811865484609, 0.7071067811865466846 ) ) ;
#2056 = ORIENTED_EDGE ( 'NONE', *, *, #6220, .F. ) ;
#2057 = CARTESIAN_POINT ( 'NONE',  ( -1.269999999999996909, 0.5080000000000000071, 0.7528818102449925664 ) ) ;
#2058 = CARTESIAN_POINT ( 'NONE',  ( 2.921000000000003372, 7.239000000000000767, -0.3810000000000041687 ) ) ;
#2059 = VERTEX_POINT ( 'NONE', #5158 ) ;
#2060 = VECTOR ( 'NONE', #1685, 1000.000000000000000 ) ;
#2061 = VECTOR ( 'NONE', #3081, 1000.000000000000000 ) ;
#2062 = ORIENTED_EDGE ( 'NONE', *, *, #5981, .F. ) ;
#2063 = AXIS2_PLACEMENT_3D ( 'NONE', #5127, #1976, #4114 ) ;
#2064 = DIRECTION ( 'NONE',  ( 0.000000000000000000, 1.000000000000000000, 0.000000000000000000 ) ) ;
#2065 = ORIENTED_EDGE ( 'NONE', *, *, #1767, .F. ) ;
#2066 = LINE ( 'NONE', #1485, #2388 ) ;
#2067 = CARTESIAN_POINT ( 'NONE',  ( 9.779000000000007020, 7.239000000000000767, -0.3810000000000041687 ) ) ;
#2068 = ORIENTED_EDGE ( 'NONE', *, *, #6603, .F. ) ;
#2069 = DIRECTION ( 'NONE',  ( 1.000000000000000000, 0.000000000000000000, -0.000000000000000000 ) ) ;
#2070 = CARTESIAN_POINT ( 'NONE',  ( -6.349999999999996980, 0.000000000000000000, 1.269999999999998908 ) ) ;
#2071 = AXIS2_PLACEMENT_3D ( 'NONE', #2590, #3187, #6413 ) ;
#2072 = AXIS2_PLACEMENT_3D ( 'NONE', #6638, #2826, #2898 ) ;
#2073 = EDGE_CURVE ( 'NONE', #3668, #3311, #6319, .T. ) ;
#2074 = DIRECTION ( 'NONE',  ( 0.000000000000000000, -1.000000000000000000, -1.733406087350420004E-16 ) ) ;
#2075 = AXIS2_PLACEMENT_3D ( 'NONE', #2228, #3328, #5469 ) ;
#2076 = FACE_OUTER_BOUND ( 'NONE', #6368, .T. ) ;
#2077 = ORIENTED_EDGE ( 'NONE', *, *, #663, .T. ) ;
#2078 = ORIENTED_EDGE ( 'NONE', *, *, #4916, .F. ) ;
#2079 = LINE ( 'NONE', #5693, #1388 ) ;
#2080 = EDGE_CURVE ( 'NONE', #556, #4983, #3131, .T. ) ;
#2081 = PLANE ( 'NONE',  #139 ) ;
#2082 = DIRECTION ( 'NONE',  ( -1.000000000000000000, -0.000000000000000000, -0.000000000000000000 ) ) ;
#2083 = LINE ( 'NONE', #3246, #1835 ) ;
#2084 = ORIENTED_EDGE ( 'NONE', *, *, #2961, .T. ) ;
#2085 = CARTESIAN_POINT ( 'NONE',  ( -3.809999999999997389, -1.925929944387235853E-31, 0.8889999999999991243 ) ) ;
#2086 = ORIENTED_EDGE ( 'NONE', *, *, #3243, .F. ) ;
#2087 = LINE ( 'NONE', #6817, #5378 ) ;
#2088 = PLANE ( 'NONE',  #1818 ) ;
#2089 = ORIENTED_EDGE ( 'NONE', *, *, #3059, .F. ) ;
#2090 = CARTESIAN_POINT ( 'NONE',  ( -0.3809999999999941767, 8.064500000000000668, 0.3809999999999946207 ) ) ;
#2091 = DIRECTION ( 'NONE',  ( -0.000000000000000000, 0.2588190451025140781, 0.9659258262890700886 ) ) ;
#2092 = ORIENTED_EDGE ( 'NONE', *, *, #865, .T. ) ;
#2093 = ORIENTED_EDGE ( 'NONE', *, *, #1984, .T. ) ;
#2094 = EDGE_CURVE ( 'NONE', #395, #956, #4290, .T. ) ;
#2095 = DIRECTION ( 'NONE',  ( -0.000000000000000000, 1.000000000000000000, 1.733406087350420004E-16 ) ) ;
#2096 = ORIENTED_EDGE ( 'NONE', *, *, #6486, .F. ) ;
#2097 = EDGE_CURVE ( 'NONE', #4476, #1203, #5447, .T. ) ;
#2098 = CARTESIAN_POINT ( 'NONE',  ( 3.810000000000002718, 0.5080000000000000071, 0.7528818102449925664 ) ) ;
#2099 = DIRECTION ( 'NONE',  ( -0.5773502691896253980, 0.5773502691896253980, -0.5773502691896266192 ) ) ;
#2100 = ORIENTED_EDGE ( 'NONE', *, *, #5521, .T. ) ;
#2101 = DIRECTION ( 'NONE',  ( -1.000000000000000000, 0.000000000000000000, -0.000000000000000000 ) ) ;
#2102 = CARTESIAN_POINT ( 'NONE',  ( -11.42999999999999794, 0.5080000000000002292, -0.7528818102449945648 ) ) ;
#2103 = CARTESIAN_POINT ( 'NONE',  ( 7.239000000000006096, 8.064500000000000668, 0.3809999999999946207 ) ) ;
#2104 = ADVANCED_FACE ( 'NONE', ( #6463 ), #3758, .T. ) ;
#2105 = AXIS2_PLACEMENT_3D ( 'NONE', #791, #2812, #2917 ) ;
#2106 = CARTESIAN_POINT ( 'NONE',  ( -13.96999999999999886, 8.509000000000000341, 1.270000000000001128 ) ) ;
#2107 = ORIENTED_EDGE ( 'NONE', *, *, #6744, .F. ) ;
#2108 =( NAMED_UNIT ( * ) SI_UNIT ( $, .STERADIAN. ) SOLID_ANGLE_UNIT ( ) );
#2109 = ORIENTED_EDGE ( 'NONE', *, *, #6476, .F. ) ;
#2110 = CARTESIAN_POINT ( 'NONE',  ( -8.889999999999998792, 8.509000000000000341, -1.270000000000001128 ) ) ;
#2111 = CARTESIAN_POINT ( 'NONE',  ( -11.42999999999999794, 8.509000000000000341, -0.8255000000000052296 ) ) ;
#2112 = CARTESIAN_POINT ( 'NONE',  ( -12.82699999999999640, 7.810500000000000220, -0.1270000000000037488 ) ) ;
#2113 = FACE_OUTER_BOUND ( 'NONE', #3108, .T. ) ;
#2114 = ORIENTED_EDGE ( 'NONE', *, *, #3039, .F. ) ;
#2115 = LINE ( 'NONE', #5977, #4331 ) ;
#2116 = ORIENTED_EDGE ( 'NONE', *, *, #2870, .F. ) ;
#2117 = DIRECTION ( 'NONE',  ( 0.000000000000000000, 0.000000000000000000, 1.000000000000000000 ) ) ;
#2118 = EDGE_CURVE ( 'NONE', #680, #4213, #4852, .T. ) ;
#2119 = DIRECTION ( 'NONE',  ( -1.000000000000000000, 0.000000000000000000, 0.000000000000000000 ) ) ;
#2120 = ORIENTED_EDGE ( 'NONE', *, *, #850, .F. ) ;
#2121 = FACE_OUTER_BOUND ( 'NONE', #3056, .T. ) ;
#2122 = DIRECTION ( 'NONE',  ( -1.000000000000000000, -0.000000000000000000, -0.000000000000000000 ) ) ;
#2123 = VERTEX_POINT ( 'NONE', #2178 ) ;
#2124 = FILL_AREA_STYLE_COLOUR ( '', #6103 ) ;
#2125 = ORIENTED_EDGE ( 'NONE', *, *, #5487, .T. ) ;
#2126 = SURFACE_SIDE_STYLE ('',( #3744 ) ) ;
#2127 = AXIS2_PLACEMENT_3D ( 'NONE', #1327, #1808, #282 ) ;
#2128 = LINE ( 'NONE', #575, #6514 ) ;
#2129 = VERTEX_POINT ( 'NONE', #1701 ) ;
#2130 = PLANE ( 'NONE',  #5188 ) ;
#2131 = VECTOR ( 'NONE', #5633, 1000.000000000000000 ) ;
#2132 = DIRECTION ( 'NONE',  ( -1.000000000000000000, -0.000000000000000000, -0.000000000000000000 ) ) ;
#2133 = ORIENTED_EDGE ( 'NONE', *, *, #5164, .F. ) ;
#2134 = CARTESIAN_POINT ( 'NONE',  ( 3.810000000000002718, 8.509000000000000341, 1.270000000000001128 ) ) ;
#2135 = PLANE ( 'NONE',  #5017 ) ;
#2136 = ADVANCED_FACE ( 'NONE', ( #3206 ), #5933, .F. ) ;
#2137 = VECTOR ( 'NONE', #1928, 1000.000000000000000 ) ;
#2138 = CARTESIAN_POINT ( 'NONE',  ( -5.460999999999994969, 8.064500000000000668, 0.3809999999999946207 ) ) ;
#2139 = EDGE_CURVE ( 'NONE', #5585, #136, #1672, .T. ) ;
#2140 = CARTESIAN_POINT ( 'NONE',  ( 11.43000000000000504, 0.000000000000000000, 1.269999999999998908 ) ) ;
#2141 = EDGE_LOOP ( 'NONE', ( #2472, #1189, #2827, #4204 ) ) ;
#2142 = LINE ( 'NONE', #3313, #642 ) ;
#2143 = AXIS2_PLACEMENT_3D ( 'NONE', #2691, #3663, #4831 ) ;
#2144 = ORIENTED_EDGE ( 'NONE', *, *, #2890, .F. ) ;
#2145 = CARTESIAN_POINT ( 'NONE',  ( -11.42999999999999794, 0.5080000000000000071, 0.7528818102449925664 ) ) ;
#2146 = EDGE_CURVE ( 'NONE', #4983, #368, #3238, .T. ) ;
#2147 = EDGE_CURVE ( 'NONE', #5465, #4058, #1210, .T. ) ;
#2148 = AXIS2_PLACEMENT_3D ( 'NONE', #4706, #2039, #4181 ) ;
#2149 = SURFACE_STYLE_FILL_AREA ( #3280 ) ;
#2150 = LINE ( 'NONE', #3797, #1742 ) ;
#2151 = CARTESIAN_POINT ( 'NONE',  ( -10.54099999999999504, 8.064500000000000668, 0.3809999999999946207 ) ) ;
#2152 = EDGE_LOOP ( 'NONE', ( #6905, #5816, #280, #2546 ) ) ;
#2153 = CARTESIAN_POINT ( 'NONE',  ( -0.1961031209927693586, -3.200400000000000134, -0.2032000000000002138 ) ) ;
#2154 = ORIENTED_EDGE ( 'NONE', *, *, #3815, .T. ) ;
#2155 = VECTOR ( 'NONE', #5799, 1000.000000000000000 ) ;
#2156 = DIRECTION ( 'NONE',  ( -0.000000000000000000, 0.000000000000000000, -1.000000000000000000 ) ) ;
#2157 = FACE_OUTER_BOUND ( 'NONE', #3650, .T. ) ;
#2158 = ORIENTED_EDGE ( 'NONE', *, *, #3414, .F. ) ;
#2159 = CARTESIAN_POINT ( 'NONE',  ( 14.22399999999999842, -1.925929944387235853E-31, 0.8889999999999991243 ) ) ;
#2160 = LINE ( 'NONE', #1333, #6879 ) ;
#2161 = ORIENTED_EDGE ( 'NONE', *, *, #5853, .F. ) ;
#2162 = CARTESIAN_POINT ( 'NONE',  ( 3.810000000000002718, 3.110602869834277161E-16, -1.270000000000001128 ) ) ;
#2163 = ORIENTED_EDGE ( 'NONE', *, *, #4052, .F. ) ;
#2164 =( NAMED_UNIT ( * ) PLANE_ANGLE_UNIT ( ) SI_UNIT ( $, .RADIAN. ) );
#2165 = ADVANCED_FACE ( 'NONE', ( #5968 ), #553, .F. ) ;
#2166 = CARTESIAN_POINT ( 'NONE',  ( 10.54100000000000570, 7.239000000000000767, 0.3809999999999946207 ) ) ;
#2167 = VECTOR ( 'NONE', #2845, 1000.000000000000000 ) ;
#2168 = ORIENTED_EDGE ( 'NONE', *, *, #6137, .F. ) ;
#2169 = DIRECTION ( 'NONE',  ( 0.000000000000000000, 2.449293598294710852E-16, -1.000000000000000000 ) ) ;
#2170 = AXIS2_PLACEMENT_3D ( 'NONE', #5743, #3013, #1443 ) ;
#2171 = LINE ( 'NONE', #2741, #55 ) ;
#2172 = EDGE_LOOP ( 'NONE', ( #2837, #3329, #6090, #549 ) ) ;
#2173 = DIRECTION ( 'NONE',  ( 0.000000000000000000, 0.000000000000000000, -1.000000000000000000 ) ) ;
#2174 = LINE ( 'NONE', #5897, #2442 ) ;
#2175 = AXIS2_PLACEMENT_3D ( 'NONE', #3221, #1755, #5949 ) ;
#2176 = VECTOR ( 'NONE', #5813, 1000.000000000000000 ) ;
#2177 = CARTESIAN_POINT ( 'NONE',  ( -8.889999999999998792, 0.000000000000000000, 0.000000000000000000 ) ) ;
#2178 = CARTESIAN_POINT ( 'NONE',  ( -13.96999999999999886, 0.5080000000000002292, -0.7528818102449945648 ) ) ;
#2179 = ORIENTED_EDGE ( 'NONE', *, *, #601, .F. ) ;
#2180 = EDGE_CURVE ( 'NONE', #6358, #1680, #4815, .T. ) ;
#2181 = AXIS2_PLACEMENT_3D ( 'NONE', #5346, #4822, #3765 ) ;
#2182 =( NAMED_UNIT ( * ) SI_UNIT ( $, .STERADIAN. ) SOLID_ANGLE_UNIT ( ) );
#2183 = AXIS2_PLACEMENT_3D ( 'NONE', #6364, #3657, #1570 ) ;
#2184 = CARTESIAN_POINT ( 'NONE',  ( 8.890000000000004121, 0.000000000000000000, 0.000000000000000000 ) ) ;
#2185 = AXIS2_PLACEMENT_3D ( 'NONE', #990, #6173, #5783 ) ;
#2186 = DIRECTION ( 'NONE',  ( 0.000000000000000000, 2.449293598294710852E-16, -1.000000000000000000 ) ) ;
#2187 = CARTESIAN_POINT ( 'NONE',  ( 11.43000000000000504, 8.509000000000000341, 1.270000000000001128 ) ) ;
#2188 = FACE_OUTER_BOUND ( 'NONE', #2219, .T. ) ;
#2189 = ORIENTED_EDGE ( 'NONE', *, *, #4711, .T. ) ;
#2190 = CARTESIAN_POINT ( 'NONE',  ( 0.1961031209927693864, -3.200400000000000134, 0.2032000000000001583 ) ) ;
#2191 = VECTOR ( 'NONE', #5773, 1000.000000000000000 ) ;
#2192 = ORIENTED_EDGE ( 'NONE', *, *, #6398, .F. ) ;
#2193 = LINE ( 'NONE', #4406, #4594 ) ;
#2194 = VERTEX_POINT ( 'NONE', #1598 ) ;
#2195 = DIRECTION ( 'NONE',  ( 0.000000000000000000, 0.000000000000000000, -1.000000000000000000 ) ) ;
#2196 = CARTESIAN_POINT ( 'NONE',  ( 11.43000000000000504, -1.925929944387235853E-31, 0.8889999999999991243 ) ) ;
#2197 = VERTEX_POINT ( 'NONE', #5864 ) ;
#2198 = CARTESIAN_POINT ( 'NONE',  ( -11.42999999999999794, 8.509000000000000341, 1.270000000000001128 ) ) ;
#2199 = ORIENTED_EDGE ( 'NONE', *, *, #346, .T. ) ;
#2200 = EDGE_CURVE ( 'NONE', #5754, #4373, #102, .T. ) ;
#2201 = CARTESIAN_POINT ( 'NONE',  ( 14.22399999999999842, 0.000000000000000000, 1.269999999999998908 ) ) ;
#2202 = ORIENTED_EDGE ( 'NONE', *, *, #6398, .T. ) ;
#2203 = DIRECTION ( 'NONE',  ( 0.5773502691896253980, 0.5773502691896253980, -0.5773502691896266192 ) ) ;
#2204 = LINE ( 'NONE', #511, #6300 ) ;
#2205 = ORIENTED_EDGE ( 'NONE', *, *, #3626, .F. ) ;
#2206 = DIRECTION ( 'NONE',  ( -1.000000000000000000, -0.000000000000000000, -0.000000000000000000 ) ) ;
#2207 = DIRECTION ( 'NONE',  ( 0.000000000000000000, 0.000000000000000000, -1.000000000000000000 ) ) ;
#2208 =( REPRESENTATION_RELATIONSHIP ('NONE','NONE', #770, #5719 ) REPRESENTATION_RELATIONSHIP_WITH_TRANSFORMATION ( #6361 )SHAPE_REPRESENTATION_RELATIONSHIP( ) );
#2209 = DIRECTION ( 'NONE',  ( -0.000000000000000000, 1.000000000000000000, 2.449293598294710852E-16 ) ) ;
#2210 = DIRECTION ( 'NONE',  ( -0.5773502691896252870, -0.5773502691896252870, -0.5773502691896267303 ) ) ;
#2211 = EDGE_CURVE ( 'NONE', #1269, #2722, #1133, .T. ) ;
#2212 = VERTEX_POINT ( 'NONE', #2106 ) ;
#2213 = SURFACE_STYLE_USAGE ( .BOTH. , #3208 ) ;
#2214 = DIRECTION ( 'NONE',  ( 1.000000000000000000, 0.000000000000000000, -0.000000000000000000 ) ) ;
#2215 =( LENGTH_UNIT ( ) NAMED_UNIT ( * ) SI_UNIT ( .MILLI., .METRE. ) );
#2216 = FACE_OUTER_BOUND ( 'NONE', #70, .T. ) ;
#2217 = PRODUCT_DEFINITION ( 'UNKNOWN', '', #1574, #1194 ) ;
#2218 = CARTESIAN_POINT ( 'NONE',  ( -2.158999999999995811, 7.239000000000000767, 0.3809999999999946207 ) ) ;
#2219 = EDGE_LOOP ( 'NONE', ( #4013, #3779, #2051, #3383 ) ) ;
#2220 = LINE ( 'NONE', #1747, #4657 ) ;
#2221 = ORIENTED_EDGE ( 'NONE', *, *, #3900, .F. ) ;
#2222 = EDGE_CURVE ( 'NONE', #4810, #405, #587, .T. ) ;
#2223 = CARTESIAN_POINT ( 'NONE',  ( 9.779000000000007020, 8.064500000000000668, 0.3809999999999946207 ) ) ;
#2224 = ORIENTED_EDGE ( 'NONE', *, *, #630, .F. ) ;
#2225 = DIRECTION ( 'NONE',  ( 0.000000000000000000, 0.000000000000000000, 1.000000000000000000 ) ) ;
#2226 = LINE ( 'NONE', #4380, #2863 ) ;
#2227 = ORIENTED_EDGE ( 'NONE', *, *, #1089, .T. ) ;
#2228 = CARTESIAN_POINT ( 'NONE',  ( -0.3809999999999941767, 7.239000000000000767, 0.3809999999999946207 ) ) ;
#2229 = EDGE_LOOP ( 'NONE', ( #686, #5384, #6866, #896, #4231, #1023, #6651, #3015 ) ) ;
#2230 = EDGE_CURVE ( 'NONE', #4907, #643, #6002, .T. ) ;
#2231 = DIRECTION ( 'NONE',  ( 0.000000000000000000, 0.000000000000000000, 1.000000000000000000 ) ) ;
#2232 = ORIENTED_EDGE ( 'NONE', *, *, #1172, .F. ) ;
#2233 = DIRECTION ( 'NONE',  ( 0.000000000000000000, 0.000000000000000000, -1.000000000000000000 ) ) ;
#2234 = EDGE_CURVE ( 'NONE', #6750, #4663, #2679, .T. ) ;
#2235 = CARTESIAN_POINT ( 'NONE',  ( -8.000999999999994117, 7.239000000000000767, 0.3809999999999946207 ) ) ;
#2236 = EDGE_LOOP ( 'NONE', ( #944, #1862, #1064, #6351 ) ) ;
#2237 = CARTESIAN_POINT ( 'NONE',  ( 13.08100000000000662, 7.239000000000000767, -0.3810000000000041687 ) ) ;
#2238 = CLOSED_SHELL ( 'NONE', ( #4733, #3771, #3227, #921, #691, #1927, #1836, #3759, #1722, #892, #2852, #1450, #6695, #6686, #2386, #1596, #1889, #1792, #4502 ) ) ;
#2239 = PLANE ( 'NONE',  #6138 ) ;
#2240 = VECTOR ( 'NONE', #2576, 1000.000000000000000 ) ;
#2241 = PLANE ( 'NONE',  #2932 ) ;
#2242 = LINE ( 'NONE', #30, #1045 ) ;
#2243 = ORIENTED_EDGE ( 'NONE', *, *, #3816, .T. ) ;
#2244 = DIRECTION ( 'NONE',  ( 0.000000000000000000, -1.440069553722777130E-16, 1.000000000000000000 ) ) ;
#2245 = CARTESIAN_POINT ( 'NONE',  ( -13.96999999999999886, 3.110602869834277161E-16, -1.270000000000001128 ) ) ;
#2246 = AXIS2_PLACEMENT_3D ( 'NONE', #6213, #5687, #3609 ) ;
#2247 = EDGE_CURVE ( 'NONE', #2908, #1652, #2242, .T. ) ;
#2248 = CARTESIAN_POINT ( 'NONE',  ( 13.97000000000000419, 2.177422008883992879E-16, -0.8890000000000013447 ) ) ;
#2249 = VECTOR ( 'NONE', #4735, 1000.000000000000000 ) ;
#2250 = CARTESIAN_POINT ( 'NONE',  ( -3.365499999999995051, 8.509000000000000341, 0.8254999999999963478 ) ) ;
#2251 = LINE ( 'NONE', #6008, #82 ) ;
#2252 = ORIENTED_EDGE ( 'NONE', *, *, #5265, .F. ) ;
#2253 = ADVANCED_FACE ( 'NONE', ( #6525 ), #1735, .F. ) ;
#2254 = DIRECTION ( 'NONE',  ( 0.000000000000000000, 1.000000000000000000, 0.000000000000000000 ) ) ;
#2255 = LINE ( 'NONE', #6572, #6157 ) ;
#2256 = VECTOR ( 'NONE', #6567, 1000.000000000000000 ) ;
#2257 = DIRECTION ( 'NONE',  ( -0.000000000000000000, 1.000000000000000000, 1.733406087350420004E-16 ) ) ;
#2258 = ORIENTED_EDGE ( 'NONE', *, *, #850, .T. ) ;
#2259 = DIRECTION ( 'NONE',  ( 0.000000000000000000, -0.000000000000000000, -1.000000000000000000 ) ) ;
#2260 = DIRECTION ( 'NONE',  ( 0.000000000000000000, -5.054934237236841843E-31, -1.000000000000000000 ) ) ;
#2261 = ORIENTED_EDGE ( 'NONE', *, *, #2645, .F. ) ;
#2262 = EDGE_CURVE ( 'NONE', #3491, #3112, #2423, .T. ) ;
#2263 = DIRECTION ( 'NONE',  ( 1.000000000000000000, 0.000000000000000000, -0.000000000000000000 ) ) ;
#2264 = ORIENTED_EDGE ( 'NONE', *, *, #1379, .T. ) ;
#2265 = ADVANCED_FACE ( 'NONE', ( #6170, #1317 ), #3929, .F. ) ;
#2266 = VECTOR ( 'NONE', #684, 1000.000000000000000 ) ;
#2267 = LINE ( 'NONE', #6053, #154 ) ;
#2268 = ORIENTED_EDGE ( 'NONE', *, *, #2821, .F. ) ;
#2269 = AXIS2_PLACEMENT_3D ( 'NONE', #2043, #2464, #1978 ) ;
#2270 = FACE_OUTER_BOUND ( 'NONE', #3605, .T. ) ;
#2271 = LINE ( 'NONE', #2951, #2617 ) ;
#2272 = ORIENTED_EDGE ( 'NONE', *, *, #2961, .F. ) ;
#2273 = VERTEX_POINT ( 'NONE', #1279 ) ;
#2274 = LINE ( 'NONE', #4913, #3790 ) ;
#2275 = VECTOR ( 'NONE', #6184, 1000.000000000000000 ) ;
#2276 =( GEOMETRIC_REPRESENTATION_CONTEXT ( 3 ) GLOBAL_UNCERTAINTY_ASSIGNED_CONTEXT ( ( #4051 ) ) GLOBAL_UNIT_ASSIGNED_CONTEXT ( ( #3045, #3636, #6790 ) ) REPRESENTATION_CONTEXT ( 'NONE', 'WORKASPACE' ) );
#2277 = CARTESIAN_POINT ( 'NONE',  ( -6.349999999999997868, 8.509000000000000341, 1.270000000000001128 ) ) ;
#2278 = CARTESIAN_POINT ( 'NONE',  ( -13.96999999999999886, 2.177422008883992879E-16, -0.8890000000000013447 ) ) ;
#2279 = ORIENTED_EDGE ( 'NONE', *, *, #2094, .F. ) ;
#2280 = PLANE ( 'NONE',  #2185 ) ;
#2281 = CARTESIAN_POINT ( 'NONE',  ( -3.809999999999997389, -1.925929944387235853E-31, 0.8889999999999991243 ) ) ;
#2282 = VECTOR ( 'NONE', #5115, 1000.000000000000000 ) ;
#2283 =( GEOMETRIC_REPRESENTATION_CONTEXT ( 3 ) GLOBAL_UNCERTAINTY_ASSIGNED_CONTEXT ( ( #348 ) ) GLOBAL_UNIT_ASSIGNED_CONTEXT ( ( #2628, #3702, #3666 ) ) REPRESENTATION_CONTEXT ( 'NONE', 'WORKASPACE' ) );
#2284 = PRODUCT_DEFINITION_SHAPE ( 'NONE', 'NONE',  #1208 ) ;
#2285 =( NAMED_UNIT ( * ) PLANE_ANGLE_UNIT ( ) SI_UNIT ( $, .RADIAN. ) );
#2286 = VECTOR ( 'NONE', #5837, 1000.000000000000000 ) ;
#2287 = VECTOR ( 'NONE', #6143, 1000.000000000000000 ) ;
#2288 = FACE_OUTER_BOUND ( 'NONE', #1519, .T. ) ;
#2289 = FACE_OUTER_BOUND ( 'NONE', #2987, .T. ) ;
#2290 = FACE_OUTER_BOUND ( 'NONE', #3623, .T. ) ;
#2291 = VERTEX_POINT ( 'NONE', #5014 ) ;
#2292 = DIRECTION ( 'NONE',  ( 0.000000000000000000, 0.9659258262890700886, -0.2588190451025140781 ) ) ;
#2293 = VERTEX_POINT ( 'NONE', #1768 ) ;
#2294 = UNCERTAINTY_MEASURE_WITH_UNIT (LENGTH_MEASURE( 1.000000000000000082E-05 ), #4771, 'distance_accuracy_value', 'NONE');
#2295 = VECTOR ( 'NONE', #3008, 1000.000000000000000 ) ;
#2296 = VERTEX_POINT ( 'NONE', #6627 ) ;
#2297 = LINE ( 'NONE', #1911, #849 ) ;
#2298 = CARTESIAN_POINT ( 'NONE',  ( 3.810000000000002718, 8.509000000000000341, -1.270000000000001128 ) ) ;
#2299 = EDGE_CURVE ( 'NONE', #5448, #5470, #794, .T. ) ;
#2300 = ORIENTED_EDGE ( 'NONE', *, *, #1248, .F. ) ;
#2301 = LINE ( 'NONE', #3256, #3427 ) ;
#2302 = VERTEX_POINT ( 'NONE', #6665 ) ;
#2303 = LINE ( 'NONE', #4453, #2363 ) ;
#2304 = EDGE_LOOP ( 'NONE', ( #506, #1586, #946, #327 ) ) ;
#2305 = DIRECTION ( 'NONE',  ( -1.000000000000000000, -0.000000000000000000, -0.000000000000000000 ) ) ;
#2306 = DIRECTION ( 'NONE',  ( -1.000000000000000000, -0.000000000000000000, -0.000000000000000000 ) ) ;
#2307 = ORIENTED_EDGE ( 'NONE', *, *, #2486, .T. ) ;
#2308 = EDGE_CURVE ( 'NONE', #6526, #5923, #3475, .T. ) ;
#2309 = ORIENTED_EDGE ( 'NONE', *, *, #3288, .F. ) ;
#2310 = PLANE ( 'NONE',  #6482 ) ;
#2311 = EDGE_CURVE ( 'NONE', #1436, #300, #4036, .T. ) ;
#2312 = FACE_OUTER_BOUND ( 'NONE', #6563, .T. ) ;
#2313 = FACE_OUTER_BOUND ( 'NONE', #5389, .T. ) ;
#2314 = ORIENTED_EDGE ( 'NONE', *, *, #1561, .F. ) ;
#2315 = LINE ( 'NONE', #3969, #4546 ) ;
#2316 = PLANE ( 'NONE',  #6642 ) ;
#2317 = ADVANCED_FACE ( 'NONE', ( #2313 ), #730, .F. ) ;
#2318 = FACE_OUTER_BOUND ( 'NONE', #1950, .T. ) ;
#2319 = DIRECTION ( 'NONE',  ( -0.000000000000000000, 1.000000000000000000, 1.440069553722777130E-16 ) ) ;
#2320 = CARTESIAN_POINT ( 'NONE',  ( -8.889999999999997016, 8.509000000000000341, -0.8255000000000052296 ) ) ;
#2321 = EDGE_CURVE ( 'NONE', #1470, #1258, #690, .T. ) ;
#2322 = LINE ( 'NONE', #4471, #5991 ) ;
#2323 = ORIENTED_EDGE ( 'NONE', *, *, #2612, .F. ) ;
#2324 = CARTESIAN_POINT ( 'NONE',  ( -11.42999999999999794, -1.925929944387235853E-31, 0.8889999999999991243 ) ) ;
#2325 = VERTEX_POINT ( 'NONE', #6101 ) ;
#2326 = APPLICATION_PROTOCOL_DEFINITION ( 'draft international standard', 'automotive_design', 1998, #5930 ) ;
#2327 = FILL_AREA_STYLE_COLOUR ( '', #5939 ) ;
#2328 = ORIENTED_EDGE ( 'NONE', *, *, #2360, .T. ) ;
#2329 = VECTOR ( 'NONE', #3859, 1000.000000000000000 ) ;
#2330 = CARTESIAN_POINT ( 'NONE',  ( -3.809999999999997389, 2.177422008883992879E-16, -0.8890000000000013447 ) ) ;
#2331 =( NAMED_UNIT ( * ) PLANE_ANGLE_UNIT ( ) SI_UNIT ( $, .RADIAN. ) );
#2332 = ORIENTED_EDGE ( 'NONE', *, *, #5273, .F. ) ;
#2333 = DIRECTION ( 'NONE',  ( -0.000000000000000000, -0.000000000000000000, 1.000000000000000000 ) ) ;
#2334 = ORIENTED_EDGE ( 'NONE', *, *, #977, .T. ) ;
#2335 = ADVANCED_FACE ( 'NONE', ( #2855 ), #765, .F. ) ;
#2336 = FACE_OUTER_BOUND ( 'NONE', #2765, .T. ) ;
#2337 = VERTEX_POINT ( 'NONE', #4948 ) ;
#2338 = CARTESIAN_POINT ( 'NONE',  ( -2.920999999999994934, 8.064500000000000668, 0.3809999999999947873 ) ) ;
#2339 = CARTESIAN_POINT ( 'NONE',  ( -11.42999999999999794, 3.110602869834277161E-16, -1.270000000000001128 ) ) ;
#2340 = ORIENTED_EDGE ( 'NONE', *, *, #4986, .T. ) ;
#2341 = ORIENTED_EDGE ( 'NONE', *, *, #4569, .F. ) ;
#2342 = CARTESIAN_POINT ( 'NONE',  ( -7.238999999999996326, 7.239000000000000767, 0.3809999999999946207 ) ) ;
#2343 = EDGE_CURVE ( 'NONE', #2302, #4893, #2923, .T. ) ;
#2344 = VECTOR ( 'NONE', #6707, 1000.000000000000000 ) ;
#2345 = CARTESIAN_POINT ( 'NONE',  ( -8.000999999999994117, 7.239000000000000767, 0.3809999999999946207 ) ) ;
#2346 = VECTOR ( 'NONE', #5563, 1000.000000000000000 ) ;
#2347 = DIRECTION ( 'NONE',  ( 0.000000000000000000, 1.000000000000000000, -5.054934237236841843E-31 ) ) ;
#2348 = ORIENTED_EDGE ( 'NONE', *, *, #2904, .F. ) ;
#2349 = DIRECTION ( 'NONE',  ( -0.000000000000000000, 1.000000000000000000, 1.733406087350420004E-16 ) ) ;
#2350 = PLANE ( 'NONE',  #1275 ) ;
#2351 = ADVANCED_FACE ( 'NONE', ( #4982 ), #4565, .F. ) ;
#2352 = ADVANCED_FACE ( 'NONE', ( #269 ), #306, .F. ) ;
#2353 = PLANE ( 'NONE',  #2927 ) ;
#2354 = PLANE ( 'NONE',  #481 ) ;
#2355 = DIRECTION ( 'NONE',  ( 0.000000000000000000, -1.000000000000000000, 0.000000000000000000 ) ) ;
#2356 = AXIS2_PLACEMENT_3D ( 'NONE', #992, #1994, #401 ) ;
#2357 = CARTESIAN_POINT ( 'NONE',  ( 6.350000000000003197, 2.177422008883992879E-16, -0.8890000000000013447 ) ) ;
#2358 = VERTEX_POINT ( 'NONE', #1870 ) ;
#2359 = LINE ( 'NONE', #6640, #6333 ) ;
#2360 = EDGE_CURVE ( 'NONE', #4162, #675, #169, .T. ) ;
#2361 = DIRECTION ( 'NONE',  ( 0.000000000000000000, 5.054934237236841843E-31, 1.000000000000000000 ) ) ;
#2362 = DIRECTION ( 'NONE',  ( 1.000000000000000000, 0.000000000000000000, 0.000000000000000000 ) ) ;
#2363 = VECTOR ( 'NONE', #1232, 1000.000000000000000 ) ;
#2364 = LINE ( 'NONE', #842, #2131 ) ;
#2365 = VERTEX_POINT ( 'NONE', #1243 ) ;
#2366 = LINE ( 'NONE', #844, #6655 ) ;
#2367 = FACE_OUTER_BOUND ( 'NONE', #6171, .T. ) ;
#2368 = ORIENTED_EDGE ( 'NONE', *, *, #4437, .T. ) ;
#2369 = LINE ( 'NONE', #6191, #5103 ) ;
#2370 = VECTOR ( 'NONE', #2625, 1000.000000000000000 ) ;
#2371 = ORIENTED_EDGE ( 'NONE', *, *, #1500, .F. ) ;
#2372 = VECTOR ( 'NONE', #5259, 999.9999999999998863 ) ;
#2373 = VECTOR ( 'NONE', #1636, 1000.000000000000000 ) ;
#2374 = LINE ( 'NONE', #6517, #3826 ) ;
#2375 = ORIENTED_EDGE ( 'NONE', *, *, #3993, .T. ) ;
#2376 = PLANE ( 'NONE',  #1847 ) ;
#2377 = CARTESIAN_POINT ( 'NONE',  ( -8.889999999999998792, 8.509000000000000341, 1.270000000000001128 ) ) ;
#2378 = ORIENTED_EDGE ( 'NONE', *, *, #1201, .T. ) ;
#2379 = VERTEX_POINT ( 'NONE', #2957 ) ;
#2380 = EDGE_CURVE ( 'NONE', #5978, #2123, #5088, .T. ) ;
#2381 = LINE ( 'NONE', #1729, #4009 ) ;
#2382 = DIRECTION ( 'NONE',  ( 0.000000000000000000, 1.000000000000000000, 0.000000000000000000 ) ) ;
#2383 = DIRECTION ( 'NONE',  ( 1.000000000000000000, 0.000000000000000000, 0.000000000000000000 ) ) ;
#2384 = ORIENTED_EDGE ( 'NONE', *, *, #5197, .F. ) ;
#2385 = PLANE ( 'NONE',  #2407 ) ;
#2386 = ADVANCED_FACE ( 'NONE', ( #6562 ), #3895, .F. ) ;
#2387 = DIRECTION ( 'NONE',  ( 0.000000000000000000, 1.000000000000000000, 2.548365665731588345E-16 ) ) ;
#2388 = VECTOR ( 'NONE', #5713, 1000.000000000000000 ) ;
#2389 = ADVANCED_FACE ( 'NONE', ( #961 ), #3539, .F. ) ;
#2390 = DIRECTION ( 'NONE',  ( 0.000000000000000000, 0.2588190451025145222, -0.9659258262890699775 ) ) ;
#2391 = FACE_OUTER_BOUND ( 'NONE', #5303, .T. ) ;
#2392 = VECTOR ( 'NONE', #6329, 1000.000000000000000 ) ;
#2393 = PLANE ( 'NONE',  #852 ) ;
#2394 = PRESENTATION_LAYER_ASSIGNMENT (  '', '', ( #6434 ) ) ;
#2395 = DIRECTION ( 'NONE',  ( 0.000000000000000000, -1.000000000000000000, 0.000000000000000000 ) ) ;
#2396 = ORIENTED_EDGE ( 'NONE', *, *, #4638, .F. ) ;
#2397 = DIRECTION ( 'NONE',  ( 0.000000000000000000, 0.000000000000000000, 1.000000000000000000 ) ) ;
#2398 = ITEM_DEFINED_TRANSFORMATION ( 'NONE', 'NONE', #4698,  #5362 ) ;
#2399 = VECTOR ( 'NONE', #905, 1000.000000000000000 ) ;
#2400 = MECHANICAL_DESIGN_GEOMETRIC_PRESENTATION_REPRESENTATION (  '', ( #1954 ), #2283 ) ;
#2401 = EDGE_CURVE ( 'NONE', #2556, #6840, #995, .T. ) ;
#2402 =( NAMED_UNIT ( * ) PLANE_ANGLE_UNIT ( ) SI_UNIT ( $, .RADIAN. ) );
#2403 = CARTESIAN_POINT ( 'NONE',  ( -1.269999999999996909, 8.509000000000000341, 0.8254999999999963478 ) ) ;
#2404 = FACE_OUTER_BOUND ( 'NONE', #228, .T. ) ;
#2405 = ORIENTED_EDGE ( 'NONE', *, *, #5019, .F. ) ;
#2406 = CARTESIAN_POINT ( 'NONE',  ( 4.953000000000003844, 7.810500000000000220, -0.1270000000000037488 ) ) ;
#2407 = AXIS2_PLACEMENT_3D ( 'NONE', #6104, #2925, #6004 ) ;
#2408 = EDGE_CURVE ( 'NONE', #2365, #6546, #5651, .T. ) ;
#2409 = VECTOR ( 'NONE', #1252, 1000.000000000000000 ) ;
#2410 = EDGE_LOOP ( 'NONE', ( #1364, #4943, #653, #4588 ) ) ;
#2411 = VECTOR ( 'NONE', #5527, 1000.000000000000000 ) ;
#2412 = EDGE_CURVE ( 'NONE', #3892, #3438, #2563, .T. ) ;
#2413 = FACE_OUTER_BOUND ( 'NONE', #6666, .T. ) ;
#2414 = ORIENTED_EDGE ( 'NONE', *, *, #2139, .F. ) ;
#2415 = CARTESIAN_POINT ( 'NONE',  ( -2.158999999999995811, 7.239000000000000767, -0.3810000000000041687 ) ) ;
#2416 = CARTESIAN_POINT ( 'NONE',  ( -6.349999999999996980, 0.5080000000000002292, -0.7528818102449945648 ) ) ;
#2417 = ORIENTED_EDGE ( 'NONE', *, *, #5955, .F. ) ;
#2418 = EDGE_CURVE ( 'NONE', #3569, #3875, #6869, .T. ) ;
#2419 = ORIENTED_EDGE ( 'NONE', *, *, #4563, .F. ) ;
#2420 = FILL_AREA_STYLE ('',( #302 ) ) ;
#2421 = AXIS2_PLACEMENT_3D ( 'NONE', #1401, #3432, #3492 ) ;
#2422 = CARTESIAN_POINT ( 'NONE',  ( -6.349999999999997868, 3.110602869834277161E-16, -1.270000000000001128 ) ) ;
#2423 = LINE ( 'NONE', #1794, #6068 ) ;
#2424 = VERTEX_POINT ( 'NONE', #3124 ) ;
#2425 =( NAMED_UNIT ( * ) PLANE_ANGLE_UNIT ( ) SI_UNIT ( $, .RADIAN. ) );
#2426 = PRODUCT_DEFINITION_SHAPE ( 'NONE', 'NONE',  #6917 ) ;
#2427 = CARTESIAN_POINT ( 'NONE',  ( -8.889999999999997016, 8.509000000000000341, -1.270000000000001128 ) ) ;
#2428 = ADVANCED_FACE ( 'NONE', ( #6350 ), #5255, .F. ) ;
#2429 = DIRECTION ( 'NONE',  ( -0.000000000000000000, 1.000000000000000000, 1.440069553722777130E-16 ) ) ;
#2430 = CARTESIAN_POINT ( 'NONE',  ( -2.666999999999995818, 7.810500000000000220, -0.1270000000000037488 ) ) ;
#2431 = PLANE ( 'NONE',  #6321 ) ;
#2432 = DIRECTION ( 'NONE',  ( 0.000000000000000000, 2.548365665731588345E-16, -1.000000000000000000 ) ) ;
#2433 = VERTEX_POINT ( 'NONE', #1997 ) ;
#2434 = LINE ( 'NONE', #5631, #1462 ) ;
#2435 = CARTESIAN_POINT ( 'NONE',  ( 10.16000000000000547, 0.000000000000000000, 0.000000000000000000 ) ) ;
#2436 = SURFACE_SIDE_STYLE ('',( #3456 ) ) ;
#2437 = EDGE_CURVE ( 'NONE', #4273, #5754, #4138, .T. ) ;
#2438 = DIRECTION ( 'NONE',  ( 0.000000000000000000, -1.000000000000000000, -1.733406087350420004E-16 ) ) ;
#2439 = DIRECTION ( 'NONE',  ( 0.000000000000000000, 0.9659258262890699775, 0.2588190451025145222 ) ) ;
#2440 = EDGE_LOOP ( 'NONE', ( #6464, #1445, #2417, #1311 ) ) ;
#2441 = DIRECTION ( 'NONE',  ( -0.000000000000000000, 1.000000000000000000, 1.733406087350420004E-16 ) ) ;
#2442 = VECTOR ( 'NONE', #2780, 1000.000000000000000 ) ;
#2443 = ORIENTED_EDGE ( 'NONE', *, *, #4171, .T. ) ;
#2444 = EDGE_CURVE ( 'NONE', #1603, #1233, #6765, .T. ) ;
#2445 = EDGE_CURVE ( 'NONE', #6526, #270, #4215, .T. ) ;
#2446 = PLANE ( 'NONE',  #2480 ) ;
#2447 = ORIENTED_EDGE ( 'NONE', *, *, #5869, .T. ) ;
#2448 = CARTESIAN_POINT ( 'NONE',  ( 12.31900000000000617, 7.239000000000000767, -0.3810000000000041687 ) ) ;
#2449 = ORIENTED_EDGE ( 'NONE', *, *, #6259, .F. ) ;
#2450 = ORIENTED_EDGE ( 'NONE', *, *, #4085, .T. ) ;
#2451 =( NAMED_UNIT ( * ) PLANE_ANGLE_UNIT ( ) SI_UNIT ( $, .RADIAN. ) );
#2452 = EDGE_CURVE ( 'NONE', #31, #1373, #2455, .T. ) ;
#2453 = FACE_OUTER_BOUND ( 'NONE', #2874, .T. ) ;
#2454 = ORIENTED_EDGE ( 'NONE', *, *, #3129, .T. ) ;
#2455 = LINE ( 'NONE', #3020, #5408 ) ;
#2456 = ORIENTED_EDGE ( 'NONE', *, *, #564, .T. ) ;
#2457 = CARTESIAN_POINT ( 'NONE',  ( 2.921000000000003372, 7.239000000000000767, 0.3809999999999946207 ) ) ;
#2458 = PRODUCT_DEFINITION_FORMATION_WITH_SPECIFIED_SOURCE ( 'ANY', '', #1240, .NOT_KNOWN. ) ;
#2459 = LINE ( 'NONE', #1000, #6168 ) ;
#2460 = LINE ( 'NONE', #5063, #2256 ) ;
#2461 = DIRECTION ( 'NONE',  ( -1.000000000000000000, -0.000000000000000000, -0.000000000000000000 ) ) ;
#2462 = LINE ( 'NONE', #5100, #4862 ) ;
#2463 = VERTEX_POINT ( 'NONE', #5121 ) ;
#2464 = DIRECTION ( 'NONE',  ( 1.000000000000000000, 0.000000000000000000, -0.000000000000000000 ) ) ;
#2465 = CLOSED_SHELL ( 'NONE', ( #1215, #3541, #24, #2685, #1798, #3087, #4252, #877, #5091, #1593, #427, #2653, #6794, #3950, #4851, #735, #5480, #4025, #4089 ) ) ;
#2466 = APPLICATION_PROTOCOL_DEFINITION ( 'draft international standard', 'automotive_design', 1998, #1731 ) ;
#2467 = EDGE_CURVE ( 'NONE', #3380, #2619, #1968, .T. ) ;
#2468 = PLANE ( 'NONE',  #4267 ) ;
#2469 = VECTOR ( 'NONE', #1880, 1000.000000000000114 ) ;
#2470 = LINE ( 'NONE', #1948, #2399 ) ;
#2471 = DIRECTION ( 'NONE',  ( 0.5773502691896252870, -0.5773502691896252870, -0.5773502691896267303 ) ) ;
#2472 = ORIENTED_EDGE ( 'NONE', *, *, #3550, .T. ) ;
#2473 = DIRECTION ( 'NONE',  ( 0.000000000000000000, -0.000000000000000000, -1.000000000000000000 ) ) ;
#2474 = ORIENTED_EDGE ( 'NONE', *, *, #318, .F. ) ;
#2475 = VECTOR ( 'NONE', #5515, 1000.000000000000000 ) ;
#2476 = ADVANCED_FACE ( 'NONE', ( #334 ), #6206, .F. ) ;
#2477 = DIRECTION ( 'NONE',  ( -0.000000000000000000, 1.000000000000000000, 2.449293598294710852E-16 ) ) ;
#2478 = ORIENTED_EDGE ( 'NONE', *, *, #4614, .T. ) ;
#2479 = DIRECTION ( 'NONE',  ( -0.7071067811865475727, -0.7071067811865475727, 0.000000000000000000 ) ) ;
#2480 = AXIS2_PLACEMENT_3D ( 'NONE', #6787, #6263, #5210 ) ;
#2481 = SURFACE_STYLE_USAGE ( .BOTH. , #394 ) ;
#2482 = ORIENTED_EDGE ( 'NONE', *, *, #5999, .T. ) ;
#2483 = ORIENTED_EDGE ( 'NONE', *, *, #4211, .F. ) ;
#2484 = DIRECTION ( 'NONE',  ( -1.000000000000000000, -0.000000000000000000, -0.000000000000000000 ) ) ;
#2485 = VECTOR ( 'NONE', #2959, 1000.000000000000000 ) ;
#2486 = EDGE_CURVE ( 'NONE', #1684, #4775, #3568, .T. ) ;
#2487 = VECTOR ( 'NONE', #5482, 1000.000000000000114 ) ;
#2488 = CARTESIAN_POINT ( 'NONE',  ( -5.460999999999994969, 8.064500000000000668, 0.3809999999999947873 ) ) ;
#2489 = ORIENTED_EDGE ( 'NONE', *, *, #417, .T. ) ;
#2490 = LINE ( 'NONE', #440, #1932 ) ;
#2491 = ORIENTED_EDGE ( 'NONE', *, *, #6229, .T. ) ;
#2492 = VECTOR ( 'NONE', #1449, 1000.000000000000000 ) ;
#2493 = LINE ( 'NONE', #5792, #65 ) ;
#2494 = AXIS2_PLACEMENT_3D ( 'NONE', #655, #2776, #4909 ) ;
#2495 = PLANE ( 'NONE',  #2246 ) ;
#2496 = EDGE_CURVE ( 'NONE', #5941, #1779, #3604, .T. ) ;
#2497 = DIRECTION ( 'NONE',  ( 0.000000000000000000, 0.2588190451025145222, -0.9659258262890699775 ) ) ;
#2498 = ORIENTED_EDGE ( 'NONE', *, *, #3707, .T. ) ;
#2499 = VECTOR ( 'NONE', #6741, 1000.000000000000000 ) ;
#2500 = DIRECTION ( 'NONE',  ( -0.000000000000000000, 0.000000000000000000, 1.000000000000000000 ) ) ;
#2501 = ORIENTED_EDGE ( 'NONE', *, *, #5989, .T. ) ;
#2502 = PLANE ( 'NONE',  #59 ) ;
#2503 = AXIS2_PLACEMENT_3D ( 'NONE', #3334, #3890, #5475 ) ;
#2504 = CARTESIAN_POINT ( 'NONE',  ( 4.699000000000005173, 8.064500000000000668, -0.3810000000000040021 ) ) ;
#2505 = VECTOR ( 'NONE', #6519, 1000.000000000000000 ) ;
#2506 = EDGE_CURVE ( 'NONE', #424, #556, #3644, .T. ) ;
#2507 = DIRECTION ( 'NONE',  ( -0.7071067811865475727, -0.7071067811865475727, 0.000000000000000000 ) ) ;
#2508 = CARTESIAN_POINT ( 'NONE',  ( 11.43000000000000504, 8.509000000000000341, -1.270000000000001128 ) ) ;
#2509 = EDGE_LOOP ( 'NONE', ( #2899, #3555, #2843, #4349 ) ) ;
#2510 = CARTESIAN_POINT ( 'NONE',  ( -0.3810000000000000053, -2.692399999999995686, 0.2032000000000002693 ) ) ;
#2511 = ORIENTED_EDGE ( 'NONE', *, *, #4788, .T. ) ;
#2512 = AXIS2_PLACEMENT_3D ( 'NONE', #225, #6585, #1787 ) ;
#2513 = VECTOR ( 'NONE', #1124, 1000.000000000000114 ) ;
#2514 = LINE ( 'NONE', #1439, #4704 ) ;
#2515 = EDGE_CURVE ( 'NONE', #6840, #4566, #2490, .T. ) ;
#2516 = FACE_OUTER_BOUND ( 'NONE', #212, .T. ) ;
#2517 = VECTOR ( 'NONE', #4708, 1000.000000000000000 ) ;
#2518 = ORIENTED_EDGE ( 'NONE', *, *, #2262, .F. ) ;
#2519 = DIRECTION ( 'NONE',  ( 0.000000000000000000, 0.9659258262890700886, -0.2588190451025140781 ) ) ;
#2520 = AXIS2_PLACEMENT_3D ( 'NONE', #4021, #5073, #5135 ) ;
#2521 = CARTESIAN_POINT ( 'NONE',  ( -0.8254999999999946825, 8.509000000000000341, -0.8255000000000052296 ) ) ;
#2522 = ORIENTED_EDGE ( 'NONE', *, *, #5453, .F. ) ;
#2523 = VERTEX_POINT ( 'NONE', #4700 ) ;
#2524 = CARTESIAN_POINT ( 'NONE',  ( 9.779000000000007020, 7.239000000000000767, -0.3810000000000041687 ) ) ;
#2525 = AXIS2_PLACEMENT_3D ( 'NONE', #5411, #4366, #3720 ) ;
#2526 = FACE_BOUND ( 'NONE', #3564, .T. ) ;
#2527 = EDGE_LOOP ( 'NONE', ( #4147, #3696, #185, #5640 ) ) ;
#2528 = DIRECTION ( 'NONE',  ( 0.000000000000000000, 0.000000000000000000, 1.000000000000000000 ) ) ;
#2529 = EDGE_CURVE ( 'NONE', #6358, #6494, #6313, .T. ) ;
#2530 = DIRECTION ( 'NONE',  ( -1.000000000000000000, -0.000000000000000000, -0.000000000000000000 ) ) ;
#2531 = VERTEX_POINT ( 'NONE', #5366 ) ;
#2532 = VECTOR ( 'NONE', #4402, 1000.000000000000000 ) ;
#2533 = CARTESIAN_POINT ( 'NONE',  ( -6.349999999999996980, 3.110602869834277161E-16, -1.270000000000001128 ) ) ;
#2534 = EDGE_CURVE ( 'NONE', #2325, #1610, #1589, .T. ) ;
#2535 = LINE ( 'NONE', #4110, #5509 ) ;
#2536 = DIRECTION ( 'NONE',  ( 0.000000000000000000, 1.000000000000000000, 2.548365665731588345E-16 ) ) ;
#2537 = VERTEX_POINT ( 'NONE', #4777 ) ;
#2538 = DIRECTION ( 'NONE',  ( 0.000000000000000000, 2.548365665731588345E-16, -1.000000000000000000 ) ) ;
#2539 = ORIENTED_EDGE ( 'NONE', *, *, #2097, .T. ) ;
#2540 = CARTESIAN_POINT ( 'NONE',  ( -13.08099999999999596, 8.064500000000000668, 0.3809999999999946207 ) ) ;
#2541 = EDGE_CURVE ( 'NONE', #3918, #6469, #6421, .T. ) ;
#2542 = CARTESIAN_POINT ( 'NONE',  ( -13.52549999999999564, 8.509000000000000341, 0.8254999999999963478 ) ) ;
#2543 = EDGE_CURVE ( 'NONE', #4566, #5204, #2204, .T. ) ;
#2544 = CARTESIAN_POINT ( 'NONE',  ( 1.270000000000002016, 3.110602869834277161E-16, -1.270000000000001128 ) ) ;
#2545 = FACE_OUTER_BOUND ( 'NONE', #4130, .T. ) ;
#2546 = ORIENTED_EDGE ( 'NONE', *, *, #5040, .T. ) ;
#2547 = FACE_OUTER_BOUND ( 'NONE', #980, .T. ) ;
#2548 = ORIENTED_EDGE ( 'NONE', *, *, #1425, .T. ) ;
#2549 = DIRECTION ( 'NONE',  ( -1.000000000000000000, -0.000000000000000000, -0.000000000000000000 ) ) ;
#2550 = FACE_OUTER_BOUND ( 'NONE', #1709, .T. ) ;
#2551 = ORIENTED_EDGE ( 'NONE', *, *, #1361, .T. ) ;
#2552 = DIRECTION ( 'NONE',  ( 0.000000000000000000, 2.449293598294710852E-16, -1.000000000000000000 ) ) ;
#2553 = CARTESIAN_POINT ( 'NONE',  ( 2.921000000000003372, 7.239000000000000767, 0.3809999999999946207 ) ) ;
#2554 = ORIENTED_EDGE ( 'NONE', *, *, #4627, .T. ) ;
#2555 = CARTESIAN_POINT ( 'NONE',  ( -11.42999999999999794, 0.5080000000000000071, 0.7528818102449925664 ) ) ;
#2556 = VERTEX_POINT ( 'NONE', #6458 ) ;
#2557 = LINE ( 'NONE', #5147, #5132 ) ;
#2558 = EDGE_CURVE ( 'NONE', #2561, #2034, #3265, .T. ) ;
#2559 = AXIS2_PLACEMENT_3D ( 'NONE', #3803, #6384, #3715 ) ;
#2560 = DIRECTION ( 'NONE',  ( 0.000000000000000000, 5.054934237236841843E-31, 1.000000000000000000 ) ) ;
#2561 = VERTEX_POINT ( 'NONE', #3712 ) ;
#2562 = DIRECTION ( 'NONE',  ( -0.000000000000000000, 1.000000000000000000, 1.440069553722777130E-16 ) ) ;
#2563 = LINE ( 'NONE', #6273, #266 ) ;
#2564 = ORIENTED_EDGE ( 'NONE', *, *, #543, .F. ) ;
#2565 = EDGE_CURVE ( 'NONE', #6791, #1373, #5925, .T. ) ;
#2566 = VECTOR ( 'NONE', #5011, 1000.000000000000000 ) ;
#2567 = CARTESIAN_POINT ( 'NONE',  ( 2.921000000000003372, 8.064500000000000668, 0.3809999999999946207 ) ) ;
#2568 = FACE_OUTER_BOUND ( 'NONE', #986, .T. ) ;
#2569 = CARTESIAN_POINT ( 'NONE',  ( -1.269999999999996909, -1.925929944387235853E-31, 0.8889999999999991243 ) ) ;
#2570 = ORIENTED_EDGE ( 'NONE', *, *, #4491, .F. ) ;
#2571 = ADVANCED_FACE ( 'NONE', ( #5400 ), #2703, .F. ) ;
#2572 = CARTESIAN_POINT ( 'NONE',  ( -12.31899999999999729, 8.064500000000000668, 0.3809999999999946207 ) ) ;
#2573 = VERTEX_POINT ( 'NONE', #1135 ) ;
#2574 = CARTESIAN_POINT ( 'NONE',  ( 11.43000000000000504, 0.5080000000000000071, 0.7528818102449925664 ) ) ;
#2575 = AXIS2_PLACEMENT_3D ( 'NONE', #2698, #4871, #3813 ) ;
#2576 = DIRECTION ( 'NONE',  ( 0.000000000000000000, 2.449293598294710852E-16, -1.000000000000000000 ) ) ;
#2577 = DIRECTION ( 'NONE',  ( 0.000000000000000000, -2.449293598294710852E-16, 1.000000000000000000 ) ) ;
#2578 = VECTOR ( 'NONE', #640, 1000.000000000000000 ) ;
#2579 = DIRECTION ( 'NONE',  ( -0.5773502691896252870, -0.5773502691896252870, -0.5773502691896267303 ) ) ;
#2580 = ORIENTED_EDGE ( 'NONE', *, *, #5911, .F. ) ;
#2581 = FACE_OUTER_BOUND ( 'NONE', #6419, .T. ) ;
#2582 = EDGE_LOOP ( 'NONE', ( #4454, #2688, #2042, #5315 ) ) ;
#2583 = VECTOR ( 'NONE', #3317, 1000.000000000000000 ) ;
#2584 = DIRECTION ( 'NONE',  ( -0.7071067811865475727, -0.7071067811865475727, 0.000000000000000000 ) ) ;
#2585 = CARTESIAN_POINT ( 'NONE',  ( 11.43000000000000504, 3.110602869834277161E-16, -1.270000000000001128 ) ) ;
#2586 = VERTEX_POINT ( 'NONE', #2235 ) ;
#2587 = CARTESIAN_POINT ( 'NONE',  ( -0.1961031209927691366, -3.200400000000000134, 0.2032000000000001583 ) ) ;
#2588 = FILL_AREA_STYLE ('',( #5247 ) ) ;
#2589 = VERTEX_POINT ( 'NONE', #6496 ) ;
#2590 = CARTESIAN_POINT ( 'NONE',  ( 13.08100000000000662, 8.064500000000000668, 0.3809999999999946207 ) ) ;
#2591 = AXIS2_PLACEMENT_3D ( 'NONE', #861, #5217, #2030 ) ;
#2592 = ORIENTED_EDGE ( 'NONE', *, *, #5190, .F. ) ;
#2593 = CARTESIAN_POINT ( 'NONE',  ( -10.15999999999999481, 0.000000000000000000, 0.000000000000000000 ) ) ;
#2594 = AXIS2_PLACEMENT_3D ( 'NONE', #869, #1904, #6598 ) ;
#2595 = CARTESIAN_POINT ( 'NONE',  ( -13.96999999999999886, 8.509000000000000341, -1.270000000000001128 ) ) ;
#2596 = ORIENTED_EDGE ( 'NONE', *, *, #2645, .T. ) ;
#2597 = CARTESIAN_POINT ( 'NONE',  ( 14.22399999999999842, 8.509000000000000341, 1.270000000000001128 ) ) ;
#2598 = CARTESIAN_POINT ( 'NONE',  ( 8.890000000000004121, 2.177422008883992879E-16, -0.8890000000000013447 ) ) ;
#2599 = ADVANCED_FACE ( 'NONE', ( #4844 ), #615, .F. ) ;
#2600 = ORIENTED_EDGE ( 'NONE', *, *, #6078, .F. ) ;
#2601 = PLANE ( 'NONE',  #4075 ) ;
#2602 = CARTESIAN_POINT ( 'NONE',  ( -6.349999999999996980, 0.5080000000000000071, 0.7528818102449925664 ) ) ;
#2603 = VECTOR ( 'NONE', #969, 1000.000000000000000 ) ;
#2604 = CARTESIAN_POINT ( 'NONE',  ( -0.3809999999999941767, 8.064500000000000668, -0.3810000000000040021 ) ) ;
#2605 = VECTOR ( 'NONE', #1487, 999.9999999999998863 ) ;
#2606 = CARTESIAN_POINT ( 'NONE',  ( -14.22399999999999842, 3.110602869834277161E-16, -1.270000000000001128 ) ) ;
#2607 = EDGE_CURVE ( 'NONE', #3035, #2424, #2640, .T. ) ;
#2608 = ORIENTED_EDGE ( 'NONE', *, *, #2814, .T. ) ;
#2609 = FILL_AREA_STYLE_COLOUR ( '', #2871 ) ;
#2610 = ORIENTED_EDGE ( 'NONE', *, *, #2830, .T. ) ;
#2611 = CARTESIAN_POINT ( 'NONE',  ( 12.31900000000000617, 8.064500000000000668, 0.3809999999999947873 ) ) ;
#2612 = EDGE_CURVE ( 'NONE', #546, #6248, #2171, .T. ) ;
#2613 = DIRECTION ( 'NONE',  ( -0.000000000000000000, -0.000000000000000000, 1.000000000000000000 ) ) ;
#2614 = VECTOR ( 'NONE', #1642, 1000.000000000000000 ) ;
#2615 = ADVANCED_FACE ( 'NONE', ( #3231 ), #4323, .F. ) ;
#2616 = CARTESIAN_POINT ( 'NONE',  ( 11.43000000000000504, 2.177422008883992879E-16, -0.8890000000000013447 ) ) ;
#2617 = VECTOR ( 'NONE', #4423, 1000.000000000000000 ) ;
#2618 = LINE ( 'NONE', #1647, #4202 ) ;
#2619 = VERTEX_POINT ( 'NONE', #6487 ) ;
#2620 = DIRECTION ( 'NONE',  ( 0.000000000000000000, -1.000000000000000000, 0.000000000000000000 ) ) ;
#2621 = ORIENTED_EDGE ( 'NONE', *, *, #3345, .F. ) ;
#2622 = EDGE_CURVE ( 'NONE', #2123, #4312, #1693, .T. ) ;
#2623 = VECTOR ( 'NONE', #4325, 1000.000000000000000 ) ;
#2624 = DIRECTION ( 'NONE',  ( -0.000000000000000000, 1.000000000000000000, 1.169455476739838842E-16 ) ) ;
#2625 = DIRECTION ( 'NONE',  ( -1.000000000000000000, -0.000000000000000000, -0.000000000000000000 ) ) ;
#2626 = VERTEX_POINT ( 'NONE', #3821 ) ;
#2627 = CARTESIAN_POINT ( 'NONE',  ( 6.350000000000003197, 0.000000000000000000, 1.269999999999998908 ) ) ;
#2628 =( LENGTH_UNIT ( ) NAMED_UNIT ( * ) SI_UNIT ( .MILLI., .METRE. ) );
#2629 = EDGE_LOOP ( 'NONE', ( #5822, #1842, #6856, #789 ) ) ;
#2630 = SURFACE_SIDE_STYLE ('',( #1551 ) ) ;
#2631 = VECTOR ( 'NONE', #1539, 1000.000000000000000 ) ;
#2632 = ORIENTED_EDGE ( 'NONE', *, *, #6874, .T. ) ;
#2633 = FILL_AREA_STYLE_COLOUR ( '', #5486 ) ;
#2634 = EDGE_CURVE ( 'NONE', #3760, #6334, #3198, .T. ) ;
#2635 = VECTOR ( 'NONE', #3546, 1000.000000000000000 ) ;
#2636 = AXIS2_PLACEMENT_3D ( 'NONE', #6330, #4791, #4858 ) ;
#2637 = DIRECTION ( 'NONE',  ( -0.7071067811865475727, -0.7071067811865475727, 0.000000000000000000 ) ) ;
#2638 = ORIENTED_EDGE ( 'NONE', *, *, #385, .T. ) ;
#2639 = LINE ( 'NONE', #4667, #6757 ) ;
#2640 = LINE ( 'NONE', #61, #1274 ) ;
#2641 = ORIENTED_EDGE ( 'NONE', *, *, #3243, .T. ) ;
#2642 = PLANE ( 'NONE',  #2980 ) ;
#2643 = FACE_OUTER_BOUND ( 'NONE', #4924, .T. ) ;
#2644 = AXIS2_PLACEMENT_3D ( 'NONE', #4903, #2263, #1096 ) ;
#2645 = EDGE_CURVE ( 'NONE', #1958, #2059, #5961, .T. ) ;
#2646 = DIRECTION ( 'NONE',  ( 0.000000000000000000, 0.9659258262890699775, 0.2588190451025145222 ) ) ;
#2647 = AXIS2_PLACEMENT_3D ( 'NONE', #4372, #6441, #5421 ) ;
#2648 = CARTESIAN_POINT ( 'NONE',  ( -12.31899999999999729, 7.239000000000000767, 0.3809999999999946207 ) ) ;
#2649 = ORIENTED_EDGE ( 'NONE', *, *, #1935, .F. ) ;
#2650 = ORIENTED_EDGE ( 'NONE', *, *, #3395, .T. ) ;
#2651 = DIRECTION ( 'NONE',  ( -0.000000000000000000, 1.000000000000000000, 1.733406087350420004E-16 ) ) ;
#2652 = ITEM_DEFINED_TRANSFORMATION ( 'NONE', 'NONE', #5598,  #5362 ) ;
#2653 = ADVANCED_FACE ( 'NONE', ( #4283 ), #3302, .F. ) ;
#2654 = DIRECTION ( 'NONE',  ( 0.000000000000000000, 0.000000000000000000, -1.000000000000000000 ) ) ;
#2655 = FACE_OUTER_BOUND ( 'NONE', #2141, .T. ) ;
#2656 = ORIENTED_EDGE ( 'NONE', *, *, #5050, .T. ) ;
#2657 = CARTESIAN_POINT ( 'NONE',  ( -5.460999999999994969, 7.239000000000000767, 0.3809999999999946207 ) ) ;
#2658 = VERTEX_POINT ( 'NONE', #124 ) ;
#2659 = LINE ( 'NONE', #6297, #911 ) ;
#2660 = LINE ( 'NONE', #3182, #2370 ) ;
#2661 = VERTEX_POINT ( 'NONE', #4389 ) ;
#2662 = CARTESIAN_POINT ( 'NONE',  ( 2.540000000000000036, 7.239000000000000767, -2.201425730935033664E-16 ) ) ;
#2663 = CARTESIAN_POINT ( 'NONE',  ( -14.22399999999999842, 0.5080000000000002292, -0.7528818102449945648 ) ) ;
#2664 = VERTEX_POINT ( 'NONE', #6520 ) ;
#2665 = EDGE_CURVE ( 'NONE', #612, #1343, #5821, .T. ) ;
#2666 = ADVANCED_FACE ( 'NONE', ( #3401 ), #6555, .F. ) ;
#2667 = ORIENTED_EDGE ( 'NONE', *, *, #1306, .T. ) ;
#2668 = PLANE ( 'NONE',  #3935 ) ;
#2669 = VERTEX_POINT ( 'NONE', #1825 ) ;
#2670 = DIRECTION ( 'NONE',  ( 0.000000000000000000, -1.440069553722777130E-16, 1.000000000000000000 ) ) ;
#2671 = CARTESIAN_POINT ( 'NONE',  ( 14.22399999999999842, 8.509000000000000341, 1.270000000000001128 ) ) ;
#2672 = ORIENTED_EDGE ( 'NONE', *, *, #5701, .F. ) ;
#2673 = EDGE_CURVE ( 'NONE', #680, #6870, #6092, .T. ) ;
#2674 = EDGE_CURVE ( 'NONE', #1621, #2704, #758, .T. ) ;
#2675 = CARTESIAN_POINT ( 'NONE',  ( -4.698999999999996291, 8.064500000000000668, 0.3809999999999946207 ) ) ;
#2676 = LINE ( 'NONE', #3163, #4799 ) ;
#2677 = EDGE_CURVE ( 'NONE', #3106, #6029, #1205, .T. ) ;
#2678 = CARTESIAN_POINT ( 'NONE',  ( 13.52550000000000630, 8.509000000000000341, -1.270000000000001128 ) ) ;
#2679 = LINE ( 'NONE', #4364, #1377 ) ;
#2680 = EDGE_LOOP ( 'NONE', ( #2258, #2632, #853, #4543, #3353, #724, #3911, #4433 ) ) ;
#2681 = ORIENTED_EDGE ( 'NONE', *, *, #147, .T. ) ;
#2682 = CARTESIAN_POINT ( 'NONE',  ( -13.96999999999999886, 0.000000000000000000, 1.269999999999998908 ) ) ;
#2683 = FACE_BOUND ( 'NONE', #1916, .T. ) ;
#2684 = CARTESIAN_POINT ( 'NONE',  ( -5.460999999999994969, 8.064500000000000668, -0.3810000000000040021 ) ) ;
#2685 = ADVANCED_FACE ( 'NONE', ( #6658 ), #3920, .F. ) ;
#2686 = ORIENTED_EDGE ( 'NONE', *, *, #3630, .F. ) ;
#2687 = DIRECTION ( 'NONE',  ( 0.000000000000000000, -1.000000000000000000, -2.548365665731588345E-16 ) ) ;
#2688 = ORIENTED_EDGE ( 'NONE', *, *, #1886, .F. ) ;
#2689 = LINE ( 'NONE', #3733, #695 ) ;
#2690 = AXIS2_PLACEMENT_3D ( 'NONE', #3558, #5809, #5207 ) ;
#2691 = CARTESIAN_POINT ( 'NONE',  ( 9.779000000000007020, 7.239000000000000767, 0.3809999999999946207 ) ) ;
#2692 = ORIENTED_EDGE ( 'NONE', *, *, #883, .F. ) ;
#2693 = CARTESIAN_POINT ( 'NONE',  ( -2.920999999999994934, 7.239000000000000767, -0.3810000000000041687 ) ) ;
#2694 = CARTESIAN_POINT ( 'NONE',  ( 11.43000000000000504, -1.925929944387235853E-31, 0.8889999999999991243 ) ) ;
#2695 = VERTEX_POINT ( 'NONE', #299 ) ;
#2696 = CARTESIAN_POINT ( 'NONE',  ( -11.42999999999999794, 8.509000000000000341, 1.270000000000001128 ) ) ;
#2697 = ORIENTED_EDGE ( 'NONE', *, *, #4772, .F. ) ;
#2698 = CARTESIAN_POINT ( 'NONE',  ( 0.000000000000000000, 0.000000000000000000, 0.000000000000000000 ) ) ;
#2699 = AXIS2_PLACEMENT_3D ( 'NONE', #3323, #1714, #4374 ) ;
#2700 = DIRECTION ( 'NONE',  ( 0.000000000000000000, 0.000000000000000000, 1.000000000000000000 ) ) ;
#2701 = EDGE_LOOP ( 'NONE', ( #2024, #2268, #2068, #5036 ) ) ;
#2702 = LINE ( 'NONE', #4422, #620 ) ;
#2703 = PLANE ( 'NONE',  #3285 ) ;
#2704 = VERTEX_POINT ( 'NONE', #3997 ) ;
#2705 = LINE ( 'NONE', #3304, #2623 ) ;
#2706 = DIRECTION ( 'NONE',  ( 0.000000000000000000, -5.054934237236841843E-31, -1.000000000000000000 ) ) ;
#2707 = VECTOR ( 'NONE', #5711, 1000.000000000000000 ) ;
#2708 = LINE ( 'NONE', #3308, #4492 ) ;
#2709 = DIRECTION ( 'NONE',  ( -1.000000000000000000, -0.000000000000000000, -0.000000000000000000 ) ) ;
#2710 = ORIENTED_EDGE ( 'NONE', *, *, #4577, .F. ) ;
#2711 = FILL_AREA_STYLE ('',( #2609 ) ) ;
#2712 = AXIS2_PLACEMENT_3D ( 'NONE', #652, #3954, #223 ) ;
#2713 = CARTESIAN_POINT ( 'NONE',  ( 9.334500000000005571, 8.509000000000000341, 0.8254999999999963478 ) ) ;
#2714 = VECTOR ( 'NONE', #272, 1000.000000000000000 ) ;
#2715 = VECTOR ( 'NONE', #1108, 999.9999999999998863 ) ;
#2716 = LINE ( 'NONE', #2112, #2286 ) ;
#2717 = MANIFOLD_SOLID_BREP ( 'LPattern1[3]', #3029 ) ;
#2718 = EDGE_CURVE ( 'NONE', #270, #1366, #3437, .T. ) ;
#2719 = CARTESIAN_POINT ( 'NONE',  ( -11.42999999999999794, -1.925929944387235853E-31, 0.8889999999999991243 ) ) ;
#2720 = ORIENTED_EDGE ( 'NONE', *, *, #6209, .F. ) ;
#2721 = DIRECTION ( 'NONE',  ( 0.000000000000000000, 0.000000000000000000, -1.000000000000000000 ) ) ;
#2722 = VERTEX_POINT ( 'NONE', #3958 ) ;
#2723 = VECTOR ( 'NONE', #71, 1000.000000000000000 ) ;
#2724 = EDGE_CURVE ( 'NONE', #6862, #3507, #161, .T. ) ;
#2725 = CARTESIAN_POINT ( 'NONE',  ( 8.890000000000004121, 0.5080000000000002292, -0.7528818102449945648 ) ) ;
#2726 = ORIENTED_EDGE ( 'NONE', *, *, #5148, .T. ) ;
#2727 = FACE_OUTER_BOUND ( 'NONE', #4200, .T. ) ;
#2728 = DIRECTION ( 'NONE',  ( 1.000000000000000000, -0.000000000000000000, -0.000000000000000000 ) ) ;
#2729 = VERTEX_POINT ( 'NONE', #2339 ) ;
#2730 = CARTESIAN_POINT ( 'NONE',  ( 13.97000000000000419, 0.000000000000000000, 1.269999999999998908 ) ) ;
#2731 = ORIENTED_EDGE ( 'NONE', *, *, #2841, .T. ) ;
#2732 =( LENGTH_UNIT ( ) NAMED_UNIT ( * ) SI_UNIT ( .MILLI., .METRE. ) );
#2733 = AXIS2_PLACEMENT_3D ( 'NONE', #654, #4387, #683 ) ;
#2734 = PRESENTATION_LAYER_ASSIGNMENT (  '', '', ( #67 ) ) ;
#2735 = EDGE_CURVE ( 'NONE', #4523, #6750, #2271, .T. ) ;
#2736 = CARTESIAN_POINT ( 'NONE',  ( 3.810000000000002718, 0.5080000000000000071, 0.7528818102449925664 ) ) ;
#2737 = VECTOR ( 'NONE', #2169, 1000.000000000000000 ) ;
#2738 = ORIENTED_EDGE ( 'NONE', *, *, #1263, .T. ) ;
#2739 = PLANE ( 'NONE',  #5750 ) ;
#2740 = MECHANICAL_DESIGN_GEOMETRIC_PRESENTATION_REPRESENTATION (  '', ( #6434 ), #2276 ) ;
#2741 = CARTESIAN_POINT ( 'NONE',  ( -6.349999999999996980, 8.509000000000000341, -0.8255000000000052296 ) ) ;
#2742 = ORIENTED_EDGE ( 'NONE', *, *, #488, .F. ) ;
#2743 = LINE ( 'NONE', #657, #3850 ) ;
#2744 = LINE ( 'NONE', #2070, #3236 ) ;
#2745 = AXIS2_PLACEMENT_3D ( 'NONE', #4998, #1259, #287 ) ;
#2746 = FACE_OUTER_BOUND ( 'NONE', #5195, .T. ) ;
#2747 = DIRECTION ( 'NONE',  ( 0.000000000000000000, -0.7071067811865484609, 0.7071067811865466846 ) ) ;
#2748 = ORIENTED_EDGE ( 'NONE', *, *, #532, .F. ) ;
#2749 = VECTOR ( 'NONE', #5762, 1000.000000000000000 ) ;
#2750 = PLANE ( 'NONE',  #2525 ) ;
#2751 = VECTOR ( 'NONE', #6468, 1000.000000000000000 ) ;
#2752 = CARTESIAN_POINT ( 'NONE',  ( -8.889999999999997016, 0.000000000000000000, 1.269999999999998908 ) ) ;
#2753 = EDGE_CURVE ( 'NONE', #6783, #6553, #3855, .T. ) ;
#2754 = MECHANICAL_DESIGN_GEOMETRIC_PRESENTATION_REPRESENTATION (  '', ( #6551 ), #3086 ) ;
#2755 =( LENGTH_UNIT ( ) NAMED_UNIT ( * ) SI_UNIT ( .MILLI., .METRE. ) );
#2756 = CARTESIAN_POINT ( 'NONE',  ( -1.269999999999996909, 0.000000000000000000, 1.269999999999998908 ) ) ;
#2757 = LINE ( 'NONE', #4892, #5097 ) ;
#2758 = ORIENTED_EDGE ( 'NONE', *, *, #2211, .F. ) ;
#2759 = CARTESIAN_POINT ( 'NONE',  ( -9.778999999999996362, 8.064500000000000668, 0.3809999999999946207 ) ) ;
#2760 = VECTOR ( 'NONE', #2970, 1000.000000000000000 ) ;
#2761 = ADVANCED_FACE ( 'NONE', ( #5995 ), #5044, .F. ) ;
#2762 = EDGE_LOOP ( 'NONE', ( #4344, #4816, #2056, #5221 ) ) ;
#2763 = EDGE_CURVE ( 'NONE', #5679, #5741, #6023, .T. ) ;
#2764 = DIRECTION ( 'NONE',  ( -1.000000000000000000, -0.000000000000000000, -0.000000000000000000 ) ) ;
#2765 = EDGE_LOOP ( 'NONE', ( #1237, #2232, #5122, #5114, #1005, #1754, #2958, #4208 ) ) ;
#2766 = CARTESIAN_POINT ( 'NONE',  ( -3.809999999999997389, 8.509000000000000341, -1.270000000000001128 ) ) ;
#2767 = DIRECTION ( 'NONE',  ( 0.000000000000000000, -1.000000000000000000, 0.000000000000000000 ) ) ;
#2768 = ORIENTED_EDGE ( 'NONE', *, *, #5260, .T. ) ;
#2769 = LINE ( 'NONE', #6579, #1537 ) ;
#2770 = VERTEX_POINT ( 'NONE', #198 ) ;
#2771 = DIRECTION ( 'NONE',  ( 0.000000000000000000, 0.000000000000000000, 1.000000000000000000 ) ) ;
#2772 = MANIFOLD_SOLID_BREP ( 'LPattern1[1]', #4035 ) ;
#2773 = PLANE ( 'NONE',  #3155 ) ;
#2774 = VERTEX_POINT ( 'NONE', #2521 ) ;
#2775 = CARTESIAN_POINT ( 'NONE',  ( 2.159000000000004693, 7.239000000000000767, -0.3810000000000041687 ) ) ;
#2776 = DIRECTION ( 'NONE',  ( 0.000000000000000000, -1.733406087350420004E-16, 1.000000000000000000 ) ) ;
#2777 = EDGE_LOOP ( 'NONE', ( #5541, #5788, #6280, #6888 ) ) ;
#2778 = DIRECTION ( 'NONE',  ( -1.000000000000000000, 0.000000000000000000, 0.000000000000000000 ) ) ;
#2779 = ADVANCED_FACE ( 'NONE', ( #4661 ), #5706, .T. ) ;
#2780 = DIRECTION ( 'NONE',  ( -0.000000000000000000, -2.667820306312751888E-16, 1.000000000000000000 ) ) ;
#2781 = MANIFOLD_SOLID_BREP ( 'LPattern1[10]', #6044 ) ;
#2782 = EDGE_CURVE ( 'NONE', #1400, #6748, #1476, .T. ) ;
#2783 = CARTESIAN_POINT ( 'NONE',  ( -13.96999999999999886, 8.509000000000000341, 1.270000000000001128 ) ) ;
#2784 = DIRECTION ( 'NONE',  ( 0.000000000000000000, 5.054934237236841843E-31, 1.000000000000000000 ) ) ;
#2785 = ORIENTED_EDGE ( 'NONE', *, *, #4702, .F. ) ;
#2786 = CARTESIAN_POINT ( 'NONE',  ( 3.810000000000002718, 8.509000000000000341, 1.270000000000001128 ) ) ;
#2787 = LINE ( 'NONE', #2145, #5077 ) ;
#2788 = VECTOR ( 'NONE', #1375, 1000.000000000000000 ) ;
#2789 = EDGE_CURVE ( 'NONE', #3875, #368, #4623, .T. ) ;
#2790 = LINE ( 'NONE', #1114, #361 ) ;
#2791 = CARTESIAN_POINT ( 'NONE',  ( 8.890000000000004121, 0.5080000000000000071, 0.7528818102449925664 ) ) ;
#2792 = LINE ( 'NONE', #4442, #2409 ) ;
#2793 = ORIENTED_EDGE ( 'NONE', *, *, #910, .F. ) ;
#2794 = CARTESIAN_POINT ( 'NONE',  ( 11.43000000000000504, -1.925929944387235853E-31, 0.8889999999999991243 ) ) ;
#2795 = EDGE_LOOP ( 'NONE', ( #2443, #1555, #5109, #329 ) ) ;
#2796 = DIRECTION ( 'NONE',  ( 0.000000000000000000, 1.000000000000000000, 1.733406087350420004E-16 ) ) ;
#2797 = UNCERTAINTY_MEASURE_WITH_UNIT (LENGTH_MEASURE( 1.000000000000000082E-05 ), #2755, 'distance_accuracy_value', 'NONE');
#2798 = ORIENTED_EDGE ( 'NONE', *, *, #5898, .T. ) ;
#2799 = CARTESIAN_POINT ( 'NONE',  ( 14.22399999999999842, 0.5080000000000002292, -0.7528818102449945648 ) ) ;
#2800 = PRODUCT_DEFINITION_SHAPE ( 'NONE', 'NONE',  #6913 ) ;
#2801 = CARTESIAN_POINT ( 'NONE',  ( -6.349999999999997868, 0.000000000000000000, 1.269999999999998908 ) ) ;
#2802 = VERTEX_POINT ( 'NONE', #6235 ) ;
#2803 = DIRECTION ( 'NONE',  ( -0.000000000000000000, 1.000000000000000000, 1.733406087350420004E-16 ) ) ;
#2804 = ORIENTED_EDGE ( 'NONE', *, *, #1368, .F. ) ;
#2805 = DIRECTION ( 'NONE',  ( 0.000000000000000000, 0.000000000000000000, -1.000000000000000000 ) ) ;
#2806 = VERTEX_POINT ( 'NONE', #432 ) ;
#2807 = LINE ( 'NONE', #1101, #4306 ) ;
#2808 = FILL_AREA_STYLE_COLOUR ( '', #1503 ) ;
#2809 = ORIENTED_EDGE ( 'NONE', *, *, #6389, .T. ) ;
#2810 = VECTOR ( 'NONE', #948, 1000.000000000000000 ) ;
#2811 = ORIENTED_EDGE ( 'NONE', *, *, #1463, .T. ) ;
#2812 = DIRECTION ( 'NONE',  ( 0.9396926207859094271, 0.3420201433256660484, 0.000000000000000000 ) ) ;
#2813 = VECTOR ( 'NONE', #1046, 1000.000000000000000 ) ;
#2814 = EDGE_CURVE ( 'NONE', #625, #1271, #4691, .T. ) ;
#2815 = LINE ( 'NONE', #4393, #38 ) ;
#2816 = DIRECTION ( 'NONE',  ( 0.000000000000000000, -2.449293598294710852E-16, 1.000000000000000000 ) ) ;
#2817 = ORIENTED_EDGE ( 'NONE', *, *, #2222, .F. ) ;
#2818 = CARTESIAN_POINT ( 'NONE',  ( 3.810000000000002718, 0.000000000000000000, 0.000000000000000000 ) ) ;
#2819 = CARTESIAN_POINT ( 'NONE',  ( -3.809999999999997389, 3.110602869834277161E-16, -1.270000000000001128 ) ) ;
#2820 = VECTOR ( 'NONE', #2560, 1000.000000000000000 ) ;
#2821 = EDGE_CURVE ( 'NONE', #2658, #3153, #2023, .T. ) ;
#2822 = AXIS2_PLACEMENT_3D ( 'NONE', #1918, #2948, #5141 ) ;
#2823 = CARTESIAN_POINT ( 'NONE',  ( -13.08099999999999596, 7.239000000000000767, 0.3809999999999946207 ) ) ;
#2824 = DIRECTION ( 'NONE',  ( 1.000000000000000000, 0.000000000000000000, 0.000000000000000000 ) ) ;
#2825 = MANIFOLD_SOLID_BREP ( 'LPattern1[8]', #6609 ) ;
#2826 = DIRECTION ( 'NONE',  ( 1.000000000000000000, 0.000000000000000000, 0.000000000000000000 ) ) ;
#2827 = ORIENTED_EDGE ( 'NONE', *, *, #6684, .F. ) ;
#2828 = LINE ( 'NONE', #4959, #6306 ) ;
#2829 = CARTESIAN_POINT ( 'NONE',  ( -3.809999999999997389, 3.110602869834277161E-16, -1.270000000000001128 ) ) ;
#2830 = EDGE_CURVE ( 'NONE', #2365, #4794, #3115, .T. ) ;
#2831 = VECTOR ( 'NONE', #1455, 1000.000000000000000 ) ;
#2832 = CARTESIAN_POINT ( 'NONE',  ( 11.43000000000000504, 2.177422008883992879E-16, -0.8890000000000013447 ) ) ;
#2833 = EDGE_CURVE ( 'NONE', #5976, #6788, #1659, .T. ) ;
#2834 = ORIENTED_EDGE ( 'NONE', *, *, #819, .F. ) ;
#2835 = CARTESIAN_POINT ( 'NONE',  ( 6.350000000000003197, 8.509000000000000341, -1.270000000000001128 ) ) ;
#2836 = LINE ( 'NONE', #3845, #191 ) ;
#2837 = ORIENTED_EDGE ( 'NONE', *, *, #4207, .T. ) ;
#2838 = DIRECTION ( 'NONE',  ( 0.000000000000000000, -5.054934237236841843E-31, -1.000000000000000000 ) ) ;
#2839 = VERTEX_POINT ( 'NONE', #1160 ) ;
#2840 = ADVANCED_FACE ( 'NONE', ( #3808 ), #5428, .F. ) ;
#2841 = EDGE_CURVE ( 'NONE', #6257, #4607, #605, .T. ) ;
#2842 = PLANE ( 'NONE',  #5514 ) ;
#2843 = ORIENTED_EDGE ( 'NONE', *, *, #6481, .F. ) ;
#2844 = VECTOR ( 'NONE', #5231, 1000.000000000000000 ) ;
#2845 = DIRECTION ( 'NONE',  ( 0.000000000000000000, 1.000000000000000000, 0.000000000000000000 ) ) ;
#2846 = CARTESIAN_POINT ( 'NONE',  ( 1.270000000000003793, 0.5080000000000000071, 0.7528818102449925664 ) ) ;
#2847 = ORIENTED_EDGE ( 'NONE', *, *, #5487, .F. ) ;
#2848 = VERTEX_POINT ( 'NONE', #5286 ) ;
#2849 = CARTESIAN_POINT ( 'NONE',  ( 6.350000000000003197, 3.110602869834277161E-16, -1.270000000000001128 ) ) ;
#2850 = EDGE_CURVE ( 'NONE', #3380, #3196, #87, .T. ) ;
#2851 = VECTOR ( 'NONE', #3158, 1000.000000000000000 ) ;
#2852 = ADVANCED_FACE ( 'NONE', ( #3222 ), #5849, .F. ) ;
#2853 = DIRECTION ( 'NONE',  ( 0.000000000000000000, 0.000000000000000000, -1.000000000000000000 ) ) ;
#2854 = ORIENTED_EDGE ( 'NONE', *, *, #2311, .F. ) ;
#2855 = FACE_OUTER_BOUND ( 'NONE', #5536, .T. ) ;
#2856 = ORIENTED_EDGE ( 'NONE', *, *, #1752, .T. ) ;
#2857 = DIRECTION ( 'NONE',  ( -0.000000000000000000, 0.000000000000000000, 1.000000000000000000 ) ) ;
#2858 = LINE ( 'NONE', #6631, #2485 ) ;
#2859 = VECTOR ( 'NONE', #5246, 1000.000000000000000 ) ;
#2860 = EDGE_CURVE ( 'NONE', #3150, #4992, #1580, .T. ) ;
#2861 = CARTESIAN_POINT ( 'NONE',  ( 1.270000000000003793, 3.110602869834277161E-16, -1.270000000000001128 ) ) ;
#2862 = AXIS2_PLACEMENT_3D ( 'NONE', #6007, #1218, #5591 ) ;
#2863 = VECTOR ( 'NONE', #6510, 1000.000000000000000 ) ;
#2864 = DIRECTION ( 'NONE',  ( -1.000000000000000000, -0.000000000000000000, -0.000000000000000000 ) ) ;
#2865 = CARTESIAN_POINT ( 'NONE',  ( -2.412999999999994927, 7.810500000000000220, -0.1270000000000037488 ) ) ;
#2866 = DIRECTION ( 'NONE',  ( 0.000000000000000000, 2.449293598294710852E-16, -1.000000000000000000 ) ) ;
#2867 = ORIENTED_EDGE ( 'NONE', *, *, #1113, .T. ) ;
#2868 = CARTESIAN_POINT ( 'NONE',  ( -8.889999999999997016, 8.509000000000000341, 1.270000000000001128 ) ) ;
#2869 = ORIENTED_EDGE ( 'NONE', *, *, #4288, .T. ) ;
#2870 = EDGE_CURVE ( 'NONE', #4022, #6610, #4238, .T. ) ;
#2871 = COLOUR_RGB ( '',0.2509803921568627416, 0.2509803921568627416, 0.2509803921568627416 ) ;
#2872 = CARTESIAN_POINT ( 'NONE',  ( 2.921000000000003372, 7.239000000000000767, 0.3809999999999946207 ) ) ;
#2873 = AXIS2_PLACEMENT_3D ( 'NONE', #2657, #1437, #3695 ) ;
#2874 = EDGE_LOOP ( 'NONE', ( #1806, #2592, #5117, #2924 ) ) ;
#2875 = FACE_OUTER_BOUND ( 'NONE', #454, .T. ) ;
#2876 = DIRECTION ( 'NONE',  ( 0.5773502691896253980, 0.5773502691896253980, -0.5773502691896266192 ) ) ;
#2877 = ORIENTED_EDGE ( 'NONE', *, *, #2529, .F. ) ;
#2878 = FACE_OUTER_BOUND ( 'NONE', #1702, .T. ) ;
#2879 = EDGE_LOOP ( 'NONE', ( #537, #6131, #6488, #6343 ) ) ;
#2880 = EDGE_CURVE ( 'NONE', #3892, #2212, #1057, .T. ) ;
#2881 = LINE ( 'NONE', #257, #4050 ) ;
#2882 = EDGE_LOOP ( 'NONE', ( #1027, #4517, #5934, #5877 ) ) ;
#2883 = LINE ( 'NONE', #2338, #73 ) ;
#2884 = DIRECTION ( 'NONE',  ( 0.000000000000000000, -0.9659258262890700886, 0.2588190451025140781 ) ) ;
#2885 = ORIENTED_EDGE ( 'NONE', *, *, #5913, .T. ) ;
#2886 = ORIENTED_EDGE ( 'NONE', *, *, #4139, .F. ) ;
#2887 = LINE ( 'NONE', #1765, #3342 ) ;
#2888 = EDGE_CURVE ( 'NONE', #2556, #2770, #4272, .T. ) ;
#2889 = DIRECTION ( 'NONE',  ( 0.000000000000000000, 0.000000000000000000, 1.000000000000000000 ) ) ;
#2890 = EDGE_CURVE ( 'NONE', #3584, #4184, #3185, .T. ) ;
#2891 = CARTESIAN_POINT ( 'NONE',  ( -1.269999999999996909, 8.509000000000000341, 1.270000000000001128 ) ) ;
#2892 = VERTEX_POINT ( 'NONE', #4834 ) ;
#2893 = CARTESIAN_POINT ( 'NONE',  ( -8.000999999999994117, 8.064500000000000668, -0.3810000000000040021 ) ) ;
#2894 = CARTESIAN_POINT ( 'NONE',  ( 1.270000000000003793, 8.509000000000000341, 1.270000000000001128 ) ) ;
#2895 = FILL_AREA_STYLE_COLOUR ( '', #4488 ) ;
#2896 = DIRECTION ( 'NONE',  ( 0.000000000000000000, -1.000000000000000000, -2.667820306312752381E-16 ) ) ;
#2897 = CARTESIAN_POINT ( 'NONE',  ( 11.43000000000000504, 3.110602869834277161E-16, -1.270000000000001128 ) ) ;
#2898 = DIRECTION ( 'NONE',  ( 0.000000000000000000, 0.000000000000000000, -1.000000000000000000 ) ) ;
#2899 = ORIENTED_EDGE ( 'NONE', *, *, #4589, .T. ) ;
#2900 = CARTESIAN_POINT ( 'NONE',  ( 8.890000000000004121, 0.000000000000000000, 1.269999999999998908 ) ) ;
#2901 = ORIENTED_EDGE ( 'NONE', *, *, #3766, .T. ) ;
#2902 = CARTESIAN_POINT ( 'NONE',  ( 0.000000000000000000, 0.000000000000000000, 0.000000000000000000 ) ) ;
#2903 = CARTESIAN_POINT ( 'NONE',  ( -6.349999999999997868, 0.5080000000000002292, -0.7528818102449945648 ) ) ;
#2904 = EDGE_CURVE ( 'NONE', #2031, #6348, #569, .T. ) ;
#2905 = ORIENTED_EDGE ( 'NONE', *, *, #144, .T. ) ;
#2906 = DIRECTION ( 'NONE',  ( 0.000000000000000000, 0.9659258262890700886, -0.2588190451025140781 ) ) ;
#2907 = LINE ( 'NONE', #6544, #3862 ) ;
#2908 = VERTEX_POINT ( 'NONE', #2058 ) ;
#2909 = LINE ( 'NONE', #1855, #6778 ) ;
#2910 = VERTEX_POINT ( 'NONE', #1094 ) ;
#2911 = DIRECTION ( 'NONE',  ( 0.000000000000000000, -1.000000000000000000, -1.169455476739838842E-16 ) ) ;
#2912 = ORIENTED_EDGE ( 'NONE', *, *, #619, .F. ) ;
#2913 = CARTESIAN_POINT ( 'NONE',  ( -11.42999999999999794, 8.509000000000000341, -1.270000000000001128 ) ) ;
#2914 = DIRECTION ( 'NONE',  ( 0.000000000000000000, 1.440069553722777130E-16, -1.000000000000000000 ) ) ;
#2915 = ORIENTED_EDGE ( 'NONE', *, *, #1802, .T. ) ;
#2916 = ORIENTED_EDGE ( 'NONE', *, *, #5112, .F. ) ;
#2917 = DIRECTION ( 'NONE',  ( 0.000000000000000000, 0.000000000000000000, -1.000000000000000000 ) ) ;
#2918 = EDGE_CURVE ( 'NONE', #956, #675, #4801, .T. ) ;
#2919 = AXIS2_PLACEMENT_3D ( 'NONE', #2435, #2771, #5028 ) ;
#2920 = DIRECTION ( 'NONE',  ( 1.000000000000000000, 0.000000000000000000, -0.000000000000000000 ) ) ;
#2921 = EDGE_CURVE ( 'NONE', #5353, #2123, #1549, .T. ) ;
#2922 = VECTOR ( 'NONE', #6574, 1000.000000000000000 ) ;
#2923 = LINE ( 'NONE', #2891, #5062 ) ;
#2924 = ORIENTED_EDGE ( 'NONE', *, *, #5145, .T. ) ;
#2925 = DIRECTION ( 'NONE',  ( -0.000000000000000000, 1.000000000000000000, 2.449293598294710852E-16 ) ) ;
#2926 = CARTESIAN_POINT ( 'NONE',  ( -11.42999999999999794, 8.509000000000000341, -1.270000000000001128 ) ) ;
#2927 = AXIS2_PLACEMENT_3D ( 'NONE', #3343, #4041, #6108 ) ;
#2928 = DIRECTION ( 'NONE',  ( 1.000000000000000000, 0.000000000000000000, 0.000000000000000000 ) ) ;
#2929 = DIRECTION ( 'NONE',  ( -1.000000000000000000, 0.000000000000000000, 0.000000000000000000 ) ) ;
#2930 = FACE_OUTER_BOUND ( 'NONE', #1790, .T. ) ;
#2931 = MANIFOLD_SOLID_BREP ( 'Mirror1', #1909 ) ;
#2932 = AXIS2_PLACEMENT_3D ( 'NONE', #5932, #4330, #6462 ) ;
#2933 = DIRECTION ( 'NONE',  ( 0.000000000000000000, -0.9659258262890699775, -0.2588190451025145222 ) ) ;
#2934 = ORIENTED_EDGE ( 'NONE', *, *, #17, .F. ) ;
#2935 = LINE ( 'NONE', #3422, #530 ) ;
#2936 = ORIENTED_EDGE ( 'NONE', *, *, #2097, .F. ) ;
#2937 = CARTESIAN_POINT ( 'NONE',  ( 2.540000000000004032, 0.000000000000000000, 0.000000000000000000 ) ) ;
#2938 = VECTOR ( 'NONE', #5891, 1000.000000000000000 ) ;
#2939 = SURFACE_STYLE_USAGE ( .BOTH. , #2436 ) ;
#2940 = PRODUCT_DEFINITION_CONTEXT ( 'detailed design', #1602, 'design' ) ;
#2941 = DIRECTION ( 'NONE',  ( 0.000000000000000000, 0.000000000000000000, -1.000000000000000000 ) ) ;
#2942 = LINE ( 'NONE', #5108, #3417 ) ;
#2943 = ORIENTED_EDGE ( 'NONE', *, *, #574, .F. ) ;
#2944 = CARTESIAN_POINT ( 'NONE',  ( 7.493000000000004768, 7.810500000000000220, -0.1270000000000037488 ) ) ;
#2945 = AXIS2_PLACEMENT_3D ( 'NONE', #404, #4632, #471 ) ;
#2946 = ORIENTED_EDGE ( 'NONE', *, *, #144, .F. ) ;
#2947 = EDGE_CURVE ( 'NONE', #4992, #4321, #2160, .T. ) ;
#2948 = DIRECTION ( 'NONE',  ( 0.000000000000000000, -0.7071067811865484609, 0.7071067811865466846 ) ) ;
#2949 = ORIENTED_EDGE ( 'NONE', *, *, #3864, .T. ) ;
#2950 = CARTESIAN_POINT ( 'NONE',  ( 1.270000000000003793, 0.5080000000000000071, 0.7528818102449925664 ) ) ;
#2951 = CARTESIAN_POINT ( 'NONE',  ( 6.350000000000003197, 2.177422008883992879E-16, -0.8890000000000013447 ) ) ;
#2952 = ORIENTED_EDGE ( 'NONE', *, *, #1047, .F. ) ;
#2953 = EDGE_LOOP ( 'NONE', ( #4072, #776, #3768, #120 ) ) ;
#2954 = DIRECTION ( 'NONE',  ( 0.000000000000000000, 0.000000000000000000, 1.000000000000000000 ) ) ;
#2955 = EDGE_CURVE ( 'NONE', #1136, #3073, #2907, .T. ) ;
#2956 = CARTESIAN_POINT ( 'NONE',  ( 14.22399999999999842, 8.509000000000000341, 1.270000000000001128 ) ) ;
#2957 = CARTESIAN_POINT ( 'NONE',  ( -0.3809999999999941767, 7.239000000000000767, -0.3810000000000041687 ) ) ;
#2958 = ORIENTED_EDGE ( 'NONE', *, *, #2973, .F. ) ;
#2959 = DIRECTION ( 'NONE',  ( -1.000000000000000000, -0.000000000000000000, -0.000000000000000000 ) ) ;
#2960 = VECTOR ( 'NONE', #5065, 1000.000000000000000 ) ;
#2961 = EDGE_CURVE ( 'NONE', #1711, #5976, #5467, .T. ) ;
#2962 = FACE_OUTER_BOUND ( 'NONE', #783, .T. ) ;
#2963 = LINE ( 'NONE', #2430, #5519 ) ;
#2964 = EDGE_CURVE ( 'NONE', #1412, #5177, #4478, .T. ) ;
#2965 = VECTOR ( 'NONE', #5107, 1000.000000000000000 ) ;
#2966 = EDGE_CURVE ( 'NONE', #3112, #546, #4449, .T. ) ;
#2967 = FACE_OUTER_BOUND ( 'NONE', #5943, .T. ) ;
#2968 = CARTESIAN_POINT ( 'NONE',  ( 6.350000000000003197, 8.509000000000000341, -1.270000000000001128 ) ) ;
#2969 = VERTEX_POINT ( 'NONE', #5533 ) ;
#2970 = DIRECTION ( 'NONE',  ( 0.000000000000000000, -0.9659258262890699775, -0.2588190451025145222 ) ) ;
#2971 = VECTOR ( 'NONE', #5167, 1000.000000000000000 ) ;
#2972 = DIRECTION ( 'NONE',  ( 0.000000000000000000, -0.9659258262890699775, -0.2588190451025145222 ) ) ;
#2973 = EDGE_CURVE ( 'NONE', #839, #1272, #6648, .T. ) ;
#2974 = ADVANCED_FACE ( 'NONE', ( #3882 ), #1853, .F. ) ;
#2975 = DIRECTION ( 'NONE',  ( 0.000000000000000000, 0.000000000000000000, 1.000000000000000000 ) ) ;
#2976 = CARTESIAN_POINT ( 'NONE',  ( 7.239000000000006096, 7.239000000000000767, -0.3810000000000041687 ) ) ;
#2977 = EDGE_LOOP ( 'NONE', ( #6063, #787, #6740, #2936 ) ) ;
#2978 = CARTESIAN_POINT ( 'NONE',  ( -1.269999999999996909, 0.5080000000000000071, 0.7528818102449925664 ) ) ;
#2979 = VECTOR ( 'NONE', #6136, 1000.000000000000000 ) ;
#2980 = AXIS2_PLACEMENT_3D ( 'NONE', #5297, #1034, #4779 ) ;
#2981 = ORIENTED_EDGE ( 'NONE', *, *, #4927, .T. ) ;
#2982 = EDGE_CURVE ( 'NONE', #6494, #4917, #2836, .T. ) ;
#2983 = AXIS2_PLACEMENT_3D ( 'NONE', #607, #4935, #153 ) ;
#2984 = DIRECTION ( 'NONE',  ( 1.000000000000000000, 0.000000000000000000, 0.000000000000000000 ) ) ;
#2985 = ORIENTED_EDGE ( 'NONE', *, *, #1276, .F. ) ;
#2986 = CARTESIAN_POINT ( 'NONE',  ( -0.3809999999999941767, 8.064500000000000668, 0.3809999999999947873 ) ) ;
#2987 = EDGE_LOOP ( 'NONE', ( #846, #1992, #3735, #3225 ) ) ;
#2988 = VERTEX_POINT ( 'NONE', #3989 ) ;
#2989 = DIRECTION ( 'NONE',  ( -0.000000000000000000, 1.000000000000000000, 2.449293598294710852E-16 ) ) ;
#2990 = DIRECTION ( 'NONE',  ( 1.000000000000000000, 0.000000000000000000, 0.000000000000000000 ) ) ;
#2991 = CARTESIAN_POINT ( 'NONE',  ( 14.22399999999999842, 2.177422008883992879E-16, -0.8890000000000013447 ) ) ;
#2992 = EDGE_CURVE ( 'NONE', #4184, #1769, #6120, .T. ) ;
#2993 = ORIENTED_EDGE ( 'NONE', *, *, #3017, .F. ) ;
#2994 = LINE ( 'NONE', #1527, #2372 ) ;
#2995 = LINE ( 'NONE', #1936, #5051 ) ;
#2996 = DIRECTION ( 'NONE',  ( -1.000000000000000000, 0.000000000000000000, 0.000000000000000000 ) ) ;
#2997 = CARTESIAN_POINT ( 'NONE',  ( -11.42999999999999794, 0.000000000000000000, 1.269999999999998908 ) ) ;
#2998 = LINE ( 'NONE', #342, #4968 ) ;
#2999 = ORIENTED_EDGE ( 'NONE', *, *, #2080, .F. ) ;
#3000 = CARTESIAN_POINT ( 'NONE',  ( -13.96999999999999886, -1.925929944387235853E-31, 0.8889999999999991243 ) ) ;
#3001 = DIRECTION ( 'NONE',  ( 1.000000000000000000, 0.000000000000000000, 0.000000000000000000 ) ) ;
#3002 = CARTESIAN_POINT ( 'NONE',  ( 14.22399999999999842, 0.5080000000000000071, 0.7528818102449925664 ) ) ;
#3003 = UNCERTAINTY_MEASURE_WITH_UNIT (LENGTH_MEASURE( 1.000000000000000082E-05 ), #4578, 'distance_accuracy_value', 'NONE');
#3004 = ADVANCED_FACE ( 'NONE', ( #6577 ), #1781, .F. ) ;
#3005 = DIRECTION ( 'NONE',  ( 0.000000000000000000, 0.9659258262890700886, -0.2588190451025140781 ) ) ;
#3006 = FACE_OUTER_BOUND ( 'NONE', #2003, .T. ) ;
#3007 = ORIENTED_EDGE ( 'NONE', *, *, #111, .F. ) ;
#3008 = DIRECTION ( 'NONE',  ( -0.5773502691896253980, 0.5773502691896253980, -0.5773502691896266192 ) ) ;
#3009 = ORIENTED_EDGE ( 'NONE', *, *, #6172, .F. ) ;
#3010 = DIRECTION ( 'NONE',  ( 1.000000000000000000, 0.000000000000000000, -0.000000000000000000 ) ) ;
#3011 = ORIENTED_EDGE ( 'NONE', *, *, #6853, .F. ) ;
#3012 = CARTESIAN_POINT ( 'NONE',  ( -13.96999999999999886, 8.509000000000000341, -1.270000000000001128 ) ) ;
#3013 = DIRECTION ( 'NONE',  ( 1.000000000000000000, 0.000000000000000000, -0.000000000000000000 ) ) ;
#3014 = ORIENTED_EDGE ( 'NONE', *, *, #2262, .T. ) ;
#3015 = ORIENTED_EDGE ( 'NONE', *, *, #1337, .F. ) ;
#3016 = LINE ( 'NONE', #5118, #1227 ) ;
#3017 = EDGE_CURVE ( 'NONE', #1111, #1265, #748, .T. ) ;
#3018 = DIRECTION ( 'NONE',  ( 0.000000000000000000, -1.000000000000000000, -2.548365665731588345E-16 ) ) ;
#3019 = ORIENTED_EDGE ( 'NONE', *, *, #6163, .F. ) ;
#3020 = CARTESIAN_POINT ( 'NONE',  ( 10.28700000000000614, 7.810500000000001108, 0.1269999999999949503 ) ) ;
#3021 = ORIENTED_EDGE ( 'NONE', *, *, #5727, .F. ) ;
#3022 = DIRECTION ( 'NONE',  ( 0.000000000000000000, 0.000000000000000000, -1.000000000000000000 ) ) ;
#3023 = LINE ( 'NONE', #4221, #3375 ) ;
#3024 = PLANE ( 'NONE',  #2148 ) ;
#3025 = EDGE_LOOP ( 'NONE', ( #1866, #5283, #97, #6200 ) ) ;
#3026 = SURFACE_STYLE_USAGE ( .BOTH. , #6216 ) ;
#3027 = ORIENTED_EDGE ( 'NONE', *, *, #5832, .F. ) ;
#3028 = DIRECTION ( 'NONE',  ( 0.000000000000000000, 1.440069553722777130E-16, -1.000000000000000000 ) ) ;
#3029 = CLOSED_SHELL ( 'NONE', ( #5236, #1972, #4856, #3396, #1553, #56, #2351, #6338, #3128, #1530, #4230, #5530, #4251, #5059, #2352, #3678, #2428, #5119, #922 ) ) ;
#3030 = ADVANCED_FACE ( 'NONE', ( #2367 ), #3459, .F. ) ;
#3031 = DIRECTION ( 'NONE',  ( 0.000000000000000000, -0.9659258262890700886, 0.2588190451025140781 ) ) ;
#3032 = VECTOR ( 'NONE', #5234, 1000.000000000000114 ) ;
#3033 = CARTESIAN_POINT ( 'NONE',  ( 8.001000000000004775, 7.239000000000000767, 0.3809999999999946207 ) ) ;
#3034 = DIRECTION ( 'NONE',  ( -0.000000000000000000, 1.000000000000000000, 1.169455476739838842E-16 ) ) ;
#3035 = VERTEX_POINT ( 'NONE', #117 ) ;
#3036 = PLANE ( 'NONE',  #5665 ) ;
#3037 = ORIENTED_EDGE ( 'NONE', *, *, #399, .T. ) ;
#3038 = AXIS2_PLACEMENT_3D ( 'NONE', #4883, #2209, #5013 ) ;
#3039 = EDGE_CURVE ( 'NONE', #5410, #1507, #2226, .T. ) ;
#3040 = LINE ( 'NONE', #533, #1139 ) ;
#3041 = PLANE ( 'NONE',  #6733 ) ;
#3042 = VERTEX_POINT ( 'NONE', #1717 ) ;
#3043 = LINE ( 'NONE', #4865, #6089 ) ;
#3044 = AXIS2_PLACEMENT_3D ( 'NONE', #6904, #1625, #4354 ) ;
#3045 =( LENGTH_UNIT ( ) NAMED_UNIT ( * ) SI_UNIT ( .MILLI., .METRE. ) );
#3046 = ORIENTED_EDGE ( 'NONE', *, *, #2821, .T. ) ;
#3047 = ADVANCED_FACE ( 'NONE', ( #2404 ), #845, .F. ) ;
#3048 = ORIENTED_EDGE ( 'NONE', *, *, #3993, .F. ) ;
#3049 = LINE ( 'NONE', #859, #4576 ) ;
#3050 = VECTOR ( 'NONE', #3445, 1000.000000000000000 ) ;
#3051 = VECTOR ( 'NONE', #6697, 1000.000000000000000 ) ;
#3052 = LINE ( 'NONE', #5181, #2137 ) ;
#3053 = ORIENTED_EDGE ( 'NONE', *, *, #5, .F. ) ;
#3054 = CARTESIAN_POINT ( 'NONE',  ( 8.890000000000004121, -1.925929944387235853E-31, 0.8889999999999991243 ) ) ;
#3055 = CARTESIAN_POINT ( 'NONE',  ( 10.54100000000000570, 8.064500000000000668, 0.3809999999999946207 ) ) ;
#3056 = EDGE_LOOP ( 'NONE', ( #1627, #1571, #4804, #125 ) ) ;
#3057 = ADVANCED_FACE ( 'NONE', ( #3006 ), #4155, .F. ) ;
#3058 = CARTESIAN_POINT ( 'NONE',  ( -2.920999999999994934, 8.064500000000000668, 0.3809999999999946207 ) ) ;
#3059 = EDGE_CURVE ( 'NONE', #4115, #1203, #384, .T. ) ;
#3060 = LINE ( 'NONE', #2604, #4498 ) ;
#3061 = CARTESIAN_POINT ( 'NONE',  ( 13.96999999999999886, 0.000000000000000000, 1.269999999999998908 ) ) ;
#3062 = ORIENTED_EDGE ( 'NONE', *, *, #668, .F. ) ;
#3063 = ORIENTED_EDGE ( 'NONE', *, *, #3751, .F. ) ;
#3064 = CARTESIAN_POINT ( 'NONE',  ( -10.54099999999999504, 7.239000000000000767, 0.3809999999999946207 ) ) ;
#3065 = CONTEXT_DEPENDENT_SHAPE_REPRESENTATION ( #5304, #800 ) ;
#3066 = CARTESIAN_POINT ( 'NONE',  ( 7.239000000000006096, 8.064500000000000668, -0.3810000000000040021 ) ) ;
#3067 = AXIS2_PLACEMENT_3D ( 'NONE', #5641, #6055, #3957 ) ;
#3068 = CARTESIAN_POINT ( 'NONE',  ( 0.3810000000000000053, -3.200400000000000134, 0.2032000000000001583 ) ) ;
#3069 = LINE ( 'NONE', #6152, #1077 ) ;
#3070 = EDGE_CURVE ( 'NONE', #4818, #3223, #6189, .T. ) ;
#3071 = ORIENTED_EDGE ( 'NONE', *, *, #6595, .F. ) ;
#3072 = DIRECTION ( 'NONE',  ( 1.000000000000000000, 0.000000000000000000, 0.000000000000000000 ) ) ;
#3073 = VERTEX_POINT ( 'NONE', #4613 ) ;
#3074 = VECTOR ( 'NONE', #6820, 1000.000000000000000 ) ;
#3075 = ADVANCED_FACE ( 'NONE', ( #2545 ), #2012, .F. ) ;
#3076 = CARTESIAN_POINT ( 'NONE',  ( 6.794500000000005535, 8.509000000000000341, -0.8255000000000052296 ) ) ;
#3077 = FACE_OUTER_BOUND ( 'NONE', #3955, .T. ) ;
#3078 = STYLED_ITEM ( 'NONE', ( #32 ), #5046 ) ;
#3079 = ORIENTED_EDGE ( 'NONE', *, *, #3815, .F. ) ;
#3080 = CARTESIAN_POINT ( 'NONE',  ( 13.96999999999999886, 0.5080000000000002292, -0.7528818102449945648 ) ) ;
#3081 = DIRECTION ( 'NONE',  ( 0.000000000000000000, -5.054934237236841843E-31, -1.000000000000000000 ) ) ;
#3082 = VERTEX_POINT ( 'NONE', #288 ) ;
#3083 = DIRECTION ( 'NONE',  ( 0.000000000000000000, -1.000000000000000000, -2.548365665731588345E-16 ) ) ;
#3084 = ORIENTED_EDGE ( 'NONE', *, *, #6899, .T. ) ;
#3085 = CARTESIAN_POINT ( 'NONE',  ( -8.889999999999997016, 0.000000000000000000, 1.269999999999998908 ) ) ;
#3086 =( GEOMETRIC_REPRESENTATION_CONTEXT ( 3 ) GLOBAL_UNCERTAINTY_ASSIGNED_CONTEXT ( ( #1751 ) ) GLOBAL_UNIT_ASSIGNED_CONTEXT ( ( #5815, #2425, #4274 ) ) REPRESENTATION_CONTEXT ( 'NONE', 'WORKASPACE' ) );
#3087 = ADVANCED_FACE ( 'NONE', ( #1399 ), #4650, .F. ) ;
#3088 = FACE_OUTER_BOUND ( 'NONE', #2882, .T. ) ;
#3089 = VERTEX_POINT ( 'NONE', #1363 ) ;
#3090 = DIRECTION ( 'NONE',  ( -1.000000000000000000, -0.000000000000000000, -0.000000000000000000 ) ) ;
#3091 = DIRECTION ( 'NONE',  ( -0.000000000000000000, 1.000000000000000000, 1.733406087350420004E-16 ) ) ;
#3092 = VERTEX_POINT ( 'NONE', #1884 ) ;
#3093 = VECTOR ( 'NONE', #142, 1000.000000000000000 ) ;
#3094 = EDGE_CURVE ( 'NONE', #1018, #2695, #6256, .T. ) ;
#3095 = CARTESIAN_POINT ( 'NONE',  ( 9.779000000000007020, 8.064500000000000668, -0.3810000000000040021 ) ) ;
#3096 = EDGE_CURVE ( 'NONE', #2129, #815, #2942, .T. ) ;
#3097 = CARTESIAN_POINT ( 'NONE',  ( 8.890000000000004121, 2.177422008883992879E-16, -0.8890000000000013447 ) ) ;
#3098 = CARTESIAN_POINT ( 'NONE',  ( 2.667000000000004256, 7.810500000000001108, 0.1269999999999949503 ) ) ;
#3099 = VERTEX_POINT ( 'NONE', #6291 ) ;
#3100 = CARTESIAN_POINT ( 'NONE',  ( 2.159000000000004693, 8.064500000000000668, 0.3809999999999947873 ) ) ;
#3101 = ORIENTED_EDGE ( 'NONE', *, *, #4466, .T. ) ;
#3102 = DIRECTION ( 'NONE',  ( 0.000000000000000000, 0.000000000000000000, 1.000000000000000000 ) ) ;
#3103 = DIRECTION ( 'NONE',  ( 0.000000000000000000, 1.000000000000000000, -5.054934237236841843E-31 ) ) ;
#3104 = CARTESIAN_POINT ( 'NONE',  ( -3.809999999999997389, 8.509000000000000341, 1.270000000000001128 ) ) ;
#3105 = FACE_OUTER_BOUND ( 'NONE', #4574, .T. ) ;
#3106 = VERTEX_POINT ( 'NONE', #3490 ) ;
#3107 = LINE ( 'NONE', #6293, #4988 ) ;
#3108 = EDGE_LOOP ( 'NONE', ( #5985, #1995, #2856, #4097, #4674, #6379, #1599, #1618 ) ) ;
#3109 = EDGE_CURVE ( 'NONE', #1269, #5289, #3069, .T. ) ;
#3110 = LINE ( 'NONE', #4656, #3922 ) ;
#3111 = PLANE ( 'NONE',  #1706 ) ;
#3112 = VERTEX_POINT ( 'NONE', #5697 ) ;
#3113 = AXIS2_PLACEMENT_3D ( 'NONE', #1344, #5546, #762 ) ;
#3114 = DIRECTION ( 'NONE',  ( 1.000000000000000000, 0.000000000000000000, 0.000000000000000000 ) ) ;
#3115 = LINE ( 'NONE', #4768, #4643 ) ;
#3116 = ORIENTED_EDGE ( 'NONE', *, *, #4685, .T. ) ;
#3117 = SURFACE_SIDE_STYLE ('',( #3704 ) ) ;
#3118 = EDGE_LOOP ( 'NONE', ( #289, #2449, #2414, #2498 ) ) ;
#3119 = SHAPE_REPRESENTATION_RELATIONSHIP ( 'NONE' , 'NONE' ,  #5719, #885 ) ;
#3120 = EDGE_CURVE ( 'NONE', #2197, #6292, #1504, .T. ) ;
#3121 = LINE ( 'NONE', #5149, #3482 ) ;
#3122 = EDGE_LOOP ( 'NONE', ( #4032, #4662, #5926, #4351 ) ) ;
#3123 = FACE_OUTER_BOUND ( 'NONE', #4624, .T. ) ;
#3124 = CARTESIAN_POINT ( 'NONE',  ( -1.269999999999996909, 8.509000000000000341, 1.270000000000001128 ) ) ;
#3125 = EDGE_LOOP ( 'NONE', ( #159, #4630, #5908, #2154 ) ) ;
#3126 = LINE ( 'NONE', #1355, #6211 ) ;
#3127 = LINE ( 'NONE', #1971, #4170 ) ;
#3128 = ADVANCED_FACE ( 'NONE', ( #5203 ), #6226, .T. ) ;
#3129 = EDGE_CURVE ( 'NONE', #4055, #6681, #322, .T. ) ;
#3130 = LINE ( 'NONE', #967, #593 ) ;
#3131 = LINE ( 'NONE', #4885, #5405 ) ;
#3132 = VERTEX_POINT ( 'NONE', #3622 ) ;
#3133 = DIRECTION ( 'NONE',  ( 0.000000000000000000, 0.000000000000000000, 1.000000000000000000 ) ) ;
#3134 = EDGE_LOOP ( 'NONE', ( #3843, #5468, #3048, #3011 ) ) ;
#3135 = DIRECTION ( 'NONE',  ( 0.000000000000000000, 0.9659258262890699775, 0.2588190451025145222 ) ) ;
#3136 = EDGE_CURVE ( 'NONE', #2424, #4472, #1912, .T. ) ;
#3137 = LINE ( 'NONE', #5271, #4937 ) ;
#3138 = AXIS2_PLACEMENT_3D ( 'NONE', #4049, #5069, #283 ) ;
#3139 = LINE ( 'NONE', #3068, #4527 ) ;
#3140 = AXIS2_PLACEMENT_3D ( 'NONE', #4961, #1654, #3287 ) ;
#3141 = CARTESIAN_POINT ( 'NONE',  ( 5.207000000000005180, 7.810500000000001108, 0.1269999999999949503 ) ) ;
#3142 = VERTEX_POINT ( 'NONE', #4054 ) ;
#3143 = CARTESIAN_POINT ( 'NONE',  ( 11.43000000000000504, 8.509000000000000341, -1.270000000000001128 ) ) ;
#3144 = ORIENTED_EDGE ( 'NONE', *, *, #3309, .T. ) ;
#3145 = VECTOR ( 'NONE', #3172, 1000.000000000000000 ) ;
#3146 = LINE ( 'NONE', #3698, #3474 ) ;
#3147 = DIRECTION ( 'NONE',  ( 1.000000000000000000, 0.000000000000000000, -0.000000000000000000 ) ) ;
#3148 = ORIENTED_EDGE ( 'NONE', *, *, #666, .F. ) ;
#3149 = DIRECTION ( 'NONE',  ( 0.000000000000000000, -0.9659258262890699775, -0.2588190451025145222 ) ) ;
#3150 = VERTEX_POINT ( 'NONE', #814 ) ;
#3151 = CARTESIAN_POINT ( 'NONE',  ( 3.810000000000002718, 0.000000000000000000, 1.269999999999998908 ) ) ;
#3152 = AXIS2_PLACEMENT_3D ( 'NONE', #5061, #274, #4439 ) ;
#3153 = VERTEX_POINT ( 'NONE', #5168 ) ;
#3154 = DIRECTION ( 'NONE',  ( 0.000000000000000000, 0.000000000000000000, 1.000000000000000000 ) ) ;
#3155 = AXIS2_PLACEMENT_3D ( 'NONE', #786, #6583, #2911 ) ;
#3156 = CARTESIAN_POINT ( 'NONE',  ( 4.254500000000004611, 8.509000000000000341, 0.8254999999999963478 ) ) ;
#3157 = ORIENTED_EDGE ( 'NONE', *, *, #1813, .T. ) ;
#3158 = DIRECTION ( 'NONE',  ( 0.000000000000000000, -1.000000000000000000, -2.338910953479677683E-16 ) ) ;
#3159 = CARTESIAN_POINT ( 'NONE',  ( 9.779000000000007020, 8.064500000000000668, 0.3809999999999947873 ) ) ;
#3160 = ORIENTED_EDGE ( 'NONE', *, *, #4671, .F. ) ;
#3161 = CARTESIAN_POINT ( 'NONE',  ( 13.96999999999999886, 3.110602869834277161E-16, -1.270000000000001128 ) ) ;
#3162 = EDGE_CURVE ( 'NONE', #6112, #2722, #879, .T. ) ;
#3163 = CARTESIAN_POINT ( 'NONE',  ( 0.3810000000000046128, 7.239000000000000767, 0.3809999999999946207 ) ) ;
#3164 = VECTOR ( 'NONE', #69, 1000.000000000000114 ) ;
#3165 = CARTESIAN_POINT ( 'NONE',  ( -3.365499999999995051, 8.509000000000000341, -0.8255000000000052296 ) ) ;
#3166 = CARTESIAN_POINT ( 'NONE',  ( -3.809999999999997389, 8.509000000000000341, 1.270000000000001128 ) ) ;
#3167 = ORIENTED_EDGE ( 'NONE', *, *, #6604, .F. ) ;
#3168 = PLANE ( 'NONE',  #1080 ) ;
#3169 = ORIENTED_EDGE ( 'NONE', *, *, #1526, .F. ) ;
#3170 = DIRECTION ( 'NONE',  ( 0.000000000000000000, 0.000000000000000000, -1.000000000000000000 ) ) ;
#3171 = EDGE_CURVE ( 'NONE', #5374, #4682, #5732, .T. ) ;
#3172 = DIRECTION ( 'NONE',  ( -1.000000000000000000, 0.000000000000000000, 0.000000000000000000 ) ) ;
#3173 = DIRECTION ( 'NONE',  ( -0.000000000000000000, -0.7071067811865482389, -0.7071067811865467956 ) ) ;
#3174 = PLANE ( 'NONE',  #1743 ) ;
#3175 = ORIENTED_EDGE ( 'NONE', *, *, #1074, .F. ) ;
#3176 = CARTESIAN_POINT ( 'NONE',  ( -0.3810000000000000053, 0.5079999999999997851, 0.2032000000000010465 ) ) ;
#3177 = ORIENTED_EDGE ( 'NONE', *, *, #6839, .F. ) ;
#3178 = VECTOR ( 'NONE', #2778, 1000.000000000000000 ) ;
#3179 = EDGE_CURVE ( 'NONE', #6556, #1991, #6849, .T. ) ;
#3180 = DIRECTION ( 'NONE',  ( 0.000000000000000000, 0.9659258262890699775, 0.2588190451025145222 ) ) ;
#3181 = EDGE_CURVE ( 'NONE', #719, #3433, #2048, .T. ) ;
#3182 = CARTESIAN_POINT ( 'NONE',  ( 6.350000000000003197, 2.177422008883992879E-16, -0.8890000000000013447 ) ) ;
#3183 = ORIENTED_EDGE ( 'NONE', *, *, #5019, .T. ) ;
#3184 = DIRECTION ( 'NONE',  ( 0.000000000000000000, 0.000000000000000000, 1.000000000000000000 ) ) ;
#3185 = LINE ( 'NONE', #5324, #6761 ) ;
#3186 = ORIENTED_EDGE ( 'NONE', *, *, #710, .F. ) ;
#3187 = DIRECTION ( 'NONE',  ( 0.7071067811865475727, -0.7071067811865475727, 0.000000000000000000 ) ) ;
#3188 = AXIS2_PLACEMENT_3D ( 'NONE', #887, #1371, #6091 ) ;
#3189 = ADVANCED_FACE ( 'NONE', ( #4263 ), #1011, .F. ) ;
#3190 = VECTOR ( 'NONE', #6342, 1000.000000000000000 ) ;
#3191 = ORIENTED_EDGE ( 'NONE', *, *, #5477, .T. ) ;
#3192 = SURFACE_STYLE_FILL_AREA ( #2420 ) ;
#3193 = VECTOR ( 'NONE', #5418, 1000.000000000000114 ) ;
#3194 = VECTOR ( 'NONE', #6083, 1000.000000000000000 ) ;
#3195 = DIRECTION ( 'NONE',  ( -1.000000000000000000, -0.000000000000000000, -0.000000000000000000 ) ) ;
#3196 = VERTEX_POINT ( 'NONE', #4 ) ;
#3197 = CARTESIAN_POINT ( 'NONE',  ( 3.810000000000002718, 0.5080000000000000071, 0.7528818102449925664 ) ) ;
#3198 = LINE ( 'NONE', #2671, #4741 ) ;
#3199 = ORIENTED_EDGE ( 'NONE', *, *, #5395, .T. ) ;
#3200 = DIRECTION ( 'NONE',  ( -0.000000000000000000, 1.000000000000000000, 1.733406087350420004E-16 ) ) ;
#3201 = DIRECTION ( 'NONE',  ( 0.000000000000000000, 0.9659258262890700886, -0.2588190451025140781 ) ) ;
#3202 = VECTOR ( 'NONE', #5502, 1000.000000000000000 ) ;
#3203 = ADVANCED_FACE ( 'NONE', ( #3105 ), #3213, .T. ) ;
#3204 = PLANE ( 'NONE',  #364 ) ;
#3205 = VECTOR ( 'NONE', #672, 1000.000000000000000 ) ;
#3206 = FACE_OUTER_BOUND ( 'NONE', #33, .T. ) ;
#3207 = ORIENTED_EDGE ( 'NONE', *, *, #4634, .F. ) ;
#3208 = SURFACE_SIDE_STYLE ('',( #6430 ) ) ;
#3209 = ORIENTED_EDGE ( 'NONE', *, *, #111, .T. ) ;
#3210 = CARTESIAN_POINT ( 'NONE',  ( 3.810000000000002718, 8.509000000000000341, -1.270000000000001128 ) ) ;
#3211 = DIRECTION ( 'NONE',  ( 1.000000000000000000, 0.000000000000000000, -0.000000000000000000 ) ) ;
#3212 = DIRECTION ( 'NONE',  ( -1.000000000000000000, -0.000000000000000000, -0.000000000000000000 ) ) ;
#3213 = PLANE ( 'NONE',  #2183 ) ;
#3214 = EDGE_LOOP ( 'NONE', ( #4395, #4333, #3633, #6271 ) ) ;
#3215 = CARTESIAN_POINT ( 'NONE',  ( 8.890000000000004121, 3.110602869834277161E-16, -1.270000000000001128 ) ) ;
#3216 = EDGE_LOOP ( 'NONE', ( #1975, #1581, #6515, #4866 ) ) ;
#3217 = EDGE_CURVE ( 'NONE', #4682, #2910, #2083, .T. ) ;
#3218 = DIRECTION ( 'NONE',  ( -1.000000000000000000, -0.000000000000000000, -0.000000000000000000 ) ) ;
#3219 = CARTESIAN_POINT ( 'NONE',  ( -1.269999999999996909, 8.509000000000000341, -1.270000000000001128 ) ) ;
#3220 = ORIENTED_EDGE ( 'NONE', *, *, #2782, .F. ) ;
#3221 = CARTESIAN_POINT ( 'NONE',  ( -5.460999999999994969, 7.239000000000000767, 0.3809999999999946207 ) ) ;
#3222 = FACE_OUTER_BOUND ( 'NONE', #3214, .T. ) ;
#3223 = VERTEX_POINT ( 'NONE', #5838 ) ;
#3224 = CARTESIAN_POINT ( 'NONE',  ( -11.42999999999999794, 3.110602869834277161E-16, -1.270000000000001128 ) ) ;
#3225 = ORIENTED_EDGE ( 'NONE', *, *, #3776, .T. ) ;
#3226 = ADVANCED_FACE ( 'NONE', ( #1049 ), #3174, .F. ) ;
#3227 = ADVANCED_FACE ( 'NONE', ( #2655 ), #4229, .F. ) ;
#3228 = PLANE ( 'NONE',  #3708 ) ;
#3229 = VERTEX_POINT ( 'NONE', #2719 ) ;
#3230 = FACE_OUTER_BOUND ( 'NONE', #3713, .T. ) ;
#3231 = FACE_OUTER_BOUND ( 'NONE', #6241, .T. ) ;
#3232 = ORIENTED_EDGE ( 'NONE', *, *, #3857, .F. ) ;
#3233 = DIRECTION ( 'NONE',  ( -1.000000000000000000, -0.000000000000000000, -0.000000000000000000 ) ) ;
#3234 = LINE ( 'NONE', #2102, #5354 ) ;
#3235 = EDGE_CURVE ( 'NONE', #1211, #3289, #2618, .T. ) ;
#3236 = VECTOR ( 'NONE', #2706, 1000.000000000000000 ) ;
#3237 = PLANE ( 'NONE',  #1810 ) ;
#3238 = LINE ( 'NONE', #4782, #1821 ) ;
#3239 = ORIENTED_EDGE ( 'NONE', *, *, #2496, .T. ) ;
#3240 =( LENGTH_UNIT ( ) NAMED_UNIT ( * ) SI_UNIT ( .MILLI., .METRE. ) );
#3241 = ORIENTED_EDGE ( 'NONE', *, *, #2918, .F. ) ;
#3242 = FACE_OUTER_BOUND ( 'NONE', #6093, .T. ) ;
#3243 = EDGE_CURVE ( 'NONE', #1370, #6192, #527, .T. ) ;
#3244 = DIRECTION ( 'NONE',  ( -0.000000000000000000, 1.000000000000000000, 1.733406087350420004E-16 ) ) ;
#3245 = FACE_OUTER_BOUND ( 'NONE', #4827, .T. ) ;
#3246 = CARTESIAN_POINT ( 'NONE',  ( -11.42999999999999794, 0.000000000000000000, 1.269999999999998908 ) ) ;
#3247 = ORIENTED_EDGE ( 'NONE', *, *, #484, .F. ) ;
#3248 = DIRECTION ( 'NONE',  ( -1.000000000000000000, 0.000000000000000000, 0.000000000000000000 ) ) ;
#3249 = ORIENTED_EDGE ( 'NONE', *, *, #1955, .T. ) ;
#3250 = ADVANCED_FACE ( 'NONE', ( #2188 ), #490, .F. ) ;
#3251 = DIRECTION ( 'NONE',  ( 0.000000000000000000, -0.9659258262890699775, -0.2588190451025145222 ) ) ;
#3252 = VECTOR ( 'NONE', #6261, 1000.000000000000000 ) ;
#3253 = ORIENTED_EDGE ( 'NONE', *, *, #2230, .T. ) ;
#3254 = CARTESIAN_POINT ( 'NONE',  ( 13.97000000000000419, 8.509000000000000341, -1.270000000000001128 ) ) ;
#3255 = EDGE_LOOP ( 'NONE', ( #1052, #5350, #4424, #4958 ) ) ;
#3256 = CARTESIAN_POINT ( 'NONE',  ( 8.890000000000004121, 0.5080000000000000071, 0.7528818102449925664 ) ) ;
#3257 = ORIENTED_EDGE ( 'NONE', *, *, #410, .T. ) ;
#3258 = PRODUCT_DEFINITION ( 'UNKNOWN', '', #577, #5464 ) ;
#3259 = STYLED_ITEM ( 'NONE', ( #5070 ), #457 ) ;
#3260 = ADVANCED_FACE ( 'NONE', ( #2113 ), #4756, .T. ) ;
#3261 = PLANE ( 'NONE',  #3044 ) ;
#3262 = EDGE_LOOP ( 'NONE', ( #6541, #2078, #2279, #4192 ) ) ;
#3263 = LINE ( 'NONE', #1134, #3406 ) ;
#3264 = AXIS2_PLACEMENT_3D ( 'NONE', #736, #2429, #1800 ) ;
#3265 = LINE ( 'NONE', #5858, #6417 ) ;
#3266 = EDGE_LOOP ( 'NONE', ( #6622, #1590, #4458, #3046 ) ) ;
#3267 = DIRECTION ( 'NONE',  ( 0.000000000000000000, 1.733406087350420004E-16, -1.000000000000000000 ) ) ;
#3268 = DIRECTION ( 'NONE',  ( 0.000000000000000000, 1.000000000000000000, 1.733406087350420004E-16 ) ) ;
#3269 = EDGE_CURVE ( 'NONE', #1680, #4917, #1083, .T. ) ;
#3270 = VECTOR ( 'NONE', #5882, 1000.000000000000000 ) ;
#3271 = FACE_OUTER_BOUND ( 'NONE', #6570, .T. ) ;
#3272 = EDGE_CURVE ( 'NONE', #1111, #5256, #5347, .T. ) ;
#3273 = CARTESIAN_POINT ( 'NONE',  ( 13.97000000000000419, -1.925929944387235853E-31, 0.8889999999999991243 ) ) ;
#3274 = VERTEX_POINT ( 'NONE', #4824 ) ;
#3275 = CARTESIAN_POINT ( 'NONE',  ( -8.889999999999997016, 8.509000000000000341, 1.270000000000001128 ) ) ;
#3276 = VECTOR ( 'NONE', #5753, 1000.000000000000000 ) ;
#3277 = LINE ( 'NONE', #4367, #734 ) ;
#3278 = EDGE_CURVE ( 'NONE', #1342, #2661, #1677, .T. ) ;
#3279 = AXIS2_PLACEMENT_3D ( 'NONE', #862, #1524, #6798 ) ;
#3280 = FILL_AREA_STYLE ('',( #6397 ) ) ;
#3281 = LINE ( 'NONE', #2187, #1856 ) ;
#3282 = DIRECTION ( 'NONE',  ( 0.000000000000000000, -0.9659258262890700886, 0.2588190451025140781 ) ) ;
#3283 = VERTEX_POINT ( 'NONE', #6439 ) ;
#3284 = CARTESIAN_POINT ( 'NONE',  ( 9.779000000000007020, 8.064500000000000668, -0.3810000000000040021 ) ) ;
#3285 = AXIS2_PLACEMENT_3D ( 'NONE', #4809, #4878, #5294 ) ;
#3286 = ORIENTED_EDGE ( 'NONE', *, *, #3479, .F. ) ;
#3287 = DIRECTION ( 'NONE',  ( -0.000000000000000000, 0.000000000000000000, -1.000000000000000000 ) ) ;
#3288 = EDGE_CURVE ( 'NONE', #482, #3283, #5238, .T. ) ;
#3289 = VERTEX_POINT ( 'NONE', #6600 ) ;
#3290 = PLANE ( 'NONE',  #1634 ) ;
#3291 = DIRECTION ( 'NONE',  ( 1.000000000000000000, 0.000000000000000000, 0.000000000000000000 ) ) ;
#3292 = VERTEX_POINT ( 'NONE', #4400 ) ;
#3293 = DIRECTION ( 'NONE',  ( -1.000000000000000000, -0.000000000000000000, -0.000000000000000000 ) ) ;
#3294 = VERTEX_POINT ( 'NONE', #2218 ) ;
#3295 = DIRECTION ( 'NONE',  ( 1.000000000000000000, 0.000000000000000000, 0.000000000000000000 ) ) ;
#3296 = AXIS2_PLACEMENT_3D ( 'NONE', #1668, #3267, #127 ) ;
#3297 = EDGE_CURVE ( 'NONE', #4452, #900, #632, .T. ) ;
#3298 = LINE ( 'NONE', #467, #2249 ) ;
#3299 = AXIS2_PLACEMENT_3D ( 'NONE', #3946, #5072, #2941 ) ;
#3300 = ORIENTED_EDGE ( 'NONE', *, *, #2247, .T. ) ;
#3301 = PLANE ( 'NONE',  #1626 ) ;
#3302 = PLANE ( 'NONE',  #2494 ) ;
#3303 = ORIENTED_EDGE ( 'NONE', *, *, #3278, .T. ) ;
#3304 = CARTESIAN_POINT ( 'NONE',  ( -6.349999999999996980, 8.509000000000000341, 1.270000000000001128 ) ) ;
#3305 = DIRECTION ( 'NONE',  ( 1.000000000000000000, 0.000000000000000000, 0.000000000000000000 ) ) ;
#3306 = ADVANCED_FACE ( 'NONE', ( #2290 ), #5975, .F. ) ;
#3307 = VECTOR ( 'NONE', #4680, 1000.000000000000000 ) ;
#3308 = CARTESIAN_POINT ( 'NONE',  ( -7.238999999999996326, 8.064500000000000668, 0.3809999999999946207 ) ) ;
#3309 = EDGE_CURVE ( 'NONE', #6722, #3106, #4370, .T. ) ;
#3310 = CARTESIAN_POINT ( 'NONE',  ( 7.239000000000006096, 8.064500000000000668, -0.3810000000000040021 ) ) ;
#3311 = VERTEX_POINT ( 'NONE', #6533 ) ;
#3312 = VECTOR ( 'NONE', #4206, 1000.000000000000000 ) ;
#3313 = CARTESIAN_POINT ( 'NONE',  ( 11.43000000000000504, -1.925929944387235853E-31, 0.8889999999999991243 ) ) ;
#3314 = AXIS2_PLACEMENT_3D ( 'NONE', #1981, #6747, #4681 ) ;
#3315 = PLANE ( 'NONE',  #6636 ) ;
#3316 = VECTOR ( 'NONE', #3393, 1000.000000000000000 ) ;
#3317 = DIRECTION ( 'NONE',  ( -1.000000000000000000, -0.000000000000000000, -0.000000000000000000 ) ) ;
#3318 = LINE ( 'NONE', #138, #3193 ) ;
#3319 = CARTESIAN_POINT ( 'NONE',  ( 4.699000000000005173, 7.239000000000000767, 0.3809999999999946207 ) ) ;
#3320 = ORIENTED_EDGE ( 'NONE', *, *, #307, .F. ) ;
#3321 = CARTESIAN_POINT ( 'NONE',  ( 12.31900000000000617, 8.064500000000000668, 0.3809999999999947873 ) ) ;
#3322 = ORIENTED_EDGE ( 'NONE', *, *, #5745, .T. ) ;
#3323 = CARTESIAN_POINT ( 'NONE',  ( -8.889999999999997016, 0.5080000000000000071, 0.7528818102449925664 ) ) ;
#3324 = ORIENTED_EDGE ( 'NONE', *, *, #5424, .T. ) ;
#3325 = PLANE ( 'NONE',  #74 ) ;
#3326 =( LENGTH_UNIT ( ) NAMED_UNIT ( * ) SI_UNIT ( .MILLI., .METRE. ) );
#3327 = ORIENTED_EDGE ( 'NONE', *, *, #4577, .T. ) ;
#3328 = DIRECTION ( 'NONE',  ( -1.000000000000000000, 0.000000000000000000, -0.000000000000000000 ) ) ;
#3329 = ORIENTED_EDGE ( 'NONE', *, *, #4120, .T. ) ;
#3330 = EDGE_CURVE ( 'NONE', #3112, #3658, #5560, .T. ) ;
#3331 = DIRECTION ( 'NONE',  ( 1.000000000000000000, 0.000000000000000000, 0.000000000000000000 ) ) ;
#3332 = ORIENTED_EDGE ( 'NONE', *, *, #3510, .F. ) ;
#3333 = LINE ( 'NONE', #4908, #4186 ) ;
#3334 = CARTESIAN_POINT ( 'NONE',  ( 8.001000000000004775, 8.064500000000000668, 0.3809999999999946207 ) ) ;
#3335 = ORIENTED_EDGE ( 'NONE', *, *, #4764, .T. ) ;
#3336 = CARTESIAN_POINT ( 'NONE',  ( 11.43000000000000504, 0.5080000000000000071, 0.7528818102449925664 ) ) ;
#3337 = LINE ( 'NONE', #6590, #5272 ) ;
#3338 = DIRECTION ( 'NONE',  ( 0.5773502691896252870, -0.5773502691896252870, -0.5773502691896267303 ) ) ;
#3339 = ORIENTED_EDGE ( 'NONE', *, *, #5755, .T. ) ;
#3340 = PLANE ( 'NONE',  #6446 ) ;
#3341 = CARTESIAN_POINT ( 'NONE',  ( -14.22399999999999842, 3.110602869834277161E-16, -1.270000000000001128 ) ) ;
#3342 = VECTOR ( 'NONE', #3925, 1000.000000000000000 ) ;
#3343 = CARTESIAN_POINT ( 'NONE',  ( 8.890000000000004121, -1.925929944387235853E-31, 0.8889999999999991243 ) ) ;
#3344 = DIRECTION ( 'NONE',  ( 0.000000000000000000, -1.000000000000000000, -2.548365665731588345E-16 ) ) ;
#3345 = EDGE_CURVE ( 'NONE', #1684, #5465, #241, .T. ) ;
#3346 = CARTESIAN_POINT ( 'NONE',  ( -13.08099999999999596, 7.239000000000000767, 0.3809999999999946207 ) ) ;
#3347 = FACE_OUTER_BOUND ( 'NONE', #4241, .T. ) ;
#3348 = EDGE_LOOP ( 'NONE', ( #2199, #2539, #2089, #330 ) ) ;
#3349 = DIRECTION ( 'NONE',  ( -0.3420201433256659929, 0.9396926207859094271, 1.098928681830094149E-16 ) ) ;
#3350 = VERTEX_POINT ( 'NONE', #670 ) ;
#3351 = CARTESIAN_POINT ( 'NONE',  ( 10.54100000000000570, 7.239000000000000767, 0.3809999999999946207 ) ) ;
#3352 = UNCERTAINTY_MEASURE_WITH_UNIT (LENGTH_MEASURE( 1.000000000000000082E-05 ), #4609, 'distance_accuracy_value', 'NONE');
#3353 = ORIENTED_EDGE ( 'NONE', *, *, #2753, .T. ) ;
#3354 = EDGE_CURVE ( 'NONE', #6681, #5605, #2251, .T. ) ;
#3355 = CARTESIAN_POINT ( 'NONE',  ( 2.159000000000004693, 8.064500000000000668, 0.3809999999999946207 ) ) ;
#3356 = CARTESIAN_POINT ( 'NONE',  ( -8.445499999999995566, 8.509000000000000341, -1.270000000000001128 ) ) ;
#3357 = ORIENTED_EDGE ( 'NONE', *, *, #534, .F. ) ;
#3358 = FACE_OUTER_BOUND ( 'NONE', #2953, .T. ) ;
#3359 = ORIENTED_EDGE ( 'NONE', *, *, #4304, .T. ) ;
#3360 = CARTESIAN_POINT ( 'NONE',  ( -7.238999999999996326, 8.064500000000000668, -0.3810000000000040021 ) ) ;
#3361 = ORIENTED_EDGE ( 'NONE', *, *, #6833, .F. ) ;
#3362 = LINE ( 'NONE', #614, #5538 ) ;
#3363 = DIRECTION ( 'NONE',  ( 0.000000000000000000, 1.440069553722777130E-16, -1.000000000000000000 ) ) ;
#3364 = ORIENTED_EDGE ( 'NONE', *, *, #5452, .F. ) ;
#3365 = CLOSED_SHELL ( 'NONE', ( #4429, #6153, #4121, #3608, #3736, #573, #3371, #6124, #1431, #3599, #3385, #1632, #3446, #3471, #3075, #6212, #2335, #6653, #1433 ) ) ;
#3366 = ORIENTED_EDGE ( 'NONE', *, *, #4916, .T. ) ;
#3367 = DIRECTION ( 'NONE',  ( 0.000000000000000000, 1.000000000000000000, 1.733406087350420004E-16 ) ) ;
#3368 = VECTOR ( 'NONE', #4260, 1000.000000000000000 ) ;
#3369 = CARTESIAN_POINT ( 'NONE',  ( -14.22399999999999842, 0.000000000000000000, 1.269999999999998908 ) ) ;
#3370 = CARTESIAN_POINT ( 'NONE',  ( -10.54099999999999504, 7.239000000000000767, 0.3809999999999946207 ) ) ;
#3371 = ADVANCED_FACE ( 'NONE', ( #3347 ), #6039, .F. ) ;
#3372 = ORIENTED_EDGE ( 'NONE', *, *, #1384, .F. ) ;
#3373 = CARTESIAN_POINT ( 'NONE',  ( -5.460999999999994969, 8.064500000000000668, 0.3809999999999947873 ) ) ;
#3374 = CARTESIAN_POINT ( 'NONE',  ( 13.96999999999999886, 8.509000000000000341, 1.270000000000001128 ) ) ;
#3375 = VECTOR ( 'NONE', #5793, 1000.000000000000000 ) ;
#3376 = VECTOR ( 'NONE', #1759, 1000.000000000000114 ) ;
#3377 = LINE ( 'NONE', #1286, #604 ) ;
#3378 = LINE ( 'NONE', #416, #2635 ) ;
#3379 = DIRECTION ( 'NONE',  ( -0.000000000000000000, 0.2588190451025140781, 0.9659258262890700886 ) ) ;
#3380 = VERTEX_POINT ( 'NONE', #1805 ) ;
#3381 = VECTOR ( 'NONE', #929, 1000.000000000000000 ) ;
#3382 = CARTESIAN_POINT ( 'NONE',  ( -8.889999999999997016, -1.925929944387235853E-31, 0.8889999999999991243 ) ) ;
#3383 = ORIENTED_EDGE ( 'NONE', *, *, #6728, .F. ) ;
#3384 = VECTOR ( 'NONE', #3506, 1000.000000000000000 ) ;
#3385 = ADVANCED_FACE ( 'NONE', ( #3420 ), #700, .F. ) ;
#3386 = DIRECTION ( 'NONE',  ( 0.000000000000000000, 2.449293598294710852E-16, -1.000000000000000000 ) ) ;
#3387 = EDGE_CURVE ( 'NONE', #2802, #2296, #3798, .T. ) ;
#3388 = ORIENTED_EDGE ( 'NONE', *, *, #797, .T. ) ;
#3389 = CARTESIAN_POINT ( 'NONE',  ( 0.3810000000000000053, 0.5079999999999998961, -0.2031999999999997419 ) ) ;
#3390 = AXIS2_PLACEMENT_3D ( 'NONE', #1629, #4245, #1066 ) ;
#3391 = SURFACE_STYLE_USAGE ( .BOTH. , #6612 ) ;
#3392 = EDGE_LOOP ( 'NONE', ( #3525, #3177, #6118, #3327 ) ) ;
#3393 = DIRECTION ( 'NONE',  ( 0.000000000000000000, -5.054934237236841843E-31, -1.000000000000000000 ) ) ;
#3394 = ORIENTED_EDGE ( 'NONE', *, *, #6633, .T. ) ;
#3395 = EDGE_CURVE ( 'NONE', #3035, #6587, #2792, .T. ) ;
#3396 = ADVANCED_FACE ( 'NONE', ( #740 ), #1774, .F. ) ;
#3397 = CARTESIAN_POINT ( 'NONE',  ( -10.54099999999999504, 7.239000000000000767, -0.3810000000000041687 ) ) ;
#3398 = ORIENTED_EDGE ( 'NONE', *, *, #977, .F. ) ;
#3399 = VECTOR ( 'NONE', #1797, 999.9999999999998863 ) ;
#3400 = DIRECTION ( 'NONE',  ( -1.000000000000000000, -0.000000000000000000, -0.000000000000000000 ) ) ;
#3401 = FACE_OUTER_BOUND ( 'NONE', #1756, .T. ) ;
#3402 = VERTEX_POINT ( 'NONE', #108 ) ;
#3403 = COLOUR_RGB ( '',0.2509803921568627416, 0.2509803921568627416, 0.2509803921568627416 ) ;
#3404 = ORIENTED_EDGE ( 'NONE', *, *, #6130, .F. ) ;
#3405 = DIRECTION ( 'NONE',  ( -0.000000000000000000, 0.000000000000000000, -1.000000000000000000 ) ) ;
#3406 = VECTOR ( 'NONE', #2203, 1000.000000000000000 ) ;
#3407 = CARTESIAN_POINT ( 'NONE',  ( 0.8255000000000050075, 8.509000000000000341, -0.8255000000000052296 ) ) ;
#3408 = DIRECTION ( 'NONE',  ( 0.000000000000000000, 5.054934237236841843E-31, 1.000000000000000000 ) ) ;
#3409 = ORIENTED_EDGE ( 'NONE', *, *, #663, .F. ) ;
#3410 = DIRECTION ( 'NONE',  ( 1.000000000000000000, 0.000000000000000000, -0.000000000000000000 ) ) ;
#3411 = CARTESIAN_POINT ( 'NONE',  ( 4.699000000000005173, 8.064500000000000668, 0.3809999999999946207 ) ) ;
#3412 = VECTOR ( 'NONE', #538, 1000.000000000000000 ) ;
#3413 = PRESENTATION_LAYER_ASSIGNMENT (  '', '', ( #1954 ) ) ;
#3414 = EDGE_CURVE ( 'NONE', #3082, #1819, #773, .T. ) ;
#3415 = CARTESIAN_POINT ( 'NONE',  ( -0.1961031209927691366, -3.200400000000000134, -0.2032000000000001583 ) ) ;
#3416 = VECTOR ( 'NONE', #6841, 1000.000000000000000 ) ;
#3417 = VECTOR ( 'NONE', #1435, 1000.000000000000000 ) ;
#3418 = CARTESIAN_POINT ( 'NONE',  ( -1.269999999999996909, 8.509000000000000341, -0.8255000000000052296 ) ) ;
#3419 = CARTESIAN_POINT ( 'NONE',  ( 0.3810000000000046128, 8.064500000000000668, 0.3809999999999947873 ) ) ;
#3420 = FACE_OUTER_BOUND ( 'NONE', #1614, .T. ) ;
#3421 = ORIENTED_EDGE ( 'NONE', *, *, #2674, .T. ) ;
#3422 = CARTESIAN_POINT ( 'NONE',  ( -1.269999999999996909, 3.110602869834277161E-16, -1.270000000000001128 ) ) ;
#3423 = VERTEX_POINT ( 'NONE', #5525 ) ;
#3424 = APPLICATION_PROTOCOL_DEFINITION ( 'draft international standard', 'automotive_design', 1998, #4723 ) ;
#3425 = VECTOR ( 'NONE', #1833, 1000.000000000000000 ) ;
#3426 = CARTESIAN_POINT ( 'NONE',  ( -1.269999999999996909, 2.177422008883992879E-16, -0.8890000000000013447 ) ) ;
#3427 = VECTOR ( 'NONE', #4382, 1000.000000000000000 ) ;
#3428 = EDGE_LOOP ( 'NONE', ( #5042, #2809, #872, #3625 ) ) ;
#3429 = LINE ( 'NONE', #2403, #1739 ) ;
#3430 = ORIENTED_EDGE ( 'NONE', *, *, #6581, .T. ) ;
#3431 = EDGE_CURVE ( 'NONE', #6825, #6870, #2757, .T. ) ;
#3432 = DIRECTION ( 'NONE',  ( 0.000000000000000000, 0.000000000000000000, 1.000000000000000000 ) ) ;
#3433 = VERTEX_POINT ( 'NONE', #3938 ) ;
#3434 = DIRECTION ( 'NONE',  ( -0.000000000000000000, 0.000000000000000000, -1.000000000000000000 ) ) ;
#3435 = ORIENTED_EDGE ( 'NONE', *, *, #913, .T. ) ;
#3436 = CARTESIAN_POINT ( 'NONE',  ( 6.350000000000003197, -1.925929944387235853E-31, 0.8889999999999991243 ) ) ;
#3437 = LINE ( 'NONE', #2416, #1624 ) ;
#3438 = VERTEX_POINT ( 'NONE', #6501 ) ;
#3439 = ORIENTED_EDGE ( 'NONE', *, *, #4890, .F. ) ;
#3440 = FACE_OUTER_BOUND ( 'NONE', #682, .T. ) ;
#3441 = DIRECTION ( 'NONE',  ( 0.000000000000000000, 1.000000000000000000, 2.548365665731588345E-16 ) ) ;
#3442 = DIRECTION ( 'NONE',  ( -0.000000000000000000, -0.7071067811865482389, -0.7071067811865467956 ) ) ;
#3443 = EDGE_LOOP ( 'NONE', ( #499, #2710, #112, #785 ) ) ;
#3444 = DIRECTION ( 'NONE',  ( 0.000000000000000000, 0.000000000000000000, 1.000000000000000000 ) ) ;
#3445 = DIRECTION ( 'NONE',  ( 0.000000000000000000, -2.449293598294710852E-16, 1.000000000000000000 ) ) ;
#3446 = ADVANCED_FACE ( 'NONE', ( #3835 ), #1186, .F. ) ;
#3447 = DIRECTION ( 'NONE',  ( 0.000000000000000000, 1.440069553722777130E-16, -1.000000000000000000 ) ) ;
#3448 = DIRECTION ( 'NONE',  ( -0.5773502691896252870, -0.5773502691896252870, -0.5773502691896267303 ) ) ;
#3449 = CARTESIAN_POINT ( 'NONE',  ( 8.890000000000004121, 0.5080000000000002292, -0.7528818102449945648 ) ) ;
#3450 = CARTESIAN_POINT ( 'NONE',  ( 0.3810000000000000053, 0.5079999999999998961, -0.2031999999999997419 ) ) ;
#3451 = ORIENTED_EDGE ( 'NONE', *, *, #760, .T. ) ;
#3452 = CARTESIAN_POINT ( 'NONE',  ( -3.809999999999997389, 0.5080000000000000071, 0.7528818102449925664 ) ) ;
#3453 = LINE ( 'NONE', #1748, #6717 ) ;
#3454 = CARTESIAN_POINT ( 'NONE',  ( 0.000000000000000000, 0.000000000000000000, 0.000000000000000000 ) ) ;
#3455 = VECTOR ( 'NONE', #3542, 1000.000000000000000 ) ;
#3456 = SURFACE_STYLE_FILL_AREA ( #5133 ) ;
#3457 = AXIS2_PLACEMENT_3D ( 'NONE', #1828, #3963, #5049 ) ;
#3458 = DIRECTION ( 'NONE',  ( -1.000000000000000000, -0.000000000000000000, -0.000000000000000000 ) ) ;
#3459 = PLANE ( 'NONE',  #3746 ) ;
#3460 = EDGE_CURVE ( 'NONE', #1664, #395, #2322, .T. ) ;
#3461 = ORIENTED_EDGE ( 'NONE', *, *, #4002, .T. ) ;
#3462 = CARTESIAN_POINT ( 'NONE',  ( 13.97000000000000419, 0.000000000000000000, 1.269999999999998908 ) ) ;
#3463 = ORIENTED_EDGE ( 'NONE', *, *, #4247, .F. ) ;
#3464 = LINE ( 'NONE', #6158, #4722 ) ;
#3465 = ORIENTED_EDGE ( 'NONE', *, *, #5944, .F. ) ;
#3466 = LINE ( 'NONE', #822, #957 ) ;
#3467 = DIRECTION ( 'NONE',  ( 0.000000000000000000, 0.000000000000000000, -1.000000000000000000 ) ) ;
#3468 = ORIENTED_EDGE ( 'NONE', *, *, #3689, .F. ) ;
#3469 = VERTEX_POINT ( 'NONE', #6675 ) ;
#3470 = CARTESIAN_POINT ( 'NONE',  ( -3.809999999999997389, 0.5080000000000002292, -0.7528818102449945648 ) ) ;
#3471 = ADVANCED_FACE ( 'NONE', ( #3516 ), #2642, .F. ) ;
#3472 = PLANE ( 'NONE',  #6836 ) ;
#3473 = CARTESIAN_POINT ( 'NONE',  ( -5.905499999999995531, 8.509000000000000341, -0.8255000000000052296 ) ) ;
#3474 = VECTOR ( 'NONE', #2624, 1000.000000000000000 ) ;
#3475 = LINE ( 'NONE', #1347, #4287 ) ;
#3476 = ORIENTED_EDGE ( 'NONE', *, *, #6623, .T. ) ;
#3477 = DIRECTION ( 'NONE',  ( 0.000000000000000000, 0.000000000000000000, 1.000000000000000000 ) ) ;
#3478 = DIRECTION ( 'NONE',  ( -1.000000000000000000, 0.000000000000000000, 0.000000000000000000 ) ) ;
#3479 = EDGE_CURVE ( 'NONE', #1050, #1684, #513, .T. ) ;
#3480 = LINE ( 'NONE', #5558, #1926 ) ;
#3481 = DIRECTION ( 'NONE',  ( 0.000000000000000000, -0.000000000000000000, -1.000000000000000000 ) ) ;
#3482 = VECTOR ( 'NONE', #5252, 1000.000000000000000 ) ;
#3483 = DIRECTION ( 'NONE',  ( 0.000000000000000000, 1.440069553722777130E-16, -1.000000000000000000 ) ) ;
#3484 = ORIENTED_EDGE ( 'NONE', *, *, #2724, .T. ) ;
#3485 = DIRECTION ( 'NONE',  ( 0.000000000000000000, -1.000000000000000000, -2.548365665731588345E-16 ) ) ;
#3486 = SHAPE_DEFINITION_REPRESENTATION ( #2284, #770 ) ;
#3487 = AXIS2_PLACEMENT_3D ( 'NONE', #1801, #2896, #5098 ) ;
#3488 = DIRECTION ( 'NONE',  ( 0.000000000000000000, -2.449293598294710852E-16, 1.000000000000000000 ) ) ;
#3489 = DIRECTION ( 'NONE',  ( 0.000000000000000000, -1.000000000000000000, 0.000000000000000000 ) ) ;
#3490 = CARTESIAN_POINT ( 'NONE',  ( -7.238999999999996326, 7.239000000000000767, -0.3810000000000041687 ) ) ;
#3491 = VERTEX_POINT ( 'NONE', #1878 ) ;
#3492 = DIRECTION ( 'NONE',  ( 1.000000000000000000, 0.000000000000000000, -0.000000000000000000 ) ) ;
#3493 = VECTOR ( 'NONE', #895, 1000.000000000000000 ) ;
#3494 = EDGE_LOOP ( 'NONE', ( #5846, #3439, #831, #4842 ) ) ;
#3495 = EDGE_CURVE ( 'NONE', #2379, #4243, #3979, .T. ) ;
#3496 = FACE_OUTER_BOUND ( 'NONE', #2762, .T. ) ;
#3497 = ORIENTED_EDGE ( 'NONE', *, *, #6034, .T. ) ;
#3498 = FACE_OUTER_BOUND ( 'NONE', #163, .T. ) ;
#3499 =( LENGTH_UNIT ( ) NAMED_UNIT ( * ) SI_UNIT ( .MILLI., .METRE. ) );
#3500 = ORIENTED_EDGE ( 'NONE', *, *, #4342, .F. ) ;
#3501 = ORIENTED_EDGE ( 'NONE', *, *, #4953, .F. ) ;
#3502 = CARTESIAN_POINT ( 'NONE',  ( 1.270000000000003793, 0.000000000000000000, 1.269999999999998908 ) ) ;
#3503 = VECTOR ( 'NONE', #2132, 1000.000000000000000 ) ;
#3504 = VECTOR ( 'NONE', #2651, 1000.000000000000000 ) ;
#3505 = LINE ( 'NONE', #2201, #370 ) ;
#3506 = DIRECTION ( 'NONE',  ( -0.000000000000000000, -0.000000000000000000, 1.000000000000000000 ) ) ;
#3507 = VERTEX_POINT ( 'NONE', #4045 ) ;
#3508 = FACE_OUTER_BOUND ( 'NONE', #6233, .T. ) ;
#3509 = DIRECTION ( 'NONE',  ( 0.000000000000000000, 0.000000000000000000, 1.000000000000000000 ) ) ;
#3510 = EDGE_CURVE ( 'NONE', #4383, #5492, #3126, .T. ) ;
#3511 = VECTOR ( 'NONE', #3090, 1000.000000000000000 ) ;
#3512 = CARTESIAN_POINT ( 'NONE',  ( -7.746999999999996334, 7.810500000000000220, -0.1270000000000037488 ) ) ;
#3513 = DIRECTION ( 'NONE',  ( 1.000000000000000000, -0.000000000000000000, -0.000000000000000000 ) ) ;
#3514 = AXIS2_PLACEMENT_3D ( 'NONE', #4755, #2507, #2010 ) ;
#3515 = CARTESIAN_POINT ( 'NONE',  ( 13.96999999999999886, 0.5080000000000000071, 0.7528818102449925664 ) ) ;
#3516 = FACE_OUTER_BOUND ( 'NONE', #5652, .T. ) ;
#3517 = ORIENTED_EDGE ( 'NONE', *, *, #782, .F. ) ;
#3518 = DIRECTION ( 'NONE',  ( -1.000000000000000000, -0.000000000000000000, -0.000000000000000000 ) ) ;
#3519 = EDGE_CURVE ( 'NONE', #4106, #6013, #6739, .T. ) ;
#3520 =( NAMED_UNIT ( * ) SI_UNIT ( $, .STERADIAN. ) SOLID_ANGLE_UNIT ( ) );
#3521 = VECTOR ( 'NONE', #5635, 1000.000000000000000 ) ;
#3522 = DIRECTION ( 'NONE',  ( -0.000000000000000000, 1.000000000000000000, 2.449293598294710852E-16 ) ) ;
#3523 = DIRECTION ( 'NONE',  ( -0.000000000000000000, 1.000000000000000000, 2.449293598294710852E-16 ) ) ;
#3524 = CARTESIAN_POINT ( 'NONE',  ( 3.810000000000002718, 0.5080000000000002292, -0.7528818102449945648 ) ) ;
#3525 = ORIENTED_EDGE ( 'NONE', *, *, #5302, .T. ) ;
#3526 = LINE ( 'NONE', #3991, #6670 ) ;
#3527 = VERTEX_POINT ( 'NONE', #6111 ) ;
#3528 = AXIS2_PLACEMENT_3D ( 'NONE', #3284, #4303, #3248 ) ;
#3529 = CARTESIAN_POINT ( 'NONE',  ( 9.779000000000007020, 7.239000000000000767, 0.3809999999999946207 ) ) ;
#3530 = ORIENTED_EDGE ( 'NONE', *, *, #544, .F. ) ;
#3531 = CARTESIAN_POINT ( 'NONE',  ( 7.239000000000006096, 7.239000000000000767, -0.3810000000000041687 ) ) ;
#3532 = FILL_AREA_STYLE_COLOUR ( '', #3403 ) ;
#3533 = ORIENTED_EDGE ( 'NONE', *, *, #1940, .F. ) ;
#3534 = ORIENTED_EDGE ( 'NONE', *, *, #2763, .T. ) ;
#3535 = EDGE_CURVE ( 'NONE', #6660, #2774, #279, .T. ) ;
#3536 = LINE ( 'NONE', #6826, #1345 ) ;
#3537 = CARTESIAN_POINT ( 'NONE',  ( -1.269999999999996909, -1.925929944387235853E-31, 0.8889999999999991243 ) ) ;
#3538 = VERTEX_POINT ( 'NONE', #3450 ) ;
#3539 = PLANE ( 'NONE',  #2945 ) ;
#3540 = ORIENTED_EDGE ( 'NONE', *, *, #284, .T. ) ;
#3541 = ADVANCED_FACE ( 'NONE', ( #4605 ), #5629, .F. ) ;
#3542 = DIRECTION ( 'NONE',  ( -1.000000000000000000, 0.000000000000000000, 0.000000000000000000 ) ) ;
#3543 = CARTESIAN_POINT ( 'NONE',  ( 5.905500000000004412, 8.509000000000000341, 0.8254999999999963478 ) ) ;
#3544 = DIRECTION ( 'NONE',  ( -0.5773502691896252870, -0.5773502691896252870, -0.5773502691896267303 ) ) ;
#3545 = ORIENTED_EDGE ( 'NONE', *, *, #6299, .T. ) ;
#3546 = DIRECTION ( 'NONE',  ( -1.000000000000000000, -0.000000000000000000, -0.000000000000000000 ) ) ;
#3547 = FACE_OUTER_BOUND ( 'NONE', #1348, .T. ) ;
#3548 = ORIENTED_EDGE ( 'NONE', *, *, #6242, .F. ) ;
#3549 = LINE ( 'NONE', #6359, #2844 ) ;
#3550 = EDGE_CURVE ( 'NONE', #3507, #1512, #5592, .T. ) ;
#3551 = EDGE_CURVE ( 'NONE', #5239, #4607, #805, .T. ) ;
#3552 = CARTESIAN_POINT ( 'NONE',  ( 6.350000000000003197, 0.5080000000000002292, -0.7528818102449945648 ) ) ;
#3553 = LINE ( 'NONE', #3582, #5423 ) ;
#3554 = CARTESIAN_POINT ( 'NONE',  ( 7.239000000000006096, 8.064500000000000668, 0.3809999999999946207 ) ) ;
#3555 = ORIENTED_EDGE ( 'NONE', *, *, #3823, .F. ) ;
#3556 = DIRECTION ( 'NONE',  ( 0.000000000000000000, -1.000000000000000000, 0.000000000000000000 ) ) ;
#3557 = ORIENTED_EDGE ( 'NONE', *, *, #2019, .T. ) ;
#3558 = CARTESIAN_POINT ( 'NONE',  ( 0.3810000000000000053, -2.692399999999995686, 0.000000000000000000 ) ) ;
#3559 = EDGE_CURVE ( 'NONE', #5082, #2839, #4082, .T. ) ;
#3560 = FACE_OUTER_BOUND ( 'NONE', #6763, .T. ) ;
#3561 = ORIENTED_EDGE ( 'NONE', *, *, #3495, .T. ) ;
#3562 = DIRECTION ( 'NONE',  ( 0.000000000000000000, -1.000000000000000000, 0.000000000000000000 ) ) ;
#3563 = ORIENTED_EDGE ( 'NONE', *, *, #5333, .F. ) ;
#3564 = EDGE_LOOP ( 'NONE', ( #1167, #192, #23, #5969 ) ) ;
#3565 = CARTESIAN_POINT ( 'NONE',  ( -6.794499999999995765, 8.509000000000000341, -1.270000000000001128 ) ) ;
#3566 = ORIENTED_EDGE ( 'NONE', *, *, #3162, .T. ) ;
#3567 = CARTESIAN_POINT ( 'NONE',  ( 8.890000000000004121, 0.5080000000000002292, -0.7528818102449945648 ) ) ;
#3568 = LINE ( 'NONE', #4071, #2605 ) ;
#3569 = VERTEX_POINT ( 'NONE', #871 ) ;
#3570 = CARTESIAN_POINT ( 'NONE',  ( 8.890000000000004121, 0.5080000000000002292, -0.7528818102449945648 ) ) ;
#3571 = VECTOR ( 'NONE', #1848, 1000.000000000000000 ) ;
#3572 = EDGE_CURVE ( 'NONE', #3402, #1456, #2998, .T. ) ;
#3573 = DIRECTION ( 'NONE',  ( -0.5773502691896253980, 0.5773502691896253980, -0.5773502691896266192 ) ) ;
#3574 = DIRECTION ( 'NONE',  ( 0.000000000000000000, 1.000000000000000000, 2.548365665731588345E-16 ) ) ;
#3575 = EDGE_LOOP ( 'NONE', ( #2092, #5025, #3951, #4895 ) ) ;
#3576 = ORIENTED_EDGE ( 'NONE', *, *, #3707, .F. ) ;
#3577 = CARTESIAN_POINT ( 'NONE',  ( 8.890000000000004121, 0.000000000000000000, 1.269999999999998908 ) ) ;
#3578 = COLOUR_RGB ( '',0.2509803921568627416, 0.2509803921568627416, 0.2509803921568627416 ) ;
#3579 = ITEM_DEFINED_TRANSFORMATION ( 'NONE', 'NONE', #1022,  #5362 ) ;
#3580 = DIRECTION ( 'NONE',  ( 0.000000000000000000, 0.2588190451025145222, -0.9659258262890699775 ) ) ;
#3581 = STYLED_ITEM ( 'NONE', ( #1741 ), #628 ) ;
#3582 = CARTESIAN_POINT ( 'NONE',  ( -11.42999999999999794, -1.925929944387235853E-31, 0.8889999999999991243 ) ) ;
#3583 = DIRECTION ( 'NONE',  ( -1.000000000000000000, -0.000000000000000000, -0.000000000000000000 ) ) ;
#3584 = VERTEX_POINT ( 'NONE', #2968 ) ;
#3585 = CARTESIAN_POINT ( 'NONE',  ( -0.3809999999999941767, 7.239000000000000767, 0.3809999999999946207 ) ) ;
#3586 = ORIENTED_EDGE ( 'NONE', *, *, #4910, .T. ) ;
#3587 = EDGE_CURVE ( 'NONE', #625, #920, #2462, .T. ) ;
#3588 = VECTOR ( 'NONE', #3573, 1000.000000000000000 ) ;
#3589 = FACE_OUTER_BOUND ( 'NONE', #4802, .T. ) ;
#3590 = ADVANCED_FACE ( 'NONE', ( #3547 ), #6871, .F. ) ;
#3591 = CARTESIAN_POINT ( 'NONE',  ( -11.42999999999999794, 0.5080000000000002292, -0.7528818102449945648 ) ) ;
#3592 = EDGE_LOOP ( 'NONE', ( #1985, #2943, #3009, #3101 ) ) ;
#3593 = CARTESIAN_POINT ( 'NONE',  ( 13.97000000000000419, 3.110602869834277161E-16, -1.270000000000001128 ) ) ;
#3594 = VECTOR ( 'NONE', #2984, 1000.000000000000000 ) ;
#3595 = SURFACE_STYLE_FILL_AREA ( #1410 ) ;
#3596 = ORIENTED_EDGE ( 'NONE', *, *, #1999, .F. ) ;
#3597 = ORIENTED_EDGE ( 'NONE', *, *, #1681, .T. ) ;
#3598 = DIRECTION ( 'NONE',  ( -1.000000000000000000, -0.000000000000000000, -0.000000000000000000 ) ) ;
#3599 = ADVANCED_FACE ( 'NONE', ( #1427 ), #997, .F. ) ;
#3600 = AXIS2_PLACEMENT_3D ( 'NONE', #6109, #835, #1249 ) ;
#3601 = LINE ( 'NONE', #924, #6725 ) ;
#3602 = ORIENTED_EDGE ( 'NONE', *, *, #875, .F. ) ;
#3603 = CARTESIAN_POINT ( 'NONE',  ( -12.31899999999999729, 7.239000000000000767, 0.3809999999999946207 ) ) ;
#3604 = LINE ( 'NONE', #5185, #610 ) ;
#3605 = EDGE_LOOP ( 'NONE', ( #5146, #2817, #2221, #3809 ) ) ;
#3606 = DIRECTION ( 'NONE',  ( 0.000000000000000000, -1.733406087350420004E-16, 1.000000000000000000 ) ) ;
#3607 = AXIS2_PLACEMENT_3D ( 'NONE', #5765, #3102, #523 ) ;
#3608 = ADVANCED_FACE ( 'NONE', ( #473 ), #2601, .F. ) ;
#3609 = DIRECTION ( 'NONE',  ( 0.000000000000000000, -1.440069553722777377E-16, 1.000000000000000000 ) ) ;
#3610 = CARTESIAN_POINT ( 'NONE',  ( -12.31899999999999729, 8.064500000000000668, 0.3809999999999946207 ) ) ;
#3611 = ORIENTED_EDGE ( 'NONE', *, *, #6395, .T. ) ;
#3612 = VECTOR ( 'NONE', #3022, 1000.000000000000000 ) ;
#3613 = DIRECTION ( 'NONE',  ( 0.000000000000000000, 0.000000000000000000, -1.000000000000000000 ) ) ;
#3614 = VERTEX_POINT ( 'NONE', #3161 ) ;
#3615 = PLANE ( 'NONE',  #3607 ) ;
#3616 = AXIS2_PLACEMENT_3D ( 'NONE', #1105, #63, #5963 ) ;
#3617 = VECTOR ( 'NONE', #3363, 1000.000000000000000 ) ;
#3618 = EDGE_CURVE ( 'NONE', #880, #3092, #3753, .T. ) ;
#3619 = PLANE ( 'NONE',  #1251 ) ;
#3620 = VECTOR ( 'NONE', #1010, 1000.000000000000000 ) ;
#3621 = CARTESIAN_POINT ( 'NONE',  ( 1.270000000000002016, -1.925929944387235853E-31, 0.8889999999999991243 ) ) ;
#3622 = CARTESIAN_POINT ( 'NONE',  ( -6.349999999999997868, 0.5080000000000000071, 0.7528818102449925664 ) ) ;
#3623 = EDGE_LOOP ( 'NONE', ( #5917, #554, #5175, #1582 ) ) ;
#3624 = DIRECTION ( 'NONE',  ( 0.000000000000000000, 0.9659258262890700886, -0.2588190451025140781 ) ) ;
#3625 = ORIENTED_EDGE ( 'NONE', *, *, #6395, .F. ) ;
#3626 = EDGE_CURVE ( 'NONE', #3294, #612, #2743, .T. ) ;
#3627 = VECTOR ( 'NONE', #3988, 1000.000000000000000 ) ;
#3628 =( GEOMETRIC_REPRESENTATION_CONTEXT ( 3 ) GLOBAL_UNCERTAINTY_ASSIGNED_CONTEXT ( ( #1121 ) ) GLOBAL_UNIT_ASSIGNED_CONTEXT ( ( #3326, #2331, #151 ) ) REPRESENTATION_CONTEXT ( 'NONE', 'WORKASPACE' ) );
#3629 = DIRECTION ( 'NONE',  ( 0.000000000000000000, 0.9659258262890700886, -0.2588190451025140781 ) ) ;
#3630 = EDGE_CURVE ( 'NONE', #6895, #6556, #5927, .T. ) ;
#3631 = CARTESIAN_POINT ( 'NONE',  ( -14.22399999999999842, 0.5080000000000000071, 0.7528818102449925664 ) ) ;
#3632 = VECTOR ( 'NONE', #3133, 1000.000000000000000 ) ;
#3633 = ORIENTED_EDGE ( 'NONE', *, *, #3836, .F. ) ;
#3634 = CARTESIAN_POINT ( 'NONE',  ( -14.22399999999999842, -1.925929944387235853E-31, 0.8889999999999991243 ) ) ;
#3635 = VECTOR ( 'NONE', #3874, 1000.000000000000000 ) ;
#3636 =( NAMED_UNIT ( * ) PLANE_ANGLE_UNIT ( ) SI_UNIT ( $, .RADIAN. ) );
#3637 = ORIENTED_EDGE ( 'NONE', *, *, #417, .F. ) ;
#3638 = PRESENTATION_STYLE_ASSIGNMENT (( #4803 ) ) ;
#3639 = ORIENTED_EDGE ( 'NONE', *, *, #3070, .T. ) ;
#3640 = ADVANCED_FACE ( 'NONE', ( #4285 ), #1631, .F. ) ;
#3641 = CARTESIAN_POINT ( 'NONE',  ( 1.270000000000002016, 8.509000000000000341, 1.270000000000001128 ) ) ;
#3642 = ORIENTED_EDGE ( 'NONE', *, *, #5164, .T. ) ;
#3643 = CARTESIAN_POINT ( 'NONE',  ( -4.698999999999996291, 7.239000000000000767, 0.3809999999999946207 ) ) ;
#3644 = LINE ( 'NONE', #5220, #6523 ) ;
#3645 = ORIENTED_EDGE ( 'NONE', *, *, #5669, .F. ) ;
#3646 = AXIS2_PLACEMENT_3D ( 'NONE', #5002, #1817, #2473 ) ;
#3647 = CARTESIAN_POINT ( 'NONE',  ( -1.269999999999996909, 3.110602869834277161E-16, -1.270000000000001128 ) ) ;
#3648 = FACE_OUTER_BOUND ( 'NONE', #6799, .T. ) ;
#3649 = CARTESIAN_POINT ( 'NONE',  ( 13.08100000000000662, 7.239000000000000767, -0.3810000000000041687 ) ) ;
#3650 = EDGE_LOOP ( 'NONE', ( #3183, #2224, #3207, #3053 ) ) ;
#3651 = FILL_AREA_STYLE_COLOUR ( '', #408 ) ;
#3652 = ORIENTED_EDGE ( 'NONE', *, *, #3766, .F. ) ;
#3653 = DIRECTION ( 'NONE',  ( 0.000000000000000000, 0.000000000000000000, 1.000000000000000000 ) ) ;
#3654 = CARTESIAN_POINT ( 'NONE',  ( 12.31900000000000617, 8.064500000000000668, 0.3809999999999946207 ) ) ;
#3655 = EDGE_CURVE ( 'NONE', #2031, #4757, #3714, .T. ) ;
#3656 = PLANE ( 'NONE',  #3514 ) ;
#3657 = DIRECTION ( 'NONE',  ( 1.000000000000000000, 0.000000000000000000, -0.000000000000000000 ) ) ;
#3658 = VERTEX_POINT ( 'NONE', #25 ) ;
#3659 = CARTESIAN_POINT ( 'NONE',  ( 13.08100000000000662, 7.239000000000000767, 0.3809999999999946207 ) ) ;
#3660 = ORIENTED_EDGE ( 'NONE', *, *, #6604, .T. ) ;
#3661 = DIRECTION ( 'NONE',  ( 0.3420201433256659929, 0.9396926207859094271, 2.197857363660188298E-16 ) ) ;
#3662 = ADVANCED_FACE ( 'NONE', ( #5896 ), #1138, .F. ) ;
#3663 = DIRECTION ( 'NONE',  ( 0.000000000000000000, -1.733406087350420004E-16, 1.000000000000000000 ) ) ;
#3664 = ORIENTED_EDGE ( 'NONE', *, *, #165, .T. ) ;
#3665 = CARTESIAN_POINT ( 'NONE',  ( -10.54099999999999504, 7.239000000000000767, 0.3809999999999946207 ) ) ;
#3666 =( NAMED_UNIT ( * ) SI_UNIT ( $, .STERADIAN. ) SOLID_ANGLE_UNIT ( ) );
#3667 = ORIENTED_EDGE ( 'NONE', *, *, #984, .T. ) ;
#3668 = VERTEX_POINT ( 'NONE', #2237 ) ;
#3669 = CARTESIAN_POINT ( 'NONE',  ( 0.000000000000000000, 0.000000000000000000, 0.000000000000000000 ) ) ;
#3670 = CARTESIAN_POINT ( 'NONE',  ( 1.270000000000003793, 0.5080000000000002292, -0.7528818102449945648 ) ) ;
#3671 = ORIENTED_EDGE ( 'NONE', *, *, #5338, .T. ) ;
#3672 = LINE ( 'NONE', #1028, #2851 ) ;
#3673 = EDGE_CURVE ( 'NONE', #5322, #1819, #1173, .T. ) ;
#3674 = DIRECTION ( 'NONE',  ( 0.000000000000000000, 0.000000000000000000, 1.000000000000000000 ) ) ;
#3675 = VERTEX_POINT ( 'NONE', #4880 ) ;
#3676 = CARTESIAN_POINT ( 'NONE',  ( -0.3809999999999941767, 7.239000000000000767, 0.3809999999999946207 ) ) ;
#3677 = CARTESIAN_POINT ( 'NONE',  ( -14.22399999999999842, 0.5080000000000002292, -0.7528818102449945648 ) ) ;
#3678 = ADVANCED_FACE ( 'NONE', ( #6383 ), #5860, .F. ) ;
#3679 = EDGE_CURVE ( 'NONE', #1623, #6862, #2705, .T. ) ;
#3680 =( GEOMETRIC_REPRESENTATION_CONTEXT ( 3 ) GLOBAL_UNCERTAINTY_ASSIGNED_CONTEXT ( ( #6645 ) ) GLOBAL_UNIT_ASSIGNED_CONTEXT ( ( #2732, #4352, #4209 ) ) REPRESENTATION_CONTEXT ( 'NONE', 'WORKASPACE' ) );
#3681 = CARTESIAN_POINT ( 'NONE',  ( 11.43000000000000504, -1.925929944387235853E-31, 0.8889999999999991243 ) ) ;
#3682 = ADVANCED_FACE ( 'NONE', ( #6460 ), #4912, .F. ) ;
#3683 = CARTESIAN_POINT ( 'NONE',  ( 8.001000000000004775, 8.064500000000000668, 0.3809999999999947873 ) ) ;
#3684 = EDGE_LOOP ( 'NONE', ( #1662, #6584, #6230, #152, #4346, #954, #3557, #2482 ) ) ;
#3685 = PLANE ( 'NONE',  #4434 ) ;
#3686 = ORIENTED_EDGE ( 'NONE', *, *, #1846, .F. ) ;
#3687 = CARTESIAN_POINT ( 'NONE',  ( -14.22399999999999842, 0.000000000000000000, 1.269999999999998908 ) ) ;
#3688 = EDGE_CURVE ( 'NONE', #6013, #5267, #4482, .T. ) ;
#3689 = EDGE_CURVE ( 'NONE', #3274, #5213, #4359, .T. ) ;
#3690 = LINE ( 'NONE', #2504, #3145 ) ;
#3691 = DIRECTION ( 'NONE',  ( -1.000000000000000000, 0.000000000000000000, 0.000000000000000000 ) ) ;
#3692 = VECTOR ( 'NONE', #5980, 1000.000000000000000 ) ;
#3693 = DIRECTION ( 'NONE',  ( 1.000000000000000000, 0.000000000000000000, 0.000000000000000000 ) ) ;
#3694 = ORIENTED_EDGE ( 'NONE', *, *, #406, .T. ) ;
#3695 = DIRECTION ( 'NONE',  ( 0.000000000000000000, -1.000000000000000000, -1.733406087350420004E-16 ) ) ;
#3696 = ORIENTED_EDGE ( 'NONE', *, *, #2634, .F. ) ;
#3697 = AXIS2_PLACEMENT_3D ( 'NONE', #4648, #3103, #4753 ) ;
#3698 = CARTESIAN_POINT ( 'NONE',  ( 0.3810000000000000053, 0.5079999999999998961, -0.2031999999999997419 ) ) ;
#3699 = CARTESIAN_POINT ( 'NONE',  ( -8.889999999999997016, 0.000000000000000000, 1.269999999999998908 ) ) ;
#3700 = ORIENTED_EDGE ( 'NONE', *, *, #5989, .F. ) ;
#3701 = DIRECTION ( 'NONE',  ( 0.000000000000000000, 1.000000000000000000, -5.054934237236841843E-31 ) ) ;
#3702 =( NAMED_UNIT ( * ) PLANE_ANGLE_UNIT ( ) SI_UNIT ( $, .RADIAN. ) );
#3703 = ORIENTED_EDGE ( 'NONE', *, *, #3070, .F. ) ;
#3704 = SURFACE_STYLE_FILL_AREA ( #15 ) ;
#3705 = VECTOR ( 'NONE', #6309, 1000.000000000000000 ) ;
#3706 = ORIENTED_EDGE ( 'NONE', *, *, #668, .T. ) ;
#3707 = EDGE_CURVE ( 'NONE', #5585, #5976, #5440, .T. ) ;
#3708 = AXIS2_PLACEMENT_3D ( 'NONE', #3781, #2637, #1131 ) ;
#3709 = CARTESIAN_POINT ( 'NONE',  ( -4.254499999999995730, 8.509000000000000341, -1.270000000000001128 ) ) ;
#3710 = VERTEX_POINT ( 'NONE', #2134 ) ;
#3711 = CARTESIAN_POINT ( 'NONE',  ( 10.54100000000000570, 7.239000000000000767, 0.3809999999999946207 ) ) ;
#3712 = CARTESIAN_POINT ( 'NONE',  ( 8.001000000000004775, 7.239000000000000767, 0.3809999999999946207 ) ) ;
#3713 = EDGE_LOOP ( 'NONE', ( #3253, #5162, #2309, #519 ) ) ;
#3714 = LINE ( 'NONE', #3787, #843 ) ;
#3715 = DIRECTION ( 'NONE',  ( 0.000000000000000000, 1.000000000000000000, 1.733406087350420004E-16 ) ) ;
#3716 = VECTOR ( 'NONE', #414, 1000.000000000000000 ) ;
#3717 = DIRECTION ( 'NONE',  ( -1.000000000000000000, 0.000000000000000000, -0.000000000000000000 ) ) ;
#3718 = DIRECTION ( 'NONE',  ( 0.000000000000000000, 1.000000000000000000, 0.000000000000000000 ) ) ;
#3719 = ORIENTED_EDGE ( 'NONE', *, *, #1859, .F. ) ;
#3720 = DIRECTION ( 'NONE',  ( 0.000000000000000000, 1.000000000000000000, 1.733406087350420004E-16 ) ) ;
#3721 = VERTEX_POINT ( 'NONE', #1069 ) ;
#3722 = CARTESIAN_POINT ( 'NONE',  ( 5.461000000000003851, 7.239000000000000767, 0.3809999999999946207 ) ) ;
#3723 = EDGE_CURVE ( 'NONE', #1271, #2537, #5336, .T. ) ;
#3724 = EDGE_CURVE ( 'NONE', #3423, #5426, #403, .T. ) ;
#3725 = FACE_OUTER_BOUND ( 'NONE', #5951, .T. ) ;
#3726 = LINE ( 'NONE', #1149, #3745 ) ;
#3727 = DIRECTION ( 'NONE',  ( 1.000000000000000000, 0.000000000000000000, -0.000000000000000000 ) ) ;
#3728 = EDGE_LOOP ( 'NONE', ( #4770, #2116, #6009, #4967 ) ) ;
#3729 = LINE ( 'NONE', #2153, #6559 ) ;
#3730 = ORIENTED_EDGE ( 'NONE', *, *, #505, .T. ) ;
#3731 =( REPRESENTATION_RELATIONSHIP ('NONE','NONE', #770, #5719 ) REPRESENTATION_RELATIONSHIP_WITH_TRANSFORMATION ( #4678 )SHAPE_REPRESENTATION_RELATIONSHIP( ) );
#3732 = VECTOR ( 'NONE', #960, 1000.000000000000000 ) ;
#3733 = CARTESIAN_POINT ( 'NONE',  ( -2.158999999999995811, 7.239000000000000767, -0.3810000000000041687 ) ) ;
#3734 = DIRECTION ( 'NONE',  ( 0.000000000000000000, 2.548365665731588345E-16, -1.000000000000000000 ) ) ;
#3735 = ORIENTED_EDGE ( 'NONE', *, *, #1394, .F. ) ;
#3736 = ADVANCED_FACE ( 'NONE', ( #5752 ), #5332, .F. ) ;
#3737 = DIRECTION ( 'NONE',  ( 1.000000000000000000, 0.000000000000000000, 0.000000000000000000 ) ) ;
#3738 = DIRECTION ( 'NONE',  ( 1.000000000000000000, -0.000000000000000000, -0.000000000000000000 ) ) ;
#3739 = ORIENTED_EDGE ( 'NONE', *, *, #3810, .F. ) ;
#3740 = LINE ( 'NONE', #3224, #1086 ) ;
#3741 = VECTOR ( 'NONE', #4660, 1000.000000000000000 ) ;
#3742 = VECTOR ( 'NONE', #5950, 1000.000000000000000 ) ;
#3743 = ORIENTED_EDGE ( 'NONE', *, *, #2073, .T. ) ;
#3744 = SURFACE_STYLE_FILL_AREA ( #4839 ) ;
#3745 = VECTOR ( 'NONE', #1676, 1000.000000000000000 ) ;
#3746 = AXIS2_PLACEMENT_3D ( 'NONE', #5602, #2767, #4901 ) ;
#3747 = CARTESIAN_POINT ( 'NONE',  ( 13.97000000000000419, 0.5080000000000002292, -0.7528818102449945648 ) ) ;
#3748 = VERTEX_POINT ( 'NONE', #1556 ) ;
#3749 = FACE_OUTER_BOUND ( 'NONE', #5593, .T. ) ;
#3750 = DIRECTION ( 'NONE',  ( 0.000000000000000000, -0.9659258262890699775, -0.2588190451025145222 ) ) ;
#3751 = EDGE_CURVE ( 'NONE', #4566, #6791, #5789, .T. ) ;
#3752 = ORIENTED_EDGE ( 'NONE', *, *, #1752, .F. ) ;
#3753 = LINE ( 'NONE', #1695, #1839 ) ;
#3754 = CARTESIAN_POINT ( 'NONE',  ( -2.920999999999994934, 7.239000000000000767, -0.3810000000000041687 ) ) ;
#3755 = VECTOR ( 'NONE', #5342, 1000.000000000000000 ) ;
#3756 = FACE_OUTER_BOUND ( 'NONE', #5708, .T. ) ;
#3757 = VECTOR ( 'NONE', #5314, 1000.000000000000000 ) ;
#3758 = PLANE ( 'NONE',  #933 ) ;
#3759 = ADVANCED_FACE ( 'NONE', ( #4808 ), #6349, .F. ) ;
#3760 = VERTEX_POINT ( 'NONE', #2597 ) ;
#3761 = DIRECTION ( 'NONE',  ( -1.000000000000000000, -0.000000000000000000, -0.000000000000000000 ) ) ;
#3762 = ORIENTED_EDGE ( 'NONE', *, *, #4205, .T. ) ;
#3763 = LINE ( 'NONE', #34, #6426 ) ;
#3764 = LINE ( 'NONE', #2248, #2583 ) ;
#3765 = DIRECTION ( 'NONE',  ( 0.000000000000000000, -0.000000000000000000, -1.000000000000000000 ) ) ;
#3766 = EDGE_CURVE ( 'NONE', #1203, #3223, #510, .T. ) ;
#3767 = CARTESIAN_POINT ( 'NONE',  ( -13.08099999999999596, 8.064500000000000668, 0.3809999999999946207 ) ) ;
#3768 = ORIENTED_EDGE ( 'NONE', *, *, #4788, .F. ) ;
#3769 = FACE_OUTER_BOUND ( 'NONE', #5892, .T. ) ;
#3770 = EDGE_LOOP ( 'NONE', ( #4644, #6773, #6239, #648 ) ) ;
#3771 = ADVANCED_FACE ( 'NONE', ( #3123 ), #2130, .F. ) ;
#3772 = PLANE ( 'NONE',  #4483 ) ;
#3773 = LINE ( 'NONE', #3219, #4840 ) ;
#3774 = ORIENTED_EDGE ( 'NONE', *, *, #6001, .F. ) ;
#3775 = LINE ( 'NONE', #3807, #3412 ) ;
#3776 = EDGE_CURVE ( 'NONE', #3099, #2325, #1448, .T. ) ;
#3777 = VERTEX_POINT ( 'NONE', #5219 ) ;
#3778 = CARTESIAN_POINT ( 'NONE',  ( 9.779000000000007020, 7.239000000000000767, -0.3810000000000041687 ) ) ;
#3779 = ORIENTED_EDGE ( 'NONE', *, *, #5786, .T. ) ;
#3780 = EDGE_CURVE ( 'NONE', #5386, #839, #4174, .T. ) ;
#3781 = CARTESIAN_POINT ( 'NONE',  ( -13.08099999999999596, 8.064500000000000668, 0.3809999999999946207 ) ) ;
#3782 = ORIENTED_EDGE ( 'NONE', *, *, #4361, .F. ) ;
#3783 = PLANE ( 'NONE',  #5083 ) ;
#3784 = EDGE_CURVE ( 'NONE', #3777, #4022, #5254, .T. ) ;
#3785 = DIRECTION ( 'NONE',  ( -0.000000000000000000, 1.000000000000000000, 1.733406087350420004E-16 ) ) ;
#3786 = VERTEX_POINT ( 'NONE', #439 ) ;
#3787 = CARTESIAN_POINT ( 'NONE',  ( -1.269999999999996909, -1.925929944387235853E-31, 0.8889999999999991243 ) ) ;
#3788 = CARTESIAN_POINT ( 'NONE',  ( -6.349999999999996980, 8.509000000000000341, 1.270000000000001128 ) ) ;
#3789 = FACE_OUTER_BOUND ( 'NONE', #1220, .T. ) ;
#3790 = VECTOR ( 'NONE', #1791, 1000.000000000000000 ) ;
#3791 = DIRECTION ( 'NONE',  ( -1.000000000000000000, 0.000000000000000000, 0.000000000000000000 ) ) ;
#3792 = VERTEX_POINT ( 'NONE', #3197 ) ;
#3793 = LINE ( 'NONE', #3722, #3504 ) ;
#3794 = EDGE_CURVE ( 'NONE', #1391, #1373, #6710, .T. ) ;
#3795 = PLANE ( 'NONE',  #4600 ) ;
#3796 = MECHANICAL_DESIGN_GEOMETRIC_PRESENTATION_REPRESENTATION (  '', ( #1460 ), #5030 ) ;
#3797 = CARTESIAN_POINT ( 'NONE',  ( -3.809999999999997389, 2.177422008883992879E-16, -0.8890000000000013447 ) ) ;
#3798 = LINE ( 'NONE', #5419, #1529 ) ;
#3799 = ORIENTED_EDGE ( 'NONE', *, *, #5737, .T. ) ;
#3800 = EDGE_CURVE ( 'NONE', #6852, #4893, #2066, .T. ) ;
#3801 = DIRECTION ( 'NONE',  ( 1.000000000000000000, 0.000000000000000000, 0.000000000000000000 ) ) ;
#3802 = ORIENTED_EDGE ( 'NONE', *, *, #1698, .T. ) ;
#3803 = CARTESIAN_POINT ( 'NONE',  ( -8.000999999999994117, 7.239000000000000767, -0.3810000000000041687 ) ) ;
#3804 = CARTESIAN_POINT ( 'NONE',  ( -8.889999999999997016, 8.509000000000000341, -1.270000000000001128 ) ) ;
#3805 = VECTOR ( 'NONE', #458, 1000.000000000000000 ) ;
#3806 = ORIENTED_EDGE ( 'NONE', *, *, #6316, .F. ) ;
#3807 = CARTESIAN_POINT ( 'NONE',  ( -14.22399999999999842, 8.509000000000000341, -1.270000000000001128 ) ) ;
#3808 = FACE_OUTER_BOUND ( 'NONE', #5910, .T. ) ;
#3809 = ORIENTED_EDGE ( 'NONE', *, *, #360, .T. ) ;
#3810 = EDGE_CURVE ( 'NONE', #1211, #1664, #3672, .T. ) ;
#3811 = DIRECTION ( 'NONE',  ( 0.000000000000000000, 1.000000000000000000, 1.733406087350420004E-16 ) ) ;
#3812 = EDGE_LOOP ( 'NONE', ( #4864, #1092, #3637, #195 ) ) ;
#3813 = DIRECTION ( 'NONE',  ( 1.000000000000000000, 0.000000000000000000, 0.000000000000000000 ) ) ;
#3814 = VECTOR ( 'NONE', #6597, 1000.000000000000000 ) ;
#3815 = EDGE_CURVE ( 'NONE', #5856, #6748, #926, .T. ) ;
#3816 = EDGE_CURVE ( 'NONE', #262, #296, #2639, .T. ) ;
#3817 = CARTESIAN_POINT ( 'NONE',  ( -11.42999999999999794, 3.110602869834277161E-16, -1.270000000000001128 ) ) ;
#3818 = ORIENTED_EDGE ( 'NONE', *, *, #474, .F. ) ;
#3819 = LINE ( 'NONE', #197, #2737 ) ;
#3820 = AXIS2_PLACEMENT_3D ( 'NONE', #1177, #5300, #29 ) ;
#3821 = CARTESIAN_POINT ( 'NONE',  ( 4.699000000000005173, 7.239000000000000767, 0.3809999999999946207 ) ) ;
#3822 = ORIENTED_EDGE ( 'NONE', *, *, #1670, .F. ) ;
#3823 = EDGE_CURVE ( 'NONE', #3792, #2531, #6272, .T. ) ;
#3824 = CARTESIAN_POINT ( 'NONE',  ( -3.809999999999997389, 8.509000000000000341, 0.8254999999999963478 ) ) ;
#3825 = CARTESIAN_POINT ( 'NONE',  ( -8.889999999999997016, 3.110602869834277161E-16, -1.270000000000001128 ) ) ;
#3826 = VECTOR ( 'NONE', #5004, 1000.000000000000000 ) ;
#3827 = FACE_OUTER_BOUND ( 'NONE', #4420, .T. ) ;
#3828 = DIRECTION ( 'NONE',  ( 1.000000000000000000, 0.000000000000000000, -0.000000000000000000 ) ) ;
#3829 = VERTEX_POINT ( 'NONE', #6380 ) ;
#3830 = PRESENTATION_STYLE_ASSIGNMENT (( #1110 ) ) ;
#3831 = AXIS2_PLACEMENT_3D ( 'NONE', #5720, #2497, #6772 ) ;
#3832 = DIRECTION ( 'NONE',  ( 0.000000000000000000, -0.9659258262890699775, -0.2588190451025145222 ) ) ;
#3833 = LINE ( 'NONE', #4920, #4149 ) ;
#3834 = CARTESIAN_POINT ( 'NONE',  ( 14.22399999999999842, 8.509000000000000341, -1.270000000000001128 ) ) ;
#3835 = FACE_OUTER_BOUND ( 'NONE', #5791, .T. ) ;
#3836 = EDGE_CURVE ( 'NONE', #3106, #1412, #1065, .T. ) ;
#3837 = EDGE_LOOP ( 'NONE', ( #4061, #2681, #3818, #6535 ) ) ;
#3838 = CARTESIAN_POINT ( 'NONE',  ( -1.269999999999996909, 8.509000000000000341, -1.270000000000001128 ) ) ;
#3839 = ORIENTED_EDGE ( 'NONE', *, *, #3297, .F. ) ;
#3840 = VECTOR ( 'NONE', #5725, 1000.000000000000000 ) ;
#3841 = CARTESIAN_POINT ( 'NONE',  ( -3.809999999999997389, 0.5080000000000000071, 0.7528818102449925664 ) ) ;
#3842 = UNCERTAINTY_MEASURE_WITH_UNIT (LENGTH_MEASURE( 1.000000000000000082E-05 ), #1129, 'distance_accuracy_value', 'NONE');
#3843 = ORIENTED_EDGE ( 'NONE', *, *, #5944, .T. ) ;
#3844 = FACE_OUTER_BOUND ( 'NONE', #2410, .T. ) ;
#3845 = CARTESIAN_POINT ( 'NONE',  ( -1.269999999999996909, 3.110602869834277161E-16, -1.270000000000001128 ) ) ;
#3846 = EDGE_CURVE ( 'NONE', #3829, #643, #4137, .T. ) ;
#3847 = ORIENTED_EDGE ( 'NONE', *, *, #2918, .T. ) ;
#3848 = CARTESIAN_POINT ( 'NONE',  ( -3.809999999999997389, 0.000000000000000000, 1.269999999999998908 ) ) ;
#3849 = VERTEX_POINT ( 'NONE', #5365 ) ;
#3850 = VECTOR ( 'NONE', #3200, 1000.000000000000000 ) ;
#3851 = DIRECTION ( 'NONE',  ( -0.5773502691896252870, -0.5773502691896252870, -0.5773502691896267303 ) ) ;
#3852 = VECTOR ( 'NONE', #5499, 1000.000000000000000 ) ;
#3853 = ORIENTED_EDGE ( 'NONE', *, *, #5057, .F. ) ;
#3854 = DIRECTION ( 'NONE',  ( 0.000000000000000000, -2.449293598294710852E-16, 1.000000000000000000 ) ) ;
#3855 = LINE ( 'NONE', #2846, #4408 ) ;
#3856 = ORIENTED_EDGE ( 'NONE', *, *, #4196, .T. ) ;
#3857 = EDGE_CURVE ( 'NONE', #2293, #3142, #1726, .T. ) ;
#3858 = PRODUCT_RELATED_PRODUCT_CATEGORY ( 'part', '', ( #3860 ) ) ;
#3859 = DIRECTION ( 'NONE',  ( 0.000000000000000000, 0.000000000000000000, 1.000000000000000000 ) ) ;
#3860 = PRODUCT ( 'PPPC021LFBN-RC_C11', 'PPPC021LFBN-RC_C11', '', ( #5632 ) ) ;
#3861 = MECHANICAL_DESIGN_GEOMETRIC_PRESENTATION_REPRESENTATION (  '', ( #4318 ), #5316 ) ;
#3862 = VECTOR ( 'NONE', #3913, 1000.000000000000000 ) ;
#3863 = ADVANCED_FACE ( 'NONE', ( #2270 ), #3301, .F. ) ;
#3864 = EDGE_CURVE ( 'NONE', #1547, #1391, #2702, .T. ) ;
#3865 = FACE_OUTER_BOUND ( 'NONE', #2527, .T. ) ;
#3866 = CARTESIAN_POINT ( 'NONE',  ( 14.22399999999999842, 0.000000000000000000, 0.000000000000000000 ) ) ;
#3867 = ORIENTED_EDGE ( 'NONE', *, *, #5395, .F. ) ;
#3868 = VECTOR ( 'NONE', #89, 1000.000000000000000 ) ;
#3869 = DIRECTION ( 'NONE',  ( 0.000000000000000000, 1.000000000000000000, 2.548365665731588345E-16 ) ) ;
#3870 = CARTESIAN_POINT ( 'NONE',  ( -13.96999999999999886, 3.110602869834277161E-16, -1.270000000000001128 ) ) ;
#3871 = AXIS2_PLACEMENT_3D ( 'NONE', #5075, #5110, #4023 ) ;
#3872 = EDGE_CURVE ( 'NONE', #1789, #6112, #3362, .T. ) ;
#3873 = CARTESIAN_POINT ( 'NONE',  ( -2.158999999999995811, 7.239000000000000767, 0.3809999999999946207 ) ) ;
#3874 = DIRECTION ( 'NONE',  ( -1.000000000000000000, 0.000000000000000000, 0.000000000000000000 ) ) ;
#3875 = VERTEX_POINT ( 'NONE', #4322 ) ;
#3876 = CARTESIAN_POINT ( 'NONE',  ( 11.43000000000000504, 0.5080000000000002292, -0.7528818102449945648 ) ) ;
#3877 = ORIENTED_EDGE ( 'NONE', *, *, #1074, .T. ) ;
#3878 = EDGE_CURVE ( 'NONE', #1391, #2556, #3333, .T. ) ;
#3879 = CARTESIAN_POINT ( 'NONE',  ( 6.350000000000003197, 0.5080000000000000071, 0.7528818102449925664 ) ) ;
#3880 = EDGE_LOOP ( 'NONE', ( #6365, #3891, #743, #386 ) ) ;
#3881 = DIRECTION ( 'NONE',  ( 0.000000000000000000, 0.000000000000000000, 1.000000000000000000 ) ) ;
#3882 = FACE_OUTER_BOUND ( 'NONE', #4552, .T. ) ;
#3883 = ORIENTED_EDGE ( 'NONE', *, *, #443, .T. ) ;
#3884 = DIRECTION ( 'NONE',  ( -1.000000000000000000, -0.000000000000000000, -0.000000000000000000 ) ) ;
#3885 = EDGE_LOOP ( 'NONE', ( #6730, #6440, #1515, #2077 ) ) ;
#3886 = EDGE_CURVE ( 'NONE', #6610, #970, #5994, .T. ) ;
#3887 = CARTESIAN_POINT ( 'NONE',  ( 6.350000000000003197, 0.000000000000000000, 0.000000000000000000 ) ) ;
#3888 = ORIENTED_EDGE ( 'NONE', *, *, #6437, .T. ) ;
#3889 = LINE ( 'NONE', #5960, #2167 ) ;
#3890 = DIRECTION ( 'NONE',  ( 0.7071067811865475727, -0.7071067811865475727, 0.000000000000000000 ) ) ;
#3891 = ORIENTED_EDGE ( 'NONE', *, *, #6370, .T. ) ;
#3892 = VERTEX_POINT ( 'NONE', #6457 ) ;
#3893 = DIRECTION ( 'NONE',  ( 0.000000000000000000, 1.733406087350420004E-16, -1.000000000000000000 ) ) ;
#3894 = DIRECTION ( 'NONE',  ( 0.000000000000000000, 0.000000000000000000, -1.000000000000000000 ) ) ;
#3895 = PLANE ( 'NONE',  #3279 ) ;
#3896 = ORIENTED_EDGE ( 'NONE', *, *, #1089, .F. ) ;
#3897 = DIRECTION ( 'NONE',  ( 1.000000000000000000, 0.000000000000000000, 0.000000000000000000 ) ) ;
#3898 = CARTESIAN_POINT ( 'NONE',  ( -6.349999999999997868, 8.509000000000000341, 1.270000000000001128 ) ) ;
#3899 = ADVANCED_FACE ( 'NONE', ( #1204 ), #3783, .T. ) ;
#3900 = EDGE_CURVE ( 'NONE', #4481, #4810, #3819, .T. ) ;
#3901 = PLANE ( 'NONE',  #3264 ) ;
#3902 = PLANE ( 'NONE',  #1155 ) ;
#3903 = DIRECTION ( 'NONE',  ( -0.7071067811865475727, -0.7071067811865475727, 0.000000000000000000 ) ) ;
#3904 = CARTESIAN_POINT ( 'NONE',  ( -3.809999999999997389, -1.925929944387235853E-31, 0.8889999999999991243 ) ) ;
#3905 = ORIENTED_EDGE ( 'NONE', *, *, #3297, .T. ) ;
#3906 = PLANE ( 'NONE',  #5328 ) ;
#3907 = EDGE_CURVE ( 'NONE', #3073, #815, #6485, .T. ) ;
#3908 = EDGE_CURVE ( 'NONE', #1412, #6248, #3263, .T. ) ;
#3909 = ORIENTED_EDGE ( 'NONE', *, *, #6326, .T. ) ;
#3910 = CARTESIAN_POINT ( 'NONE',  ( 4.699000000000005173, 8.064500000000000668, 0.3809999999999947873 ) ) ;
#3911 = ORIENTED_EDGE ( 'NONE', *, *, #488, .T. ) ;
#3912 = FACE_OUTER_BOUND ( 'NONE', #388, .T. ) ;
#3913 = DIRECTION ( 'NONE',  ( 0.000000000000000000, 0.000000000000000000, 1.000000000000000000 ) ) ;
#3914 = EDGE_LOOP ( 'NONE', ( #3923, #5579, #6508, #6054, #6048, #6267, #155, #3998 ) ) ;
#3915 = DIRECTION ( 'NONE',  ( -0.000000000000000000, -0.7071067811865482389, -0.7071067811865467956 ) ) ;
#3916 = EDGE_LOOP ( 'NONE', ( #16, #1952, #6074, #3461 ) ) ;
#3917 = CARTESIAN_POINT ( 'NONE',  ( 12.31900000000000617, 8.064500000000000668, -0.3810000000000040021 ) ) ;
#3918 = VERTEX_POINT ( 'NONE', #6420 ) ;
#3919 = CARTESIAN_POINT ( 'NONE',  ( 6.350000000000003197, 0.5080000000000000071, 0.7528818102449925664 ) ) ;
#3920 = PLANE ( 'NONE',  #6424 ) ;
#3921 = VERTEX_POINT ( 'NONE', #1628 ) ;
#3922 = VECTOR ( 'NONE', #3661, 1000.000000000000114 ) ;
#3923 = ORIENTED_EDGE ( 'NONE', *, *, #5567, .T. ) ;
#3924 = EDGE_CURVE ( 'NONE', #6205, #4037, #3889, .T. ) ;
#3925 = DIRECTION ( 'NONE',  ( 0.000000000000000000, 1.000000000000000000, 0.000000000000000000 ) ) ;
#3926 = PRESENTATION_LAYER_ASSIGNMENT (  '', '', ( #3259 ) ) ;
#3927 = DIRECTION ( 'NONE',  ( 0.000000000000000000, 0.000000000000000000, -1.000000000000000000 ) ) ;
#3928 = ORIENTED_EDGE ( 'NONE', *, *, #5057, .T. ) ;
#3929 = PLANE ( 'NONE',  #717 ) ;
#3930 = ORIENTED_EDGE ( 'NONE', *, *, #2147, .F. ) ;
#3931 = CARTESIAN_POINT ( 'NONE',  ( 10.98550000000000537, 8.509000000000000341, -1.270000000000001128 ) ) ;
#3932 = CARTESIAN_POINT ( 'NONE',  ( -13.96999999999999886, 8.509000000000000341, -1.270000000000001128 ) ) ;
#3933 = AXIS2_PLACEMENT_3D ( 'NONE', #1562, #517, #2646 ) ;
#3934 = SURFACE_STYLE_FILL_AREA ( #5020 ) ;
#3935 = AXIS2_PLACEMENT_3D ( 'NONE', #1099, #1554, #507 ) ;
#3936 = FACE_OUTER_BOUND ( 'NONE', #3392, .T. ) ;
#3937 = PLANE ( 'NONE',  #1183 ) ;
#3938 = CARTESIAN_POINT ( 'NONE',  ( 5.461000000000003851, 8.064500000000000668, 0.3809999999999947873 ) ) ;
#3939 = ORIENTED_EDGE ( 'NONE', *, *, #3354, .T. ) ;
#3940 = LINE ( 'NONE', #1254, #2760 ) ;
#3941 = VERTEX_POINT ( 'NONE', #1692 ) ;
#3942 = CARTESIAN_POINT ( 'NONE',  ( 12.70000000000000639, 0.000000000000000000, 0.000000000000000000 ) ) ;
#3943 = VECTOR ( 'NONE', #6737, 1000.000000000000000 ) ;
#3944 = CARTESIAN_POINT ( 'NONE',  ( -6.349999999999997868, 2.177422008883992879E-16, -0.8890000000000013447 ) ) ;
#3945 = ORIENTED_EDGE ( 'NONE', *, *, #6550, .T. ) ;
#3946 = CARTESIAN_POINT ( 'NONE',  ( 8.001000000000004775, 7.239000000000000767, 0.3809999999999946207 ) ) ;
#3947 = CARTESIAN_POINT ( 'NONE',  ( -8.000999999999994117, 8.064500000000000668, -0.3810000000000040021 ) ) ;
#3948 = EDGE_LOOP ( 'NONE', ( #1087, #3992, #4694, #1402 ) ) ;
#3949 = DIRECTION ( 'NONE',  ( -0.000000000000000000, -0.000000000000000000, 1.000000000000000000 ) ) ;
#3950 = ADVANCED_FACE ( 'NONE', ( #3749 ), #2739, .F. ) ;
#3951 = ORIENTED_EDGE ( 'NONE', *, *, #6277, .F. ) ;
#3952 = MECHANICAL_DESIGN_GEOMETRIC_PRESENTATION_REPRESENTATION (  '', ( #1278 ), #4631 ) ;
#3953 = ADVANCED_FACE ( 'NONE', ( #5474 ), #4877, .F. ) ;
#3954 = DIRECTION ( 'NONE',  ( -0.000000000000000000, 0.2588190451025140781, 0.9659258262890700886 ) ) ;
#3955 = EDGE_LOOP ( 'NONE', ( #863, #1179, #2742, #351 ) ) ;
#3956 = VECTOR ( 'NONE', #6835, 1000.000000000000000 ) ;
#3957 = DIRECTION ( 'NONE',  ( 1.000000000000000000, 0.000000000000000000, 0.000000000000000000 ) ) ;
#3958 = CARTESIAN_POINT ( 'NONE',  ( 11.43000000000000504, 8.509000000000000341, 1.270000000000001128 ) ) ;
#3959 = ORIENTED_EDGE ( 'NONE', *, *, #2622, .T. ) ;
#3960 = VECTOR ( 'NONE', #1540, 1000.000000000000000 ) ;
#3961 = ADVANCED_FACE ( 'NONE', ( #720 ), #5893, .F. ) ;
#3962 = ORIENTED_EDGE ( 'NONE', *, *, #4606, .F. ) ;
#3963 = DIRECTION ( 'NONE',  ( -0.000000000000000000, 0.2588190451025140781, 0.9659258262890700886 ) ) ;
#3964 = AXIS2_PLACEMENT_3D ( 'NONE', #788, #5006, #4028 ) ;
#3965 = EDGE_CURVE ( 'NONE', #4132, #1258, #2807, .T. ) ;
#3966 = PLANE ( 'NONE',  #818 ) ;
#3967 = DIRECTION ( 'NONE',  ( 0.000000000000000000, -1.000000000000000000, 0.000000000000000000 ) ) ;
#3968 = VERTEX_POINT ( 'NONE', #1761 ) ;
#3969 = CARTESIAN_POINT ( 'NONE',  ( 13.96999999999999886, 0.5080000000000002292, -0.7528818102449945648 ) ) ;
#3970 = CARTESIAN_POINT ( 'NONE',  ( 3.365500000000003933, 8.509000000000000341, -0.8255000000000052296 ) ) ;
#3971 = VECTOR ( 'NONE', #1299, 1000.000000000000114 ) ;
#3972 = STYLED_ITEM ( 'NONE', ( #5500 ), #2931 ) ;
#3973 = ADVANCED_FACE ( 'NONE', ( #3230 ), #578, .F. ) ;
#3974 = CARTESIAN_POINT ( 'NONE',  ( -14.22399999999999842, 2.177422008883992879E-16, -0.8890000000000013447 ) ) ;
#3975 = VECTOR ( 'NONE', #349, 1000.000000000000000 ) ;
#3976 = AXIS2_PLACEMENT_3D ( 'NONE', #6047, #1260, #5035 ) ;
#3977 = CARTESIAN_POINT ( 'NONE',  ( 12.31900000000000617, 8.064500000000000668, -0.3810000000000040021 ) ) ;
#3978 = CARTESIAN_POINT ( 'NONE',  ( -2.920999999999994934, 7.239000000000000767, 0.3809999999999946207 ) ) ;
#3979 = LINE ( 'NONE', #3676, #2287 ) ;
#3980 = ORIENTED_EDGE ( 'NONE', *, *, #5444, .T. ) ;
#3981 = LINE ( 'NONE', #4993, #92 ) ;
#3982 = ORIENTED_EDGE ( 'NONE', *, *, #2964, .F. ) ;
#3983 = DIRECTION ( 'NONE',  ( 0.000000000000000000, 0.000000000000000000, 1.000000000000000000 ) ) ;
#3984 = MECHANICAL_DESIGN_GEOMETRIC_PRESENTATION_REPRESENTATION (  '', ( #413 ), #303 ) ;
#3985 = DIRECTION ( 'NONE',  ( 0.000000000000000000, 2.449293598294710852E-16, -1.000000000000000000 ) ) ;
#3986 = VECTOR ( 'NONE', #751, 1000.000000000000000 ) ;
#3987 = EDGE_LOOP ( 'NONE', ( #162, #5859, #3645, #1125 ) ) ;
#3988 = DIRECTION ( 'NONE',  ( -1.000000000000000000, -0.000000000000000000, -0.000000000000000000 ) ) ;
#3989 = CARTESIAN_POINT ( 'NONE',  ( 13.97000000000000419, 2.177422008883992879E-16, -0.8890000000000013447 ) ) ;
#3990 = ORIENTED_EDGE ( 'NONE', *, *, #2444, .T. ) ;
#3991 = CARTESIAN_POINT ( 'NONE',  ( -5.460999999999994969, 7.239000000000000767, 0.3809999999999946207 ) ) ;
#3992 = ORIENTED_EDGE ( 'NONE', *, *, #4725, .F. ) ;
#3993 = EDGE_CURVE ( 'NONE', #2273, #52, #4586, .T. ) ;
#3994 = DIRECTION ( 'NONE',  ( -0.000000000000000000, 0.000000000000000000, -1.000000000000000000 ) ) ;
#3995 = ORIENTED_EDGE ( 'NONE', *, *, #4326, .F. ) ;
#3996 = CARTESIAN_POINT ( 'NONE',  ( -3.809999999999997389, 8.509000000000000341, -1.270000000000001128 ) ) ;
#3997 = CARTESIAN_POINT ( 'NONE',  ( -11.42999999999999794, 2.177422008883992879E-16, -0.8890000000000013447 ) ) ;
#3998 = ORIENTED_EDGE ( 'NONE', *, *, #6512, .T. ) ;
#3999 = ORIENTED_EDGE ( 'NONE', *, *, #1025, .F. ) ;
#4000 = DIRECTION ( 'NONE',  ( -1.000000000000000000, 0.000000000000000000, -0.000000000000000000 ) ) ;
#4001 = EDGE_CURVE ( 'NONE', #6331, #424, #1863, .T. ) ;
#4002 = EDGE_CURVE ( 'NONE', #6783, #5341, #1892, .T. ) ;
#4003 = LINE ( 'NONE', #6028, #5387 ) ;
#4004 = CARTESIAN_POINT ( 'NONE',  ( -0.1961031209927693308, -3.200400000000000134, 0.2032000000000001583 ) ) ;
#4005 = ORIENTED_EDGE ( 'NONE', *, *, #5112, .T. ) ;
#4006 = LINE ( 'NONE', #1245, #1307 ) ;
#4007 = PLANE ( 'NONE',  #382 ) ;
#4008 = FACE_OUTER_BOUND ( 'NONE', #3125, .T. ) ;
#4009 = VECTOR ( 'NONE', #6060, 1000.000000000000000 ) ;
#4010 = CARTESIAN_POINT ( 'NONE',  ( -8.000999999999994117, 8.064500000000000668, -0.3810000000000040021 ) ) ;
#4011 = DIRECTION ( 'NONE',  ( 0.000000000000000000, 5.054934237236841843E-31, 1.000000000000000000 ) ) ;
#4012 = CARTESIAN_POINT ( 'NONE',  ( -14.22399999999999842, -1.925929944387235853E-31, 0.8889999999999991243 ) ) ;
#4013 = ORIENTED_EDGE ( 'NONE', *, *, #5668, .T. ) ;
#4014 = CARTESIAN_POINT ( 'NONE',  ( 11.43000000000000504, 0.5080000000000002292, -0.7528818102449945648 ) ) ;
#4015 = DIRECTION ( 'NONE',  ( 1.000000000000000000, 0.000000000000000000, 0.000000000000000000 ) ) ;
#4016 = ADVANCED_FACE ( 'NONE', ( #4062 ), #5611, .F. ) ;
#4017 = AXIS2_PLACEMENT_3D ( 'NONE', #4065, #6268, #4562 ) ;
#4018 =( NAMED_UNIT ( * ) SI_UNIT ( $, .STERADIAN. ) SOLID_ANGLE_UNIT ( ) );
#4019 = EDGE_CURVE ( 'NONE', #1525, #612, #2883, .T. ) ;
#4020 = FACE_OUTER_BOUND ( 'NONE', #6314, .T. ) ;
#4021 = CARTESIAN_POINT ( 'NONE',  ( -8.889999999999997016, 0.5080000000000002292, -0.7528818102449945648 ) ) ;
#4022 = VERTEX_POINT ( 'NONE', #3996 ) ;
#4023 = DIRECTION ( 'NONE',  ( 0.000000000000000000, -0.000000000000000000, -1.000000000000000000 ) ) ;
#4024 = EDGE_LOOP ( 'NONE', ( #1988, #3451, #2384, #3867 ) ) ;
#4025 = ADVANCED_FACE ( 'NONE', ( #757 ), #297, .F. ) ;
#4026 = FACE_OUTER_BOUND ( 'NONE', #1032, .T. ) ;
#4027 = VERTEX_POINT ( 'NONE', #2415 ) ;
#4028 = DIRECTION ( 'NONE',  ( 1.000000000000000000, 0.000000000000000000, 0.000000000000000000 ) ) ;
#4029 = SURFACE_STYLE_USAGE ( .BOTH. , #1893 ) ;
#4030 = ORIENTED_EDGE ( 'NONE', *, *, #5406, .F. ) ;
#4031 = AXIS2_PLACEMENT_3D ( 'NONE', #874, #841, #777 ) ;
#4032 = ORIENTED_EDGE ( 'NONE', *, *, #3345, .T. ) ;
#4033 = DIRECTION ( 'NONE',  ( 0.000000000000000000, -2.449293598294710852E-16, 1.000000000000000000 ) ) ;
#4034 = CARTESIAN_POINT ( 'NONE',  ( 0.3810000000000000053, 0.000000000000000000, 0.000000000000000000 ) ) ;
#4035 = CLOSED_SHELL ( 'NONE', ( #6296, #5876, #4431, #486, #293, #3047, #965, #216, #3260, #247, #3250, #27, #5966, #4070, #4329, #3953, #1882, #5311, #4899 ) ) ;
#4036 = LINE ( 'NONE', #3370, #3384 ) ;
#4037 = VERTEX_POINT ( 'NONE', #3012 ) ;
#4038 = LINE ( 'NONE', #1382, #4882 ) ;
#4039 = LINE ( 'NONE', #6175, #4905 ) ;
#4040 = VECTOR ( 'NONE', #2008, 1000.000000000000000 ) ;
#4041 = DIRECTION ( 'NONE',  ( -0.000000000000000000, 0.2588190451025140781, 0.9659258262890700886 ) ) ;
#4042 = LINE ( 'NONE', #3977, #6842 ) ;
#4043 =( LENGTH_UNIT ( ) NAMED_UNIT ( * ) SI_UNIT ( .MILLI., .METRE. ) );
#4044 = VECTOR ( 'NONE', #1531, 1000.000000000000000 ) ;
#4045 = CARTESIAN_POINT ( 'NONE',  ( -8.889999999999998792, 0.000000000000000000, 1.269999999999998908 ) ) ;
#4046 = ORIENTED_EDGE ( 'NONE', *, *, #5302, .F. ) ;
#4047 = CARTESIAN_POINT ( 'NONE',  ( 12.31900000000000617, 8.064500000000000668, 0.3809999999999946207 ) ) ;
#4048 = EDGE_CURVE ( 'NONE', #6016, #4115, #6160, .T. ) ;
#4049 = CARTESIAN_POINT ( 'NONE',  ( 7.620000000000005436, 0.000000000000000000, 0.000000000000000000 ) ) ;
#4050 = VECTOR ( 'NONE', #3851, 999.9999999999998863 ) ;
#4051 = UNCERTAINTY_MEASURE_WITH_UNIT (LENGTH_MEASURE( 1.000000000000000082E-05 ), #3045, 'distance_accuracy_value', 'NONE');
#4052 = EDGE_CURVE ( 'NONE', #808, #2325, #4558, .T. ) ;
#4053 = CARTESIAN_POINT ( 'NONE',  ( -11.42999999999999794, 8.509000000000000341, 0.8254999999999963478 ) ) ;
#4054 = CARTESIAN_POINT ( 'NONE',  ( -8.889999999999998792, 2.177422008883992879E-16, -0.8890000000000013447 ) ) ;
#4055 = VERTEX_POINT ( 'NONE', #2448 ) ;
#4056 = CARTESIAN_POINT ( 'NONE',  ( 8.890000000000004121, 8.509000000000000341, -1.270000000000001128 ) ) ;
#4057 = VECTOR ( 'NONE', #2709, 1000.000000000000000 ) ;
#4058 = VERTEX_POINT ( 'NONE', #2986 ) ;
#4059 = ADVANCED_FACE ( 'NONE', ( #5677 ), #6127, .T. ) ;
#4060 = DIRECTION ( 'NONE',  ( -0.000000000000000000, 0.000000000000000000, -1.000000000000000000 ) ) ;
#4061 = ORIENTED_EDGE ( 'NONE', *, *, #1384, .T. ) ;
#4062 = FACE_OUTER_BOUND ( 'NONE', #5807, .T. ) ;
#4063 = VERTEX_POINT ( 'NONE', #2913 ) ;
#4064 = ORIENTED_EDGE ( 'NONE', *, *, #1040, .T. ) ;
#4065 = CARTESIAN_POINT ( 'NONE',  ( 14.22399999999999842, 8.509000000000000341, -1.270000000000001128 ) ) ;
#4066 = EDGE_CURVE ( 'NONE', #270, #2293, #6657, .T. ) ;
#4067 = VECTOR ( 'NONE', #5018, 999.9999999999998863 ) ;
#4068 = PLANE ( 'NONE',  #2356 ) ;
#4069 = ORIENTED_EDGE ( 'NONE', *, *, #2308, .F. ) ;
#4070 = ADVANCED_FACE ( 'NONE', ( #358 ), #4455, .F. ) ;
#4071 = CARTESIAN_POINT ( 'NONE',  ( 0.1270000000000055806, 7.810500000000001108, 0.1269999999999949503 ) ) ;
#4072 = ORIENTED_EDGE ( 'NONE', *, *, #6503, .T. ) ;
#4073 = CARTESIAN_POINT ( 'NONE',  ( 8.890000000000004121, 3.110602869834277161E-16, -1.270000000000001128 ) ) ;
#4074 = EDGE_CURVE ( 'NONE', #6748, #808, #1270, .T. ) ;
#4075 = AXIS2_PLACEMENT_3D ( 'NONE', #4740, #4219, #6352 ) ;
#4076 = ADVANCED_FACE ( 'NONE', ( #4486 ), #2376, .F. ) ;
#4077 = CARTESIAN_POINT ( 'NONE',  ( -11.42999999999999794, 8.509000000000000341, 1.270000000000001128 ) ) ;
#4078 = DIRECTION ( 'NONE',  ( 0.000000000000000000, 0.000000000000000000, -1.000000000000000000 ) ) ;
#4079 = VECTOR ( 'NONE', #3149, 1000.000000000000000 ) ;
#4080 = PLANE ( 'NONE',  #6662 ) ;
#4081 = VECTOR ( 'NONE', #13, 1000.000000000000000 ) ;
#4082 = LINE ( 'NONE', #5662, #2960 ) ;
#4083 = ORIENTED_EDGE ( 'NONE', *, *, #4711, .F. ) ;
#4084 = FACE_OUTER_BOUND ( 'NONE', #1474, .T. ) ;
#4085 = EDGE_CURVE ( 'NONE', #4213, #5736, #3466, .T. ) ;
#4086 = VECTOR ( 'NONE', #313, 1000.000000000000000 ) ;
#4087 = AXIS2_PLACEMENT_3D ( 'NONE', #423, #6680, #5671 ) ;
#4088 = DIRECTION ( 'NONE',  ( 0.000000000000000000, 0.000000000000000000, -1.000000000000000000 ) ) ;
#4089 = ADVANCED_FACE ( 'NONE', ( #3498 ), #854, .F. ) ;
#4090 = CARTESIAN_POINT ( 'NONE',  ( 9.779000000000007020, 8.064500000000000668, -0.3810000000000040021 ) ) ;
#4091 = CARTESIAN_POINT ( 'NONE',  ( -0.3810000000000000053, 0.5079999999999998961, -0.2031999999999997419 ) ) ;
#4092 = ORIENTED_EDGE ( 'NONE', *, *, #1575, .T. ) ;
#4093 = CARTESIAN_POINT ( 'NONE',  ( -2.920999999999994934, 8.064500000000000668, 0.3809999999999947873 ) ) ;
#4094 = ORIENTED_EDGE ( 'NONE', *, *, #623, .T. ) ;
#4095 = VECTOR ( 'NONE', #981, 1000.000000000000000 ) ;
#4096 = DIRECTION ( 'NONE',  ( 0.000000000000000000, -1.440069553722777130E-16, 1.000000000000000000 ) ) ;
#4097 = ORIENTED_EDGE ( 'NONE', *, *, #5929, .T. ) ;
#4098 = CARTESIAN_POINT ( 'NONE',  ( 7.239000000000006096, 7.239000000000000767, -0.3810000000000041687 ) ) ;
#4099 =( REPRESENTATION_RELATIONSHIP ('NONE','NONE', #770, #1961 ) REPRESENTATION_RELATIONSHIP_WITH_TRANSFORMATION ( #2398 )SHAPE_REPRESENTATION_RELATIONSHIP( ) );
#4100 = PRESENTATION_STYLE_ASSIGNMENT (( #2481 ) ) ;
#4101 = EDGE_LOOP ( 'NONE', ( #4156, #1969, #890, #1550 ) ) ;
#4102 = ORIENTED_EDGE ( 'NONE', *, *, #5955, .T. ) ;
#4103 =( NAMED_UNIT ( * ) SI_UNIT ( $, .STERADIAN. ) SOLID_ANGLE_UNIT ( ) );
#4104 = EDGE_CURVE ( 'NONE', #5426, #1111, #5742, .T. ) ;
#4105 = DIRECTION ( 'NONE',  ( 0.000000000000000000, 0.000000000000000000, -1.000000000000000000 ) ) ;
#4106 = VERTEX_POINT ( 'NONE', #3634 ) ;
#4107 = DIRECTION ( 'NONE',  ( -0.000000000000000000, 1.000000000000000000, 1.733406087350420004E-16 ) ) ;
#4108 = ORIENTED_EDGE ( 'NONE', *, *, #4536, .F. ) ;
#4109 = CARTESIAN_POINT ( 'NONE',  ( 10.54100000000000570, 8.064500000000000668, 0.3809999999999946207 ) ) ;
#4110 = CARTESIAN_POINT ( 'NONE',  ( 14.22399999999999842, -1.925929944387235853E-31, 0.8889999999999991243 ) ) ;
#4111 = CARTESIAN_POINT ( 'NONE',  ( -11.42999999999999794, 3.110602869834277161E-16, -1.270000000000001128 ) ) ;
#4112 = ORIENTED_EDGE ( 'NONE', *, *, #3816, .F. ) ;
#4113 = EDGE_CURVE ( 'NONE', #1931, #1603, #916, .T. ) ;
#4114 = DIRECTION ( 'NONE',  ( 0.000000000000000000, -0.000000000000000000, -1.000000000000000000 ) ) ;
#4115 = VERTEX_POINT ( 'NONE', #4098 ) ;
#4116 = DIRECTION ( 'NONE',  ( 0.000000000000000000, 1.000000000000000000, 0.000000000000000000 ) ) ;
#4117 = ITEM_DEFINED_TRANSFORMATION ( 'NONE', 'NONE', #126,  #5362 ) ;
#4118 = EDGE_CURVE ( 'NONE', #3153, #6205, #6754, .T. ) ;
#4119 = LINE ( 'NONE', #6328, #470 ) ;
#4120 = EDGE_CURVE ( 'NONE', #2661, #741, #5812, .T. ) ;
#4121 = ADVANCED_FACE ( 'NONE', ( #4767 ), #5176, .F. ) ;
#4122 = CARTESIAN_POINT ( 'NONE',  ( -1.714499999999995472, 8.509000000000000341, -0.8255000000000052296 ) ) ;
#4123 = DIRECTION ( 'NONE',  ( 0.000000000000000000, 0.2588190451025145222, -0.9659258262890699775 ) ) ;
#4124 = ORIENTED_EDGE ( 'NONE', *, *, #4512, .T. ) ;
#4125 = FACE_BOUND ( 'NONE', #3122, .T. ) ;
#4126 = VERTEX_POINT ( 'NONE', #3593 ) ;
#4127 = LINE ( 'NONE', #6369, #3252 ) ;
#4128 = STYLED_ITEM ( 'NONE', ( #6453 ), #6360 ) ;
#4129 = CARTESIAN_POINT ( 'NONE',  ( -6.349999999999996980, 8.509000000000000341, 1.270000000000001128 ) ) ;
#4130 = EDGE_LOOP ( 'NONE', ( #5901, #1305, #6518, #6511 ) ) ;
#4131 = DIRECTION ( 'NONE',  ( -0.000000000000000000, 1.000000000000000000, 1.733406087350420004E-16 ) ) ;
#4132 = VERTEX_POINT ( 'NONE', #4163 ) ;
#4133 = ORIENTED_EDGE ( 'NONE', *, *, #6037, .T. ) ;
#4134 = CARTESIAN_POINT ( 'NONE',  ( -8.889999999999998792, 8.509000000000000341, 1.270000000000001128 ) ) ;
#4135 = CARTESIAN_POINT ( 'NONE',  ( 7.239000000000006096, 8.064500000000000668, -0.3810000000000040021 ) ) ;
#4136 = ORIENTED_EDGE ( 'NONE', *, *, #4466, .F. ) ;
#4137 = LINE ( 'NONE', #3603, #3732 ) ;
#4138 = LINE ( 'NONE', #2598, #1159 ) ;
#4139 = EDGE_CURVE ( 'NONE', #2892, #3527, #6857, .T. ) ;
#4140 = ORIENTED_EDGE ( 'NONE', *, *, #1491, .F. ) ;
#4141 = LINE ( 'NONE', #407, #267 ) ;
#4142 = CLOSED_SHELL ( 'NONE', ( #4760, #5209, #2025, #3057, #6560, #867, #516, #1906, #4938, #3640 ) ) ;
#4143 = FACE_OUTER_BOUND ( 'NONE', #6154, .T. ) ;
#4144 = DIRECTION ( 'NONE',  ( 1.000000000000000000, 0.000000000000000000, -0.000000000000000000 ) ) ;
#4145 = VERTEX_POINT ( 'NONE', #3080 ) ;
#4146 = FACE_OUTER_BOUND ( 'NONE', #4590, .T. ) ;
#4147 = ORIENTED_EDGE ( 'NONE', *, *, #564, .F. ) ;
#4148 = CARTESIAN_POINT ( 'NONE',  ( -1.269999999999996909, 0.5080000000000002292, -0.7528818102449945648 ) ) ;
#4149 = VECTOR ( 'NONE', #1147, 1000.000000000000000 ) ;
#4150 = EDGE_CURVE ( 'NONE', #5856, #3921, #393, .T. ) ;
#4151 = DIRECTION ( 'NONE',  ( -0.000000000000000000, 0.000000000000000000, -1.000000000000000000 ) ) ;
#4152 = VECTOR ( 'NONE', #2038, 1000.000000000000000 ) ;
#4153 = EDGE_CURVE ( 'NONE', #463, #3433, #1989, .T. ) ;
#4154 = DIRECTION ( 'NONE',  ( -1.000000000000000000, -0.000000000000000000, -0.000000000000000000 ) ) ;
#4155 = PLANE ( 'NONE',  #5549 ) ;
#4156 = ORIENTED_EDGE ( 'NONE', *, *, #2015, .F. ) ;
#4157 = CARTESIAN_POINT ( 'NONE',  ( -14.22399999999999842, 3.110602869834277161E-16, -1.270000000000001128 ) ) ;
#4158 = ORIENTED_EDGE ( 'NONE', *, *, #5957, .F. ) ;
#4159 = AXIS2_PLACEMENT_3D ( 'NONE', #1838, #2319, #6635 ) ;
#4160 = LINE ( 'NONE', #390, #5039 ) ;
#4161 = CARTESIAN_POINT ( 'NONE',  ( -11.42999999999999794, 0.5080000000000002292, -0.7528818102449945648 ) ) ;
#4162 = VERTEX_POINT ( 'NONE', #2587 ) ;
#4163 = CARTESIAN_POINT ( 'NONE',  ( -6.349999999999996980, 8.509000000000000341, -1.270000000000001128 ) ) ;
#4164 = VECTOR ( 'NONE', #3574, 1000.000000000000000 ) ;
#4165 = CARTESIAN_POINT ( 'NONE',  ( -11.42999999999999794, 2.177422008883992879E-16, -0.8890000000000013447 ) ) ;
#4166 = ORIENTED_EDGE ( 'NONE', *, *, #1851, .F. ) ;
#4167 =( LENGTH_UNIT ( ) NAMED_UNIT ( * ) SI_UNIT ( .MILLI., .METRE. ) );
#4168 = ORIENTED_EDGE ( 'NONE', *, *, #3431, .F. ) ;
#4169 = CARTESIAN_POINT ( 'NONE',  ( -6.349999999999996980, 3.110602869834277161E-16, -1.270000000000001128 ) ) ;
#4170 = VECTOR ( 'NONE', #5123, 999.9999999999998863 ) ;
#4171 = EDGE_CURVE ( 'NONE', #3311, #4583, #4237, .T. ) ;
#4172 = DIRECTION ( 'NONE',  ( -1.000000000000000000, -0.000000000000000000, -0.000000000000000000 ) ) ;
#4173 = ORIENTED_EDGE ( 'NONE', *, *, #265, .F. ) ;
#4174 = LINE ( 'NONE', #994, #3511 ) ;
#4175 = CARTESIAN_POINT ( 'NONE',  ( 3.810000000000002718, 0.5080000000000002292, -0.7528818102449945648 ) ) ;
#4176 = ORIENTED_EDGE ( 'NONE', *, *, #4259, .T. ) ;
#4177 = LINE ( 'NONE', #369, #5402 ) ;
#4178 = VECTOR ( 'NONE', #3028, 1000.000000000000000 ) ;
#4179 = EDGE_CURVE ( 'NONE', #2626, #463, #1959, .T. ) ;
#4180 = LINE ( 'NONE', #444, #4152 ) ;
#4181 = DIRECTION ( 'NONE',  ( 0.000000000000000000, -0.9659258262890700886, 0.2588190451025140781 ) ) ;
#4182 = ORIENTED_EDGE ( 'NONE', *, *, #6144, .T. ) ;
#4183 = CARTESIAN_POINT ( 'NONE',  ( 14.22399999999999842, 8.509000000000000341, 1.270000000000001128 ) ) ;
#4184 = VERTEX_POINT ( 'NONE', #1513 ) ;
#4185 = CARTESIAN_POINT ( 'NONE',  ( -8.000999999999994117, 7.239000000000000767, -0.3810000000000041687 ) ) ;
#4186 = VECTOR ( 'NONE', #2233, 1000.000000000000000 ) ;
#4187 = EDGE_CURVE ( 'NONE', #1746, #6825, #4728, .T. ) ;
#4188 = LINE ( 'NONE', #1979, #6164 ) ;
#4189 = VECTOR ( 'NONE', #5780, 1000.000000000000000 ) ;
#4190 = LINE ( 'NONE', #3033, #627 ) ;
#4191 = DIRECTION ( 'NONE',  ( 0.000000000000000000, 1.000000000000000000, -5.054934237236841843E-31 ) ) ;
#4192 = ORIENTED_EDGE ( 'NONE', *, *, #3460, .F. ) ;
#4193 = CARTESIAN_POINT ( 'NONE',  ( 13.97000000000000419, -1.925929944387235853E-31, 0.8889999999999991243 ) ) ;
#4194 = ORIENTED_EDGE ( 'NONE', *, *, #1895, .F. ) ;
#4195 = AXIS2_PLACEMENT_3D ( 'NONE', #6500, #3173, #3691 ) ;
#4196 = EDGE_CURVE ( 'NONE', #1233, #4663, #6234, .T. ) ;
#4197 = FACE_OUTER_BOUND ( 'NONE', #6284, .T. ) ;
#4198 = LINE ( 'NONE', #6408, #6061 ) ;
#4199 = VECTOR ( 'NONE', #119, 1000.000000000000000 ) ;
#4200 = EDGE_LOOP ( 'NONE', ( #3566, #2758, #3999, #882 ) ) ;
#4201 = FACE_BOUND ( 'NONE', #5954, .T. ) ;
#4202 = VECTOR ( 'NONE', #5312, 1000.000000000000000 ) ;
#4203 = CARTESIAN_POINT ( 'NONE',  ( -1.269999999999996909, -1.925929944387235853E-31, 0.8889999999999991243 ) ) ;
#4204 = ORIENTED_EDGE ( 'NONE', *, *, #450, .T. ) ;
#4205 = EDGE_CURVE ( 'NONE', #6660, #4058, #1019, .T. ) ;
#4206 = DIRECTION ( 'NONE',  ( -0.000000000000000000, -2.667820306312751888E-16, 1.000000000000000000 ) ) ;
#4207 = EDGE_CURVE ( 'NONE', #300, #2661, #1442, .T. ) ;
#4208 = ORIENTED_EDGE ( 'NONE', *, *, #6355, .F. ) ;
#4209 =( NAMED_UNIT ( * ) SI_UNIT ( $, .STERADIAN. ) SOLID_ANGLE_UNIT ( ) );
#4210 = VECTOR ( 'NONE', #1908, 1000.000000000000000 ) ;
#4211 = EDGE_CURVE ( 'NONE', #5341, #1746, #4690, .T. ) ;
#4212 = CARTESIAN_POINT ( 'NONE',  ( 6.350000000000003197, 0.000000000000000000, 1.269999999999998908 ) ) ;
#4213 = VERTEX_POINT ( 'NONE', #987 ) ;
#4214 = DIRECTION ( 'NONE',  ( 0.000000000000000000, 0.000000000000000000, -1.000000000000000000 ) ) ;
#4215 = LINE ( 'NONE', #927, #2492 ) ;
#4216 = ORIENTED_EDGE ( 'NONE', *, *, #4910, .F. ) ;
#4217 = ADVANCED_FACE ( 'NONE', ( #4201, #5284 ), #500, .F. ) ;
#4218 = EDGE_CURVE ( 'NONE', #4489, #2573, #3043, .T. ) ;
#4219 = DIRECTION ( 'NONE',  ( -0.000000000000000000, 0.2588190451025140781, 0.9659258262890700886 ) ) ;
#4220 = DIRECTION ( 'NONE',  ( 0.000000000000000000, 1.733406087350420004E-16, -1.000000000000000000 ) ) ;
#4221 = CARTESIAN_POINT ( 'NONE',  ( -13.52549999999999564, 8.509000000000000341, -1.270000000000001128 ) ) ;
#4222 = DIRECTION ( 'NONE',  ( 0.000000000000000000, 2.449293598294710852E-16, -1.000000000000000000 ) ) ;
#4223 = ORIENTED_EDGE ( 'NONE', *, *, #4805, .T. ) ;
#4224 = CARTESIAN_POINT ( 'NONE',  ( 14.22399999999999842, 0.000000000000000000, 1.269999999999998908 ) ) ;
#4225 = ORIENTED_EDGE ( 'NONE', *, *, #782, .T. ) ;
#4226 = LINE ( 'NONE', #1943, #4296 ) ;
#4227 = LINE ( 'NONE', #5835, #35 ) ;
#4228 = DIRECTION ( 'NONE',  ( 0.000000000000000000, 1.000000000000000000, 0.000000000000000000 ) ) ;
#4229 = PLANE ( 'NONE',  #6663 ) ;
#4230 = ADVANCED_FACE ( 'NONE', ( #2121 ), #3325, .F. ) ;
#4231 = ORIENTED_EDGE ( 'NONE', *, *, #2622, .F. ) ;
#4232 = DIRECTION ( 'NONE',  ( 0.000000000000000000, 1.000000000000000000, -5.054934237236841843E-31 ) ) ;
#4233 = VERTEX_POINT ( 'NONE', #4379 ) ;
#4234 = CARTESIAN_POINT ( 'NONE',  ( -8.889999999999997016, 2.177422008883992879E-16, -0.8890000000000013447 ) ) ;
#4235 = DIRECTION ( 'NONE',  ( 0.000000000000000000, 0.000000000000000000, 1.000000000000000000 ) ) ;
#4236 = ORIENTED_EDGE ( 'NONE', *, *, #3587, .T. ) ;
#4237 = LINE ( 'NONE', #5323, #1071 ) ;
#4238 = LINE ( 'NONE', #6374, #5194 ) ;
#4239 = ORIENTED_EDGE ( 'NONE', *, *, #2467, .T. ) ;
#4240 = FILL_AREA_STYLE_COLOUR ( '', #5553 ) ;
#4241 = EDGE_LOOP ( 'NONE', ( #3856, #1100, #1479, #3597 ) ) ;
#4242 = FACE_OUTER_BOUND ( 'NONE', #4557, .T. ) ;
#4243 = VERTEX_POINT ( 'NONE', #86 ) ;
#4244 = DIRECTION ( 'NONE',  ( -1.000000000000000000, -0.000000000000000000, -0.000000000000000000 ) ) ;
#4245 = DIRECTION ( 'NONE',  ( 0.000000000000000000, 2.548365665731588345E-16, -1.000000000000000000 ) ) ;
#4246 = EDGE_LOOP ( 'NONE', ( #1982, #4785, #1236, #4386 ) ) ;
#4247 = EDGE_CURVE ( 'NONE', #2774, #1050, #5355, .T. ) ;
#4248 = DIRECTION ( 'NONE',  ( -1.000000000000000000, -0.000000000000000000, -0.000000000000000000 ) ) ;
#4249 = ADVANCED_FACE ( 'NONE', ( #5466, #2727 ), #6509, .F. ) ;
#4250 = CARTESIAN_POINT ( 'NONE',  ( -0.3809999999999941767, 8.064500000000000668, -0.3810000000000040021 ) ) ;
#4251 = ADVANCED_FACE ( 'NONE', ( #4410 ), #644, .F. ) ;
#4252 = ADVANCED_FACE ( 'NONE', ( #6014 ), #3290, .F. ) ;
#4253 = DIRECTION ( 'NONE',  ( -0.7071067811865475727, -0.7071067811865475727, 0.000000000000000000 ) ) ;
#4254 = CARTESIAN_POINT ( 'NONE',  ( 13.97000000000000419, 8.509000000000000341, 1.270000000000001128 ) ) ;
#4255 = ORIENTED_EDGE ( 'NONE', *, *, #5139, .F. ) ;
#4256 = CARTESIAN_POINT ( 'NONE',  ( -13.08099999999999596, 8.064500000000000668, 0.3809999999999947873 ) ) ;
#4257 = ORIENTED_EDGE ( 'NONE', *, *, #6221, .F. ) ;
#4258 = DIRECTION ( 'NONE',  ( 0.000000000000000000, 0.000000000000000000, 1.000000000000000000 ) ) ;
#4259 = EDGE_CURVE ( 'NONE', #4022, #5054, #150, .T. ) ;
#4260 = DIRECTION ( 'NONE',  ( 1.000000000000000000, 0.000000000000000000, 0.000000000000000000 ) ) ;
#4261 = PLANE ( 'NONE',  #4979 ) ;
#4262 = VECTOR ( 'NONE', #6473, 1000.000000000000000 ) ;
#4263 = FACE_OUTER_BOUND ( 'NONE', #103, .T. ) ;
#4264 = ORIENTED_EDGE ( 'NONE', *, *, #2982, .F. ) ;
#4265 = CARTESIAN_POINT ( 'NONE',  ( 8.890000000000004121, 3.110602869834277161E-16, -1.270000000000001128 ) ) ;
#4266 = EDGE_LOOP ( 'NONE', ( #4064, #6537, #6102, #608 ) ) ;
#4267 = AXIS2_PLACEMENT_3D ( 'NONE', #5801, #2045, #4151 ) ;
#4268 = PLANE ( 'NONE',  #6497 ) ;
#4269 = PLANE ( 'NONE',  #2143 ) ;
#4270 = ORIENTED_EDGE ( 'NONE', *, *, #6503, .F. ) ;
#4271 = CARTESIAN_POINT ( 'NONE',  ( -6.349999999999997868, 0.5080000000000000071, 0.7528818102449925664 ) ) ;
#4272 = LINE ( 'NONE', #4730, #2176 ) ;
#4273 = VERTEX_POINT ( 'NONE', #6448 ) ;
#4274 =( NAMED_UNIT ( * ) SI_UNIT ( $, .STERADIAN. ) SOLID_ANGLE_UNIT ( ) );
#4275 = VECTOR ( 'NONE', #1072, 1000.000000000000000 ) ;
#4276 = VERTEX_POINT ( 'NONE', #6542 ) ;
#4277 = SURFACE_STYLE_USAGE ( .BOTH. , #2126 ) ;
#4278 = EDGE_CURVE ( 'NONE', #6546, #4145, #5983, .T. ) ;
#4279 = AXIS2_PLACEMENT_3D ( 'NONE', #4519, #4418, #2231 ) ;
#4280 = DIRECTION ( 'NONE',  ( 0.000000000000000000, 1.440069553722777130E-16, -1.000000000000000000 ) ) ;
#4281 = ORIENTED_EDGE ( 'NONE', *, *, #4104, .T. ) ;
#4282 = DIRECTION ( 'NONE',  ( 0.000000000000000000, 1.000000000000000000, 2.548365665731588345E-16 ) ) ;
#4283 = FACE_OUTER_BOUND ( 'NONE', #1641, .T. ) ;
#4284 = ORIENTED_EDGE ( 'NONE', *, *, #5971, .F. ) ;
#4285 = FACE_OUTER_BOUND ( 'NONE', #2229, .T. ) ;
#4286 = FACE_OUTER_BOUND ( 'NONE', #6804, .T. ) ;
#4287 = VECTOR ( 'NONE', #1830, 1000.000000000000000 ) ;
#4288 = EDGE_CURVE ( 'NONE', #2273, #4983, #1228, .T. ) ;
#4289 = DIRECTION ( 'NONE',  ( 0.000000000000000000, 0.000000000000000000, 1.000000000000000000 ) ) ;
#4290 = LINE ( 'NONE', #6493, #3164 ) ;
#4291 = ORIENTED_EDGE ( 'NONE', *, *, #3519, .T. ) ;
#4292 = DIRECTION ( 'NONE',  ( 0.000000000000000000, 0.000000000000000000, 1.000000000000000000 ) ) ;
#4293 = VERTEX_POINT ( 'NONE', #5885 ) ;
#4294 = DIRECTION ( 'NONE',  ( -1.000000000000000000, -0.000000000000000000, -0.000000000000000000 ) ) ;
#4295 = EDGE_CURVE ( 'NONE', #3132, #3786, #1197, .T. ) ;
#4296 = VECTOR ( 'NONE', #938, 1000.000000000000000 ) ;
#4297 = AXIS2_PLACEMENT_3D ( 'NONE', #6586, #1788, #1727 ) ;
#4298 = SURFACE_STYLE_USAGE ( .BOTH. , #6435 ) ;
#4299 = VECTOR ( 'NONE', #694, 1000.000000000000000 ) ;
#4300 = PLANE ( 'NONE',  #2181 ) ;
#4301 = DIRECTION ( 'NONE',  ( 0.000000000000000000, 0.000000000000000000, 1.000000000000000000 ) ) ;
#4302 = EDGE_LOOP ( 'NONE', ( #4355, #848, #4378, #4944 ) ) ;
#4303 = DIRECTION ( 'NONE',  ( -0.000000000000000000, -0.7071067811865482389, -0.7071067811865467956 ) ) ;
#4304 = EDGE_CURVE ( 'NONE', #3438, #4293, #3775, .T. ) ;
#4305 = EDGE_LOOP ( 'NONE', ( #2447, #6557, #491, #4721 ) ) ;
#4306 = VECTOR ( 'NONE', #6554, 1000.000000000000000 ) ;
#4307 = LINE ( 'NONE', #2223, #2011 ) ;
#4308 = CARTESIAN_POINT ( 'NONE',  ( -6.349999999999996980, 0.000000000000000000, 0.000000000000000000 ) ) ;
#4309 = EDGE_LOOP ( 'NONE', ( #2867, #993, #749, #1291 ) ) ;
#4310 = DIRECTION ( 'NONE',  ( 0.000000000000000000, 5.054934237236841843E-31, 1.000000000000000000 ) ) ;
#4311 = FILL_AREA_STYLE_COLOUR ( '', #1184 ) ;
#4312 = VERTEX_POINT ( 'NONE', #603 ) ;
#4313 = DIRECTION ( 'NONE',  ( 0.000000000000000000, 0.000000000000000000, 1.000000000000000000 ) ) ;
#4314 = VECTOR ( 'NONE', #1093, 1000.000000000000000 ) ;
#4315 = AXIS2_PLACEMENT_3D ( 'NONE', #51, #3291, #645 ) ;
#4316 = ORIENTED_EDGE ( 'NONE', *, *, #6901, .F. ) ;
#4317 =( NAMED_UNIT ( * ) SI_UNIT ( $, .STERADIAN. ) SOLID_ANGLE_UNIT ( ) );
#4318 = STYLED_ITEM ( 'NONE', ( #6704 ), #5031 ) ;
#4319 = VECTOR ( 'NONE', #943, 1000.000000000000000 ) ;
#4320 = LINE ( 'NONE', #6455, #4392 ) ;
#4321 = VERTEX_POINT ( 'NONE', #677 ) ;
#4322 = CARTESIAN_POINT ( 'NONE',  ( 2.921000000000003372, 7.239000000000000767, 0.3809999999999946207 ) ) ;
#4323 = PLANE ( 'NONE',  #6746 ) ;
#4324 = VERTEX_POINT ( 'NONE', #1158 ) ;
#4325 = DIRECTION ( 'NONE',  ( -1.000000000000000000, -0.000000000000000000, -0.000000000000000000 ) ) ;
#4326 = EDGE_CURVE ( 'NONE', #3829, #3150, #5427, .T. ) ;
#4327 = DIRECTION ( 'NONE',  ( 0.000000000000000000, -0.000000000000000000, 1.000000000000000000 ) ) ;
#4328 = AXIS2_PLACEMENT_3D ( 'NONE', #1872, #6067, #3897 ) ;
#4329 = ADVANCED_FACE ( 'NONE', ( #3844 ), #568, .F. ) ;
#4330 = DIRECTION ( 'NONE',  ( -0.000000000000000000, 0.2588190451025140781, 0.9659258262890700886 ) ) ;
#4331 = VECTOR ( 'NONE', #3801, 1000.000000000000000 ) ;
#4332 = DIRECTION ( 'NONE',  ( 0.000000000000000000, 0.000000000000000000, 1.000000000000000000 ) ) ;
#4333 = ORIENTED_EDGE ( 'NONE', *, *, #883, .T. ) ;
#4334 = FILL_AREA_STYLE_COLOUR ( '', #5198 ) ;
#4335 = CARTESIAN_POINT ( 'NONE',  ( -13.96999999999999886, 0.000000000000000000, 1.269999999999998908 ) ) ;
#4336 = EDGE_CURVE ( 'NONE', #5672, #512, #1619, .T. ) ;
#4337 = PRESENTATION_STYLE_ASSIGNMENT (( #4298 ) ) ;
#4338 = CARTESIAN_POINT ( 'NONE',  ( 3.810000000000002718, 3.110602869834277161E-16, -1.270000000000001128 ) ) ;
#4339 = DIRECTION ( 'NONE',  ( 0.5773502691896252870, -0.5773502691896252870, -0.5773502691896267303 ) ) ;
#4340 = EDGE_LOOP ( 'NONE', ( #5580, #6320, #5620, #2570 ) ) ;
#4341 = FACE_OUTER_BOUND ( 'NONE', #3494, .T. ) ;
#4342 = EDGE_CURVE ( 'NONE', #5674, #5082, #49, .T. ) ;
#4343 = EDGE_CURVE ( 'NONE', #4273, #1610, #5915, .T. ) ;
#4344 = ORIENTED_EDGE ( 'NONE', *, *, #4179, .T. ) ;
#4345 = DIRECTION ( 'NONE',  ( 0.5773502691896252870, -0.5773502691896252870, -0.5773502691896267303 ) ) ;
#4346 = ORIENTED_EDGE ( 'NONE', *, *, #6065, .T. ) ;
#4347 = DIRECTION ( 'NONE',  ( 1.000000000000000000, 0.000000000000000000, 0.000000000000000000 ) ) ;
#4348 = DIRECTION ( 'NONE',  ( -1.000000000000000000, -0.000000000000000000, -0.000000000000000000 ) ) ;
#4349 = ORIENTED_EDGE ( 'NONE', *, *, #3673, .T. ) ;
#4350 = LINE ( 'NONE', #1230, #1190 ) ;
#4351 = ORIENTED_EDGE ( 'NONE', *, *, #3479, .T. ) ;
#4352 =( NAMED_UNIT ( * ) PLANE_ANGLE_UNIT ( ) SI_UNIT ( $, .RADIAN. ) );
#4353 = VECTOR ( 'NONE', #3305, 1000.000000000000000 ) ;
#4354 = DIRECTION ( 'NONE',  ( 0.000000000000000000, -2.449293598294710852E-16, 1.000000000000000000 ) ) ;
#4355 = ORIENTED_EDGE ( 'NONE', *, *, #3618, .T. ) ;
#4356 = DIRECTION ( 'NONE',  ( 0.000000000000000000, 1.000000000000000000, 1.733406087350420004E-16 ) ) ;
#4357 = DIRECTION ( 'NONE',  ( 0.000000000000000000, 5.054934237236841843E-31, 1.000000000000000000 ) ) ;
#4358 = ORIENTED_EDGE ( 'NONE', *, *, #2452, .F. ) ;
#4359 = LINE ( 'NONE', #98, #4636 ) ;
#4360 = CARTESIAN_POINT ( 'NONE',  ( 1.270000000000003793, 0.5080000000000002292, -0.7528818102449945648 ) ) ;
#4361 = EDGE_CURVE ( 'NONE', #3538, #6292, #5569, .T. ) ;
#4362 = LINE ( 'NONE', #68, #5945 ) ;
#4363 = VECTOR ( 'NONE', #6724, 1000.000000000000000 ) ;
#4364 = CARTESIAN_POINT ( 'NONE',  ( 6.350000000000003197, 3.110602869834277161E-16, -1.270000000000001128 ) ) ;
#4365 = ORIENTED_EDGE ( 'NONE', *, *, #193, .T. ) ;
#4366 = DIRECTION ( 'NONE',  ( 0.000000000000000000, 1.733406087350420004E-16, -1.000000000000000000 ) ) ;
#4367 = CARTESIAN_POINT ( 'NONE',  ( -8.889999999999997016, 2.177422008883992879E-16, -0.8890000000000013447 ) ) ;
#4368 =( NAMED_UNIT ( * ) PLANE_ANGLE_UNIT ( ) SI_UNIT ( $, .RADIAN. ) );
#4369 = CARTESIAN_POINT ( 'NONE',  ( -14.22399999999999842, 8.509000000000000341, 1.270000000000001128 ) ) ;
#4370 = LINE ( 'NONE', #140, #6098 ) ;
#4371 = ORIENTED_EDGE ( 'NONE', *, *, #865, .F. ) ;
#4372 = CARTESIAN_POINT ( 'NONE',  ( 12.31900000000000617, 8.064500000000000668, -0.3810000000000040021 ) ) ;
#4373 = VERTEX_POINT ( 'NONE', #4477 ) ;
#4374 = DIRECTION ( 'NONE',  ( 0.000000000000000000, -1.440069553722777130E-16, 1.000000000000000000 ) ) ;
#4375 = ADVANCED_FACE ( 'NONE', ( #320 ), #4579, .F. ) ;
#4376 = EDGE_CURVE ( 'NONE', #3433, #2619, #5532, .T. ) ;
#4377 = VECTOR ( 'NONE', #674, 1000.000000000000000 ) ;
#4378 = ORIENTED_EDGE ( 'NONE', *, *, #4772, .T. ) ;
#4379 = CARTESIAN_POINT ( 'NONE',  ( -3.809999999999997389, -1.925929944387235853E-31, 0.8889999999999991243 ) ) ;
#4380 = CARTESIAN_POINT ( 'NONE',  ( -10.03299999999999592, 7.810500000000000220, -0.1270000000000037488 ) ) ;
#4381 = EDGE_LOOP ( 'NONE', ( #2096, #6260, #2993, #4412 ) ) ;
#4382 = DIRECTION ( 'NONE',  ( -1.000000000000000000, -0.000000000000000000, -0.000000000000000000 ) ) ;
#4383 = VERTEX_POINT ( 'NONE', #813 ) ;
#4384 = ADVANCED_FACE ( 'NONE', ( #6188 ), #6712, .F. ) ;
#4385 = FACE_OUTER_BOUND ( 'NONE', #4666, .T. ) ;
#4386 = ORIENTED_EDGE ( 'NONE', *, *, #3780, .T. ) ;
#4387 = DIRECTION ( 'NONE',  ( -1.000000000000000000, 0.000000000000000000, -0.000000000000000000 ) ) ;
#4388 = VECTOR ( 'NONE', #2382, 1000.000000000000000 ) ;
#4389 = CARTESIAN_POINT ( 'NONE',  ( -10.54099999999999504, 8.064500000000000668, 0.3809999999999947873 ) ) ;
#4390 = VERTEX_POINT ( 'NONE', #1814 ) ;
#4391 = DIRECTION ( 'NONE',  ( -1.000000000000000000, -0.000000000000000000, -0.000000000000000000 ) ) ;
#4392 = VECTOR ( 'NONE', #5958, 1000.000000000000000 ) ;
#4393 = CARTESIAN_POINT ( 'NONE',  ( 14.22399999999999842, 0.5080000000000002292, -0.7528818102449945648 ) ) ;
#4394 = DIRECTION ( 'NONE',  ( -1.000000000000000000, -0.000000000000000000, -0.000000000000000000 ) ) ;
#4395 = ORIENTED_EDGE ( 'NONE', *, *, #4671, .T. ) ;
#4396 = PLANE ( 'NONE',  #4328 ) ;
#4397 = AXIS2_PLACEMENT_3D ( 'NONE', #5053, #232, #2816 ) ;
#4398 = LINE ( 'NONE', #6528, #4518 ) ;
#4399 = DIRECTION ( 'NONE',  ( -1.000000000000000000, 0.000000000000000000, 0.000000000000000000 ) ) ;
#4400 = CARTESIAN_POINT ( 'NONE',  ( -1.269999999999996909, 0.5080000000000002292, -0.7528818102449945648 ) ) ;
#4401 = ORIENTED_EDGE ( 'NONE', *, *, #346, .F. ) ;
#4402 = DIRECTION ( 'NONE',  ( 1.000000000000000000, -0.000000000000000000, -0.000000000000000000 ) ) ;
#4403 = VECTOR ( 'NONE', #3467, 1000.000000000000000 ) ;
#4404 = ORIENTED_EDGE ( 'NONE', *, *, #147, .F. ) ;
#4405 = EDGE_CURVE ( 'NONE', #5672, #522, #6576, .T. ) ;
#4406 = CARTESIAN_POINT ( 'NONE',  ( 9.779000000000007020, 7.239000000000000767, 0.3809999999999946207 ) ) ;
#4407 = UNCERTAINTY_MEASURE_WITH_UNIT (LENGTH_MEASURE( 1.000000000000000082E-05 ), #6128, 'distance_accuracy_value', 'NONE');
#4408 = VECTOR ( 'NONE', #2914, 1000.000000000000000 ) ;
#4409 = ORIENTED_EDGE ( 'NONE', *, *, #889, .F. ) ;
#4410 = FACE_OUTER_BOUND ( 'NONE', #4024, .T. ) ;
#4411 = SURFACE_STYLE_FILL_AREA ( #6449 ) ;
#4412 = ORIENTED_EDGE ( 'NONE', *, *, #5565, .F. ) ;
#4413 = LINE ( 'NONE', #2162, #1528 ) ;
#4414 = ORIENTED_EDGE ( 'NONE', *, *, #3217, .F. ) ;
#4415 = VECTOR ( 'NONE', #5403, 1000.000000000000000 ) ;
#4416 = EDGE_CURVE ( 'NONE', #3042, #6783, #2297, .T. ) ;
#4417 = EDGE_CURVE ( 'NONE', #4907, #482, #747, .T. ) ;
#4418 = DIRECTION ( 'NONE',  ( -0.7071067811865475727, -0.7071067811865475727, 0.000000000000000000 ) ) ;
#4419 = VECTOR ( 'NONE', #6789, 1000.000000000000000 ) ;
#4420 = EDGE_LOOP ( 'NONE', ( #6018, #4069, #3247, #2981 ) ) ;
#4421 = EDGE_CURVE ( 'NONE', #4515, #4106, #6151, .T. ) ;
#4422 = CARTESIAN_POINT ( 'NONE',  ( 9.779000000000007020, 7.239000000000000767, 0.3809999999999946207 ) ) ;
#4423 = DIRECTION ( 'NONE',  ( 0.000000000000000000, 2.449293598294710852E-16, -1.000000000000000000 ) ) ;
#4424 = ORIENTED_EDGE ( 'NONE', *, *, #6262, .F. ) ;
#4425 = ORIENTED_EDGE ( 'NONE', *, *, #6174, .F. ) ;
#4426 = DIRECTION ( 'NONE',  ( -1.000000000000000000, 0.000000000000000000, 0.000000000000000000 ) ) ;
#4427 = VECTOR ( 'NONE', #5310, 1000.000000000000114 ) ;
#4428 = AXIS2_PLACEMENT_3D ( 'NONE', #3904, #3379, #3282 ) ;
#4429 = ADVANCED_FACE ( 'NONE', ( #6647, #4963 ), #4448, .F. ) ;
#4430 = LINE ( 'NONE', #764, #1256 ) ;
#4431 = ADVANCED_FACE ( 'NONE', ( #3912 ), #6046, .F. ) ;
#4432 = DIRECTION ( 'NONE',  ( 0.000000000000000000, 0.000000000000000000, -1.000000000000000000 ) ) ;
#4433 = ORIENTED_EDGE ( 'NONE', *, *, #2118, .T. ) ;
#4434 = AXIS2_PLACEMENT_3D ( 'NONE', #803, #5449, #4292 ) ;
#4435 = LINE ( 'NONE', #3931, #1415 ) ;
#4436 = LINE ( 'NONE', #3898, #1508 ) ;
#4437 = EDGE_CURVE ( 'NONE', #2573, #4709, #3429, .T. ) ;
#4438 = AXIS2_PLACEMENT_3D ( 'NONE', #4516, #3915, #1262 ) ;
#4439 = DIRECTION ( 'NONE',  ( 0.000000000000000000, -1.440069553722777130E-16, 1.000000000000000000 ) ) ;
#4440 = CARTESIAN_POINT ( 'NONE',  ( -6.349999999999996980, 3.110602869834277161E-16, -1.270000000000001128 ) ) ;
#4441 = DIRECTION ( 'NONE',  ( 0.000000000000000000, -1.000000000000000000, -1.733406087350420004E-16 ) ) ;
#4442 = CARTESIAN_POINT ( 'NONE',  ( -1.269999999999996909, 8.509000000000000341, -1.270000000000001128 ) ) ;
#4443 = ORIENTED_EDGE ( 'NONE', *, *, #6370, .F. ) ;
#4444 = DIRECTION ( 'NONE',  ( 0.000000000000000000, -0.9659258262890699775, -0.2588190451025145222 ) ) ;
#4445 = DIRECTION ( 'NONE',  ( 0.000000000000000000, 1.000000000000000000, 0.000000000000000000 ) ) ;
#4446 = ADVANCED_FACE ( 'NONE', ( #2875 ), #218, .F. ) ;
#4447 = ORIENTED_EDGE ( 'NONE', *, *, #4597, .F. ) ;
#4448 = PLANE ( 'NONE',  #4754 ) ;
#4449 = LINE ( 'NONE', #3356, #1640 ) ;
#4450 = ORIENTED_EDGE ( 'NONE', *, *, #4714, .T. ) ;
#4451 = CARTESIAN_POINT ( 'NONE',  ( -10.54099999999999504, 8.064500000000000668, 0.3809999999999947873 ) ) ;
#4452 = VERTEX_POINT ( 'NONE', #2330 ) ;
#4453 = CARTESIAN_POINT ( 'NONE',  ( 8.890000000000004121, 8.509000000000000341, 1.270000000000001128 ) ) ;
#4454 = ORIENTED_EDGE ( 'NONE', *, *, #716, .T. ) ;
#4455 = PLANE ( 'NONE',  #2512 ) ;
#4456 =( NAMED_UNIT ( * ) PLANE_ANGLE_UNIT ( ) SI_UNIT ( $, .RADIAN. ) );
#4457 = ORIENTED_EDGE ( 'NONE', *, *, #1895, .T. ) ;
#4458 = ORIENTED_EDGE ( 'NONE', *, *, #5505, .F. ) ;
#4459 = LINE ( 'NONE', #6589, #5806 ) ;
#4460 = EDGE_CURVE ( 'NONE', #3721, #3223, #2366, .T. ) ;
#4461 = PLANE ( 'NONE',  #4942 ) ;
#4462 = CARTESIAN_POINT ( 'NONE',  ( -11.42999999999999794, 0.000000000000000000, 1.269999999999998908 ) ) ;
#4463 = ORIENTED_EDGE ( 'NONE', *, *, #4764, .F. ) ;
#4464 = LINE ( 'NONE', #4532, #3425 ) ;
#4465 = CARTESIAN_POINT ( 'NONE',  ( -10.54099999999999504, 8.064500000000000668, -0.3810000000000040021 ) ) ;
#4466 = EDGE_CURVE ( 'NONE', #1334, #2892, #4513, .T. ) ;
#4467 = ADVANCED_FACE ( 'NONE', ( #4020 ), #6119, .F. ) ;
#4468 = FACE_OUTER_BOUND ( 'NONE', #2701, .T. ) ;
#4469 = CARTESIAN_POINT ( 'NONE',  ( 1.270000000000002016, -1.925929944387235853E-31, 0.8889999999999991243 ) ) ;
#4470 = DIRECTION ( 'NONE',  ( 0.000000000000000000, 0.2588190451025145222, -0.9659258262890699775 ) ) ;
#4471 = CARTESIAN_POINT ( 'NONE',  ( 0.3810000000000000053, -2.692399999999995686, -0.2032000000000001583 ) ) ;
#4472 = VERTEX_POINT ( 'NONE', #3104 ) ;
#4473 = LINE ( 'NONE', #1392, #6147 ) ;
#4474 = CARTESIAN_POINT ( 'NONE',  ( 10.98550000000000537, 8.509000000000000341, 0.8254999999999963478 ) ) ;
#4475 = APPLICATION_PROTOCOL_DEFINITION ( 'draft international standard', 'automotive_design', 1998, #4587 ) ;
#4476 = VERTEX_POINT ( 'NONE', #4649 ) ;
#4477 = CARTESIAN_POINT ( 'NONE',  ( 6.350000000000003197, 3.110602869834277161E-16, -1.270000000000001128 ) ) ;
#4478 = LINE ( 'NONE', #3947, #6548 ) ;
#4479 = ORIENTED_EDGE ( 'NONE', *, *, #1846, .T. ) ;
#4480 = LINE ( 'NONE', #2406, #1314 ) ;
#4481 = VERTEX_POINT ( 'NONE', #2616 ) ;
#4482 = LINE ( 'NONE', #1591, #4415 ) ;
#4483 = AXIS2_PLACEMENT_3D ( 'NONE', #6507, #707, #2156 ) ;
#4484 = PLANE ( 'NONE',  #4610 ) ;
#4485 = ORIENTED_EDGE ( 'NONE', *, *, #5567, .F. ) ;
#4486 = FACE_OUTER_BOUND ( 'NONE', #3916, .T. ) ;
#4487 = EDGE_LOOP ( 'NONE', ( #5084, #588, #5248, #6218 ) ) ;
#4488 = COLOUR_RGB ( '',0.2509803921568627416, 0.2509803921568627416, 0.2509803921568627416 ) ;
#4489 = VERTEX_POINT ( 'NONE', #4122 ) ;
#4490 = FACE_OUTER_BOUND ( 'NONE', #3770, .T. ) ;
#4491 = EDGE_CURVE ( 'NONE', #5605, #3668, #1980, .T. ) ;
#4492 = VECTOR ( 'NONE', #5445, 1000.000000000000000 ) ;
#4493 = CARTESIAN_POINT ( 'NONE',  ( -5.460999999999994969, 7.239000000000000767, 0.3809999999999946207 ) ) ;
#4494 = DIRECTION ( 'NONE',  ( 0.000000000000000000, 0.000000000000000000, -1.000000000000000000 ) ) ;
#4495 = ORIENTED_EDGE ( 'NONE', *, *, #3269, .T. ) ;
#4496 = PLANE ( 'NONE',  #4653 ) ;
#4497 = CARTESIAN_POINT ( 'NONE',  ( 1.270000000000003793, 0.5080000000000002292, -0.7528818102449945648 ) ) ;
#4498 = VECTOR ( 'NONE', #1386, 1000.000000000000000 ) ;
#4499 = EDGE_CURVE ( 'NONE', #5353, #4515, #942, .T. ) ;
#4500 = VECTOR ( 'NONE', #4806, 1000.000000000000000 ) ;
#4501 = FACE_OUTER_BOUND ( 'NONE', #3885, .T. ) ;
#4502 = ADVANCED_FACE ( 'NONE', ( #6745 ), #3656, .F. ) ;
#4503 = PLANE ( 'NONE',  #2862 ) ;
#4504 = CARTESIAN_POINT ( 'NONE',  ( 1.270000000000003793, 8.509000000000000341, 0.8254999999999963478 ) ) ;
#4505 = ORIENTED_EDGE ( 'NONE', *, *, #5748, .F. ) ;
#4506 = VECTOR ( 'NONE', #1933, 1000.000000000000000 ) ;
#4507 = DIRECTION ( 'NONE',  ( 0.000000000000000000, 0.000000000000000000, -1.000000000000000000 ) ) ;
#4508 = ORIENTED_EDGE ( 'NONE', *, *, #760, .F. ) ;
#4509 = VECTOR ( 'NONE', #1002, 1000.000000000000000 ) ;
#4510 = CARTESIAN_POINT ( 'NONE',  ( -13.96999999999999886, 8.509000000000000341, -1.270000000000001128 ) ) ;
#4511 = ORIENTED_EDGE ( 'NONE', *, *, #1802, .F. ) ;
#4512 = EDGE_CURVE ( 'NONE', #3668, #4055, #1502, .T. ) ;
#4513 = LINE ( 'NONE', #1850, #3627 ) ;
#4514 = DIRECTION ( 'NONE',  ( 0.000000000000000000, -5.054934237236841843E-31, -1.000000000000000000 ) ) ;
#4515 = VERTEX_POINT ( 'NONE', #6781 ) ;
#4516 = CARTESIAN_POINT ( 'NONE',  ( 2.159000000000004693, 8.064500000000000668, -0.3810000000000040021 ) ) ;
#4517 = ORIENTED_EDGE ( 'NONE', *, *, #4986, .F. ) ;
#4518 = VECTOR ( 'NONE', #3170, 1000.000000000000000 ) ;
#4519 = CARTESIAN_POINT ( 'NONE',  ( 4.699000000000005173, 8.064500000000000668, 0.3809999999999946207 ) ) ;
#4520 = ORIENTED_EDGE ( 'NONE', *, *, #3217, .T. ) ;
#4521 = DIRECTION ( 'NONE',  ( 0.000000000000000000, -1.440069553722777130E-16, 1.000000000000000000 ) ) ;
#4522 = PRESENTATION_STYLE_ASSIGNMENT (( #722 ) ) ;
#4523 = VERTEX_POINT ( 'NONE', #6255 ) ;
#4524 = VECTOR ( 'NONE', #3400, 1000.000000000000000 ) ;
#4525 = ORIENTED_EDGE ( 'NONE', *, *, #2506, .F. ) ;
#4526 = LINE ( 'NONE', #3470, #115 ) ;
#4527 = VECTOR ( 'NONE', #2082, 1000.000000000000000 ) ;
#4528 = DIRECTION ( 'NONE',  ( 0.7071067811865475727, -0.7071067811865475727, 0.000000000000000000 ) ) ;
#4529 = CARTESIAN_POINT ( 'NONE',  ( 7.620000000000000107, 7.239000000000000767, -2.201425730935033664E-16 ) ) ;
#4530 = EDGE_CURVE ( 'NONE', #2561, #6016, #4190, .T. ) ;
#4531 = ORIENTED_EDGE ( 'NONE', *, *, #4890, .T. ) ;
#4532 = CARTESIAN_POINT ( 'NONE',  ( 11.43000000000000504, 2.177422008883992879E-16, -0.8890000000000013447 ) ) ;
#4533 = LINE ( 'NONE', #5092, #4067 ) ;
#4534 = AXIS2_PLACEMENT_3D ( 'NONE', #5160, #1497, #2500 ) ;
#4535 = VECTOR ( 'NONE', #2122, 1000.000000000000000 ) ;
#4536 = EDGE_CURVE ( 'NONE', #5642, #4162, #3139, .T. ) ;
#4537 = DIRECTION ( 'NONE',  ( 0.000000000000000000, 0.9659258262890699775, 0.2588190451025145222 ) ) ;
#4538 = AXIS2_PLACEMENT_3D ( 'NONE', #2756, #5974, #4790 ) ;
#4539 = VECTOR ( 'NONE', #2579, 999.9999999999998863 ) ;
#4540 = DIRECTION ( 'NONE',  ( -0.000000000000000000, 1.000000000000000000, 2.449293598294710852E-16 ) ) ;
#4541 = CARTESIAN_POINT ( 'NONE',  ( -10.54099999999999504, 8.064500000000000668, 0.3809999999999946207 ) ) ;
#4542 = DIRECTION ( 'NONE',  ( -0.5773502691896253980, 0.5773502691896253980, -0.5773502691896266192 ) ) ;
#4543 = ORIENTED_EDGE ( 'NONE', *, *, #4416, .T. ) ;
#4544 = LINE ( 'NONE', #3382, #2469 ) ;
#4545 = DIRECTION ( 'NONE',  ( 0.000000000000000000, 0.000000000000000000, 1.000000000000000000 ) ) ;
#4546 = VECTOR ( 'NONE', #2244, 1000.000000000000000 ) ;
#4547 = EDGE_CURVE ( 'NONE', #5914, #3968, #3553, .T. ) ;
#4548 = UNCERTAINTY_MEASURE_WITH_UNIT (LENGTH_MEASURE( 1.000000000000000082E-05 ), #5522, 'distance_accuracy_value', 'NONE');
#4549 = VECTOR ( 'NONE', #4444, 1000.000000000000000 ) ;
#4550 = CARTESIAN_POINT ( 'NONE',  ( 1.270000000000003793, -1.925929944387235853E-31, 0.8889999999999991243 ) ) ;
#4551 = CARTESIAN_POINT ( 'NONE',  ( -8.889999999999997016, 3.110602869834277161E-16, -1.270000000000001128 ) ) ;
#4552 = EDGE_LOOP ( 'NONE', ( #4223, #2656, #1003, #1923 ) ) ;
#4553 = DIRECTION ( 'NONE',  ( -0.5773502691896253980, 0.5773502691896253980, -0.5773502691896266192 ) ) ;
#4554 = ORIENTED_EDGE ( 'NONE', *, *, #1397, .F. ) ;
#4555 = EDGE_CURVE ( 'NONE', #4810, #6477, #5202, .T. ) ;
#4556 = LINE ( 'NONE', #851, #3594 ) ;
#4557 = EDGE_LOOP ( 'NONE', ( #1097, #4618, #62, #3774 ) ) ;
#4558 = LINE ( 'NONE', #3919, #6202 ) ;
#4559 = DIRECTION ( 'NONE',  ( 0.000000000000000000, -1.000000000000000000, -2.548365665731588345E-16 ) ) ;
#4560 = VERTEX_POINT ( 'NONE', #5670 ) ;
#4561 = ORIENTED_EDGE ( 'NONE', *, *, #3908, .F. ) ;
#4562 = DIRECTION ( 'NONE',  ( -1.000000000000000000, 0.000000000000000000, 0.000000000000000000 ) ) ;
#4563 = EDGE_CURVE ( 'NONE', #1162, #5819, #5769, .T. ) ;
#4564 = CARTESIAN_POINT ( 'NONE',  ( -4.254499999999995730, 8.509000000000000341, -0.8255000000000052296 ) ) ;
#4565 = PLANE ( 'NONE',  #4397 ) ;
#4566 = VERTEX_POINT ( 'NONE', #4090 ) ;
#4567 = CARTESIAN_POINT ( 'NONE',  ( -3.809999999999997389, 8.509000000000000341, -1.270000000000001128 ) ) ;
#4568 = CARTESIAN_POINT ( 'NONE',  ( 8.890000000000004121, 8.509000000000000341, 0.8254999999999963478 ) ) ;
#4569 = EDGE_CURVE ( 'NONE', #1342, #3849, #5731, .T. ) ;
#4570 = DIRECTION ( 'NONE',  ( 0.000000000000000000, -1.733406087350420004E-16, 1.000000000000000000 ) ) ;
#4571 = LINE ( 'NONE', #275, #5956 ) ;
#4572 = SURFACE_STYLE_FILL_AREA ( #901 ) ;
#4573 = DIRECTION ( 'NONE',  ( 0.000000000000000000, 1.000000000000000000, 2.548365665731588345E-16 ) ) ;
#4574 = EDGE_LOOP ( 'NONE', ( #925, #1419, #606, #4133, #6659, #250, #563, #5192 ) ) ;
#4575 = CARTESIAN_POINT ( 'NONE',  ( -8.889999999999998792, 0.5080000000000000071, 0.7528818102449925664 ) ) ;
#4576 = VECTOR ( 'NONE', #4591, 999.9999999999998863 ) ;
#4577 = EDGE_CURVE ( 'NONE', #1366, #3142, #5274, .T. ) ;
#4578 =( LENGTH_UNIT ( ) NAMED_UNIT ( * ) SI_UNIT ( .MILLI., .METRE. ) );
#4579 = PLANE ( 'NONE',  #1295 ) ;
#4580 = CARTESIAN_POINT ( 'NONE',  ( 12.31900000000000617, 7.239000000000000767, 0.3809999999999946207 ) ) ;
#4581 = EDGE_LOOP ( 'NONE', ( #4176, #3339, #5331, #1451, #80, #5948, #3116, #1312 ) ) ;
#4582 = CARTESIAN_POINT ( 'NONE',  ( 8.890000000000004121, 8.509000000000000341, 1.270000000000001128 ) ) ;
#4583 = VERTEX_POINT ( 'NONE', #4717 ) ;
#4584 = DIRECTION ( 'NONE',  ( 0.000000000000000000, -0.000000000000000000, -1.000000000000000000 ) ) ;
#4585 = ORIENTED_EDGE ( 'NONE', *, *, #5684, .F. ) ;
#4586 = LINE ( 'NONE', #5043, #5417 ) ;
#4587 = APPLICATION_CONTEXT ( 'automotive_design' ) ;
#4588 = ORIENTED_EDGE ( 'NONE', *, *, #5094, .T. ) ;
#4589 = EDGE_CURVE ( 'NONE', #1819, #2531, #5696, .T. ) ;
#4590 = EDGE_LOOP ( 'NONE', ( #6393, #3359, #6646, #242, #4615, #397, #646, #2227 ) ) ;
#4591 = DIRECTION ( 'NONE',  ( 0.5773502691896252870, -0.5773502691896252870, -0.5773502691896267303 ) ) ;
#4592 = PLANE ( 'NONE',  #2591 ) ;
#4593 = EDGE_LOOP ( 'NONE', ( #255, #4425, #5795, #4508 ) ) ;
#4594 = VECTOR ( 'NONE', #6540, 1000.000000000000000 ) ;
#4595 = CARTESIAN_POINT ( 'NONE',  ( 2.159000000000004693, 7.239000000000000767, 0.3809999999999946207 ) ) ;
#4596 = ORIENTED_EDGE ( 'NONE', *, *, #1605, .F. ) ;
#4597 = EDGE_CURVE ( 'NONE', #5764, #463, #978, .T. ) ;
#4598 = CARTESIAN_POINT ( 'NONE',  ( 7.239000000000006096, 7.239000000000000767, 0.3809999999999946207 ) ) ;
#4599 = ADVANCED_FACE ( 'NONE', ( #5237 ), #6363, .F. ) ;
#4600 = AXIS2_PLACEMENT_3D ( 'NONE', #1081, #3211, #4821 ) ;
#4601 = CARTESIAN_POINT ( 'NONE',  ( 3.810000000000002718, 0.000000000000000000, 1.269999999999998908 ) ) ;
#4602 = LINE ( 'NONE', #3610, #5171 ) ;
#4603 = DIRECTION ( 'NONE',  ( 0.000000000000000000, 1.000000000000000000, 2.548365665731588345E-16 ) ) ;
#4604 = VECTOR ( 'NONE', #1700, 1000.000000000000000 ) ;
#4605 = FACE_OUTER_BOUND ( 'NONE', #6601, .T. ) ;
#4606 = EDGE_CURVE ( 'NONE', #5213, #1621, #5134, .T. ) ;
#4607 = VERTEX_POINT ( 'NONE', #4612 ) ;
#4608 = DIRECTION ( 'NONE',  ( 0.000000000000000000, -0.9659258262890699775, -0.2588190451025145222 ) ) ;
#4609 =( LENGTH_UNIT ( ) NAMED_UNIT ( * ) SI_UNIT ( .MILLI., .METRE. ) );
#4610 = AXIS2_PLACEMENT_3D ( 'NONE', #6617, #1822, #3994 ) ;
#4611 = DIRECTION ( 'NONE',  ( 0.000000000000000000, -5.054934237236841843E-31, -1.000000000000000000 ) ) ;
#4612 = CARTESIAN_POINT ( 'NONE',  ( 1.270000000000002016, 2.177422008883992879E-16, -0.8890000000000013447 ) ) ;
#4613 = CARTESIAN_POINT ( 'NONE',  ( 8.890000000000004121, 8.509000000000000341, 1.270000000000001128 ) ) ;
#4614 = EDGE_CURVE ( 'NONE', #5426, #2049, #2470, .T. ) ;
#4615 = ORIENTED_EDGE ( 'NONE', *, *, #4499, .T. ) ;
#4616 = CARTESIAN_POINT ( 'NONE',  ( 2.159000000000004693, 7.239000000000000767, 0.3809999999999946207 ) ) ;
#4617 = VECTOR ( 'NONE', #6673, 1000.000000000000000 ) ;
#4618 = ORIENTED_EDGE ( 'NONE', *, *, #750, .F. ) ;
#4619 = VECTOR ( 'NONE', #5438, 1000.000000000000000 ) ;
#4620 = DIRECTION ( 'NONE',  ( 0.000000000000000000, 0.000000000000000000, -1.000000000000000000 ) ) ;
#4621 = EDGE_LOOP ( 'NONE', ( #2334, #1914, #4807, #1849 ) ) ;
#4622 = DIRECTION ( 'NONE',  ( -0.000000000000000000, 1.000000000000000000, 1.733406087350420004E-16 ) ) ;
#4623 = LINE ( 'NONE', #2553, #6868 ) ;
#4624 = EDGE_LOOP ( 'NONE', ( #3484, #6829, #494, #1301 ) ) ;
#4625 = EDGE_LOOP ( 'NONE', ( #5595, #3079, #5206, #1667 ) ) ;
#4626 = LINE ( 'NONE', #3085, #2788 ) ;
#4627 = EDGE_CURVE ( 'NONE', #2034, #4476, #6225, .T. ) ;
#4628 = AXIS2_PLACEMENT_3D ( 'NONE', #4819, #665, #1738 ) ;
#4629 = LINE ( 'NONE', #6204, #2820 ) ;
#4630 = ORIENTED_EDGE ( 'NONE', *, *, #5358, .F. ) ;
#4631 =( GEOMETRIC_REPRESENTATION_CONTEXT ( 3 ) GLOBAL_UNCERTAINTY_ASSIGNED_CONTEXT ( ( #4407 ) ) GLOBAL_UNIT_ASSIGNED_CONTEXT ( ( #6128, #4456, #5543 ) ) REPRESENTATION_CONTEXT ( 'NONE', 'WORKASPACE' ) );
#4632 = DIRECTION ( 'NONE',  ( -0.000000000000000000, -0.7071067811865482389, -0.7071067811865467956 ) ) ;
#4633 = ORIENTED_EDGE ( 'NONE', *, *, #1500, .T. ) ;
#4634 = EDGE_CURVE ( 'NONE', #4321, #2358, #2716, .T. ) ;
#4635 = DIRECTION ( 'NONE',  ( 1.000000000000000000, 0.000000000000000000, 0.000000000000000000 ) ) ;
#4636 = VECTOR ( 'NONE', #2206, 1000.000000000000000 ) ;
#4637 = ADVANCED_FACE ( 'NONE', ( #3245 ), #1569, .F. ) ;
#4638 = EDGE_CURVE ( 'NONE', #5503, #4162, #6467, .T. ) ;
#4639 = LINE ( 'NONE', #5718, #256 ) ;
#4640 = DIRECTION ( 'NONE',  ( 0.000000000000000000, 2.548365665731588345E-16, -1.000000000000000000 ) ) ;
#4641 = ORIENTED_EDGE ( 'NONE', *, *, #5833, .T. ) ;
#4642 = VECTOR ( 'NONE', #4347, 1000.000000000000000 ) ;
#4643 = VECTOR ( 'NONE', #6897, 1000.000000000000000 ) ;
#4644 = ORIENTED_EDGE ( 'NONE', *, *, #318, .T. ) ;
#4645 = CARTESIAN_POINT ( 'NONE',  ( 11.43000000000000504, -1.925929944387235853E-31, 0.8889999999999991243 ) ) ;
#4646 = VECTOR ( 'NONE', #772, 1000.000000000000000 ) ;
#4647 = VECTOR ( 'NONE', #2260, 1000.000000000000000 ) ;
#4648 = CARTESIAN_POINT ( 'NONE',  ( -14.22399999999999842, -1.925929944387235853E-31, 0.8889999999999991243 ) ) ;
#4649 = CARTESIAN_POINT ( 'NONE',  ( 8.001000000000004775, 8.064500000000000668, -0.3810000000000040021 ) ) ;
#4650 = PLANE ( 'NONE',  #1191 ) ;
#4651 = ORIENTED_EDGE ( 'NONE', *, *, #1463, .F. ) ;
#4652 = LINE ( 'NONE', #6889, #6890 ) ;
#4653 = AXIS2_PLACEMENT_3D ( 'NONE', #3373, #6593, #6668 ) ;
#4654 = EDGE_LOOP ( 'NONE', ( #1152, #4676, #6859, #3404, #3332, #4158, #1694, #2065 ) ) ;
#4655 = ADVANCED_FACE ( 'NONE', ( #39 ), #4261, .F. ) ;
#4656 = CARTESIAN_POINT ( 'NONE',  ( 0.3810000000000000053, -2.692399999999995686, 0.2032000000000002971 ) ) ;
#4657 = VECTOR ( 'NONE', #2721, 1000.000000000000000 ) ;
#4658 = DIRECTION ( 'NONE',  ( -0.000000000000000000, 1.000000000000000000, 1.733406087350420004E-16 ) ) ;
#4659 = ORIENTED_EDGE ( 'NONE', *, *, #6811, .T. ) ;
#4660 = DIRECTION ( 'NONE',  ( -0.000000000000000000, 1.000000000000000000, 1.733406087350420004E-16 ) ) ;
#4661 = FACE_OUTER_BOUND ( 'NONE', #5001, .T. ) ;
#4662 = ORIENTED_EDGE ( 'NONE', *, *, #1007, .T. ) ;
#4663 = VERTEX_POINT ( 'NONE', #4338 ) ;
#4664 = PLANE ( 'NONE',  #336 ) ;
#4665 = DIRECTION ( 'NONE',  ( 0.000000000000000000, 0.000000000000000000, 1.000000000000000000 ) ) ;
#4666 = EDGE_LOOP ( 'NONE', ( #5903, #6807, #3160, #4505 ) ) ;
#4667 = CARTESIAN_POINT ( 'NONE',  ( 6.350000000000003197, 0.5080000000000000071, 0.7528818102449925664 ) ) ;
#4668 = DIRECTION ( 'NONE',  ( 0.000000000000000000, 0.000000000000000000, -1.000000000000000000 ) ) ;
#4669 = ORIENTED_EDGE ( 'NONE', *, *, #2308, .T. ) ;
#4670 = DIRECTION ( 'NONE',  ( -1.000000000000000000, -0.000000000000000000, -0.000000000000000000 ) ) ;
#4671 = EDGE_CURVE ( 'NONE', #6722, #3089, #3726, .T. ) ;
#4672 = DIRECTION ( 'NONE',  ( 0.000000000000000000, 0.000000000000000000, 1.000000000000000000 ) ) ;
#4673 = LINE ( 'NONE', #5301, #2603 ) ;
#4674 = ORIENTED_EDGE ( 'NONE', *, *, #2007, .T. ) ;
#4675 = DIRECTION ( 'NONE',  ( 0.000000000000000000, 0.000000000000000000, -1.000000000000000000 ) ) ;
#4676 = ORIENTED_EDGE ( 'NONE', *, *, #3924, .F. ) ;
#4677 = CARTESIAN_POINT ( 'NONE',  ( -13.96999999999999886, 2.177422008883992879E-16, -0.8890000000000013447 ) ) ;
#4678 = ITEM_DEFINED_TRANSFORMATION ( 'NONE', 'NONE', #2009,  #5362 ) ;
#4679 = LINE ( 'NONE', #976, #2813 ) ;
#4680 = DIRECTION ( 'NONE',  ( -0.5773502691896253980, 0.5773502691896253980, -0.5773502691896266192 ) ) ;
#4681 = DIRECTION ( 'NONE',  ( 0.000000000000000000, -0.000000000000000000, -1.000000000000000000 ) ) ;
#4682 = VERTEX_POINT ( 'NONE', #1646 ) ;
#4683 = CARTESIAN_POINT ( 'NONE',  ( -6.349999999999996980, 8.509000000000000341, -1.270000000000001128 ) ) ;
#4684 = ORIENTED_EDGE ( 'NONE', *, *, #6326, .F. ) ;
#4685 = EDGE_CURVE ( 'NONE', #4452, #3777, #2150, .T. ) ;
#4686 = DIRECTION ( 'NONE',  ( 0.000000000000000000, 1.000000000000000000, 0.000000000000000000 ) ) ;
#4687 = AXIS2_PLACEMENT_3D ( 'NONE', #687, #6132, #3405 ) ;
#4688 = DIRECTION ( 'NONE',  ( 0.000000000000000000, -2.449293598294710852E-16, 1.000000000000000000 ) ) ;
#4689 = ORIENTED_EDGE ( 'NONE', *, *, #5139, .T. ) ;
#4690 = LINE ( 'NONE', #2057, #2859 ) ;
#4691 = LINE ( 'NONE', #988, #4751 ) ;
#4692 = ORIENTED_EDGE ( 'NONE', *, *, #1165, .T. ) ;
#4693 = CARTESIAN_POINT ( 'NONE',  ( -0.3810000000000000053, 0.5079999999999997851, 0.2032000000000010465 ) ) ;
#4694 = ORIENTED_EDGE ( 'NONE', *, *, #3572, .T. ) ;
#4695 = ADVANCED_FACE ( 'NONE', ( #1048 ), #559, .F. ) ;
#4696 = CARTESIAN_POINT ( 'NONE',  ( 0.3810000000000000053, 0.5079999999999997851, 0.2032000000000010465 ) ) ;
#4697 = EDGE_LOOP ( 'NONE', ( #4270, #5962, #2114, #5721 ) ) ;
#4698 = AXIS2_PLACEMENT_3D ( 'NONE', #3669, #5250, #609 ) ;
#4699 = CARTESIAN_POINT ( 'NONE',  ( 9.779000000000007020, 8.064500000000000668, 0.3809999999999946207 ) ) ;
#4700 = CARTESIAN_POINT ( 'NONE',  ( -14.22399999999999842, 0.000000000000000000, 1.269999999999998908 ) ) ;
#4701 = VERTEX_POINT ( 'NONE', #5872 ) ;
#4702 = EDGE_CURVE ( 'NONE', #3748, #4452, #5455, .T. ) ;
#4703 = PLANE ( 'NONE',  #1283 ) ;
#4704 = VECTOR ( 'NONE', #6786, 999.9999999999998863 ) ;
#4705 = PLANE ( 'NONE',  #145 ) ;
#4706 = CARTESIAN_POINT ( 'NONE',  ( -11.42999999999999794, -1.925929944387235853E-31, 0.8889999999999991243 ) ) ;
#4707 = ORIENTED_EDGE ( 'NONE', *, *, #4606, .T. ) ;
#4708 = DIRECTION ( 'NONE',  ( 0.000000000000000000, -5.054934237236841843E-31, -1.000000000000000000 ) ) ;
#4709 = VERTEX_POINT ( 'NONE', #2250 ) ;
#4710 = CARTESIAN_POINT ( 'NONE',  ( -3.809999999999997389, 8.509000000000000341, -0.8255000000000052296 ) ) ;
#4711 = EDGE_CURVE ( 'NONE', #4063, #4037, #669, .T. ) ;
#4712 = STYLED_ITEM ( 'NONE', ( #6140 ), #639 ) ;
#4713 = VECTOR ( 'NONE', #3485, 1000.000000000000000 ) ;
#4714 = EDGE_CURVE ( 'NONE', #6348, #2802, #3318, .T. ) ;
#4715 = FACE_OUTER_BOUND ( 'NONE', #6429, .T. ) ;
#4716 = AXIS2_PLACEMENT_3D ( 'NONE', #174, #4570, #2074 ) ;
#4717 = CARTESIAN_POINT ( 'NONE',  ( 13.52550000000000630, 8.509000000000000341, -0.8255000000000052296 ) ) ;
#4718 = DIRECTION ( 'NONE',  ( 0.000000000000000000, 0.000000000000000000, 1.000000000000000000 ) ) ;
#4719 = ORIENTED_EDGE ( 'NONE', *, *, #6751, .T. ) ;
#4720 = CARTESIAN_POINT ( 'NONE',  ( 11.43000000000000504, 8.509000000000000341, 1.270000000000001128 ) ) ;
#4721 = ORIENTED_EDGE ( 'NONE', *, *, #2673, .T. ) ;
#4722 = VECTOR ( 'NONE', #914, 1000.000000000000000 ) ;
#4723 = APPLICATION_CONTEXT ( 'automotive_design' ) ;
#4724 = CARTESIAN_POINT ( 'NONE',  ( 1.714500000000004132, 8.509000000000000341, -0.8255000000000052296 ) ) ;
#4725 = EDGE_CURVE ( 'NONE', #3402, #5839, #5938, .T. ) ;
#4726 = CARTESIAN_POINT ( 'NONE',  ( -8.000999999999994117, 8.064500000000000668, 0.3809999999999947873 ) ) ;
#4727 = ORIENTED_EDGE ( 'NONE', *, *, #3559, .T. ) ;
#4728 = LINE ( 'NONE', #5212, #4419 ) ;
#4729 = AXIS2_PLACEMENT_3D ( 'NONE', #2002, #4144, #1423 ) ;
#4730 = CARTESIAN_POINT ( 'NONE',  ( 10.54100000000000570, 7.239000000000000767, -0.3810000000000041687 ) ) ;
#4731 = ORIENTED_EDGE ( 'NONE', *, *, #4405, .T. ) ;
#4732 = DIRECTION ( 'NONE',  ( -0.5773502691896253980, 0.5773502691896253980, -0.5773502691896266192 ) ) ;
#4733 = ADVANCED_FACE ( 'NONE', ( #2683, #4857 ), #4300, .F. ) ;
#4734 = ORIENTED_EDGE ( 'NONE', *, *, #3965, .F. ) ;
#4735 = DIRECTION ( 'NONE',  ( 0.000000000000000000, -5.054934237236841843E-31, -1.000000000000000000 ) ) ;
#4736 = ORIENTED_EDGE ( 'NONE', *, *, #196, .F. ) ;
#4737 = DIRECTION ( 'NONE',  ( -0.000000000000000000, 1.000000000000000000, 1.733406087350420004E-16 ) ) ;
#4738 = DIRECTION ( 'NONE',  ( 0.000000000000000000, 2.449293598294710852E-16, -1.000000000000000000 ) ) ;
#4739 = ORIENTED_EDGE ( 'NONE', *, *, #5931, .F. ) ;
#4740 = CARTESIAN_POINT ( 'NONE',  ( 6.350000000000003197, -1.925929944387235853E-31, 0.8889999999999991243 ) ) ;
#4741 = VECTOR ( 'NONE', #22, 1000.000000000000000 ) ;
#4742 = CARTESIAN_POINT ( 'NONE',  ( 14.22399999999999842, 3.110602869834277161E-16, -1.270000000000001128 ) ) ;
#4743 = VECTOR ( 'NONE', #6495, 1000.000000000000000 ) ;
#4744 = EDGE_CURVE ( 'NONE', #2722, #1711, #3281, .T. ) ;
#4745 = CARTESIAN_POINT ( 'NONE',  ( 2.921000000000003372, 8.064500000000000668, 0.3809999999999946207 ) ) ;
#4746 = CARTESIAN_POINT ( 'NONE',  ( 11.43000000000000504, 0.5080000000000000071, 0.7528818102449925664 ) ) ;
#4747 = ORIENTED_EDGE ( 'NONE', *, *, #601, .T. ) ;
#4748 = ORIENTED_EDGE ( 'NONE', *, *, #6811, .F. ) ;
#4749 = LINE ( 'NONE', #903, #4178 ) ;
#4750 = AXIS2_PLACEMENT_3D ( 'NONE', #1390, #2432, #4573 ) ;
#4751 = VECTOR ( 'NONE', #6821, 1000.000000000000000 ) ;
#4752 = ADVANCED_FACE ( 'NONE', ( #2216 ), #631, .F. ) ;
#4753 = DIRECTION ( 'NONE',  ( 0.000000000000000000, 5.054934237236841843E-31, 1.000000000000000000 ) ) ;
#4754 = AXIS2_PLACEMENT_3D ( 'NONE', #2835, #3489, #1780 ) ;
#4755 = CARTESIAN_POINT ( 'NONE',  ( -8.000999999999994117, 8.064500000000000668, 0.3809999999999946207 ) ) ;
#4756 = PLANE ( 'NONE',  #1857 ) ;
#4757 = VERTEX_POINT ( 'NONE', #3 ) ;
#4758 = PLANE ( 'NONE',  #420 ) ;
#4759 = ORIENTED_EDGE ( 'NONE', *, *, #6903, .T. ) ;
#4760 = ADVANCED_FACE ( 'NONE', ( #1115 ), #4891, .F. ) ;
#4761 = VECTOR ( 'NONE', #4228, 1000.000000000000000 ) ;
#4762 = VECTOR ( 'NONE', #3034, 1000.000000000000000 ) ;
#4763 = LINE ( 'NONE', #4234, #2810 ) ;
#4764 = EDGE_CURVE ( 'NONE', #1343, #4489, #278, .T. ) ;
#4765 = DIRECTION ( 'NONE',  ( -0.000000000000000000, -0.000000000000000000, 1.000000000000000000 ) ) ;
#4766 = ORIENTED_EDGE ( 'NONE', *, *, #166, .T. ) ;
#4767 = FACE_OUTER_BOUND ( 'NONE', #6819, .T. ) ;
#4768 = CARTESIAN_POINT ( 'NONE',  ( 14.22399999999999842, 2.177422008883992879E-16, -0.8890000000000013447 ) ) ;
#4769 = ORIENTED_EDGE ( 'NONE', *, *, #2955, .T. ) ;
#4770 = ORIENTED_EDGE ( 'NONE', *, *, #1172, .T. ) ;
#4771 =( LENGTH_UNIT ( ) NAMED_UNIT ( * ) SI_UNIT ( .MILLI., .METRE. ) );
#4772 = EDGE_CURVE ( 'NONE', #3849, #1507, #6674, .T. ) ;
#4773 = AXIS2_PLACEMENT_3D ( 'NONE', #4720, #6258, #1469 ) ;
#4774 = DIRECTION ( 'NONE',  ( -0.000000000000000000, -0.000000000000000000, 1.000000000000000000 ) ) ;
#4775 = VERTEX_POINT ( 'NONE', #3419 ) ;
#4776 = DIRECTION ( 'NONE',  ( 0.000000000000000000, 1.440069553722777130E-16, -1.000000000000000000 ) ) ;
#4777 = CARTESIAN_POINT ( 'NONE',  ( 8.890000000000004121, -1.925929944387235853E-31, 0.8889999999999991243 ) ) ;
#4778 = ORIENTED_EDGE ( 'NONE', *, *, #4512, .F. ) ;
#4779 = DIRECTION ( 'NONE',  ( 0.000000000000000000, 1.000000000000000000, 1.733406087350420004E-16 ) ) ;
#4780 = FACE_OUTER_BOUND ( 'NONE', #2777, .T. ) ;
#4781 = CARTESIAN_POINT ( 'NONE',  ( 11.43000000000000504, 8.509000000000000341, 1.270000000000001128 ) ) ;
#4782 = CARTESIAN_POINT ( 'NONE',  ( 2.159000000000004693, 8.064500000000000668, 0.3809999999999947873 ) ) ;
#4783 = ORIENTED_EDGE ( 'NONE', *, *, #6163, .T. ) ;
#4784 = LINE ( 'NONE', #4256, #3755 ) ;
#4785 = ORIENTED_EDGE ( 'NONE', *, *, #5574, .F. ) ;
#4786 = LINE ( 'NONE', #2110, #5413 ) ;
#4787 = ITEM_DEFINED_TRANSFORMATION ( 'NONE', 'NONE', #1689,  #5362 ) ;
#4788 = EDGE_CURVE ( 'NONE', #3092, #2661, #837, .T. ) ;
#4789 = LINE ( 'NONE', #2111, #3368 ) ;
#4790 = DIRECTION ( 'NONE',  ( 0.000000000000000000, 5.054934237236841843E-31, 1.000000000000000000 ) ) ;
#4791 = DIRECTION ( 'NONE',  ( 1.000000000000000000, 0.000000000000000000, 0.000000000000000000 ) ) ;
#4792 = ORIENTED_EDGE ( 'NONE', *, *, #2401, .T. ) ;
#4793 = DIRECTION ( 'NONE',  ( 0.000000000000000000, 2.338910953479677683E-16, -1.000000000000000000 ) ) ;
#4794 = VERTEX_POINT ( 'NONE', #4990 ) ;
#4795 = ADVANCED_FACE ( 'NONE', ( #2289 ), #6568, .F. ) ;
#4796 = CARTESIAN_POINT ( 'NONE',  ( -3.809999999999997389, 0.5080000000000002292, -0.7528818102449945648 ) ) ;
#4797 = CARTESIAN_POINT ( 'NONE',  ( 7.239000000000006096, 7.239000000000000767, 0.3809999999999946207 ) ) ;
#4798 = EDGE_LOOP ( 'NONE', ( #5074, #2697, #2341, #3548 ) ) ;
#4799 = VECTOR ( 'NONE', #2207, 1000.000000000000000 ) ;
#4800 = DIRECTION ( 'NONE',  ( 0.000000000000000000, -1.000000000000000000, 0.000000000000000000 ) ) ;
#4801 = LINE ( 'NONE', #539, #3190 ) ;
#4802 = EDGE_LOOP ( 'NONE', ( #1484, #2192, #3540, #3063 ) ) ;
#4803 = SURFACE_STYLE_USAGE ( .BOTH. , #2630 ) ;
#4804 = ORIENTED_EDGE ( 'NONE', *, *, #4104, .F. ) ;
#4805 = EDGE_CURVE ( 'NONE', #779, #3283, #739, .T. ) ;
#4806 = DIRECTION ( 'NONE',  ( 0.000000000000000000, -1.000000000000000000, 0.000000000000000000 ) ) ;
#4807 = ORIENTED_EDGE ( 'NONE', *, *, #4555, .F. ) ;
#4808 = FACE_OUTER_BOUND ( 'NONE', #5612, .T. ) ;
#4809 = CARTESIAN_POINT ( 'NONE',  ( 1.270000000000003793, 3.110602869834277161E-16, -1.270000000000001128 ) ) ;
#4810 = VERTEX_POINT ( 'NONE', #2897 ) ;
#4811 = CARTESIAN_POINT ( 'NONE',  ( 13.97000000000000419, -1.925929944387235853E-31, 0.8889999999999991243 ) ) ;
#4812 = CARTESIAN_POINT ( 'NONE',  ( 0.3810000000000000053, -3.200400000000000134, 0.2032000000000001583 ) ) ;
#4813 = FACE_OUTER_BOUND ( 'NONE', #4593, .T. ) ;
#4814 = ADVANCED_FACE ( 'NONE', ( #5064 ), #2393, .F. ) ;
#4815 = LINE ( 'NONE', #624, #6411 ) ;
#4816 = ORIENTED_EDGE ( 'NONE', *, *, #4153, .T. ) ;
#4817 =( NAMED_UNIT ( * ) SI_UNIT ( $, .STERADIAN. ) SOLID_ANGLE_UNIT ( ) );
#4818 = VERTEX_POINT ( 'NONE', #6532 ) ;
#4819 = CARTESIAN_POINT ( 'NONE',  ( 6.350000000000003197, 8.509000000000000341, 1.270000000000001128 ) ) ;
#4820 = EDGE_CURVE ( 'NONE', #1544, #5492, #5022, .T. ) ;
#4821 = DIRECTION ( 'NONE',  ( -0.000000000000000000, 0.000000000000000000, -1.000000000000000000 ) ) ;
#4822 = DIRECTION ( 'NONE',  ( 0.000000000000000000, -1.000000000000000000, 0.000000000000000000 ) ) ;
#4823 = VECTOR ( 'NONE', #496, 1000.000000000000114 ) ;
#4824 = CARTESIAN_POINT ( 'NONE',  ( -8.889999999999997016, 0.5080000000000000071, 0.7528818102449925664 ) ) ;
#4825 = VERTEX_POINT ( 'NONE', #1840 ) ;
#4826 = FACE_OUTER_BOUND ( 'NONE', #2795, .T. ) ;
#4827 = EDGE_LOOP ( 'NONE', ( #3335, #4166, #5394, #143 ) ) ;
#4828 = VECTOR ( 'NONE', #381, 1000.000000000000000 ) ;
#4829 = FACE_OUTER_BOUND ( 'NONE', #3880, .T. ) ;
#4830 = ADVANCED_FACE ( 'NONE', ( #2967 ), #3937, .F. ) ;
#4831 = DIRECTION ( 'NONE',  ( 0.000000000000000000, -1.000000000000000000, -1.733406087350420004E-16 ) ) ;
#4832 = ORIENTED_EDGE ( 'NONE', *, *, #910, .T. ) ;
#4833 = DIRECTION ( 'NONE',  ( -0.000000000000000000, 1.000000000000000000, 1.733406087350420004E-16 ) ) ;
#4834 = CARTESIAN_POINT ( 'NONE',  ( 11.43000000000000504, 0.5080000000000002292, -0.7528818102449945648 ) ) ;
#4835 = EDGE_LOOP ( 'NONE', ( #6094, #1477, #4736, #2596 ) ) ;
#4836 = LINE ( 'NONE', #3462, #3316 ) ;
#4837 = VECTOR ( 'NONE', #4665, 1000.000000000000000 ) ;
#4838 = ORIENTED_EDGE ( 'NONE', *, *, #5156, .F. ) ;
#4839 = FILL_AREA_STYLE ('',( #2633 ) ) ;
#4840 = VECTOR ( 'NONE', #4235, 1000.000000000000000 ) ;
#4841 = CARTESIAN_POINT ( 'NONE',  ( 13.97000000000000419, 8.509000000000000341, -1.270000000000001128 ) ) ;
#4842 = ORIENTED_EDGE ( 'NONE', *, *, #6386, .F. ) ;
#4843 = CARTESIAN_POINT ( 'NONE',  ( 8.890000000000004121, 8.509000000000000341, 1.270000000000001128 ) ) ;
#4844 = FACE_OUTER_BOUND ( 'NONE', #4101, .T. ) ;
#4845 = ORIENTED_EDGE ( 'NONE', *, *, #4460, .T. ) ;
#4846 = CARTESIAN_POINT ( 'NONE',  ( -13.96999999999999886, 0.000000000000000000, 0.000000000000000000 ) ) ;
#4847 = PLANE ( 'NONE',  #5587 ) ;
#4848 = AXIS2_PLACEMENT_3D ( 'NONE', #1073, #2747, #5340 ) ;
#4849 = ADVANCED_FACE ( 'NONE', ( #1354 ), #2431, .F. ) ;
#4850 = DIRECTION ( 'NONE',  ( 0.000000000000000000, 0.000000000000000000, 1.000000000000000000 ) ) ;
#4851 = ADVANCED_FACE ( 'NONE', ( #240 ), #1744, .F. ) ;
#4852 = LINE ( 'NONE', #661, #157 ) ;
#4853 = ORIENTED_EDGE ( 'NONE', *, *, #5521, .F. ) ;
#4854 = DIRECTION ( 'NONE',  ( 0.7071067811865475727, -0.7071067811865475727, 0.000000000000000000 ) ) ;
#4855 = VECTOR ( 'NONE', #1459, 1000.000000000000000 ) ;
#4856 = ADVANCED_FACE ( 'NONE', ( #5628 ), #4503, .F. ) ;
#4857 = FACE_OUTER_BOUND ( 'NONE', #937, .T. ) ;
#4858 = DIRECTION ( 'NONE',  ( 0.000000000000000000, 0.000000000000000000, -1.000000000000000000 ) ) ;
#4859 = EDGE_LOOP ( 'NONE', ( #6649, #5610, #6422, #567 ) ) ;
#4860 = CARTESIAN_POINT ( 'NONE',  ( 11.43000000000000504, 0.5080000000000000071, 0.7528818102449925664 ) ) ;
#4861 = EDGE_LOOP ( 'NONE', ( #1075, #464, #2252, #4479 ) ) ;
#4862 = VECTOR ( 'NONE', #314, 1000.000000000000000 ) ;
#4863 = DIRECTION ( 'NONE',  ( -0.000000000000000000, 1.000000000000000000, 1.733406087350420004E-16 ) ) ;
#4864 = ORIENTED_EDGE ( 'NONE', *, *, #5368, .T. ) ;
#4865 = CARTESIAN_POINT ( 'NONE',  ( -1.714499999999995472, 8.509000000000000341, -1.270000000000001128 ) ) ;
#4866 = ORIENTED_EDGE ( 'NONE', *, *, #3864, .F. ) ;
#4867 = CARTESIAN_POINT ( 'NONE',  ( 3.810000000000002718, -1.925929944387235853E-31, 0.8889999999999991243 ) ) ;
#4868 = AXIS2_PLACEMENT_3D ( 'NONE', #2662, #4800, #6410 ) ;
#4869 = PRESENTATION_LAYER_ASSIGNMENT (  '', '', ( #3972 ) ) ;
#4870 = ORIENTED_EDGE ( 'NONE', *, *, #6853, .T. ) ;
#4871 = DIRECTION ( 'NONE',  ( 0.000000000000000000, 0.000000000000000000, 1.000000000000000000 ) ) ;
#4872 = EDGE_CURVE ( 'NONE', #4992, #779, #6110, .T. ) ;
#4873 = VECTOR ( 'NONE', #878, 1000.000000000000000 ) ;
#4874 = AXIS2_PLACEMENT_3D ( 'NONE', #1609, #6887, #3693 ) ;
#4875 = CARTESIAN_POINT ( 'NONE',  ( -10.54099999999999504, 7.239000000000000767, -0.3810000000000041687 ) ) ;
#4876 = EDGE_LOOP ( 'NONE', ( #1171, #3700, #3517, #426 ) ) ;
#4877 = PLANE ( 'NONE',  #396 ) ;
#4878 = DIRECTION ( 'NONE',  ( 0.000000000000000000, 0.000000000000000000, 1.000000000000000000 ) ) ;
#4879 = ORIENTED_EDGE ( 'NONE', *, *, #5755, .F. ) ;
#4880 = CARTESIAN_POINT ( 'NONE',  ( -6.349999999999996980, -1.925929944387235853E-31, 0.8889999999999991243 ) ) ;
#4881 = DIRECTION ( 'NONE',  ( -1.000000000000000000, -0.000000000000000000, -0.000000000000000000 ) ) ;
#4882 = VECTOR ( 'NONE', #3083, 1000.000000000000000 ) ;
#4883 = CARTESIAN_POINT ( 'NONE',  ( -8.889999999999997016, 2.177422008883992879E-16, -0.8890000000000013447 ) ) ;
#4884 = VECTOR ( 'NONE', #1807, 1000.000000000000000 ) ;
#4885 = CARTESIAN_POINT ( 'NONE',  ( 2.159000000000004693, 8.064500000000000668, 0.3809999999999946207 ) ) ;
#4886 = ORIENTED_EDGE ( 'NONE', *, *, #2955, .F. ) ;
#4887 = CARTESIAN_POINT ( 'NONE',  ( -13.08099999999999596, 7.239000000000000767, 0.3809999999999946207 ) ) ;
#4888 = FACE_OUTER_BOUND ( 'NONE', #4876, .T. ) ;
#4889 = CARTESIAN_POINT ( 'NONE',  ( 11.43000000000000504, 0.000000000000000000, 1.269999999999998908 ) ) ;
#4890 = EDGE_CURVE ( 'NONE', #5204, #4324, #5490, .T. ) ;
#4891 = PLANE ( 'NONE',  #6768 ) ;
#4892 = CARTESIAN_POINT ( 'NONE',  ( -1.269999999999996909, 2.177422008883992879E-16, -0.8890000000000013447 ) ) ;
#4893 = VERTEX_POINT ( 'NONE', #804 ) ;
#4894 = PLANE ( 'NONE',  #2647 ) ;
#4895 = ORIENTED_EDGE ( 'NONE', *, *, #273, .T. ) ;
#4896 = PLANE ( 'NONE',  #2699 ) ;
#4897 = UNCERTAINTY_MEASURE_WITH_UNIT (LENGTH_MEASURE( 1.000000000000000082E-05 ), #1965, 'distance_accuracy_value', 'NONE');
#4898 = ORIENTED_EDGE ( 'NONE', *, *, #6259, .T. ) ;
#4899 = ADVANCED_FACE ( 'NONE', ( #2930 ), #4956, .F. ) ;
#4900 = CARTESIAN_POINT ( 'NONE',  ( -4.698999999999996291, 7.239000000000000767, 0.3809999999999946207 ) ) ;
#4901 = DIRECTION ( 'NONE',  ( 0.000000000000000000, -0.000000000000000000, -1.000000000000000000 ) ) ;
#4902 = ORIENTED_EDGE ( 'NONE', *, *, #1137, .F. ) ;
#4903 = CARTESIAN_POINT ( 'NONE',  ( 13.96999999999999886, 0.000000000000000000, 0.000000000000000000 ) ) ;
#4904 = ORIENTED_EDGE ( 'NONE', *, *, #2814, .F. ) ;
#4905 = VECTOR ( 'NONE', #3509, 1000.000000000000000 ) ;
#4906 = CARTESIAN_POINT ( 'NONE',  ( -8.889999999999998792, 3.110602869834277161E-16, -1.270000000000001128 ) ) ;
#4907 = VERTEX_POINT ( 'NONE', #1250 ) ;
#4908 = CARTESIAN_POINT ( 'NONE',  ( 10.54100000000000570, 7.239000000000000767, 0.3809999999999946207 ) ) ;
#4909 = DIRECTION ( 'NONE',  ( 0.000000000000000000, -1.000000000000000000, -1.733406087350420004E-16 ) ) ;
#4910 = EDGE_CURVE ( 'NONE', #3469, #3229, #3378, .T. ) ;
#4911 = ORIENTED_EDGE ( 'NONE', *, *, #6174, .T. ) ;
#4912 = PLANE ( 'NONE',  #3296 ) ;
#4913 = CARTESIAN_POINT ( 'NONE',  ( 13.97000000000000419, 8.509000000000000341, -0.8255000000000052296 ) ) ;
#4914 = FACE_OUTER_BOUND ( 'NONE', #6816, .T. ) ;
#4915 = DIRECTION ( 'NONE',  ( -1.000000000000000000, -0.000000000000000000, -0.000000000000000000 ) ) ;
#4916 = EDGE_CURVE ( 'NONE', #956, #5642, #6247, .T. ) ;
#4917 = VERTEX_POINT ( 'NONE', #447 ) ;
#4918 = CARTESIAN_POINT ( 'NONE',  ( -10.54099999999999504, 7.239000000000000767, 0.3809999999999946207 ) ) ;
#4919 = CARTESIAN_POINT ( 'NONE',  ( 11.43000000000000504, 8.509000000000000341, 1.270000000000001128 ) ) ;
#4920 = CARTESIAN_POINT ( 'NONE',  ( -12.31899999999999729, 7.239000000000000767, -0.3810000000000041687 ) ) ;
#4921 = CARTESIAN_POINT ( 'NONE',  ( -3.809999999999997389, 0.5080000000000002292, -0.7528818102449945648 ) ) ;
#4922 = EDGE_CURVE ( 'NONE', #3760, #3402, #6738, .T. ) ;
#4923 = DIRECTION ( 'NONE',  ( 0.000000000000000000, 0.2588190451025145222, -0.9659258262890699775 ) ) ;
#4924 = EDGE_LOOP ( 'NONE', ( #3743, #3157, #6706, #4778 ) ) ;
#4925 = DIRECTION ( 'NONE',  ( 0.000000000000000000, 1.000000000000000000, 2.338910953479677683E-16 ) ) ;
#4926 = LINE ( 'NONE', #1293, #2346 ) ;
#4927 = EDGE_CURVE ( 'NONE', #3675, #1512, #6322, .T. ) ;
#4928 = ADVANCED_FACE ( 'NONE', ( #1004 ), #4080, .F. ) ;
#4929 = PLANE ( 'NONE',  #137 ) ;
#4930 = AXIS2_PLACEMENT_3D ( 'NONE', #3426, #3522, #3488 ) ;
#4931 = ORIENTED_EDGE ( 'NONE', *, *, #875, .T. ) ;
#4932 = DIRECTION ( 'NONE',  ( 0.000000000000000000, -2.449293598294710852E-16, 1.000000000000000000 ) ) ;
#4933 = DIRECTION ( 'NONE',  ( -0.000000000000000000, 1.000000000000000000, 1.733406087350420004E-16 ) ) ;
#4934 = VERTEX_POINT ( 'NONE', #2004 ) ;
#4935 = DIRECTION ( 'NONE',  ( -1.000000000000000000, 0.000000000000000000, -0.000000000000000000 ) ) ;
#4936 = ORIENTED_EDGE ( 'NONE', *, *, #5727, .T. ) ;
#4937 = VECTOR ( 'NONE', #2613, 1000.000000000000000 ) ;
#4938 = ADVANCED_FACE ( 'NONE', ( #4146 ), #1534, .T. ) ;
#4939 = DIRECTION ( 'NONE',  ( 0.000000000000000000, 1.000000000000000000, 0.000000000000000000 ) ) ;
#4940 = ORIENTED_EDGE ( 'NONE', *, *, #3171, .F. ) ;
#4941 = CARTESIAN_POINT ( 'NONE',  ( -9.778999999999996362, 8.064500000000000668, 0.3809999999999946207 ) ) ;
#4942 = AXIS2_PLACEMENT_3D ( 'NONE', #793, #4528, #3894 ) ;
#4943 = ORIENTED_EDGE ( 'NONE', *, *, #1175, .T. ) ;
#4944 = ORIENTED_EDGE ( 'NONE', *, *, #5317, .T. ) ;
#4945 = FACE_OUTER_BOUND ( 'NONE', #6502, .T. ) ;
#4946 = VECTOR ( 'NONE', #5818, 1000.000000000000000 ) ;
#4947 = LINE ( 'NONE', #1277, #923 ) ;
#4948 = CARTESIAN_POINT ( 'NONE',  ( -8.889999999999997016, 8.509000000000000341, 1.270000000000001128 ) ) ;
#4949 = ORIENTED_EDGE ( 'NONE', *, *, #493, .F. ) ;
#4950 = LINE ( 'NONE', #2786, #968 ) ;
#4951 = VECTOR ( 'NONE', #2210, 999.9999999999998863 ) ;
#4952 = DIRECTION ( 'NONE',  ( 1.000000000000000000, 0.000000000000000000, -0.000000000000000000 ) ) ;
#4953 = EDGE_CURVE ( 'NONE', #5457, #3229, #5229, .T. ) ;
#4954 = PLANE ( 'NONE',  #2026 ) ;
#4955 = DIRECTION ( 'NONE',  ( -0.000000000000000000, -0.7071067811865482389, -0.7071067811865467956 ) ) ;
#4956 = PLANE ( 'NONE',  #5548 ) ;
#4957 = DIRECTION ( 'NONE',  ( 0.000000000000000000, 0.000000000000000000, -1.000000000000000000 ) ) ;
#4958 = ORIENTED_EDGE ( 'NONE', *, *, #165, .F. ) ;
#4959 = CARTESIAN_POINT ( 'NONE',  ( -13.96999999999999886, -1.925929944387235853E-31, 0.8889999999999991243 ) ) ;
#4960 = ORIENTED_EDGE ( 'NONE', *, *, #1102, .F. ) ;
#4961 = CARTESIAN_POINT ( 'NONE',  ( 13.97000000000000419, 0.000000000000000000, 0.000000000000000000 ) ) ;
#4962 = ORIENTED_EDGE ( 'NONE', *, *, #2445, .F. ) ;
#4963 = FACE_OUTER_BOUND ( 'NONE', #5003, .T. ) ;
#4964 = DIRECTION ( 'NONE',  ( -1.000000000000000000, -0.000000000000000000, -0.000000000000000000 ) ) ;
#4965 = ORIENTED_EDGE ( 'NONE', *, *, #5808, .T. ) ;
#4966 = FACE_OUTER_BOUND ( 'NONE', #1630, .T. ) ;
#4967 = ORIENTED_EDGE ( 'NONE', *, *, #156, .T. ) ;
#4968 = VECTOR ( 'NONE', #2395, 1000.000000000000000 ) ;
#4969 = COLOUR_RGB ( '',0.2509803921568627416, 0.2509803921568627416, 0.2509803921568627416 ) ;
#4970 = EDGE_CURVE ( 'NONE', #1728, #2806, #971, .T. ) ;
#4971 = PLANE ( 'NONE',  #4279 ) ;
#4972 = VECTOR ( 'NONE', #2552, 1000.000000000000000 ) ;
#4973 = ORIENTED_EDGE ( 'NONE', *, *, #2890, .T. ) ;
#4974 = DIRECTION ( 'NONE',  ( 0.000000000000000000, -0.9659258262890699775, -0.2588190451025145222 ) ) ;
#4975 = DIRECTION ( 'NONE',  ( 0.000000000000000000, -0.9659258262890699775, -0.2588190451025145222 ) ) ;
#4976 = ORIENTED_EDGE ( 'NONE', *, *, #2921, .F. ) ;
#4977 = ORIENTED_EDGE ( 'NONE', *, *, #5898, .F. ) ;
#4978 = FACE_OUTER_BOUND ( 'NONE', #3118, .T. ) ;
#4979 = AXIS2_PLACEMENT_3D ( 'NONE', #2791, #75, #1608 ) ;
#4980 = VECTOR ( 'NONE', #453, 1000.000000000000000 ) ;
#4981 = CARTESIAN_POINT ( 'NONE',  ( 11.43000000000000504, 8.509000000000000341, -1.270000000000001128 ) ) ;
#4982 = FACE_OUTER_BOUND ( 'NONE', #301, .T. ) ;
#4983 = VERTEX_POINT ( 'NONE', #3100 ) ;
#4984 = AXIS2_PLACEMENT_3D ( 'NONE', #5554, #5518, #5586 ) ;
#4985 = LINE ( 'NONE', #4918, #525 ) ;
#4986 = EDGE_CURVE ( 'NONE', #448, #1728, #6182, .T. ) ;
#4987 = DIRECTION ( 'NONE',  ( 0.000000000000000000, 0.2588190451025145222, -0.9659258262890699775 ) ) ;
#4988 = VECTOR ( 'NONE', #3624, 1000.000000000000114 ) ;
#4989 = PLANE ( 'NONE',  #6180 ) ;
#4990 = CARTESIAN_POINT ( 'NONE',  ( 13.96999999999999886, 2.177422008883992879E-16, -0.8890000000000013447 ) ) ;
#4991 = DIRECTION ( 'NONE',  ( -1.000000000000000000, 0.000000000000000000, -0.000000000000000000 ) ) ;
#4992 = VERTEX_POINT ( 'NONE', #2041 ) ;
#4993 = CARTESIAN_POINT ( 'NONE',  ( 11.43000000000000504, 8.509000000000000341, -1.270000000000001128 ) ) ;
#4994 = PLANE ( 'NONE',  #355 ) ;
#4995 = DIRECTION ( 'NONE',  ( 0.000000000000000000, 0.000000000000000000, 1.000000000000000000 ) ) ;
#4996 = LINE ( 'NONE', #876, #2922 ) ;
#4997 = ORIENTED_EDGE ( 'NONE', *, *, #1886, .T. ) ;
#4998 = CARTESIAN_POINT ( 'NONE',  ( -8.889999999999997016, 0.000000000000000000, 1.269999999999998908 ) ) ;
#4999 = DIRECTION ( 'NONE',  ( -1.000000000000000000, 0.000000000000000000, 0.000000000000000000 ) ) ;
#5000 = EDGE_CURVE ( 'NONE', #460, #2302, #377, .T. ) ;
#5001 = EDGE_LOOP ( 'NONE', ( #5534, #3642, #4457, #5919, #5276, #418, #572, #2548 ) ) ;
#5002 = CARTESIAN_POINT ( 'NONE',  ( 10.16000000000000014, 7.239000000000000767, -2.201425730935033664E-16 ) ) ;
#5003 = EDGE_LOOP ( 'NONE', ( #233, #6372, #761, #4973 ) ) ;
#5004 = DIRECTION ( 'NONE',  ( 0.000000000000000000, -0.9659258262890699775, -0.2588190451025145222 ) ) ;
#5005 = EDGE_LOOP ( 'NONE', ( #4281, #6714, #5982, #5422 ) ) ;
#5006 = DIRECTION ( 'NONE',  ( 0.000000000000000000, -0.7071067811865484609, 0.7071067811865466846 ) ) ;
#5007 = CARTESIAN_POINT ( 'NONE',  ( -11.42999999999999794, 0.5080000000000002292, -0.7528818102449945648 ) ) ;
#5008 = ORIENTED_EDGE ( 'NONE', *, *, #3550, .F. ) ;
#5009 = PRODUCT_RELATED_PRODUCT_CATEGORY ( 'part', '', ( #5984 ) ) ;
#5010 = ORIENTED_EDGE ( 'NONE', *, *, #1033, .F. ) ;
#5011 = DIRECTION ( 'NONE',  ( 0.000000000000000000, 0.000000000000000000, -1.000000000000000000 ) ) ;
#5012 = ADVANCED_FACE ( 'NONE', ( #1939 ), #5722, .F. ) ;
#5013 = DIRECTION ( 'NONE',  ( 0.000000000000000000, -2.449293598294710852E-16, 1.000000000000000000 ) ) ;
#5014 = CARTESIAN_POINT ( 'NONE',  ( 1.270000000000003793, 2.177422008883992879E-16, -0.8890000000000013447 ) ) ;
#5015 = EDGE_LOOP ( 'NONE', ( #6814, #2985, #3500, #3169, #6641, #5698, #4739, #325 ) ) ;
#5016 = DIRECTION ( 'NONE',  ( -1.000000000000000000, -0.000000000000000000, -0.000000000000000000 ) ) ;
#5017 = AXIS2_PLACEMENT_3D ( 'NONE', #3677, #1560, #6425 ) ;
#5018 = DIRECTION ( 'NONE',  ( -0.5773502691896252870, -0.5773502691896252870, -0.5773502691896267303 ) ) ;
#5019 = EDGE_CURVE ( 'NONE', #756, #4390, #1426, .T. ) ;
#5020 = FILL_AREA_STYLE ('',( #2895 ) ) ;
#5021 = DIRECTION ( 'NONE',  ( 0.000000000000000000, 2.449293598294710852E-16, -1.000000000000000000 ) ) ;
#5022 = LINE ( 'NONE', #1803, #4086 ) ;
#5023 = ADVANCED_FACE ( 'NONE', ( #1457 ), #5661, .F. ) ;
#5024 = CARTESIAN_POINT ( 'NONE',  ( -3.809999999999997389, 2.177422008883992879E-16, -0.8890000000000013447 ) ) ;
#5025 = ORIENTED_EDGE ( 'NONE', *, *, #5040, .F. ) ;
#5026 = LINE ( 'NONE', #4014, #4549 ) ;
#5027 = DIRECTION ( 'NONE',  ( -1.000000000000000000, -0.000000000000000000, -0.000000000000000000 ) ) ;
#5028 = DIRECTION ( 'NONE',  ( 1.000000000000000000, 0.000000000000000000, 0.000000000000000000 ) ) ;
#5029 = LINE ( 'NONE', #745, #249 ) ;
#5030 =( GEOMETRIC_REPRESENTATION_CONTEXT ( 3 ) GLOBAL_UNCERTAINTY_ASSIGNED_CONTEXT ( ( #2294 ) ) GLOBAL_UNIT_ASSIGNED_CONTEXT ( ( #4771, #2164, #4317 ) ) REPRESENTATION_CONTEXT ( 'NONE', 'WORKASPACE' ) );
#5031 = MANIFOLD_SOLID_BREP ( 'Boss-Extrude2', #4142 ) ;
#5032 = EDGE_LOOP ( 'NONE', ( #3394, #4931, #3561, #928 ) ) ;
#5033 = DIRECTION ( 'NONE',  ( 0.000000000000000000, -0.9659258262890700886, 0.2588190451025140781 ) ) ;
#5034 = PRODUCT_DEFINITION_SHAPE ( 'NONE', 'NONE',  #6909 ) ;
#5035 = DIRECTION ( 'NONE',  ( 1.000000000000000000, 0.000000000000000000, -0.000000000000000000 ) ) ;
#5036 = ORIENTED_EDGE ( 'NONE', *, *, #4820, .T. ) ;
#5037 = CARTESIAN_POINT ( 'NONE',  ( -0.8254999999999946825, 8.509000000000000341, 0.8254999999999963478 ) ) ;
#5038 = ORIENTED_EDGE ( 'NONE', *, *, #3094, .F. ) ;
#5039 = VECTOR ( 'NONE', #5776, 1000.000000000000000 ) ;
#5040 = EDGE_CURVE ( 'NONE', #2337, #2669, #341, .T. ) ;
#5041 = DIRECTION ( 'NONE',  ( -1.000000000000000000, -0.000000000000000000, -0.000000000000000000 ) ) ;
#5042 = ORIENTED_EDGE ( 'NONE', *, *, #2789, .T. ) ;
#5043 = CARTESIAN_POINT ( 'NONE',  ( 2.413000000000003809, 7.810500000000000220, -0.1270000000000037488 ) ) ;
#5044 = PLANE ( 'NONE',  #2503 ) ;
#5045 = EDGE_LOOP ( 'NONE', ( #4358, #4255, #54, #4443 ) ) ;
#5046 = MANIFOLD_SOLID_BREP ( 'LPattern1[4]', #809 ) ;
#5047 =( GEOMETRIC_REPRESENTATION_CONTEXT ( 3 ) GLOBAL_UNCERTAINTY_ASSIGNED_CONTEXT ( ( #4548 ) ) GLOBAL_UNIT_ASSIGNED_CONTEXT ( ( #5522, #2285, #237 ) ) REPRESENTATION_CONTEXT ( 'NONE', 'WORKASPACE' ) );
#5048 = ORIENTED_EDGE ( 'NONE', *, *, #2612, .T. ) ;
#5049 = DIRECTION ( 'NONE',  ( 0.000000000000000000, -0.9659258262890700886, 0.2588190451025140781 ) ) ;
#5050 = EDGE_CURVE ( 'NONE', #3283, #643, #4784, .T. ) ;
#5051 = VECTOR ( 'NONE', #5125, 1000.000000000000000 ) ;
#5052 = CARTESIAN_POINT ( 'NONE',  ( -8.000999999999994117, 8.064500000000000668, 0.3809999999999947873 ) ) ;
#5053 = CARTESIAN_POINT ( 'NONE',  ( -3.809999999999997389, 2.177422008883992879E-16, -0.8890000000000013447 ) ) ;
#5054 = VERTEX_POINT ( 'NONE', #5902 ) ;
#5055 = PLANE ( 'NONE',  #1643 ) ;
#5056 = DIRECTION ( 'NONE',  ( 0.000000000000000000, 0.9659258262890699775, 0.2588190451025145222 ) ) ;
#5057 = EDGE_CURVE ( 'NONE', #920, #5679, #2142, .T. ) ;
#5058 = AXIS2_PLACEMENT_3D ( 'NONE', #5575, #3331, #1785 ) ;
#5059 = ADVANCED_FACE ( 'NONE', ( #1144 ), #2750, .F. ) ;
#5060 = ADVANCED_FACE ( 'NONE', ( #555 ), #3685, .F. ) ;
#5061 = CARTESIAN_POINT ( 'NONE',  ( -6.349999999999996980, 0.5080000000000000071, 0.7528818102449925664 ) ) ;
#5062 = VECTOR ( 'NONE', #6591, 1000.000000000000000 ) ;
#5063 = CARTESIAN_POINT ( 'NONE',  ( -1.269999999999996909, 0.000000000000000000, 1.269999999999998908 ) ) ;
#5064 = FACE_OUTER_BOUND ( 'NONE', #1977, .T. ) ;
#5065 = DIRECTION ( 'NONE',  ( -1.000000000000000000, 0.000000000000000000, 0.000000000000000000 ) ) ;
#5066 = ORIENTED_EDGE ( 'NONE', *, *, #1730, .F. ) ;
#5067 = LINE ( 'NONE', #281, #1031 ) ;
#5068 = ORIENTED_EDGE ( 'NONE', *, *, #2565, .F. ) ;
#5069 = DIRECTION ( 'NONE',  ( 0.000000000000000000, 0.000000000000000000, 1.000000000000000000 ) ) ;
#5070 = PRESENTATION_STYLE_ASSIGNMENT (( #2939 ) ) ;
#5071 = MANIFOLD_SOLID_BREP ( 'LPattern1[6]', #2465 ) ;
#5072 = DIRECTION ( 'NONE',  ( 1.000000000000000000, 0.000000000000000000, 0.000000000000000000 ) ) ;
#5073 = DIRECTION ( 'NONE',  ( 0.000000000000000000, 0.2588190451025145222, -0.9659258262890699775 ) ) ;
#5074 = ORIENTED_EDGE ( 'NONE', *, *, #3039, .T. ) ;
#5075 = CARTESIAN_POINT ( 'NONE',  ( 8.890000000000004121, 8.509000000000000341, -1.270000000000001128 ) ) ;
#5076 = EDGE_LOOP ( 'NONE', ( #3664, #685, #1720, #3802 ) ) ;
#5077 = VECTOR ( 'NONE', #4294, 1000.000000000000000 ) ;
#5078 = PLANE ( 'NONE',  #6405 ) ;
#5079 = ORIENTED_EDGE ( 'NONE', *, *, #3800, .F. ) ;
#5080 = DIRECTION ( 'NONE',  ( -1.000000000000000000, -0.000000000000000000, -0.000000000000000000 ) ) ;
#5081 =( REPRESENTATION_RELATIONSHIP ('NONE','NONE', #770, #5719 ) REPRESENTATION_RELATIONSHIP_WITH_TRANSFORMATION ( #2652 )SHAPE_REPRESENTATION_RELATIONSHIP( ) );
#5082 = VERTEX_POINT ( 'NONE', #4224 ) ;
#5083 = AXIS2_PLACEMENT_3D ( 'NONE', #5437, #5399, #5508 ) ;
#5084 = ORIENTED_EDGE ( 'NONE', *, *, #45, .T. ) ;
#5085 = ADVANCED_FACE ( 'NONE', ( #1565 ), #3168, .F. ) ;
#5086 = VECTOR ( 'NONE', #461, 1000.000000000000000 ) ;
#5087 = CARTESIAN_POINT ( 'NONE',  ( 12.57300000000000573, 7.810500000000000220, -0.1270000000000037488 ) ) ;
#5088 = LINE ( 'NONE', #2278, #6630 ) ;
#5089 = ORIENTED_EDGE ( 'NONE', *, *, #6498, .F. ) ;
#5090 = FACE_OUTER_BOUND ( 'NONE', #2304, .T. ) ;
#5091 = ADVANCED_FACE ( 'NONE', ( #6564 ), #3340, .T. ) ;
#5092 = CARTESIAN_POINT ( 'NONE',  ( -7.492999999999994998, 7.810500000000001108, 0.1269999999999949503 ) ) ;
#5093 = AXIS2_PLACEMENT_3D ( 'NONE', #2572, #6281, #4675 ) ;
#5094 = EDGE_CURVE ( 'NONE', #300, #5988, #4985, .T. ) ;
#5095 = PLANE ( 'NONE',  #4716 ) ;
#5096 = AXIS2_PLACEMENT_3D ( 'NONE', #4451, #5430, #53 ) ;
#5097 = VECTOR ( 'NONE', #2866, 1000.000000000000000 ) ;
#5098 = DIRECTION ( 'NONE',  ( 0.000000000000000000, 2.667820306312752381E-16, -1.000000000000000000 ) ) ;
#5099 = DIRECTION ( 'NONE',  ( 0.000000000000000000, 0.000000000000000000, -1.000000000000000000 ) ) ;
#5100 = CARTESIAN_POINT ( 'NONE',  ( 11.43000000000000504, 0.000000000000000000, 1.269999999999998908 ) ) ;
#5101 = ORIENTED_EDGE ( 'NONE', *, *, #3136, .T. ) ;
#5102 = CARTESIAN_POINT ( 'NONE',  ( 5.207000000000005180, 7.810500000000000220, -0.1270000000000037488 ) ) ;
#5103 = VECTOR ( 'NONE', #1887, 1000.000000000000000 ) ;
#5104 = ADVANCED_FACE ( 'NONE', ( #171 ), #2385, .F. ) ;
#5105 = LINE ( 'NONE', #2903, #5936 ) ;
#5106 = UNCERTAINTY_MEASURE_WITH_UNIT (LENGTH_MEASURE( 1.000000000000000082E-05 ), #2215, 'distance_accuracy_value', 'NONE');
#5107 = DIRECTION ( 'NONE',  ( -1.000000000000000000, -0.000000000000000000, -0.000000000000000000 ) ) ;
#5108 = CARTESIAN_POINT ( 'NONE',  ( 6.350000000000003197, 8.509000000000000341, -1.270000000000001128 ) ) ;
#5109 = ORIENTED_EDGE ( 'NONE', *, *, #1126, .F. ) ;
#5110 = DIRECTION ( 'NONE',  ( 0.000000000000000000, -1.000000000000000000, 0.000000000000000000 ) ) ;
#5111 = ORIENTED_EDGE ( 'NONE', *, *, #3096, .T. ) ;
#5112 = EDGE_CURVE ( 'NONE', #3527, #1789, #4464, .T. ) ;
#5113 = CARTESIAN_POINT ( 'NONE',  ( 2.159000000000004693, 7.239000000000000767, -0.3810000000000041687 ) ) ;
#5114 = ORIENTED_EDGE ( 'NONE', *, *, #406, .F. ) ;
#5115 = DIRECTION ( 'NONE',  ( -1.000000000000000000, -0.000000000000000000, -0.000000000000000000 ) ) ;
#5116 = EDGE_LOOP ( 'NONE', ( #1715, #6159, #1891, #1795 ) ) ;
#5117 = ORIENTED_EDGE ( 'NONE', *, *, #6229, .F. ) ;
#5118 = CARTESIAN_POINT ( 'NONE',  ( 3.810000000000002718, 0.000000000000000000, 1.269999999999998908 ) ) ;
#5119 = ADVANCED_FACE ( 'NONE', ( #207 ), #4496, .F. ) ;
#5120 = CARTESIAN_POINT ( 'NONE',  ( 8.890000000000004121, 0.000000000000000000, 1.269999999999998908 ) ) ;
#5121 = CARTESIAN_POINT ( 'NONE',  ( 1.270000000000002016, 8.509000000000000341, 1.270000000000001128 ) ) ;
#5122 = ORIENTED_EDGE ( 'NONE', *, *, #399, .F. ) ;
#5123 = DIRECTION ( 'NONE',  ( -0.5773502691896252870, -0.5773502691896252870, -0.5773502691896267303 ) ) ;
#5124 = EDGE_CURVE ( 'NONE', #4145, #1728, #2315, .T. ) ;
#5125 = DIRECTION ( 'NONE',  ( 0.000000000000000000, 0.000000000000000000, 1.000000000000000000 ) ) ;
#5126 = PLANE ( 'NONE',  #3487 ) ;
#5127 = CARTESIAN_POINT ( 'NONE',  ( 12.70000000000000107, 7.239000000000000767, -2.201425730935033664E-16 ) ) ;
#5128 = CARTESIAN_POINT ( 'NONE',  ( 1.270000000000002016, 0.5080000000000002292, -0.7528818102449945648 ) ) ;
#5129 = ORIENTED_EDGE ( 'NONE', *, *, #45, .F. ) ;
#5130 = DIRECTION ( 'NONE',  ( 0.000000000000000000, 1.440069553722777130E-16, -1.000000000000000000 ) ) ;
#5131 = CARTESIAN_POINT ( 'NONE',  ( 5.080000000000004512, 0.000000000000000000, 0.000000000000000000 ) ) ;
#5132 = VECTOR ( 'NONE', #2484, 1000.000000000000000 ) ;
#5133 = FILL_AREA_STYLE ('',( #2327 ) ) ;
#5134 = LINE ( 'NONE', #6848, #3975 ) ;
#5135 = DIRECTION ( 'NONE',  ( 0.000000000000000000, 0.9659258262890699775, 0.2588190451025145222 ) ) ;
#5136 = ORIENTED_EDGE ( 'NONE', *, *, #230, .F. ) ;
#5137 = DIRECTION ( 'NONE',  ( 1.000000000000000000, 0.000000000000000000, 0.000000000000000000 ) ) ;
#5138 = ORIENTED_EDGE ( 'NONE', *, *, #2665, .F. ) ;
#5139 = EDGE_CURVE ( 'NONE', #4324, #31, #4435, .T. ) ;
#5140 = ADVANCED_FACE ( 'NONE', ( #6629 ), #4396, .F. ) ;
#5141 = DIRECTION ( 'NONE',  ( 1.000000000000000000, 0.000000000000000000, 0.000000000000000000 ) ) ;
#5142 = ORIENTED_EDGE ( 'NONE', *, *, #3689, .T. ) ;
#5143 = DIRECTION ( 'NONE',  ( -1.000000000000000000, -0.000000000000000000, -0.000000000000000000 ) ) ;
#5144 = VERTEX_POINT ( 'NONE', #1349 ) ;
#5145 = EDGE_CURVE ( 'NONE', #6237, #5819, #2557, .T. ) ;
#5146 = ORIENTED_EDGE ( 'NONE', *, *, #6901, .T. ) ;
#5147 = CARTESIAN_POINT ( 'NONE',  ( 3.810000000000002718, 8.509000000000000341, -1.270000000000001128 ) ) ;
#5148 = EDGE_CURVE ( 'NONE', #6029, #2586, #693, .T. ) ;
#5149 = CARTESIAN_POINT ( 'NONE',  ( 6.350000000000003197, 0.5080000000000002292, -0.7528818102449945648 ) ) ;
#5150 = ORIENTED_EDGE ( 'NONE', *, *, #5308, .T. ) ;
#5151 = AXIS2_PLACEMENT_3D ( 'NONE', #4796, #6336, #3180 ) ;
#5152 = DIRECTION ( 'NONE',  ( -1.000000000000000000, 0.000000000000000000, 0.000000000000000000 ) ) ;
#5153 = ORIENTED_EDGE ( 'NONE', *, *, #5494, .T. ) ;
#5154 = PLANE ( 'NONE',  #6079 ) ;
#5155 = MECHANICAL_DESIGN_GEOMETRIC_PRESENTATION_REPRESENTATION (  '', ( #3259 ), #6052 ) ;
#5156 = EDGE_CURVE ( 'NONE', #2848, #1055, #4006, .T. ) ;
#5157 = DIRECTION ( 'NONE',  ( 0.000000000000000000, -2.449293598294710852E-16, 1.000000000000000000 ) ) ;
#5158 = CARTESIAN_POINT ( 'NONE',  ( 3.810000000000002718, -1.925929944387235853E-31, 0.8889999999999991243 ) ) ;
#5159 = ORIENTED_EDGE ( 'NONE', *, *, #5000, .T. ) ;
#5160 = CARTESIAN_POINT ( 'NONE',  ( -14.22399999999999842, 0.000000000000000000, 0.000000000000000000 ) ) ;
#5161 = VECTOR ( 'NONE', #6664, 1000.000000000000000 ) ;
#5162 = ORIENTED_EDGE ( 'NONE', *, *, #5050, .F. ) ;
#5163 = LINE ( 'NONE', #4710, #4855 ) ;
#5164 = EDGE_CURVE ( 'NONE', #2424, #759, #796, .T. ) ;
#5165 = AXIS2_PLACEMENT_3D ( 'NONE', #950, #1405, #326 ) ;
#5166 = CARTESIAN_POINT ( 'NONE',  ( 3.810000000000002718, 0.000000000000000000, 1.269999999999998908 ) ) ;
#5167 = DIRECTION ( 'NONE',  ( 0.000000000000000000, 0.000000000000000000, 1.000000000000000000 ) ) ;
#5168 = CARTESIAN_POINT ( 'NONE',  ( -13.96999999999999886, 2.177422008883992879E-16, -0.8890000000000013447 ) ) ;
#5169 = ORIENTED_EDGE ( 'NONE', *, *, #2607, .F. ) ;
#5170 = DIRECTION ( 'NONE',  ( 0.000000000000000000, 0.000000000000000000, 1.000000000000000000 ) ) ;
#5171 = VECTOR ( 'NONE', #4078, 1000.000000000000000 ) ;
#5172 = ORIENTED_EDGE ( 'NONE', *, *, #4416, .F. ) ;
#5173 = FACE_OUTER_BOUND ( 'NONE', #1200, .T. ) ;
#5174 = PLANE ( 'NONE',  #1042 ) ;
#5175 = ORIENTED_EDGE ( 'NONE', *, *, #5825, .F. ) ;
#5176 = PLANE ( 'NONE',  #5870 ) ;
#5177 = VERTEX_POINT ( 'NONE', #2893 ) ;
#5178 = VECTOR ( 'NONE', #3478, 1000.000000000000000 ) ;
#5179 = EDGE_LOOP ( 'NONE', ( #3611, #3300, #3191, #989 ) ) ;
#5180 = DIRECTION ( 'NONE',  ( -1.000000000000000000, -0.000000000000000000, -0.000000000000000000 ) ) ;
#5181 = CARTESIAN_POINT ( 'NONE',  ( -3.809999999999997389, 8.509000000000000341, 1.270000000000001128 ) ) ;
#5182 = ORIENTED_EDGE ( 'NONE', *, *, #4547, .T. ) ;
#5183 = ADVANCED_FACE ( 'NONE', ( #664 ), #1281, .F. ) ;
#5184 = DIRECTION ( 'NONE',  ( 0.000000000000000000, 0.000000000000000000, 1.000000000000000000 ) ) ;
#5185 = CARTESIAN_POINT ( 'NONE',  ( 0.3810000000000046128, 7.239000000000000767, -0.3810000000000041687 ) ) ;
#5186 = EDGE_LOOP ( 'NONE', ( #3706, #3686, #6, #6302 ) ) ;
#5187 = LINE ( 'NONE', #2533, #372 ) ;
#5188 = AXIS2_PLACEMENT_3D ( 'NONE', #21, #547, #4282 ) ;
#5189 = LINE ( 'NONE', #477, #1482 ) ;
#5190 = EDGE_CURVE ( 'NONE', #3710, #2463, #4950, .T. ) ;
#5191 = LINE ( 'NONE', #5828, #3943 ) ;
#5192 = ORIENTED_EDGE ( 'NONE', *, *, #1940, .T. ) ;
#5193 = VECTOR ( 'NONE', #709, 1000.000000000000000 ) ;
#5194 = VECTOR ( 'NONE', #4348, 1000.000000000000000 ) ;
#5195 = EDGE_LOOP ( 'NONE', ( #1763, #5512, #2168, #671 ) ) ;
#5196 = LINE ( 'NONE', #4148, #1168 ) ;
#5197 = EDGE_CURVE ( 'NONE', #1058, #1991, #767, .T. ) ;
#5198 = COLOUR_RGB ( '',0.2509803921568627416, 0.2509803921568627416, 0.2509803921568627416 ) ;
#5199 = VECTOR ( 'NONE', #1219, 1000.000000000000000 ) ;
#5200 = DIRECTION ( 'NONE',  ( -0.000000000000000000, -0.7071067811865482389, -0.7071067811865467956 ) ) ;
#5201 = ADVANCED_FACE ( 'NONE', ( #134 ), #5055, .F. ) ;
#5202 = LINE ( 'NONE', #2047, #2392 ) ;
#5203 = FACE_OUTER_BOUND ( 'NONE', #4581, .T. ) ;
#5204 = VERTEX_POINT ( 'NONE', #271 ) ;
#5205 = LINE ( 'NONE', #4157, #1195 ) ;
#5206 = ORIENTED_EDGE ( 'NONE', *, *, #6051, .F. ) ;
#5207 = DIRECTION ( 'NONE',  ( 0.000000000000000000, -0.000000000000000000, 1.000000000000000000 ) ) ;
#5208 = VECTOR ( 'NONE', #2687, 1000.000000000000000 ) ;
#5209 = ADVANCED_FACE ( 'NONE', ( #1212 ), #2280, .F. ) ;
#5210 = DIRECTION ( 'NONE',  ( 0.000000000000000000, 5.054934237236841843E-31, 1.000000000000000000 ) ) ;
#5211 = ORIENTED_EDGE ( 'NONE', *, *, #5618, .T. ) ;
#5212 = CARTESIAN_POINT ( 'NONE',  ( -1.269999999999996909, 0.5080000000000002292, -0.7528818102449945648 ) ) ;
#5213 = VERTEX_POINT ( 'NONE', #2555 ) ;
#5214 = CARTESIAN_POINT ( 'NONE',  ( -5.460999999999994969, 8.064500000000000668, -0.3810000000000040021 ) ) ;
#5215 = ORIENTED_EDGE ( 'NONE', *, *, #710, .T. ) ;
#5216 = LINE ( 'NONE', #891, #6700 ) ;
#5217 = DIRECTION ( 'NONE',  ( 0.000000000000000000, 0.2588190451025140781, 0.9659258262890700886 ) ) ;
#5218 = VERTEX_POINT ( 'NONE', #3151 ) ;
#5219 = CARTESIAN_POINT ( 'NONE',  ( -3.809999999999997389, 3.110602869834277161E-16, -1.270000000000001128 ) ) ;
#5220 = CARTESIAN_POINT ( 'NONE',  ( 3.810000000000002718, 8.509000000000000341, 0.8254999999999963478 ) ) ;
#5221 = ORIENTED_EDGE ( 'NONE', *, *, #497, .F. ) ;
#5222 = CARTESIAN_POINT ( 'NONE',  ( 11.43000000000000504, 8.509000000000000341, -1.270000000000001128 ) ) ;
#5223 = ADVANCED_FACE ( 'NONE', ( #3508 ), #503, .F. ) ;
#5224 = MANIFOLD_SOLID_BREP ( 'LPattern1[2]', #2238 ) ;
#5225 = CARTESIAN_POINT ( 'NONE',  ( -6.349999999999997868, 0.000000000000000000, 1.269999999999998908 ) ) ;
#5226 = EDGE_CURVE ( 'NONE', #5256, #1117, #1059, .T. ) ;
#5227 = FACE_OUTER_BOUND ( 'NONE', #972, .T. ) ;
#5228 = ORIENTED_EDGE ( 'NONE', *, *, #6037, .F. ) ;
#5229 = LINE ( 'NONE', #2997, #2517 ) ;
#5230 = ORIENTED_EDGE ( 'NONE', *, *, #284, .F. ) ;
#5231 = DIRECTION ( 'NONE',  ( 0.000000000000000000, -5.054934237236841843E-31, -1.000000000000000000 ) ) ;
#5232 = EDGE_CURVE ( 'NONE', #6292, #3289, #5288, .T. ) ;
#5233 = VECTOR ( 'NONE', #5404, 1000.000000000000000 ) ;
#5234 = DIRECTION ( 'NONE',  ( 0.000000000000000000, 0.9659258262890700886, -0.2588190451025140781 ) ) ;
#5235 = MANIFOLD_SOLID_BREP ( 'Chamfer1', #5261 ) ;
#5236 = ADVANCED_FACE ( 'NONE', ( #6823, #5090 ), #310, .F. ) ;
#5237 = FACE_OUTER_BOUND ( 'NONE', #4266, .T. ) ;
#5238 = LINE ( 'NONE', #3767, #409 ) ;
#5239 = VERTEX_POINT ( 'NONE', #1901 ) ;
#5240 = FACE_BOUND ( 'NONE', #1132, .T. ) ;
#5241 = AXIS2_PLACEMENT_3D ( 'NONE', #5997, #3893, #3367 ) ;
#5242 = ORIENTED_EDGE ( 'NONE', *, *, #166, .F. ) ;
#5243 = PLANE ( 'NONE',  #2690 ) ;
#5244 = LINE ( 'NONE', #2823, #823 ) ;
#5245 = EDGE_LOOP ( 'NONE', ( #5841, #6880, #19, #5676 ) ) ;
#5246 = DIRECTION ( 'NONE',  ( 0.000000000000000000, 1.440069553722777130E-16, -1.000000000000000000 ) ) ;
#5247 = FILL_AREA_STYLE_COLOUR ( '', #6199 ) ;
#5248 = ORIENTED_EDGE ( 'NONE', *, *, #1425, .F. ) ;
#5249 = ORIENTED_EDGE ( 'NONE', *, *, #3630, .T. ) ;
#5250 = DIRECTION ( 'NONE',  ( 0.000000000000000000, 0.000000000000000000, 1.000000000000000000 ) ) ;
#5251 = EDGE_CURVE ( 'NONE', #3710, #817, #4038, .T. ) ;
#5252 = DIRECTION ( 'NONE',  ( -1.000000000000000000, -0.000000000000000000, -0.000000000000000000 ) ) ;
#5253 = EDGE_LOOP ( 'NONE', ( #6412, #4960, #6207, #2518 ) ) ;
#5254 = LINE ( 'NONE', #1587, #1509 ) ;
#5255 = PLANE ( 'NONE',  #485 ) ;
#5256 = VERTEX_POINT ( 'NONE', #5214 ) ;
#5257 = EDGE_CURVE ( 'NONE', #2669, #5457, #434, .T. ) ;
#5258 = DIRECTION ( 'NONE',  ( -0.000000000000000000, 0.000000000000000000, -1.000000000000000000 ) ) ;
#5259 = DIRECTION ( 'NONE',  ( -0.5773502691896252870, -0.5773502691896252870, -0.5773502691896267303 ) ) ;
#5260 = EDGE_CURVE ( 'NONE', #817, #3082, #3016, .T. ) ;
#5261 = CLOSED_SHELL ( 'NONE', ( #4217, #792, #2317, #2052, #4016, #705, #6845, #3226, #3203, #6019, #2253, #2974, #5085, #2666, #3662, #5012, #1721, #3973, #1329 ) ) ;
#5262 = CARTESIAN_POINT ( 'NONE',  ( 6.350000000000003197, 8.509000000000000341, 1.270000000000001128 ) ) ;
#5263 = LINE ( 'NONE', #6245, #3716 ) ;
#5264 = ORIENTED_EDGE ( 'NONE', *, *, #833, .F. ) ;
#5265 = EDGE_CURVE ( 'NONE', #6382, #6257, #6478, .T. ) ;
#5266 = CARTESIAN_POINT ( 'NONE',  ( 8.890000000000004121, 8.509000000000000341, 1.270000000000001128 ) ) ;
#5267 = VERTEX_POINT ( 'NONE', #5952 ) ;
#5268 = LINE ( 'NONE', #2574, #5746 ) ;
#5269 = VECTOR ( 'NONE', #4611, 1000.000000000000000 ) ;
#5270 = ITEM_DEFINED_TRANSFORMATION ( 'NONE', 'NONE', #3138,  #5362 ) ;
#5271 = CARTESIAN_POINT ( 'NONE',  ( 4.699000000000005173, 7.239000000000000767, 0.3809999999999946207 ) ) ;
#5272 = VECTOR ( 'NONE', #231, 1000.000000000000000 ) ;
#5273 = EDGE_CURVE ( 'NONE', #2589, #1162, #4413, .T. ) ;
#5274 = LINE ( 'NONE', #6812, #4873 ) ;
#5275 = DIRECTION ( 'NONE',  ( 0.000000000000000000, 5.054934237236841843E-31, 1.000000000000000000 ) ) ;
#5276 = ORIENTED_EDGE ( 'NONE', *, *, #5415, .T. ) ;
#5277 = LINE ( 'NONE', #1051, #2191 ) ;
#5278 = ORIENTED_EDGE ( 'NONE', *, *, #659, .F. ) ;
#5279 = VECTOR ( 'NONE', #2990, 1000.000000000000000 ) ;
#5280 = CARTESIAN_POINT ( 'NONE',  ( 6.350000000000003197, -1.925929944387235853E-31, 0.8889999999999991243 ) ) ;
#5281 = PRODUCT_DEFINITION_SHAPE ( 'NONE', 'NONE',  #6918 ) ;
#5282 = FACE_OUTER_BOUND ( 'NONE', #3216, .T. ) ;
#5283 = ORIENTED_EDGE ( 'NONE', *, *, #6386, .T. ) ;
#5284 = FACE_OUTER_BOUND ( 'NONE', #6076, .T. ) ;
#5285 = AXIS2_PLACEMENT_3D ( 'NONE', #2606, #518, #1563 ) ;
#5286 = CARTESIAN_POINT ( 'NONE',  ( 8.445500000000004448, 8.509000000000000341, -0.8255000000000052296 ) ) ;
#5287 = ORIENTED_EDGE ( 'NONE', *, *, #1859, .T. ) ;
#5288 = LINE ( 'NONE', #4693, #3312 ) ;
#5289 = VERTEX_POINT ( 'NONE', #2730 ) ;
#5290 = VECTOR ( 'NONE', #3091, 1000.000000000000000 ) ;
#5291 = CARTESIAN_POINT ( 'NONE',  ( 9.779000000000007020, 7.239000000000000767, 0.3809999999999946207 ) ) ;
#5292 = ORIENTED_EDGE ( 'NONE', *, *, #3780, .F. ) ;
#5293 = DIRECTION ( 'NONE',  ( -1.000000000000000000, -0.000000000000000000, -0.000000000000000000 ) ) ;
#5294 = DIRECTION ( 'NONE',  ( 1.000000000000000000, 0.000000000000000000, -0.000000000000000000 ) ) ;
#5295 = ADVANCED_FACE ( 'NONE', ( #4966 ), #6547, .F. ) ;
#5296 = ORIENTED_EDGE ( 'NONE', *, *, #2724, .F. ) ;
#5297 = CARTESIAN_POINT ( 'NONE',  ( 4.699000000000005173, 7.239000000000000767, -0.3810000000000041687 ) ) ;
#5298 = FACE_OUTER_BOUND ( 'NONE', #3255, .T. ) ;
#5299 = VECTOR ( 'NONE', #6669, 1000.000000000000000 ) ;
#5300 = DIRECTION ( 'NONE',  ( 0.000000000000000000, 0.000000000000000000, 1.000000000000000000 ) ) ;
#5301 = CARTESIAN_POINT ( 'NONE',  ( -8.889999999999997016, 0.5080000000000000071, 0.7528818102449925664 ) ) ;
#5302 = EDGE_CURVE ( 'NONE', #3142, #1470, #1757, .T. ) ;
#5303 = EDGE_LOOP ( 'NONE', ( #6264, #5993, #3896, #1542 ) ) ;
#5304 =( REPRESENTATION_RELATIONSHIP ('NONE','NONE', #770, #5719 ) REPRESENTATION_RELATIONSHIP_WITH_TRANSFORMATION ( #1 )SHAPE_REPRESENTATION_RELATIONSHIP( ) );
#5305 = ORIENTED_EDGE ( 'NONE', *, *, #3723, .F. ) ;
#5306 = FACE_OUTER_BOUND ( 'NONE', #2440, .T. ) ;
#5307 = VECTOR ( 'NONE', #5293, 1000.000000000000000 ) ;
#5308 = EDGE_CURVE ( 'NONE', #4757, #2802, #4350, .T. ) ;
#5309 = VECTOR ( 'NONE', #4310, 1000.000000000000000 ) ;
#5310 = DIRECTION ( 'NONE',  ( 0.3420201433256659929, -0.9396926207859094271, -2.197857363660188298E-16 ) ) ;
#5311 = ADVANCED_FACE ( 'NONE', ( #3358 ), #1661, .F. ) ;
#5312 = DIRECTION ( 'NONE',  ( -1.000000000000000000, -0.000000000000000000, -0.000000000000000000 ) ) ;
#5313 = ORIENTED_EDGE ( 'NONE', *, *, #5999, .F. ) ;
#5314 = DIRECTION ( 'NONE',  ( -1.000000000000000000, -0.000000000000000000, -0.000000000000000000 ) ) ;
#5315 = ORIENTED_EDGE ( 'NONE', *, *, #5608, .T. ) ;
#5316 =( GEOMETRIC_REPRESENTATION_CONTEXT ( 3 ) GLOBAL_UNCERTAINTY_ASSIGNED_CONTEXT ( ( #5599 ) ) GLOBAL_UNIT_ASSIGNED_CONTEXT ( ( #4043, #936, #2182 ) ) REPRESENTATION_CONTEXT ( 'NONE', 'WORKASPACE' ) );
#5317 = EDGE_CURVE ( 'NONE', #1507, #880, #6513, .T. ) ;
#5318 = EDGE_CURVE ( 'NONE', #5386, #4233, #1719, .T. ) ;
#5319 = LINE ( 'NONE', #428, #466 ) ;
#5320 = PLANE ( 'NONE',  #44 ) ;
#5321 = MECHANICAL_DESIGN_GEOMETRIC_PRESENTATION_REPRESENTATION (  '', ( #860 ), #5774 ) ;
#5322 = VERTEX_POINT ( 'NONE', #4867 ) ;
#5323 = CARTESIAN_POINT ( 'NONE',  ( 12.82700000000000706, 7.810500000000000220, -0.1270000000000037488 ) ) ;
#5324 = CARTESIAN_POINT ( 'NONE',  ( 6.350000000000003197, 8.509000000000000341, -1.270000000000001128 ) ) ;
#5325 = ORIENTED_EDGE ( 'NONE', *, *, #6178, .T. ) ;
#5326 = EDGE_LOOP ( 'NONE', ( #6066, #220, #6549, #3995 ) ) ;
#5327 =( NAMED_UNIT ( * ) SI_UNIT ( $, .STERADIAN. ) SOLID_ANGLE_UNIT ( ) );
#5328 = AXIS2_PLACEMENT_3D ( 'NONE', #2868, #5664, #1326 ) ;
#5329 = ADVANCED_FACE ( 'NONE', ( #5918 ), #1687, .F. ) ;
#5330 = CARTESIAN_POINT ( 'NONE',  ( -9.778999999999996362, 7.239000000000000767, -0.3810000000000041687 ) ) ;
#5331 = ORIENTED_EDGE ( 'NONE', *, *, #5318, .T. ) ;
#5332 = PLANE ( 'NONE',  #6531 ) ;
#5333 = EDGE_CURVE ( 'NONE', #5573, #1958, #2769, .T. ) ;
#5334 = DIRECTION ( 'NONE',  ( 1.000000000000000000, 0.000000000000000000, 0.000000000000000000 ) ) ;
#5335 = ORIENTED_EDGE ( 'NONE', *, *, #3162, .F. ) ;
#5336 = LINE ( 'NONE', #550, #5757 ) ;
#5337 = LINE ( 'NONE', #3825, #331 ) ;
#5338 = EDGE_CURVE ( 'NONE', #2729, #6205, #3740, .T. ) ;
#5339 = CARTESIAN_POINT ( 'NONE',  ( 0.1961031209927693864, -3.200400000000000134, -0.2032000000000001583 ) ) ;
#5340 = DIRECTION ( 'NONE',  ( 1.000000000000000000, 0.000000000000000000, 0.000000000000000000 ) ) ;
#5341 = VERTEX_POINT ( 'NONE', #1199 ) ;
#5342 = DIRECTION ( 'NONE',  ( 1.000000000000000000, 0.000000000000000000, 0.000000000000000000 ) ) ;
#5343 = EDGE_LOOP ( 'NONE', ( #1784, #6409, #5169, #2650 ) ) ;
#5344 = LINE ( 'NONE', #4465, #5299 ) ;
#5345 = ADVANCED_FACE ( 'NONE', ( #5888 ), #189, .F. ) ;
#5346 = CARTESIAN_POINT ( 'NONE',  ( -6.349999999999996980, 8.509000000000000341, -1.270000000000001128 ) ) ;
#5347 = LINE ( 'NONE', #2684, #2751 ) ;
#5348 = ORIENTED_EDGE ( 'NONE', *, *, #1376, .F. ) ;
#5349 = LINE ( 'NONE', #3321, #309 ) ;
#5350 = ORIENTED_EDGE ( 'NONE', *, *, #4153, .F. ) ;
#5351 = CARTESIAN_POINT ( 'NONE',  ( -10.54099999999999504, 7.239000000000000767, 0.3809999999999946207 ) ) ;
#5352 = CARTESIAN_POINT ( 'NONE',  ( 5.905500000000004412, 8.509000000000000341, -1.270000000000001128 ) ) ;
#5353 = VERTEX_POINT ( 'NONE', #1127 ) ;
#5354 = VECTOR ( 'NONE', #1035, 1000.000000000000000 ) ;
#5355 = LINE ( 'NONE', #116, #4642 ) ;
#5356 = CARTESIAN_POINT ( 'NONE',  ( -14.22399999999999842, 8.509000000000000341, 1.270000000000001128 ) ) ;
#5357 = ORIENTED_EDGE ( 'NONE', *, *, #5832, .T. ) ;
#5358 = EDGE_CURVE ( 'NONE', #3921, #808, #2301, .T. ) ;
#5359 = LINE ( 'NONE', #571, #651 ) ;
#5360 = ORIENTED_EDGE ( 'NONE', *, *, #2437, .T. ) ;
#5361 = SURFACE_STYLE_USAGE ( .BOTH. , #5920 ) ;
#5362 = AXIS2_PLACEMENT_3D ( 'NONE', #5709, #2954, #5785 ) ;
#5363 = DIRECTION ( 'NONE',  ( 0.000000000000000000, 0.000000000000000000, -1.000000000000000000 ) ) ;
#5364 = ORIENTED_EDGE ( 'NONE', *, *, #2230, .F. ) ;
#5365 = CARTESIAN_POINT ( 'NONE',  ( -10.98549999999999471, 8.509000000000000341, -0.8255000000000052296 ) ) ;
#5366 = CARTESIAN_POINT ( 'NONE',  ( 1.270000000000002016, 0.5080000000000000071, 0.7528818102449925664 ) ) ;
#5367 = EDGE_LOOP ( 'NONE', ( #3847, #3322, #6345, #3782, #118, #6792 ) ) ;
#5368 = EDGE_CURVE ( 'NONE', #4055, #1428, #5359, .T. ) ;
#5369 = ADVANCED_FACE ( 'NONE', ( #5392 ), #679, .F. ) ;
#5370 = DIRECTION ( 'NONE',  ( 0.7071067811865475727, -0.7071067811865475727, 0.000000000000000000 ) ) ;
#5371 = LINE ( 'NONE', #1174, #4353 ) ;
#5372 = PLANE ( 'NONE',  #1917 ) ;
#5373 = CARTESIAN_POINT ( 'NONE',  ( 8.890000000000004121, 3.110602869834277161E-16, -1.270000000000001128 ) ) ;
#5374 = VERTEX_POINT ( 'NONE', #2696 ) ;
#5375 =( NAMED_UNIT ( * ) PLANE_ANGLE_UNIT ( ) SI_UNIT ( $, .RADIAN. ) );
#5376 = ORIENTED_EDGE ( 'NONE', *, *, #3495, .F. ) ;
#5377 = LINE ( 'NONE', #104, #1725 ) ;
#5378 = VECTOR ( 'NONE', #6893, 1000.000000000000000 ) ;
#5379 = PLANE ( 'NONE',  #584 ) ;
#5380 = DIRECTION ( 'NONE',  ( 0.000000000000000000, 2.449293598294710852E-16, -1.000000000000000000 ) ) ;
#5381 = MECHANICAL_DESIGN_GEOMETRIC_PRESENTATION_REPRESENTATION (  '', ( #4712 ), #5047 ) ;
#5382 = DIRECTION ( 'NONE',  ( 0.5773502691896252870, -0.5773502691896252870, -0.5773502691896267303 ) ) ;
#5383 = EDGE_CURVE ( 'NONE', #5289, #5585, #4836, .T. ) ;
#5384 = ORIENTED_EDGE ( 'NONE', *, *, #6193, .F. ) ;
#5385 = CARTESIAN_POINT ( 'NONE',  ( -9.778999999999996362, 7.239000000000000767, 0.3809999999999946207 ) ) ;
#5386 = VERTEX_POINT ( 'NONE', #1335 ) ;
#5387 = VECTOR ( 'NONE', #1766, 1000.000000000000114 ) ;
#5388 = CARTESIAN_POINT ( 'NONE',  ( 8.001000000000004775, 7.239000000000000767, -0.3810000000000041687 ) ) ;
#5389 = EDGE_LOOP ( 'NONE', ( #5498, #991, #5136, #4520 ) ) ;
#5390 = DIRECTION ( 'NONE',  ( -0.000000000000000000, 1.000000000000000000, 2.449293598294710852E-16 ) ) ;
#5391 = ORIENTED_EDGE ( 'NONE', *, *, #799, .F. ) ;
#5392 = FACE_OUTER_BOUND ( 'NONE', #3812, .T. ) ;
#5393 = VECTOR ( 'NONE', #6232, 1000.000000000000000 ) ;
#5394 = ORIENTED_EDGE ( 'NONE', *, *, #1913, .F. ) ;
#5395 = EDGE_CURVE ( 'NONE', #2049, #1058, #2909, .T. ) ;
#5396 = VECTOR ( 'NONE', #2805, 1000.000000000000000 ) ;
#5397 = LINE ( 'NONE', #2595, #4500 ) ;
#5398 = ORIENTED_EDGE ( 'NONE', *, *, #2515, .T. ) ;
#5399 = DIRECTION ( 'NONE',  ( 1.000000000000000000, 0.000000000000000000, -0.000000000000000000 ) ) ;
#5400 = FACE_OUTER_BOUND ( 'NONE', #4305, .T. ) ;
#5401 = ORIENTED_EDGE ( 'NONE', *, *, #2444, .F. ) ;
#5402 = VECTOR ( 'NONE', #6767, 1000.000000000000114 ) ;
#5403 = DIRECTION ( 'NONE',  ( 0.000000000000000000, 5.054934237236841843E-31, 1.000000000000000000 ) ) ;
#5404 = DIRECTION ( 'NONE',  ( 0.000000000000000000, -1.000000000000000000, -2.548365665731588345E-16 ) ) ;
#5405 = VECTOR ( 'NONE', #3338, 999.9999999999998863 ) ;
#5406 = EDGE_CURVE ( 'NONE', #1058, #3423, #3526, .T. ) ;
#5407 = DIRECTION ( 'NONE',  ( -0.000000000000000000, 0.000000000000000000, 1.000000000000000000 ) ) ;
#5408 = VECTOR ( 'NONE', #1930, 999.9999999999998863 ) ;
#5409 = DIRECTION ( 'NONE',  ( 0.000000000000000000, 1.000000000000000000, -5.054934237236841843E-31 ) ) ;
#5410 = VERTEX_POINT ( 'NONE', #5604 ) ;
#5411 = CARTESIAN_POINT ( 'NONE',  ( -5.460999999999994969, 7.239000000000000767, -0.3810000000000041687 ) ) ;
#5412 = DIRECTION ( 'NONE',  ( 0.000000000000000000, 2.449293598294710852E-16, -1.000000000000000000 ) ) ;
#5413 = VECTOR ( 'NONE', #4258, 1000.000000000000000 ) ;
#5414 = PRESENTATION_LAYER_ASSIGNMENT (  '', '', ( #1278 ) ) ;
#5415 = EDGE_CURVE ( 'NONE', #4757, #3292, #6715, .T. ) ;
#5416 = VECTOR ( 'NONE', #5756, 1000.000000000000000 ) ;
#5417 = VECTOR ( 'NONE', #6721, 1000.000000000000000 ) ;
#5418 = DIRECTION ( 'NONE',  ( 0.000000000000000000, 0.9659258262890700886, -0.2588190451025140781 ) ) ;
#5419 = CARTESIAN_POINT ( 'NONE',  ( -3.809999999999997389, 0.5080000000000000071, 0.7528818102449925664 ) ) ;
#5420 = ORIENTED_EDGE ( 'NONE', *, *, #1263, .F. ) ;
#5421 = DIRECTION ( 'NONE',  ( -1.000000000000000000, 0.000000000000000000, 0.000000000000000000 ) ) ;
#5422 = ORIENTED_EDGE ( 'NONE', *, *, #4614, .F. ) ;
#5423 = VECTOR ( 'NONE', #4154, 1000.000000000000000 ) ;
#5424 = EDGE_CURVE ( 'NONE', #1203, #88, #6049, .T. ) ;
#5425 = CARTESIAN_POINT ( 'NONE',  ( -11.42999999999999794, 0.000000000000000000, 1.269999999999998908 ) ) ;
#5426 = VERTEX_POINT ( 'NONE', #5637 ) ;
#5427 = LINE ( 'NONE', #1716, #400 ) ;
#5428 = PLANE ( 'NONE',  #6203 ) ;
#5429 = ORIENTED_EDGE ( 'NONE', *, *, #1284, .F. ) ;
#5430 = DIRECTION ( 'NONE',  ( 0.000000000000000000, -0.7071067811865484609, 0.7071067811865466846 ) ) ;
#5431 = VECTOR ( 'NONE', #480, 1000.000000000000000 ) ;
#5432 = ORIENTED_EDGE ( 'NONE', *, *, #2037, .F. ) ;
#5433 = ADVANCED_FACE ( 'NONE', ( #6085, #2878 ), #1915, .F. ) ;
#5434 = VECTOR ( 'NONE', #6073, 999.9999999999998863 ) ;
#5435 = DIRECTION ( 'NONE',  ( 0.000000000000000000, -1.733406087350420004E-16, 1.000000000000000000 ) ) ;
#5436 = ORIENTED_EDGE ( 'NONE', *, *, #1397, .T. ) ;
#5437 = CARTESIAN_POINT ( 'NONE',  ( 11.43000000000000504, 0.000000000000000000, 0.000000000000000000 ) ) ;
#5438 = DIRECTION ( 'NONE',  ( 0.000000000000000000, 1.440069553722777130E-16, -1.000000000000000000 ) ) ;
#5439 = ORIENTED_EDGE ( 'NONE', *, *, #6027, .T. ) ;
#5440 = LINE ( 'NONE', #4811, #955 ) ;
#5441 = CARTESIAN_POINT ( 'NONE',  ( -6.349999999999997868, 8.509000000000000341, -1.270000000000001128 ) ) ;
#5442 = VECTOR ( 'NONE', #1319, 1000.000000000000000 ) ;
#5443 =( REPRESENTATION_RELATIONSHIP ('NONE','NONE', #770, #5719 ) REPRESENTATION_RELATIONSHIP_WITH_TRANSFORMATION ( #5726 )SHAPE_REPRESENTATION_RELATIONSHIP( ) );
#5444 = EDGE_CURVE ( 'NONE', #88, #2848, #784, .T. ) ;
#5445 = DIRECTION ( 'NONE',  ( 0.000000000000000000, 0.000000000000000000, -1.000000000000000000 ) ) ;
#5446 = AXIS2_PLACEMENT_3D ( 'NONE', #4093, #6332, #2050 ) ;
#5447 = LINE ( 'NONE', #3310, #374 ) ;
#5448 = VERTEX_POINT ( 'NONE', #4056 ) ;
#5449 = DIRECTION ( 'NONE',  ( -0.7071067811865475727, -0.7071067811865475727, 0.000000000000000000 ) ) ;
#5450 = DIRECTION ( 'NONE',  ( 0.000000000000000000, -5.054934237236841843E-31, -1.000000000000000000 ) ) ;
#5451 = ADVANCED_FACE ( 'NONE', ( #6614 ), #324, .F. ) ;
#5452 = EDGE_CURVE ( 'NONE', #5764, #4560, #4480, .T. ) ;
#5453 = EDGE_CURVE ( 'NONE', #815, #1400, #1302, .T. ) ;
#5454 = FACE_OUTER_BOUND ( 'NONE', #5760, .T. ) ;
#5455 = LINE ( 'NONE', #4921, #5766 ) ;
#5456 = DIRECTION ( 'NONE',  ( 1.000000000000000000, 0.000000000000000000, 0.000000000000000000 ) ) ;
#5457 = VERTEX_POINT ( 'NONE', #6122 ) ;
#5458 = CARTESIAN_POINT ( 'NONE',  ( 0.3810000000000000053, 0.5079999999999997851, 0.2032000000000010465 ) ) ;
#5459 = EDGE_CURVE ( 'NONE', #5289, #1711, #2369, .T. ) ;
#5460 = ADVANCED_FACE ( 'NONE', ( #221 ), #6155, .F. ) ;
#5461 = ORIENTED_EDGE ( 'NONE', *, *, #2247, .F. ) ;
#5462 = EDGE_CURVE ( 'NONE', #1325, #5410, #5572, .T. ) ;
#5463 = CARTESIAN_POINT ( 'NONE',  ( -0.3809999999999941767, 7.239000000000000767, -0.3810000000000041687 ) ) ;
#5464 = PRODUCT_DEFINITION_CONTEXT ( 'detailed design', #4587, 'design' ) ;
#5465 = VERTEX_POINT ( 'NONE', #5037 ) ;
#5466 = FACE_BOUND ( 'NONE', #509, .T. ) ;
#5467 = LINE ( 'NONE', #781, #5649 ) ;
#5468 = ORIENTED_EDGE ( 'NONE', *, *, #1650, .F. ) ;
#5469 = DIRECTION ( 'NONE',  ( -0.000000000000000000, 0.000000000000000000, 1.000000000000000000 ) ) ;
#5470 = VERTEX_POINT ( 'NONE', #4582 ) ;
#5471 = VECTOR ( 'NONE', #100, 1000.000000000000114 ) ;
#5472 = DIRECTION ( 'NONE',  ( 1.000000000000000000, 0.000000000000000000, -0.000000000000000000 ) ) ;
#5473 = VERTEX_POINT ( 'NONE', #5673 ) ;
#5474 = FACE_OUTER_BOUND ( 'NONE', #4697, .T. ) ;
#5475 = DIRECTION ( 'NONE',  ( 0.000000000000000000, 0.000000000000000000, -1.000000000000000000 ) ) ;
#5476 = ORIENTED_EDGE ( 'NONE', *, *, #5618, .F. ) ;
#5477 = EDGE_CURVE ( 'NONE', #1652, #3569, #881, .T. ) ;
#5478 = PLANE ( 'NONE',  #2105 ) ;
#5479 = VECTOR ( 'NONE', #363, 1000.000000000000000 ) ;
#5480 = ADVANCED_FACE ( 'NONE', ( #1783 ), #254, .F. ) ;
#5481 = LINE ( 'NONE', #4981, #5616 ) ;
#5482 = DIRECTION ( 'NONE',  ( 0.000000000000000000, 0.9659258262890700886, -0.2588190451025140781 ) ) ;
#5483 = ORIENTED_EDGE ( 'NONE', *, *, #5124, .F. ) ;
#5484 = CARTESIAN_POINT ( 'NONE',  ( -1.269999999999996909, 8.509000000000000341, 1.270000000000001128 ) ) ;
#5485 = FACE_OUTER_BOUND ( 'NONE', #3728, .T. ) ;
#5486 = COLOUR_RGB ( '',0.7921568627450980005, 0.8196078431372548767, 0.9333333333333333481 ) ;
#5487 = EDGE_CURVE ( 'NONE', #3042, #5511, #6650, .T. ) ;
#5488 = SURFACE_SIDE_STYLE ('',( #3934 ) ) ;
#5489 = CARTESIAN_POINT ( 'NONE',  ( 3.810000000000002718, 8.509000000000000341, 1.270000000000001128 ) ) ;
#5490 = LINE ( 'NONE', #1323, #1638 ) ;
#5491 = DIRECTION ( 'NONE',  ( 0.000000000000000000, -2.449293598294710852E-16, 1.000000000000000000 ) ) ;
#5492 = VERTEX_POINT ( 'NONE', #6228 ) ;
#5493 = CARTESIAN_POINT ( 'NONE',  ( -14.22399999999999842, 8.509000000000000341, -1.270000000000001128 ) ) ;
#5494 = EDGE_CURVE ( 'NONE', #6029, #5177, #4652, .T. ) ;
#5495 = DIRECTION ( 'NONE',  ( 0.000000000000000000, 0.9659258262890700886, -0.2588190451025140781 ) ) ;
#5496 = LINE ( 'NONE', #2832, #1583 ) ;
#5497 = VECTOR ( 'NONE', #319, 1000.000000000000000 ) ;
#5498 = ORIENTED_EDGE ( 'NONE', *, *, #6183, .T. ) ;
#5499 = DIRECTION ( 'NONE',  ( -0.000000000000000000, -0.000000000000000000, 1.000000000000000000 ) ) ;
#5500 = PRESENTATION_STYLE_ASSIGNMENT (( #3391 ) ) ;
#5501 = ORIENTED_EDGE ( 'NONE', *, *, #4218, .F. ) ;
#5502 = DIRECTION ( 'NONE',  ( 0.000000000000000000, -0.9659258262890699775, -0.2588190451025145222 ) ) ;
#5503 = VERTEX_POINT ( 'NONE', #2510 ) ;
#5504 =( GEOMETRIC_REPRESENTATION_CONTEXT ( 3 ) GLOBAL_UNCERTAINTY_ASSIGNED_CONTEXT ( ( #5106 ) ) GLOBAL_UNIT_ASSIGNED_CONTEXT ( ( #2215, #4368, #5972 ) ) REPRESENTATION_CONTEXT ( 'NONE', 'WORKASPACE' ) );
#5505 = EDGE_CURVE ( 'NONE', #2658, #2729, #5277, .T. ) ;
#5506 = FACE_OUTER_BOUND ( 'NONE', #1865, .T. ) ;
#5507 = ORIENTED_EDGE ( 'NONE', *, *, #5273, .T. ) ;
#5508 = DIRECTION ( 'NONE',  ( -0.000000000000000000, 0.000000000000000000, -1.000000000000000000 ) ) ;
#5509 = VECTOR ( 'NONE', #339, 1000.000000000000000 ) ;
#5510 = CARTESIAN_POINT ( 'NONE',  ( -8.000999999999994117, 7.239000000000000767, -0.3810000000000041687 ) ) ;
#5511 = VERTEX_POINT ( 'NONE', #1983 ) ;
#5512 = ORIENTED_EDGE ( 'NONE', *, *, #6550, .F. ) ;
#5513 = PLANE ( 'NONE',  #3457 ) ;
#5514 = AXIS2_PLACEMENT_3D ( 'NONE', #3887, #5472, #3434 ) ;
#5515 = DIRECTION ( 'NONE',  ( -0.000000000000000000, 1.000000000000000000, 1.733406087350420004E-16 ) ) ;
#5516 = DIRECTION ( 'NONE',  ( 0.000000000000000000, 0.9659258262890699775, 0.2588190451025145222 ) ) ;
#5517 = ORIENTED_EDGE ( 'NONE', *, *, #3510, .T. ) ;
#5518 = DIRECTION ( 'NONE',  ( 1.000000000000000000, 0.000000000000000000, -0.000000000000000000 ) ) ;
#5519 = VECTOR ( 'NONE', #1772, 1000.000000000000000 ) ;
#5520 = CARTESIAN_POINT ( 'NONE',  ( -1.269999999999996909, 2.177422008883992879E-16, -0.8890000000000013447 ) ) ;
#5521 = EDGE_CURVE ( 'NONE', #3289, #5503, #425, .T. ) ;
#5522 =( LENGTH_UNIT ( ) NAMED_UNIT ( * ) SI_UNIT ( .MILLI., .METRE. ) );
#5523 = PLANE ( 'NONE',  #3831 ) ;
#5524 = CARTESIAN_POINT ( 'NONE',  ( -13.08099999999999596, 7.239000000000000767, 0.3809999999999946207 ) ) ;
#5525 = CARTESIAN_POINT ( 'NONE',  ( -4.698999999999996291, 7.239000000000000767, 0.3809999999999946207 ) ) ;
#5526 = ORIENTED_EDGE ( 'NONE', *, *, #4179, .F. ) ;
#5527 = DIRECTION ( 'NONE',  ( 0.000000000000000000, 0.000000000000000000, -1.000000000000000000 ) ) ;
#5528 = ORIENTED_EDGE ( 'NONE', *, *, #1222, .F. ) ;
#5529 = FACE_OUTER_BOUND ( 'NONE', #217, .T. ) ;
#5530 = ADVANCED_FACE ( 'NONE', ( #1572 ), #5840, .F. ) ;
#5531 = EDGE_LOOP ( 'NONE', ( #4092, #3463, #6377, #1823 ) ) ;
#5532 = LINE ( 'NONE', #5601, #6873 ) ;
#5533 = CARTESIAN_POINT ( 'NONE',  ( -8.889999999999997016, 2.177422008883992879E-16, -0.8890000000000013447 ) ) ;
#5534 = ORIENTED_EDGE ( 'NONE', *, *, #2607, .T. ) ;
#5535 = CARTESIAN_POINT ( 'NONE',  ( 1.270000000000003793, -1.925929944387235853E-31, 0.8889999999999991243 ) ) ;
#5536 = EDGE_LOOP ( 'NONE', ( #4102, #1226, #3364, #5798 ) ) ;
#5537 = ADVANCED_FACE ( 'NONE', ( #1543 ), #4758, .F. ) ;
#5538 = VECTOR ( 'NONE', #5924, 1000.000000000000000 ) ;
#5539 = CARTESIAN_POINT ( 'NONE',  ( 14.22399999999999842, 3.110602869834277161E-16, -1.270000000000001128 ) ) ;
#5540 = VECTOR ( 'NONE', #3114, 1000.000000000000000 ) ;
#5541 = ORIENTED_EDGE ( 'NONE', *, *, #3836, .T. ) ;
#5542 = DIRECTION ( 'NONE',  ( -0.000000000000000000, 1.000000000000000000, 1.440069553722777130E-16 ) ) ;
#5543 =( NAMED_UNIT ( * ) SI_UNIT ( $, .STERADIAN. ) SOLID_ANGLE_UNIT ( ) );
#5544 = ORIENTED_EDGE ( 'NONE', *, *, #4187, .F. ) ;
#5545 = ORIENTED_EDGE ( 'NONE', *, *, #3688, .T. ) ;
#5546 = DIRECTION ( 'NONE',  ( -1.000000000000000000, 0.000000000000000000, -0.000000000000000000 ) ) ;
#5547 = ADVANCED_FACE ( 'NONE', ( #4125, #455 ), #3036, .F. ) ;
#5548 = AXIS2_PLACEMENT_3D ( 'NONE', #177, #3903, #6038 ) ;
#5549 = AXIS2_PLACEMENT_3D ( 'NONE', #350, #6813, #6713 ) ;
#5550 = DIRECTION ( 'NONE',  ( 0.000000000000000000, 0.000000000000000000, 1.000000000000000000 ) ) ;
#5551 = CARTESIAN_POINT ( 'NONE',  ( -8.889999999999998792, 3.110602869834277161E-16, -1.270000000000001128 ) ) ;
#5552 = ORIENTED_EDGE ( 'NONE', *, *, #2412, .F. ) ;
#5553 = COLOUR_RGB ( '',0.2509803921568627416, 0.2509803921568627416, 0.2509803921568627416 ) ;
#5554 = CARTESIAN_POINT ( 'NONE',  ( 8.890000000000004121, 0.000000000000000000, 0.000000000000000000 ) ) ;
#5555 = CARTESIAN_POINT ( 'NONE',  ( 13.97000000000000419, 0.5080000000000000071, 0.7528818102449925664 ) ) ;
#5556 = VECTOR ( 'NONE', #6682, 1000.000000000000000 ) ;
#5557 = CARTESIAN_POINT ( 'NONE',  ( -11.42999999999999794, 0.5080000000000002292, -0.7528818102449945648 ) ) ;
#5558 = CARTESIAN_POINT ( 'NONE',  ( -2.412999999999994927, 7.810500000000001108, 0.1269999999999949503 ) ) ;
#5559 = DIRECTION ( 'NONE',  ( 0.000000000000000000, 0.9659258262890699775, 0.2588190451025145222 ) ) ;
#5560 = LINE ( 'NONE', #5940, #5434 ) ;
#5561 = EDGE_LOOP ( 'NONE', ( #2016, #5420, #4112, #3888 ) ) ;
#5562 = DIRECTION ( 'NONE',  ( -1.000000000000000000, -0.000000000000000000, -0.000000000000000000 ) ) ;
#5563 = DIRECTION ( 'NONE',  ( -1.000000000000000000, 0.000000000000000000, 0.000000000000000000 ) ) ;
#5564 = DIRECTION ( 'NONE',  ( 1.000000000000000000, 0.000000000000000000, 0.000000000000000000 ) ) ;
#5565 = EDGE_CURVE ( 'NONE', #446, #1111, #387, .T. ) ;
#5566 = PLANE ( 'NONE',  #6827 ) ;
#5567 = EDGE_CURVE ( 'NONE', #4132, #1623, #6366, .T. ) ;
#5568 = ORIENTED_EDGE ( 'NONE', *, *, #6106, .T. ) ;
#5569 = LINE ( 'NONE', #3389, #2965 ) ;
#5570 = DIRECTION ( 'NONE',  ( 0.000000000000000000, 0.000000000000000000, -1.000000000000000000 ) ) ;
#5571 = ORIENTED_EDGE ( 'NONE', *, *, #2558, .F. ) ;
#5572 = LINE ( 'NONE', #352, #864 ) ;
#5573 = VERTEX_POINT ( 'NONE', #5805 ) ;
#5574 = EDGE_CURVE ( 'NONE', #4233, #1272, #1506, .T. ) ;
#5575 = CARTESIAN_POINT ( 'NONE',  ( 0.3810000000000046128, 7.239000000000000767, 0.3809999999999946207 ) ) ;
#5576 = ORIENTED_EDGE ( 'NONE', *, *, #4019, .T. ) ;
#5577 = DIRECTION ( 'NONE',  ( 0.000000000000000000, 0.9659258262890700886, -0.2588190451025140781 ) ) ;
#5578 = APPLICATION_CONTEXT ( 'automotive_design' ) ;
#5579 = ORIENTED_EDGE ( 'NONE', *, *, #6694, .T. ) ;
#5580 = ORIENTED_EDGE ( 'NONE', *, *, #619, .T. ) ;
#5581 = DIRECTION ( 'NONE',  ( -0.000000000000000000, 0.000000000000000000, 1.000000000000000000 ) ) ;
#5582 = ADVANCED_FACE ( 'NONE', ( #529 ), #6749, .F. ) ;
#5583 = CARTESIAN_POINT ( 'NONE',  ( -8.889999999999997016, 3.110602869834277161E-16, -1.270000000000001128 ) ) ;
#5584 = DIRECTION ( 'NONE',  ( -1.000000000000000000, 0.000000000000000000, 0.000000000000000000 ) ) ;
#5585 = VERTEX_POINT ( 'NONE', #4193 ) ;
#5586 = DIRECTION ( 'NONE',  ( -0.000000000000000000, 0.000000000000000000, -1.000000000000000000 ) ) ;
#5587 = AXIS2_PLACEMENT_3D ( 'NONE', #26, #4220, #3268 ) ;
#5588 = CARTESIAN_POINT ( 'NONE',  ( -3.809999999999997389, 0.000000000000000000, 1.269999999999998908 ) ) ;
#5589 = FACE_OUTER_BOUND ( 'NONE', #5613, .T. ) ;
#5590 = PLANE ( 'NONE',  #3600 ) ;
#5591 = DIRECTION ( 'NONE',  ( 0.000000000000000000, 5.054934237236841843E-31, 1.000000000000000000 ) ) ;
#5592 = LINE ( 'NONE', #838, #2275 ) ;
#5593 = EDGE_LOOP ( 'NONE', ( #2638, #4870, #6042, #5461 ) ) ;
#5594 = LINE ( 'NONE', #807, #4713 ) ;
#5595 = ORIENTED_EDGE ( 'NONE', *, *, #2782, .T. ) ;
#5596 = PRODUCT_CONTEXT ( 'NONE', #5578, 'mechanical' ) ;
#5597 = LINE ( 'NONE', #1359, #3571 ) ;
#5598 = AXIS2_PLACEMENT_3D ( 'NONE', #1944, #649, #3001 ) ;
#5599 = UNCERTAINTY_MEASURE_WITH_UNIT (LENGTH_MEASURE( 1.000000000000000082E-05 ), #4043, 'distance_accuracy_value', 'NONE');
#5600 = EDGE_CURVE ( 'NONE', #4243, #2194, #6851, .T. ) ;
#5601 = CARTESIAN_POINT ( 'NONE',  ( 5.461000000000003851, 8.064500000000000668, 0.3809999999999946207 ) ) ;
#5602 = CARTESIAN_POINT ( 'NONE',  ( 25.40000000000000213, 7.239000000000000767, -2.201425730935033664E-16 ) ) ;
#5603 = EDGE_LOOP ( 'NONE', ( #5545, #2600, #4902, #4291 ) ) ;
#5604 = CARTESIAN_POINT ( 'NONE',  ( -9.778999999999996362, 8.064500000000000668, -0.3810000000000040021 ) ) ;
#5605 = VERTEX_POINT ( 'NONE', #3659 ) ;
#5606 = ORIENTED_EDGE ( 'NONE', *, *, #5145, .F. ) ;
#5607 = AXIS2_PLACEMENT_3D ( 'NONE', #5844, #1053, #1615 ) ;
#5608 = EDGE_CURVE ( 'NONE', #4293, #6274, #5205, .T. ) ;
#5609 = CARTESIAN_POINT ( 'NONE',  ( 4.699000000000005173, 7.239000000000000767, 0.3809999999999946207 ) ) ;
#5610 = ORIENTED_EDGE ( 'NONE', *, *, #2860, .T. ) ;
#5611 = PLANE ( 'NONE',  #5973 ) ;
#5612 = EDGE_LOOP ( 'NONE', ( #570, #4734, #1119, #6656 ) ) ;
#5613 = EDGE_LOOP ( 'NONE', ( #468, #6050, #4962, #4669 ) ) ;
#5614 = LINE ( 'NONE', #725, #2566 ) ;
#5615 = ADVANCED_FACE ( 'NONE', ( #2547 ), #6815, .F. ) ;
#5616 = VECTOR ( 'NONE', #6099, 1000.000000000000000 ) ;
#5617 = CARTESIAN_POINT ( 'NONE',  ( -4.698999999999996291, 8.064500000000000668, -0.3810000000000040021 ) ) ;
#5618 = EDGE_CURVE ( 'NONE', #3229, #5213, #3107, .T. ) ;
#5619 = DIRECTION ( 'NONE',  ( 0.000000000000000000, -1.000000000000000000, 0.000000000000000000 ) ) ;
#5620 = ORIENTED_EDGE ( 'NONE', *, *, #2073, .F. ) ;
#5621 = DIRECTION ( 'NONE',  ( 0.000000000000000000, 2.548365665731588345E-16, -1.000000000000000000 ) ) ;
#5622 = VECTOR ( 'NONE', #4765, 1000.000000000000000 ) ;
#5623 = ADVANCED_FACE ( 'NONE', ( #5240, #2581 ), #1013, .F. ) ;
#5624 = DIRECTION ( 'NONE',  ( 0.000000000000000000, -2.449293598294710852E-16, 1.000000000000000000 ) ) ;
#5625 = EDGE_CURVE ( 'NONE', #556, #52, #2220, .T. ) ;
#5626 = AXIS2_PLACEMENT_3D ( 'NONE', #4529, #5619, #830 ) ;
#5627 = DIRECTION ( 'NONE',  ( 0.000000000000000000, 1.000000000000000000, 2.548365665731588345E-16 ) ) ;
#5628 = FACE_OUTER_BOUND ( 'NONE', #4246, .T. ) ;
#5629 = PLANE ( 'NONE',  #4750 ) ;
#5630 = EDGE_LOOP ( 'NONE', ( #5678, #935, #1816, #435 ) ) ;
#5631 = CARTESIAN_POINT ( 'NONE',  ( 2.667000000000004256, 7.810500000000000220, -0.1270000000000037488 ) ) ;
#5632 = PRODUCT_CONTEXT ( 'NONE', #4723, 'mechanical' ) ;
#5633 = DIRECTION ( 'NONE',  ( -1.000000000000000000, -0.000000000000000000, -0.000000000000000000 ) ) ;
#5634 = CARTESIAN_POINT ( 'NONE',  ( -2.920999999999994934, 7.239000000000000767, 0.3809999999999946207 ) ) ;
#5635 = DIRECTION ( 'NONE',  ( 0.000000000000000000, 1.000000000000000000, 0.000000000000000000 ) ) ;
#5636 = EDGE_LOOP ( 'NONE', ( #1198, #5830, #2120, #2450 ) ) ;
#5637 = CARTESIAN_POINT ( 'NONE',  ( -4.698999999999996291, 7.239000000000000767, -0.3810000000000041687 ) ) ;
#5638 = ORIENTED_EDGE ( 'NONE', *, *, #3800, .T. ) ;
#5639 = DIRECTION ( 'NONE',  ( 0.000000000000000000, -1.000000000000000000, -1.733406087350420004E-16 ) ) ;
#5640 = ORIENTED_EDGE ( 'NONE', *, *, #4725, .T. ) ;
#5641 = CARTESIAN_POINT ( 'NONE',  ( -13.08099999999999596, 8.064500000000000668, 0.3809999999999947873 ) ) ;
#5642 = VERTEX_POINT ( 'NONE', #2190 ) ;
#5643 = AXIS2_PLACEMENT_3D ( 'NONE', #5823, #2069, #5258 ) ;
#5644 = VECTOR ( 'NONE', #5781, 1000.000000000000000 ) ;
#5645 = ORIENTED_EDGE ( 'NONE', *, *, #4555, .T. ) ;
#5646 = CARTESIAN_POINT ( 'NONE',  ( 8.890000000000004121, 2.177422008883992879E-16, -0.8890000000000013447 ) ) ;
#5647 = ADVANCED_FACE ( 'NONE', ( #4826 ), #4894, .F. ) ;
#5648 = AXIS2_PLACEMENT_3D ( 'NONE', #6679, #1883, #2975 ) ;
#5649 = VECTOR ( 'NONE', #4514, 1000.000000000000000 ) ;
#5650 = LINE ( 'NONE', #6828, #6056 ) ;
#5651 = LINE ( 'NONE', #2991, #3276 ) ;
#5652 = EDGE_LOOP ( 'NONE', ( #4239, #3730, #1998, #1929 ) ) ;
#5653 = SURFACE_STYLE_USAGE ( .BOTH. , #3117 ) ;
#5654 = CARTESIAN_POINT ( 'NONE',  ( 14.22399999999999842, 0.5080000000000002292, -0.7528818102449945648 ) ) ;
#5655 = AXIS2_PLACEMENT_3D ( 'NONE', #3449, #4470, #5559 ) ;
#5656 = VECTOR ( 'NONE', #5873, 1000.000000000000000 ) ;
#5657 = DIRECTION ( 'NONE',  ( 0.7071067811865475727, -0.7071067811865475727, 0.000000000000000000 ) ) ;
#5658 = AXIS2_PLACEMENT_3D ( 'NONE', #3778, #647, #3811 ) ;
#5659 = FACE_OUTER_BOUND ( 'NONE', #6031, .T. ) ;
#5660 = ADVANCED_FACE ( 'NONE', ( #3769 ), #1611, .F. ) ;
#5661 = PLANE ( 'NONE',  #2063 ) ;
#5662 = CARTESIAN_POINT ( 'NONE',  ( 14.22399999999999842, 0.000000000000000000, 1.269999999999998908 ) ) ;
#5663 = ORIENTED_EDGE ( 'NONE', *, *, #4113, .F. ) ;
#5664 = DIRECTION ( 'NONE',  ( 0.000000000000000000, 2.548365665731588345E-16, -1.000000000000000000 ) ) ;
#5665 = AXIS2_PLACEMENT_3D ( 'NONE', #2014, #3556, #5699 ) ;
#5666 = EDGE_CURVE ( 'NONE', #3294, #4027, #634, .T. ) ;
#5667 = CARTESIAN_POINT ( 'NONE',  ( 8.890000000000004121, 3.110602869834277161E-16, -1.270000000000001128 ) ) ;
#5668 = EDGE_CURVE ( 'NONE', #5988, #741, #6470, .T. ) ;
#5669 = EDGE_CURVE ( 'NONE', #5754, #1136, #6504, .T. ) ;
#5670 = CARTESIAN_POINT ( 'NONE',  ( 4.254500000000004611, 8.509000000000000341, -0.8255000000000052296 ) ) ;
#5671 = DIRECTION ( 'NONE',  ( -0.000000000000000000, 0.000000000000000000, -1.000000000000000000 ) ) ;
#5672 = VERTEX_POINT ( 'NONE', #6536 ) ;
#5673 = CARTESIAN_POINT ( 'NONE',  ( -13.96999999999999886, 8.509000000000000341, 1.270000000000001128 ) ) ;
#5674 = VERTEX_POINT ( 'NONE', #6403 ) ;
#5675 = PLANE ( 'NONE',  #2822 ) ;
#5676 = ORIENTED_EDGE ( 'NONE', *, *, #6671, .T. ) ;
#5677 = FACE_OUTER_BOUND ( 'NONE', #2680, .T. ) ;
#5678 = ORIENTED_EDGE ( 'NONE', *, *, #819, .T. ) ;
#5679 = VERTEX_POINT ( 'NONE', #4860 ) ;
#5680 = DIRECTION ( 'NONE',  ( 0.000000000000000000, -1.000000000000000000, -2.548365665731588345E-16 ) ) ;
#5681 = DIRECTION ( 'NONE',  ( 0.000000000000000000, -1.000000000000000000, 0.000000000000000000 ) ) ;
#5682 = ORIENTED_EDGE ( 'NONE', *, *, #2665, .T. ) ;
#5683 = DIRECTION ( 'NONE',  ( -0.000000000000000000, 1.000000000000000000, 1.733406087350420004E-16 ) ) ;
#5684 = EDGE_CURVE ( 'NONE', #920, #2537, #78, .T. ) ;
#5685 = ORIENTED_EDGE ( 'NONE', *, *, #6385, .F. ) ;
#5686 = LINE ( 'NONE', #3058, #3381 ) ;
#5687 = DIRECTION ( 'NONE',  ( 0.000000000000000000, 1.000000000000000000, 1.440069553722777377E-16 ) ) ;
#5688 = DIRECTION ( 'NONE',  ( -1.000000000000000000, -0.000000000000000000, -0.000000000000000000 ) ) ;
#5689 = ORIENTED_EDGE ( 'NONE', *, *, #4638, .T. ) ;
#5690 = CARTESIAN_POINT ( 'NONE',  ( -12.57299999999999507, 7.810500000000000220, -0.1270000000000037488 ) ) ;
#5691 = DIRECTION ( 'NONE',  ( 1.000000000000000000, -0.000000000000000000, -0.000000000000000000 ) ) ;
#5692 = ORIENTED_EDGE ( 'NONE', *, *, #6299, .F. ) ;
#5693 = CARTESIAN_POINT ( 'NONE',  ( -11.42999999999999794, -1.925929944387235853E-31, 0.8889999999999991243 ) ) ;
#5694 = CONTEXT_DEPENDENT_SHAPE_REPRESENTATION ( #2208, #2426 ) ;
#5695 = CARTESIAN_POINT ( 'NONE',  ( -8.889999999999997016, -1.925929944387235853E-31, 0.8889999999999991243 ) ) ;
#5696 = LINE ( 'NONE', #3621, #629 ) ;
#5697 = CARTESIAN_POINT ( 'NONE',  ( -8.445499999999995566, 8.509000000000000341, 0.8254999999999963478 ) ) ;
#5698 = ORIENTED_EDGE ( 'NONE', *, *, #2408, .F. ) ;
#5699 = DIRECTION ( 'NONE',  ( 0.000000000000000000, -0.000000000000000000, -1.000000000000000000 ) ) ;
#5700 = ORIENTED_EDGE ( 'NONE', *, *, #1337, .T. ) ;
#5701 = EDGE_CURVE ( 'NONE', #3438, #366, #1710, .T. ) ;
#5702 = LINE ( 'NONE', #2018, #3805 ) ;
#5703 = CARTESIAN_POINT ( 'NONE',  ( -7.238999999999996326, 8.064500000000000668, 0.3809999999999946207 ) ) ;
#5704 = EDGE_LOOP ( 'NONE', ( #353, #5079, #41, #5159 ) ) ;
#5705 = DIRECTION ( 'NONE',  ( 0.000000000000000000, -0.000000000000000000, -1.000000000000000000 ) ) ;
#5706 = PLANE ( 'NONE',  #2170 ) ;
#5707 = ORIENTED_EDGE ( 'NONE', *, *, #2146, .F. ) ;
#5708 = EDGE_LOOP ( 'NONE', ( #888, #5606, #5242, #5507 ) ) ;
#5709 = CARTESIAN_POINT ( 'NONE',  ( 0.000000000000000000, 0.000000000000000000, 0.000000000000000000 ) ) ;
#5710 = ADVANCED_FACE ( 'NONE', ( #6010 ), #1649, .F. ) ;
#5711 = DIRECTION ( 'NONE',  ( 0.000000000000000000, 1.000000000000000000, 0.000000000000000000 ) ) ;
#5712 = ORIENTED_EDGE ( 'NONE', *, *, #2080, .T. ) ;
#5713 = DIRECTION ( 'NONE',  ( -1.000000000000000000, -0.000000000000000000, -0.000000000000000000 ) ) ;
#5714 = DIRECTION ( 'NONE',  ( 0.000000000000000000, 0.000000000000000000, -1.000000000000000000 ) ) ;
#5715 = ORIENTED_EDGE ( 'NONE', *, *, #1681, .F. ) ;
#5716 = DIRECTION ( 'NONE',  ( -1.000000000000000000, 0.000000000000000000, 0.000000000000000000 ) ) ;
#5717 = AXIS2_PLACEMENT_3D ( 'NONE', #3552, #3580, #5729 ) ;
#5718 = CARTESIAN_POINT ( 'NONE',  ( -5.460999999999994969, 8.064500000000000668, 0.3809999999999946207 ) ) ;
#5719 = SHAPE_REPRESENTATION ( 'Pin - Tin', ( #5362 ), #3680 ) ;
#5720 = CARTESIAN_POINT ( 'NONE',  ( -6.349999999999996980, 0.5080000000000002292, -0.7528818102449945648 ) ) ;
#5721 = ORIENTED_EDGE ( 'NONE', *, *, #5786, .F. ) ;
#5722 = PLANE ( 'NONE',  #5093 ) ;
#5723 = VECTOR ( 'NONE', #6000, 1000.000000000000000 ) ;
#5724 = ORIENTED_EDGE ( 'NONE', *, *, #3414, .T. ) ;
#5725 = DIRECTION ( 'NONE',  ( 0.000000000000000000, -5.054934237236841843E-31, -1.000000000000000000 ) ) ;
#5726 = ITEM_DEFINED_TRANSFORMATION ( 'NONE', 'NONE', #1241,  #5362 ) ;
#5727 = EDGE_CURVE ( 'NONE', #6086, #1021, #5349, .T. ) ;
#5728 = VECTOR ( 'NONE', #1217, 1000.000000000000000 ) ;
#5729 = DIRECTION ( 'NONE',  ( 0.000000000000000000, 0.9659258262890699775, 0.2588190451025145222 ) ) ;
#5730 = VECTOR ( 'NONE', #5716, 1000.000000000000000 ) ;
#5731 = LINE ( 'NONE', #5802, #3307 ) ;
#5732 = LINE ( 'NONE', #560, #4980 ) ;
#5733 = ORIENTED_EDGE ( 'NONE', *, *, #1575, .F. ) ;
#5734 = DIRECTION ( 'NONE',  ( 0.000000000000000000, 5.054934237236841843E-31, 1.000000000000000000 ) ) ;
#5735 = AXIS2_PLACEMENT_3D ( 'NONE', #2648, #2383, #4494 ) ;
#5736 = VERTEX_POINT ( 'NONE', #3838 ) ;
#5737 = EDGE_CURVE ( 'NONE', #522, #3294, #1118, .T. ) ;
#5738 = PLANE ( 'NONE',  #5151 ) ;
#5739 = VECTOR ( 'NONE', #6832, 1000.000000000000000 ) ;
#5740 = DIRECTION ( 'NONE',  ( 0.000000000000000000, -1.733406087350420004E-16, 1.000000000000000000 ) ) ;
#5741 = VERTEX_POINT ( 'NONE', #3876 ) ;
#5742 = LINE ( 'NONE', #2022, #6538 ) ;
#5743 = CARTESIAN_POINT ( 'NONE',  ( -1.269999999999996909, 0.000000000000000000, 0.000000000000000000 ) ) ;
#5744 = ORIENTED_EDGE ( 'NONE', *, *, #2860, .F. ) ;
#5745 = EDGE_CURVE ( 'NONE', #675, #2197, #3729, .T. ) ;
#5746 = VECTOR ( 'NONE', #5130, 1000.000000000000000 ) ;
#5747 = EDGE_LOOP ( 'NONE', ( #343, #2901, #1411, #3822 ) ) ;
#5748 = EDGE_CURVE ( 'NONE', #2586, #6722, #2115, .T. ) ;
#5749 = CARTESIAN_POINT ( 'NONE',  ( 3.810000000000002718, 8.509000000000000341, -1.270000000000001128 ) ) ;
#5750 = AXIS2_PLACEMENT_3D ( 'NONE', #2775, #6022, #4356 ) ;
#5751 = ORIENTED_EDGE ( 'NONE', *, *, #5861, .T. ) ;
#5752 = FACE_OUTER_BOUND ( 'NONE', #5561, .T. ) ;
#5753 = DIRECTION ( 'NONE',  ( 0.000000000000000000, 0.9659258262890699775, 0.2588190451025145222 ) ) ;
#5754 = VERTEX_POINT ( 'NONE', #4265 ) ;
#5755 = EDGE_CURVE ( 'NONE', #5054, #5386, #1085, .T. ) ;
#5756 = DIRECTION ( 'NONE',  ( 0.000000000000000000, 0.000000000000000000, -1.000000000000000000 ) ) ;
#5757 = VECTOR ( 'NONE', #5820, 1000.000000000000000 ) ;
#5758 = PLANE ( 'NONE',  #1705 ) ;
#5759 = LINE ( 'NONE', #3061, #4164 ) ;
#5760 = EDGE_LOOP ( 'NONE', ( #3596, #5129, #6452, #5278, #580, #6588, #4684, #4977 ) ) ;
#5761 = AXIS2_PLACEMENT_3D ( 'NONE', #328, #2479, #3184 ) ;
#5762 = DIRECTION ( 'NONE',  ( -1.000000000000000000, -0.000000000000000000, -0.000000000000000000 ) ) ;
#5763 = MECHANICAL_DESIGN_GEOMETRIC_PRESENTATION_REPRESENTATION (  '', ( #3972 ), #3628 ) ;
#5764 = VERTEX_POINT ( 'NONE', #1188 ) ;
#5765 = CARTESIAN_POINT ( 'NONE',  ( 6.350000000000003197, 3.110602869834277161E-16, -1.270000000000001128 ) ) ;
#5766 = VECTOR ( 'NONE', #594, 1000.000000000000000 ) ;
#5767 = AXIS2_PLACEMENT_3D ( 'NONE', #6569, #4923, #1745 ) ;
#5768 = CARTESIAN_POINT ( 'NONE',  ( 4.699000000000005173, 7.239000000000000767, 0.3809999999999946207 ) ) ;
#5769 = LINE ( 'NONE', #2544, #4761 ) ;
#5770 = DIRECTION ( 'NONE',  ( 1.000000000000000000, 0.000000000000000000, -0.000000000000000000 ) ) ;
#5771 = ADVANCED_FACE ( 'NONE', ( #4341 ), #42, .F. ) ;
#5772 = ORIENTED_EDGE ( 'NONE', *, *, #2833, .F. ) ;
#5773 = DIRECTION ( 'NONE',  ( 0.000000000000000000, 2.449293598294710852E-16, -1.000000000000000000 ) ) ;
#5774 =( GEOMETRIC_REPRESENTATION_CONTEXT ( 3 ) GLOBAL_UNCERTAINTY_ASSIGNED_CONTEXT ( ( #148 ) ) GLOBAL_UNIT_ASSIGNED_CONTEXT ( ( #4167, #6376, #5851 ) ) REPRESENTATION_CONTEXT ( 'NONE', 'WORKASPACE' ) );
#5775 = ORIENTED_EDGE ( 'NONE', *, *, #6545, .F. ) ;
#5776 = DIRECTION ( 'NONE',  ( -1.000000000000000000, 0.000000000000000000, 0.000000000000000000 ) ) ;
#5777 = VECTOR ( 'NONE', #5170, 1000.000000000000000 ) ;
#5778 = CARTESIAN_POINT ( 'NONE',  ( -3.809999999999997389, 2.177422008883992879E-16, -0.8890000000000013447 ) ) ;
#5779 = ORIENTED_EDGE ( 'NONE', *, *, #6286, .T. ) ;
#5780 = DIRECTION ( 'NONE',  ( 0.000000000000000000, 0.000000000000000000, 1.000000000000000000 ) ) ;
#5781 = DIRECTION ( 'NONE',  ( -1.000000000000000000, -0.000000000000000000, -0.000000000000000000 ) ) ;
#5782 = ORIENTED_EDGE ( 'NONE', *, *, #3900, .T. ) ;
#5783 = DIRECTION ( 'NONE',  ( 1.000000000000000000, 0.000000000000000000, -0.000000000000000000 ) ) ;
#5784 = ORIENTED_EDGE ( 'NONE', *, *, #5745, .F. ) ;
#5785 = DIRECTION ( 'NONE',  ( 1.000000000000000000, 0.000000000000000000, 0.000000000000000000 ) ) ;
#5786 = EDGE_CURVE ( 'NONE', #741, #5410, #597, .T. ) ;
#5787 = CARTESIAN_POINT ( 'NONE',  ( -8.889999999999998792, 8.509000000000000341, -1.270000000000001128 ) ) ;
#5788 = ORIENTED_EDGE ( 'NONE', *, *, #2964, .T. ) ;
#5789 = LINE ( 'NONE', #4699, #6433 ) ;
#5790 = DIRECTION ( 'NONE',  ( 0.000000000000000000, 2.449293598294710852E-16, -1.000000000000000000 ) ) ;
#5791 = EDGE_LOOP ( 'NONE', ( #179, #746, #5526, #3530 ) ) ;
#5792 = CARTESIAN_POINT ( 'NONE',  ( 6.350000000000003197, 8.509000000000000341, -0.8255000000000052296 ) ) ;
#5793 = DIRECTION ( 'NONE',  ( 0.000000000000000000, 0.000000000000000000, -1.000000000000000000 ) ) ;
#5794 = FACE_OUTER_BOUND ( 'NONE', #2582, .T. ) ;
#5795 = ORIENTED_EDGE ( 'NONE', *, *, #3179, .T. ) ;
#5796 = CARTESIAN_POINT ( 'NONE',  ( 0.1961031209927693308, -3.200400000000000134, 0.2032000000000001583 ) ) ;
#5797 =( REPRESENTATION_RELATIONSHIP ('NONE','NONE', #770, #5719 ) REPRESENTATION_RELATIONSHIP_WITH_TRANSFORMATION ( #4787 )SHAPE_REPRESENTATION_RELATIONSHIP( ) );
#5798 = ORIENTED_EDGE ( 'NONE', *, *, #505, .F. ) ;
#5799 = DIRECTION ( 'NONE',  ( 1.000000000000000000, -0.000000000000000000, -0.000000000000000000 ) ) ;
#5800 = AXIS2_PLACEMENT_3D ( 'NONE', #6872, #658, #583 ) ;
#5801 = CARTESIAN_POINT ( 'NONE',  ( -1.269999999999996909, 0.000000000000000000, 0.000000000000000000 ) ) ;
#5802 = CARTESIAN_POINT ( 'NONE',  ( -10.28699999999999548, 7.810500000000000220, -0.1270000000000037488 ) ) ;
#5803 = CARTESIAN_POINT ( 'NONE',  ( 11.87450000000000649, 8.509000000000000341, -1.270000000000001128 ) ) ;
#5804 = ORIENTED_EDGE ( 'NONE', *, *, #1385, .F. ) ;
#5805 = CARTESIAN_POINT ( 'NONE',  ( 6.350000000000003197, 0.000000000000000000, 1.269999999999998908 ) ) ;
#5806 = VECTOR ( 'NONE', #4391, 1000.000000000000000 ) ;
#5807 = EDGE_LOOP ( 'NONE', ( #5517, #1924, #5895, #4783 ) ) ;
#5808 = EDGE_CURVE ( 'NONE', #6477, #5448, #3981, .T. ) ;
#5809 = DIRECTION ( 'NONE',  ( 0.9396926207859094271, -0.3420201433256660484, -0.000000000000000000 ) ) ;
#5810 = FACE_OUTER_BOUND ( 'NONE', #5186, .T. ) ;
#5811 = ORIENTED_EDGE ( 'NONE', *, *, #6385, .T. ) ;
#5812 = LINE ( 'NONE', #6265, #5540 ) ;
#5813 = DIRECTION ( 'NONE',  ( -0.000000000000000000, 1.000000000000000000, 1.733406087350420004E-16 ) ) ;
#5814 = ORIENTED_EDGE ( 'NONE', *, *, #4218, .T. ) ;
#5815 =( LENGTH_UNIT ( ) NAMED_UNIT ( * ) SI_UNIT ( .MILLI., .METRE. ) );
#5816 = ORIENTED_EDGE ( 'NONE', *, *, #6899, .F. ) ;
#5817 =( NAMED_UNIT ( * ) PLANE_ANGLE_UNIT ( ) SI_UNIT ( $, .RADIAN. ) );
#5818 = DIRECTION ( 'NONE',  ( 0.000000000000000000, -0.9659258262890699775, -0.2588190451025145222 ) ) ;
#5819 = VERTEX_POINT ( 'NONE', #6571 ) ;
#5820 = DIRECTION ( 'NONE',  ( 0.000000000000000000, -5.054934237236841843E-31, -1.000000000000000000 ) ) ;
#5821 = LINE ( 'NONE', #1030, #4403 ) ;
#5822 = ORIENTED_EDGE ( 'NONE', *, *, #5232, .T. ) ;
#5823 = CARTESIAN_POINT ( 'NONE',  ( 3.810000000000002718, 0.000000000000000000, 0.000000000000000000 ) ) ;
#5824 = CARTESIAN_POINT ( 'NONE',  ( -3.809999999999997389, 8.509000000000000341, -1.270000000000001128 ) ) ;
#5825 = EDGE_CURVE ( 'NONE', #5741, #4481, #5026, .T. ) ;
#5826 = CLOSED_SHELL ( 'NONE', ( #5623, #5582, #2165, #2840, #676, #3306, #3863, #999, #3899, #5183, #338, #1653, #949, #5329, #1541, #2476, #5771, #2136, #182 ) ) ;
#5827 = DIRECTION ( 'NONE',  ( -0.7071067811865475727, -0.7071067811865475727, 0.000000000000000000 ) ) ;
#5828 = CARTESIAN_POINT ( 'NONE',  ( 13.97000000000000419, 3.110602869834277161E-16, -1.270000000000001128 ) ) ;
#5829 = ORIENTED_EDGE ( 'NONE', *, *, #4288, .F. ) ;
#5830 = ORIENTED_EDGE ( 'NONE', *, *, #5000, .F. ) ;
#5831 = LINE ( 'NONE', #5935, #2723 ) ;
#5832 = EDGE_CURVE ( 'NONE', #362, #3132, #243, .T. ) ;
#5833 = EDGE_CURVE ( 'NONE', #759, #4701, #2359, .T. ) ;
#5834 = VECTOR ( 'NONE', #2186, 1000.000000000000000 ) ;
#5835 = CARTESIAN_POINT ( 'NONE',  ( 13.96999999999999886, 8.509000000000000341, 1.270000000000001128 ) ) ;
#5836 = VECTOR ( 'NONE', #305, 1000.000000000000000 ) ;
#5837 = DIRECTION ( 'NONE',  ( -0.5773502691896253980, 0.5773502691896253980, -0.5773502691896266192 ) ) ;
#5838 = CARTESIAN_POINT ( 'NONE',  ( 7.239000000000006096, 8.064500000000000668, 0.3809999999999947873 ) ) ;
#5839 = VERTEX_POINT ( 'NONE', #1843 ) ;
#5840 = PLANE ( 'NONE',  #2873 ) ;
#5841 = ORIENTED_EDGE ( 'NONE', *, *, #3810, .T. ) ;
#5842 = VECTOR ( 'NONE', #2700, 1000.000000000000000 ) ;
#5843 = EDGE_CURVE ( 'NONE', #5923, #2293, #742, .T. ) ;
#5844 = CARTESIAN_POINT ( 'NONE',  ( -8.889999999999997016, 3.110602869834277161E-16, -1.270000000000001128 ) ) ;
#5845 = DIRECTION ( 'NONE',  ( 1.000000000000000000, 0.000000000000000000, 0.000000000000000000 ) ) ;
#5846 = ORIENTED_EDGE ( 'NONE', *, *, #6167, .T. ) ;
#5847 = CARTESIAN_POINT ( 'NONE',  ( 4.699000000000005173, 8.064500000000000668, 0.3809999999999947873 ) ) ;
#5848 = VECTOR ( 'NONE', #6279, 1000.000000000000000 ) ;
#5849 = PLANE ( 'NONE',  #4315 ) ;
#5850 = ORIENTED_EDGE ( 'NONE', *, *, #2677, .T. ) ;
#5851 =( NAMED_UNIT ( * ) SI_UNIT ( $, .STERADIAN. ) SOLID_ANGLE_UNIT ( ) );
#5852 = ORIENTED_EDGE ( 'NONE', *, *, #2007, .F. ) ;
#5853 = EDGE_CURVE ( 'NONE', #1370, #6086, #1357, .T. ) ;
#5854 = VECTOR ( 'NONE', #5790, 1000.000000000000000 ) ;
#5855 = CARTESIAN_POINT ( 'NONE',  ( -6.349999999999996980, 2.177422008883992879E-16, -0.8890000000000013447 ) ) ;
#5856 = VERTEX_POINT ( 'NONE', #1292 ) ;
#5857 = DIRECTION ( 'NONE',  ( 1.000000000000000000, 0.000000000000000000, -0.000000000000000000 ) ) ;
#5858 = CARTESIAN_POINT ( 'NONE',  ( 8.001000000000004775, 7.239000000000000767, 0.3809999999999946207 ) ) ;
#5859 = ORIENTED_EDGE ( 'NONE', *, *, #6106, .F. ) ;
#5860 = PLANE ( 'NONE',  #6087 ) ;
#5861 = EDGE_CURVE ( 'NONE', #296, #4523, #3940, .T. ) ;
#5862 = CARTESIAN_POINT ( 'NONE',  ( 2.159000000000004693, 7.239000000000000767, -0.3810000000000041687 ) ) ;
#5863 = CARTESIAN_POINT ( 'NONE',  ( -9.334499999999994913, 8.509000000000000341, 0.8254999999999963478 ) ) ;
#5864 = CARTESIAN_POINT ( 'NONE',  ( -0.3810000000000000053, -2.692399999999995686, -0.2032000000000001028 ) ) ;
#5865 = ORIENTED_EDGE ( 'NONE', *, *, #5, .T. ) ;
#5866 = ORIENTED_EDGE ( 'NONE', *, *, #2015, .T. ) ;
#5867 = CARTESIAN_POINT ( 'NONE',  ( 3.810000000000002718, 8.509000000000000341, -1.270000000000001128 ) ) ;
#5868 = AXIS2_PLACEMENT_3D ( 'NONE', #6830, #6312, #5857 ) ;
#5869 = EDGE_CURVE ( 'NONE', #6870, #5736, #2935, .T. ) ;
#5870 = AXIS2_PLACEMENT_3D ( 'NONE', #2627, #3701, #1475 ) ;
#5871 = VECTOR ( 'NONE', #2728, 1000.000000000000000 ) ;
#5872 = CARTESIAN_POINT ( 'NONE',  ( -3.809999999999997389, 0.000000000000000000, 1.269999999999998908 ) ) ;
#5873 = DIRECTION ( 'NONE',  ( 0.000000000000000000, 0.000000000000000000, -1.000000000000000000 ) ) ;
#5874 = ORIENTED_EDGE ( 'NONE', *, *, #1605, .T. ) ;
#5875 = DIRECTION ( 'NONE',  ( 0.000000000000000000, 0.000000000000000000, -1.000000000000000000 ) ) ;
#5876 = ADVANCED_FACE ( 'NONE', ( #775 ), #3906, .F. ) ;
#5877 = ORIENTED_EDGE ( 'NONE', *, *, #799, .T. ) ;
#5878 = AXIS2_PLACEMENT_3D ( 'NONE', #6438, #107, #1707 ) ;
#5879 = VECTOR ( 'NONE', #2471, 999.9999999999998863 ) ;
#5880 = LINE ( 'NONE', #5388, #1024 ) ;
#5881 = EDGE_CURVE ( 'NONE', #3092, #3849, #6186, .T. ) ;
#5882 = DIRECTION ( 'NONE',  ( 1.000000000000000000, -0.000000000000000000, -0.000000000000000000 ) ) ;
#5883 = VECTOR ( 'NONE', #4732, 1000.000000000000000 ) ;
#5884 = VERTEX_POINT ( 'NONE', #2900 ) ;
#5885 = CARTESIAN_POINT ( 'NONE',  ( -14.22399999999999842, 3.110602869834277161E-16, -1.270000000000001128 ) ) ;
#5886 = CARTESIAN_POINT ( 'NONE',  ( -13.08099999999999596, 7.239000000000000767, -0.3810000000000041687 ) ) ;
#5887 = ORIENTED_EDGE ( 'NONE', *, *, #1394, .T. ) ;
#5888 = FACE_OUTER_BOUND ( 'NONE', #1488, .T. ) ;
#5889 = ORIENTED_EDGE ( 'NONE', *, *, #4569, .T. ) ;
#5890 = VECTOR ( 'NONE', #5137, 1000.000000000000000 ) ;
#5891 = DIRECTION ( 'NONE',  ( -0.000000000000000000, 1.000000000000000000, 1.733406087350420004E-16 ) ) ;
#5892 = EDGE_LOOP ( 'NONE', ( #2100, #5689, #4108, #6683, #3739, #6162 ) ) ;
#5893 = PLANE ( 'NONE',  #2733 ) ;
#5894 = DIRECTION ( 'NONE',  ( 0.000000000000000000, -1.440069553722777130E-16, 1.000000000000000000 ) ) ;
#5895 = ORIENTED_EDGE ( 'NONE', *, *, #238, .F. ) ;
#5896 = FACE_OUTER_BOUND ( 'NONE', #4859, .T. ) ;
#5897 = CARTESIAN_POINT ( 'NONE',  ( 0.3810000000000000053, 0.5079999999999997851, 0.2032000000000010465 ) ) ;
#5898 = EDGE_CURVE ( 'NONE', #4472, #4701, #213, .T. ) ;
#5899 = DIRECTION ( 'NONE',  ( 1.000000000000000000, 0.000000000000000000, -0.000000000000000000 ) ) ;
#5900 = DIRECTION ( 'NONE',  ( -1.000000000000000000, -0.000000000000000000, -0.000000000000000000 ) ) ;
#5901 = ORIENTED_EDGE ( 'NONE', *, *, #265, .T. ) ;
#5902 = CARTESIAN_POINT ( 'NONE',  ( -3.809999999999997389, 8.509000000000000341, 1.270000000000001128 ) ) ;
#5903 = ORIENTED_EDGE ( 'NONE', *, *, #1033, .T. ) ;
#5904 = LINE ( 'NONE', #4335, #6529 ) ;
#5905 =( NAMED_UNIT ( * ) SI_UNIT ( $, .STERADIAN. ) SOLID_ANGLE_UNIT ( ) );
#5906 = DIRECTION ( 'NONE',  ( 0.000000000000000000, -1.000000000000000000, -2.548365665731588345E-16 ) ) ;
#5907 = CARTESIAN_POINT ( 'NONE',  ( -5.460999999999994969, 8.064500000000000668, 0.3809999999999946207 ) ) ;
#5908 = ORIENTED_EDGE ( 'NONE', *, *, #4150, .F. ) ;
#5909 = CARTESIAN_POINT ( 'NONE',  ( 13.08100000000000662, 7.239000000000000767, 0.3809999999999946207 ) ) ;
#5910 = EDGE_LOOP ( 'NONE', ( #3430, #43, #3853, #1826 ) ) ;
#5911 = EDGE_CURVE ( 'NONE', #1769, #5218, #5594, .T. ) ;
#5912 = DIRECTION ( 'NONE',  ( 0.000000000000000000, 1.733406087350420004E-16, -1.000000000000000000 ) ) ;
#5913 = EDGE_CURVE ( 'NONE', #3584, #3941, #5067, .T. ) ;
#5914 = VERTEX_POINT ( 'NONE', #2324 ) ;
#5915 = LINE ( 'NONE', #1332, #6317 ) ;
#5916 = DIRECTION ( 'NONE',  ( -1.000000000000000000, -0.000000000000000000, -0.000000000000000000 ) ) ;
#5917 = ORIENTED_EDGE ( 'NONE', *, *, #286, .T. ) ;
#5918 = FACE_OUTER_BOUND ( 'NONE', #3025, .T. ) ;
#5919 = ORIENTED_EDGE ( 'NONE', *, *, #3655, .T. ) ;
#5920 = SURFACE_SIDE_STYLE ('',( #3192 ) ) ;
#5921 = VECTOR ( 'NONE', #4426, 1000.000000000000000 ) ;
#5922 = LINE ( 'NONE', #2736, #5953 ) ;
#5923 = VERTEX_POINT ( 'NONE', #4575 ) ;
#5924 = DIRECTION ( 'NONE',  ( 0.000000000000000000, 1.000000000000000000, 0.000000000000000000 ) ) ;
#5925 = LINE ( 'NONE', #3159, #1613 ) ;
#5926 = ORIENTED_EDGE ( 'NONE', *, *, #4247, .T. ) ;
#5927 = LINE ( 'NONE', #3824, #3178 ) ;
#5928 = CARTESIAN_POINT ( 'NONE',  ( 8.890000000000004121, -1.925929944387235853E-31, 0.8889999999999991243 ) ) ;
#5929 = EDGE_CURVE ( 'NONE', #3469, #3274, #4544, .T. ) ;
#5930 = APPLICATION_CONTEXT ( 'automotive_design' ) ;
#5931 = EDGE_CURVE ( 'NONE', #1456, #2365, #4473, .T. ) ;
#5932 = CARTESIAN_POINT ( 'NONE',  ( -6.349999999999996980, -1.925929944387235853E-31, 0.8889999999999991243 ) ) ;
#5933 = PLANE ( 'NONE',  #4848 ) ;
#5934 = ORIENTED_EDGE ( 'NONE', *, *, #1526, .T. ) ;
#5935 = CARTESIAN_POINT ( 'NONE',  ( -5.905499999999995531, 8.509000000000000341, -1.270000000000001128 ) ) ;
#5936 = VECTOR ( 'NONE', #2972, 1000.000000000000000 ) ;
#5937 = CARTESIAN_POINT ( 'NONE',  ( -8.889999999999997016, 8.509000000000000341, 1.270000000000001128 ) ) ;
#5938 = LINE ( 'NONE', #3834, #1957 ) ;
#5939 = COLOUR_RGB ( '',0.7921568627450980005, 0.8196078431372548767, 0.9333333333333333481 ) ;
#5940 = CARTESIAN_POINT ( 'NONE',  ( -8.000999999999994117, 8.064500000000000668, 0.3809999999999946207 ) ) ;
#5941 = VERTEX_POINT ( 'NONE', #180 ) ;
#5942 = CARTESIAN_POINT ( 'NONE',  ( -2.920999999999994934, 7.239000000000000767, 0.3809999999999946207 ) ) ;
#5943 = EDGE_LOOP ( 'NONE', ( #1012, #5682, #2474, #821 ) ) ;
#5944 = EDGE_CURVE ( 'NONE', #4825, #6331, #2434, .T. ) ;
#5945 = VECTOR ( 'NONE', #5965, 1000.000000000000000 ) ;
#5946 = CARTESIAN_POINT ( 'NONE',  ( -11.42999999999999794, 0.5080000000000000071, 0.7528818102449925664 ) ) ;
#5947 = UNCERTAINTY_MEASURE_WITH_UNIT (LENGTH_MEASURE( 1.000000000000000082E-05 ), #1600, 'distance_accuracy_value', 'NONE');
#5948 = ORIENTED_EDGE ( 'NONE', *, *, #4702, .T. ) ;
#5949 = DIRECTION ( 'NONE',  ( -0.000000000000000000, 0.000000000000000000, 1.000000000000000000 ) ) ;
#5950 = DIRECTION ( 'NONE',  ( -1.000000000000000000, -0.000000000000000000, -0.000000000000000000 ) ) ;
#5951 = EDGE_LOOP ( 'NONE', ( #806, #6505, #4853, #6580 ) ) ;
#5952 = CARTESIAN_POINT ( 'NONE',  ( -13.96999999999999886, 0.000000000000000000, 1.269999999999998908 ) ) ;
#5953 = VECTOR ( 'NONE', #4280, 1000.000000000000000 ) ;
#5954 = EDGE_LOOP ( 'NONE', ( #6246, #711, #6311, #3257 ) ) ;
#5955 = EDGE_CURVE ( 'NONE', #2619, #85, #840, .T. ) ;
#5956 = VECTOR ( 'NONE', #3513, 1000.000000000000000 ) ;
#5957 = EDGE_CURVE ( 'NONE', #3968, #4383, #2828, .T. ) ;
#5958 = DIRECTION ( 'NONE',  ( 0.000000000000000000, -0.9659258262890699775, -0.2588190451025145222 ) ) ;
#5959 = EDGE_LOOP ( 'NONE', ( #1157, #3476, #4731, #3799 ) ) ;
#5960 = CARTESIAN_POINT ( 'NONE',  ( -13.96999999999999886, 3.110602869834277161E-16, -1.270000000000001128 ) ) ;
#5961 = LINE ( 'NONE', #1170, #3503 ) ;
#5962 = ORIENTED_EDGE ( 'NONE', *, *, #5317, .F. ) ;
#5963 = DIRECTION ( 'NONE',  ( 0.000000000000000000, -0.000000000000000000, -1.000000000000000000 ) ) ;
#5964 = LINE ( 'NONE', #5928, #6802 ) ;
#5965 = DIRECTION ( 'NONE',  ( -1.000000000000000000, -0.000000000000000000, -0.000000000000000000 ) ) ;
#5966 = ADVANCED_FACE ( 'NONE', ( #419 ), #2502, .F. ) ;
#5967 = VECTOR ( 'NONE', #5894, 1000.000000000000000 ) ;
#5968 = FACE_OUTER_BOUND ( 'NONE', #1104, .T. ) ;
#5969 = ORIENTED_EDGE ( 'NONE', *, *, #4001, .T. ) ;
#5970 = LINE ( 'NONE', #1604, #2046 ) ;
#5971 = EDGE_CURVE ( 'NONE', #6852, #3042, #3549, .T. ) ;
#5972 =( NAMED_UNIT ( * ) SI_UNIT ( $, .STERADIAN. ) SOLID_ANGLE_UNIT ( ) );
#5973 = AXIS2_PLACEMENT_3D ( 'NONE', #6196, #5542, #259 ) ;
#5974 = DIRECTION ( 'NONE',  ( 0.000000000000000000, 1.000000000000000000, -5.054934237236841843E-31 ) ) ;
#5975 = PLANE ( 'NONE',  #5767 ) ;
#5976 = VERTEX_POINT ( 'NONE', #4645 ) ;
#5977 = CARTESIAN_POINT ( 'NONE',  ( -8.000999999999994117, 7.239000000000000767, 0.3809999999999946207 ) ) ;
#5978 = VERTEX_POINT ( 'NONE', #4677 ) ;
#5979 = VECTOR ( 'NONE', #2225, 1000.000000000000000 ) ;
#5980 = DIRECTION ( 'NONE',  ( 0.000000000000000000, 1.440069553722777130E-16, -1.000000000000000000 ) ) ;
#5981 = EDGE_CURVE ( 'NONE', #1117, #1265, #5163, .T. ) ;
#5982 = ORIENTED_EDGE ( 'NONE', *, *, #1655, .F. ) ;
#5983 = LINE ( 'NONE', #2799, #2060 ) ;
#5984 = PRODUCT ( 'Pin - Tin', 'Pin - Tin', '', ( #1328 ) ) ;
#5985 = ORIENTED_EDGE ( 'NONE', *, *, #6277, .T. ) ;
#5986 = DIRECTION ( 'NONE',  ( -1.000000000000000000, -0.000000000000000000, -0.000000000000000000 ) ) ;
#5987 = VECTOR ( 'NONE', #2824, 1000.000000000000000 ) ;
#5988 = VERTEX_POINT ( 'NONE', #2006 ) ;
#5989 = EDGE_CURVE ( 'NONE', #5573, #5218, #449, .T. ) ;
#5990 = PRESENTATION_LAYER_ASSIGNMENT (  '', '', ( #6551 ) ) ;
#5991 = VECTOR ( 'NONE', #1905, 1000.000000000000000 ) ;
#5992 = LINE ( 'NONE', #6020, #3376 ) ;
#5993 = ORIENTED_EDGE ( 'NONE', *, *, #2880, .F. ) ;
#5994 = LINE ( 'NONE', #1665, #2505 ) ;
#5995 = FACE_OUTER_BOUND ( 'NONE', #6190, .T. ) ;
#5996 = ORIENTED_EDGE ( 'NONE', *, *, #2558, .T. ) ;
#5997 = CARTESIAN_POINT ( 'NONE',  ( -2.920999999999994934, 7.239000000000000767, -0.3810000000000041687 ) ) ;
#5998 = VECTOR ( 'NONE', #2333, 1000.000000000000000 ) ;
#5999 = EDGE_CURVE ( 'NONE', #4126, #1786, #6881, .T. ) ;
#6000 = DIRECTION ( 'NONE',  ( 1.000000000000000000, 0.000000000000000000, 0.000000000000000000 ) ) ;
#6001 = EDGE_CURVE ( 'NONE', #4321, #3283, #6776, .T. ) ;
#6002 = LINE ( 'NONE', #6390, #4951 ) ;
#6003 = ORIENTED_EDGE ( 'NONE', *, *, #3272, .F. ) ;
#6004 = DIRECTION ( 'NONE',  ( 0.000000000000000000, -2.449293598294710852E-16, 1.000000000000000000 ) ) ;
#6005 = LINE ( 'NONE', #3341, #3050 ) ;
#6006 = CARTESIAN_POINT ( 'NONE',  ( -1.269999999999996909, 0.5080000000000002292, -0.7528818102449945648 ) ) ;
#6007 = CARTESIAN_POINT ( 'NONE',  ( -3.809999999999997389, 0.000000000000000000, 1.269999999999998908 ) ) ;
#6008 = CARTESIAN_POINT ( 'NONE',  ( 12.31900000000000617, 7.239000000000000767, 0.3809999999999946207 ) ) ;
#6009 = ORIENTED_EDGE ( 'NONE', *, *, #3784, .F. ) ;
#6010 = FACE_OUTER_BOUND ( 'NONE', #4340, .T. ) ;
#6011 = ORIENTED_EDGE ( 'NONE', *, *, #1266, .F. ) ;
#6012 = PLANE ( 'NONE',  #3140 ) ;
#6013 = VERTEX_POINT ( 'NONE', #3000 ) ;
#6014 = FACE_OUTER_BOUND ( 'NONE', #149, .T. ) ;
#6015 = DIRECTION ( 'NONE',  ( 0.000000000000000000, -1.733406087350420004E-16, 1.000000000000000000 ) ) ;
#6016 = VERTEX_POINT ( 'NONE', #6219 ) ;
#6017 = CARTESIAN_POINT ( 'NONE',  ( -8.889999999999998792, 2.177422008883992879E-16, -0.8890000000000013447 ) ) ;
#6018 = ORIENTED_EDGE ( 'NONE', *, *, #543, .T. ) ;
#6019 = ADVANCED_FACE ( 'NONE', ( #1429 ), #379, .F. ) ;
#6020 = CARTESIAN_POINT ( 'NONE',  ( 14.22399999999999842, 0.5080000000000000071, 0.7528818102449925664 ) ) ;
#6021 = ORIENTED_EDGE ( 'NONE', *, *, #5843, .F. ) ;
#6022 = DIRECTION ( 'NONE',  ( 0.000000000000000000, 1.733406087350420004E-16, -1.000000000000000000 ) ) ;
#6023 = LINE ( 'NONE', #1235, #3617 ) ;
#6024 = EDGE_LOOP ( 'NONE', ( #2021, #2328, #3241, #3366 ) ) ;
#6025 = ORIENTED_EDGE ( 'NONE', *, *, #5156, .T. ) ;
#6026 = CARTESIAN_POINT ( 'NONE',  ( -2.920999999999994934, 8.064500000000000668, -0.3810000000000040021 ) ) ;
#6027 = EDGE_CURVE ( 'NONE', #6788, #2892, #5268, .T. ) ;
#6028 = CARTESIAN_POINT ( 'NONE',  ( -13.96999999999999886, 0.5080000000000000071, 0.7528818102449925664 ) ) ;
#6029 = VERTEX_POINT ( 'NONE', #4185 ) ;
#6030 = DIRECTION ( 'NONE',  ( 0.000000000000000000, -0.000000000000000000, -1.000000000000000000 ) ) ;
#6031 = EDGE_LOOP ( 'NONE', ( #701, #2323, #2834, #3982 ) ) ;
#6032 = CARTESIAN_POINT ( 'NONE',  ( -8.000999999999994117, 7.239000000000000767, 0.3809999999999946207 ) ) ;
#6033 = CARTESIAN_POINT ( 'NONE',  ( -0.3810000000000000053, 0.5079999999999998961, -0.2031999999999997419 ) ) ;
#6034 = EDGE_CURVE ( 'NONE', #4794, #4145, #6324, .T. ) ;
#6035 = CARTESIAN_POINT ( 'NONE',  ( 13.96999999999999886, 3.110602869834277161E-16, -1.270000000000001128 ) ) ;
#6036 = FACE_OUTER_BOUND ( 'NONE', #3443, .T. ) ;
#6037 = EDGE_CURVE ( 'NONE', #5914, #4934, #2079, .T. ) ;
#6038 = DIRECTION ( 'NONE',  ( 0.000000000000000000, 0.000000000000000000, 1.000000000000000000 ) ) ;
#6039 = PLANE ( 'NONE',  #638 ) ;
#6040 = ORIENTED_EDGE ( 'NONE', *, *, #4150, .T. ) ;
#6041 = CARTESIAN_POINT ( 'NONE',  ( -8.889999999999998792, 0.5080000000000000071, 0.7528818102449925664 ) ) ;
#6042 = ORIENTED_EDGE ( 'NONE', *, *, #6573, .F. ) ;
#6043 = LINE ( 'NONE', #3944, #6606 ) ;
#6044 = CLOSED_SHELL ( 'NONE', ( #4249, #1734, #2615, #6779, #1612, #931, #5104, #3004, #276, #6732, #5710, #715, #5369, #6685, #3030, #5223, #5647, #1584, #3590 ) ) ;
#6045 = ORIENTED_EDGE ( 'NONE', *, *, #2467, .F. ) ;
#6046 = PLANE ( 'NONE',  #2745 ) ;
#6047 = CARTESIAN_POINT ( 'NONE',  ( 13.97000000000000419, 3.110602869834277161E-16, -1.270000000000001128 ) ) ;
#6048 = ORIENTED_EDGE ( 'NONE', *, *, #2445, .T. ) ;
#6049 = LINE ( 'NONE', #2944, #2295 ) ;
#6050 = ORIENTED_EDGE ( 'NONE', *, *, #4066, .F. ) ;
#6051 = EDGE_CURVE ( 'NONE', #5884, #5856, #1536, .T. ) ;
#6052 =( GEOMETRIC_REPRESENTATION_CONTEXT ( 3 ) GLOBAL_UNCERTAINTY_ASSIGNED_CONTEXT ( ( #3003 ) ) GLOBAL_UNIT_ASSIGNED_CONTEXT ( ( #4578, #2402, #4018 ) ) REPRESENTATION_CONTEXT ( 'NONE', 'WORKASPACE' ) );
#6053 = CARTESIAN_POINT ( 'NONE',  ( -8.889999999999997016, 0.5080000000000002292, -0.7528818102449945648 ) ) ;
#6054 = ORIENTED_EDGE ( 'NONE', *, *, #484, .T. ) ;
#6055 = DIRECTION ( 'NONE',  ( 0.000000000000000000, -0.7071067811865484609, 0.7071067811865466846 ) ) ;
#6056 = VECTOR ( 'NONE', #958, 1000.000000000000000 ) ;
#6057 = SURFACE_SIDE_STYLE ('',( #1762 ) ) ;
#6058 = ORIENTED_EDGE ( 'NONE', *, *, #2343, .F. ) ;
#6059 = ORIENTED_EDGE ( 'NONE', *, *, #5226, .F. ) ;
#6060 = DIRECTION ( 'NONE',  ( -1.000000000000000000, -0.000000000000000000, -0.000000000000000000 ) ) ;
#6061 = VECTOR ( 'NONE', #1017, 1000.000000000000000 ) ;
#6062 = CARTESIAN_POINT ( 'NONE',  ( 6.350000000000003197, 3.110602869834277161E-16, -1.270000000000001128 ) ) ;
#6063 = ORIENTED_EDGE ( 'NONE', *, *, #1047, .T. ) ;
#6064 = CARTESIAN_POINT ( 'NONE',  ( 8.890000000000004121, 8.509000000000000341, -1.270000000000001128 ) ) ;
#6065 = EDGE_CURVE ( 'NONE', #136, #1334, #4749, .T. ) ;
#6066 = ORIENTED_EDGE ( 'NONE', *, *, #3846, .T. ) ;
#6067 = DIRECTION ( 'NONE',  ( 0.000000000000000000, -0.7071067811865484609, 0.7071067811865466846 ) ) ;
#6068 = VECTOR ( 'NONE', #205, 1000.000000000000000 ) ;
#6069 = FACE_OUTER_BOUND ( 'NONE', #3575, .T. ) ;
#6070 = SURFACE_STYLE_USAGE ( .BOTH. , #5488 ) ;
#6071 = CARTESIAN_POINT ( 'NONE',  ( 13.96999999999999886, -1.925929944387235853E-31, 0.8889999999999991243 ) ) ;
#6072 = DIRECTION ( 'NONE',  ( 0.000000000000000000, 1.000000000000000000, -5.054934237236841843E-31 ) ) ;
#6073 = DIRECTION ( 'NONE',  ( 0.5773502691896252870, -0.5773502691896252870, -0.5773502691896267303 ) ) ;
#6074 = ORIENTED_EDGE ( 'NONE', *, *, #2753, .F. ) ;
#6075 = DIRECTION ( 'NONE',  ( 0.000000000000000000, 1.000000000000000000, 0.000000000000000000 ) ) ;
#6076 = EDGE_LOOP ( 'NONE', ( #5779, #199, #1381, #2189 ) ) ;
#6077 = APPLICATION_PROTOCOL_DEFINITION ( 'draft international standard', 'automotive_design', 1998, #5578 ) ;
#6078 = EDGE_CURVE ( 'NONE', #2523, #5267, #6808, .T. ) ;
#6079 = AXIS2_PLACEMENT_3D ( 'NONE', #4598, #3606, #1383 ) ;
#6080 = LINE ( 'NONE', #6678, #582 ) ;
#6081 = ORIENTED_EDGE ( 'NONE', *, *, #5124, .T. ) ;
#6082 = CARTESIAN_POINT ( 'NONE',  ( -14.22399999999999842, 0.5080000000000000071, 0.7528818102449925664 ) ) ;
#6083 = DIRECTION ( 'NONE',  ( 0.000000000000000000, 0.000000000000000000, 1.000000000000000000 ) ) ;
#6084 = ORIENTED_EDGE ( 'NONE', *, *, #2452, .T. ) ;
#6085 = FACE_BOUND ( 'NONE', #1231, .T. ) ;
#6086 = VERTEX_POINT ( 'NONE', #2611 ) ;
#6087 = AXIS2_PLACEMENT_3D ( 'NONE', #2675, #5370, #2173 ) ;
#6088 = FACE_OUTER_BOUND ( 'NONE', #1760, .T. ) ;
#6089 = VECTOR ( 'NONE', #3881, 1000.000000000000000 ) ;
#6090 = ORIENTED_EDGE ( 'NONE', *, *, #5668, .F. ) ;
#6091 = DIRECTION ( 'NONE',  ( -0.000000000000000000, 0.000000000000000000, -1.000000000000000000 ) ) ;
#6092 = LINE ( 'NONE', #226, #2266 ) ;
#6093 = EDGE_LOOP ( 'NONE', ( #4769, #2811, #962, #6040, #2905, #5887, #5360, #1417 ) ) ;
#6094 = ORIENTED_EDGE ( 'NONE', *, *, #36, .T. ) ;
#6095 = DIRECTION ( 'NONE',  ( 0.000000000000000000, -1.440069553722777130E-16, 1.000000000000000000 ) ) ;
#6096 = PRODUCT_DEFINITION_SHAPE ( 'NONE', 'NONE',  #6908 ) ;
#6097 = VECTOR ( 'NONE', #3212, 1000.000000000000000 ) ;
#6098 = VECTOR ( 'NONE', #4957, 1000.000000000000000 ) ;
#6099 = DIRECTION ( 'NONE',  ( 0.000000000000000000, 0.000000000000000000, 1.000000000000000000 ) ) ;
#6100 = EDGE_CURVE ( 'NONE', #2197, #5503, #1006, .T. ) ;
#6101 = CARTESIAN_POINT ( 'NONE',  ( 6.350000000000003197, 0.5080000000000002292, -0.7528818102449945648 ) ) ;
#6102 = ORIENTED_EDGE ( 'NONE', *, *, #2437, .F. ) ;
#6103 = COLOUR_RGB ( '',0.2509803921568627416, 0.2509803921568627416, 0.2509803921568627416 ) ;
#6104 = CARTESIAN_POINT ( 'NONE',  ( 13.97000000000000419, 2.177422008883992879E-16, -0.8890000000000013447 ) ) ;
#6105 = FACE_BOUND ( 'NONE', #4302, .T. ) ;
#6106 = EDGE_CURVE ( 'NONE', #1136, #2129, #4226, .T. ) ;
#6107 = VECTOR ( 'NONE', #4507, 1000.000000000000000 ) ;
#6108 = DIRECTION ( 'NONE',  ( 0.000000000000000000, -0.9659258262890700886, 0.2588190451025140781 ) ) ;
#6109 = CARTESIAN_POINT ( 'NONE',  ( -10.54099999999999504, 8.064500000000000668, -0.3810000000000040021 ) ) ;
#6110 = LINE ( 'NONE', #3346, #752 ) ;
#6111 = CARTESIAN_POINT ( 'NONE',  ( 11.43000000000000504, 2.177422008883992879E-16, -0.8890000000000013447 ) ) ;
#6112 = VERTEX_POINT ( 'NONE', #973 ) ;
#6113 = DIRECTION ( 'NONE',  ( 0.5773502691896252870, -0.5773502691896252870, -0.5773502691896267303 ) ) ;
#6114 = PLANE ( 'NONE',  #2127 ) ;
#6115 = DIRECTION ( 'NONE',  ( 1.000000000000000000, 0.000000000000000000, 0.000000000000000000 ) ) ;
#6116 = EDGE_CURVE ( 'NONE', #3292, #6358, #5196, .T. ) ;
#6117 = CARTESIAN_POINT ( 'NONE',  ( 0.3810000000000046128, 7.239000000000000767, 0.3809999999999946207 ) ) ;
#6118 = ORIENTED_EDGE ( 'NONE', *, *, #1874, .F. ) ;
#6119 = PLANE ( 'NONE',  #5648 ) ;
#6120 = LINE ( 'NONE', #2298, #3194 ) ;
#6121 = ORIENTED_EDGE ( 'NONE', *, *, #6027, .F. ) ;
#6122 = CARTESIAN_POINT ( 'NONE',  ( -11.42999999999999794, 0.000000000000000000, 1.269999999999998908 ) ) ;
#6123 = ORIENTED_EDGE ( 'NONE', *, *, #5383, .F. ) ;
#6124 = ADVANCED_FACE ( 'NONE', ( #4084 ), #3615, .F. ) ;
#6125 = DIRECTION ( 'NONE',  ( 0.000000000000000000, -1.000000000000000000, -1.733406087350420004E-16 ) ) ;
#6126 = ORIENTED_EDGE ( 'NONE', *, *, #6486, .T. ) ;
#6127 = PLANE ( 'NONE',  #3188 ) ;
#6128 =( LENGTH_UNIT ( ) NAMED_UNIT ( * ) SI_UNIT ( .MILLI., .METRE. ) );
#6129 = EDGE_LOOP ( 'NONE', ( #2885, #4225, #6484, #996, #2243, #5751, #438, #48 ) ) ;
#6130 = EDGE_CURVE ( 'NONE', #5492, #3153, #3763, .T. ) ;
#6131 = ORIENTED_EDGE ( 'NONE', *, *, #2180, .F. ) ;
#6132 = DIRECTION ( 'NONE',  ( 1.000000000000000000, 0.000000000000000000, -0.000000000000000000 ) ) ;
#6133 = DIRECTION ( 'NONE',  ( 0.000000000000000000, 1.000000000000000000, 0.000000000000000000 ) ) ;
#6134 = CARTESIAN_POINT ( 'NONE',  ( -1.269999999999996909, 8.509000000000000341, -1.270000000000001128 ) ) ;
#6135 = ORIENTED_EDGE ( 'NONE', *, *, #3278, .F. ) ;
#6136 = DIRECTION ( 'NONE',  ( -0.000000000000000000, -0.000000000000000000, 1.000000000000000000 ) ) ;
#6137 = EDGE_CURVE ( 'NONE', #2969, #1018, #3277, .T. ) ;
#6138 = AXIS2_PLACEMENT_3D ( 'NONE', #6522, #4000, #5581 ) ;
#6139 = FACE_OUTER_BOUND ( 'NONE', #1888, .T. ) ;
#6140 = PRESENTATION_STYLE_ASSIGNMENT (( #6070 ) ) ;
#6141 = DIRECTION ( 'NONE',  ( 0.000000000000000000, 2.548365665731588345E-16, -1.000000000000000000 ) ) ;
#6142 = CARTESIAN_POINT ( 'NONE',  ( 15.24000000000000021, 7.239000000000000767, -2.201425730935033664E-16 ) ) ;
#6143 = DIRECTION ( 'NONE',  ( -0.000000000000000000, -0.000000000000000000, 1.000000000000000000 ) ) ;
#6144 = EDGE_CURVE ( 'NONE', #1356, #625, #626, .T. ) ;
#6145 = ORIENTED_EDGE ( 'NONE', *, *, #3109, .F. ) ;
#6146 = DIRECTION ( 'NONE',  ( 0.000000000000000000, -2.449293598294710852E-16, 1.000000000000000000 ) ) ;
#6147 = VECTOR ( 'NONE', #6146, 1000.000000000000000 ) ;
#6148 =( REPRESENTATION_RELATIONSHIP ('NONE','NONE', #770, #5719 ) REPRESENTATION_RELATIONSHIP_WITH_TRANSFORMATION ( #5270 )SHAPE_REPRESENTATION_RELATIONSHIP( ) );
#6149 = CARTESIAN_POINT ( 'NONE',  ( 0.3810000000000000053, -2.692399999999995686, -0.2032000000000001028 ) ) ;
#6150 = PRESENTATION_LAYER_ASSIGNMENT (  '', '', ( #1460 ) ) ;
#6151 = LINE ( 'NONE', #6082, #3971 ) ;
#6152 = CARTESIAN_POINT ( 'NONE',  ( 13.97000000000000419, 8.509000000000000341, 1.270000000000001128 ) ) ;
#6153 = ADVANCED_FACE ( 'NONE', ( #4888 ), #589, .F. ) ;
#6154 = EDGE_LOOP ( 'NONE', ( #5483, #222, #3667, #2340 ) ) ;
#6155 = PLANE ( 'NONE',  #2421 ) ;
#6156 = VERTEX_POINT ( 'NONE', #2752 ) ;
#6157 = VECTOR ( 'NONE', #5027, 1000.000000000000000 ) ;
#6158 = CARTESIAN_POINT ( 'NONE',  ( 8.890000000000004121, 8.509000000000000341, 1.270000000000001128 ) ) ;
#6159 = ORIENTED_EDGE ( 'NONE', *, *, #1007, .F. ) ;
#6160 = LINE ( 'NONE', #3531, #2282 ) ;
#6161 = PRESENTATION_STYLE_ASSIGNMENT (( #4029 ) ) ;
#6162 = ORIENTED_EDGE ( 'NONE', *, *, #3235, .T. ) ;
#6163 = EDGE_CURVE ( 'NONE', #4934, #4383, #2787, .T. ) ;
#6164 = VECTOR ( 'NONE', #6288, 1000.000000000000000 ) ;
#6165 = ORIENTED_EDGE ( 'NONE', *, *, #1516, .F. ) ;
#6166 = LINE ( 'NONE', #1993, #4363 ) ;
#6167 = EDGE_CURVE ( 'NONE', #2770, #4324, #5970, .T. ) ;
#6168 = VECTOR ( 'NONE', #5157, 1000.000000000000000 ) ;
#6169 = PLANE ( 'NONE',  #6620 ) ;
#6170 = FACE_BOUND ( 'NONE', #77, .T. ) ;
#6171 = EDGE_LOOP ( 'NONE', ( #6902, #4124, #2454, #3939 ) ) ;
#6172 = EDGE_CURVE ( 'NONE', #1334, #2988, #5377, .T. ) ;
#6173 = DIRECTION ( 'NONE',  ( 0.000000000000000000, 0.000000000000000000, 1.000000000000000000 ) ) ;
#6174 = EDGE_CURVE ( 'NONE', #6556, #1117, #5831, .T. ) ;
#6175 = CARTESIAN_POINT ( 'NONE',  ( 1.270000000000002016, 8.509000000000000341, -1.270000000000001128 ) ) ;
#6176 = VECTOR ( 'NONE', #4774, 1000.000000000000000 ) ;
#6177 = ADVANCED_FACE ( 'NONE', ( #3242 ), #3315, .T. ) ;
#6178 = EDGE_CURVE ( 'NONE', #5374, #5473, #6906, .T. ) ;
#6179 = PLANE ( 'NONE',  #3152 ) ;
#6180 = AXIS2_PLACEMENT_3D ( 'NONE', #1876, #6141, #5627 ) ;
#6181 = CARTESIAN_POINT ( 'NONE',  ( -6.349999999999996980, 2.177422008883992879E-16, -0.8890000000000013447 ) ) ;
#6182 = LINE ( 'NONE', #6806, #5431 ) ;
#6183 = EDGE_CURVE ( 'NONE', #2910, #3968, #1704, .T. ) ;
#6184 = DIRECTION ( 'NONE',  ( 0.000000000000000000, -5.054934237236841843E-31, -1.000000000000000000 ) ) ;
#6185 = VERTEX_POINT ( 'NONE', #2713 ) ;
#6186 = LINE ( 'NONE', #6677, #2411 ) ;
#6187 = CARTESIAN_POINT ( 'NONE',  ( 2.921000000000003372, 7.239000000000000767, -0.3810000000000041687 ) ) ;
#6188 = FACE_OUTER_BOUND ( 'NONE', #1043, .T. ) ;
#6189 = LINE ( 'NONE', #3554, #5879 ) ;
#6190 = EDGE_LOOP ( 'NONE', ( #6165, #4838, #2952, #826 ) ) ;
#6191 = CARTESIAN_POINT ( 'NONE',  ( 13.97000000000000419, 0.000000000000000000, 1.269999999999998908 ) ) ;
#6192 = VERTEX_POINT ( 'NONE', #135 ) ;
#6193 = EDGE_CURVE ( 'NONE', #5267, #2212, #5904, .T. ) ;
#6194 = CARTESIAN_POINT ( 'NONE',  ( 13.97000000000000419, 0.5080000000000000071, 0.7528818102449925664 ) ) ;
#6195 = ORIENTED_EDGE ( 'NONE', *, *, #6534, .F. ) ;
#6196 = CARTESIAN_POINT ( 'NONE',  ( -11.42999999999999794, 0.5080000000000000071, 0.7528818102449925664 ) ) ;
#6197 = ORIENTED_EDGE ( 'NONE', *, *, #354, .F. ) ;
#6198 = VECTOR ( 'NONE', #3233, 1000.000000000000000 ) ;
#6199 = COLOUR_RGB ( '',0.2509803921568627416, 0.2509803921568627416, 0.2509803921568627416 ) ;
#6200 = ORIENTED_EDGE ( 'NONE', *, *, #2401, .F. ) ;
#6201 = CARTESIAN_POINT ( 'NONE',  ( -4.254499999999995730, 8.509000000000000341, 0.8254999999999963478 ) ) ;
#6202 = VECTOR ( 'NONE', #1340, 1000.000000000000000 ) ;
#6203 = AXIS2_PLACEMENT_3D ( 'NONE', #2694, #2091, #1020 ) ;
#6204 = CARTESIAN_POINT ( 'NONE',  ( -14.22399999999999842, -1.925929944387235853E-31, 0.8889999999999991243 ) ) ;
#6205 = VERTEX_POINT ( 'NONE', #2245 ) ;
#6206 = PLANE ( 'NONE',  #6632 ) ;
#6207 = ORIENTED_EDGE ( 'NONE', *, *, #3330, .F. ) ;
#6208 = CARTESIAN_POINT ( 'NONE',  ( -2.920999999999994934, 7.239000000000000767, 0.3809999999999946207 ) ) ;
#6209 = EDGE_CURVE ( 'NONE', #1021, #3311, #4398, .T. ) ;
#6210 = AXIS2_PLACEMENT_3D ( 'NONE', #452, #3523, #2577 ) ;
#6211 = VECTOR ( 'NONE', #3483, 1000.000000000000000 ) ;
#6212 = ADVANCED_FACE ( 'NONE', ( #5306 ), #557, .F. ) ;
#6213 = CARTESIAN_POINT ( 'NONE',  ( 14.22399999999999842, 0.5080000000000002292, -0.7528818102449945648 ) ) ;
#6214 = AXIS2_PLACEMENT_3D ( 'NONE', #4567, #6344, #6699 ) ;
#6215 = PLANE ( 'NONE',  #4729 ) ;
#6216 = SURFACE_SIDE_STYLE ('',( #4572 ) ) ;
#6217 = DIRECTION ( 'NONE',  ( 0.000000000000000000, 0.000000000000000000, 1.000000000000000000 ) ) ;
#6218 = ORIENTED_EDGE ( 'NONE', *, *, #2982, .T. ) ;
#6219 = CARTESIAN_POINT ( 'NONE',  ( 8.001000000000004775, 7.239000000000000767, -0.3810000000000041687 ) ) ;
#6220 = EDGE_CURVE ( 'NONE', #376, #3433, #3793, .T. ) ;
#6221 = EDGE_CURVE ( 'NONE', #1258, #6862, #4786, .T. ) ;
#6222 = CONTEXT_DEPENDENT_SHAPE_REPRESENTATION ( #5443, #688 ) ;
#6223 = VECTOR ( 'NONE', #3072, 1000.000000000000000 ) ;
#6224 = FACE_OUTER_BOUND ( 'NONE', #1812, .T. ) ;
#6225 = LINE ( 'NONE', #383, #636 ) ;
#6226 = PLANE ( 'NONE',  #4087 ) ;
#6227 = ORIENTED_EDGE ( 'NONE', *, *, #6262, .T. ) ;
#6228 = CARTESIAN_POINT ( 'NONE',  ( -13.96999999999999886, 0.5080000000000002292, -0.7528818102449945648 ) ) ;
#6229 = EDGE_CURVE ( 'NONE', #6237, #3710, #6394, .T. ) ;
#6230 = ORIENTED_EDGE ( 'NONE', *, *, #5383, .T. ) ;
#6231 = LINE ( 'NONE', #2054, #6269 ) ;
#6232 = DIRECTION ( 'NONE',  ( 0.5773502691896253980, 0.5773502691896253980, -0.5773502691896266192 ) ) ;
#6233 = EDGE_LOOP ( 'NONE', ( #3007, #4409, #1637, #2720 ) ) ;
#6234 = LINE ( 'NONE', #431, #4972 ) ;
#6235 = CARTESIAN_POINT ( 'NONE',  ( -3.809999999999997389, 0.5080000000000000071, 0.7528818102449925664 ) ) ;
#6236 = EDGE_LOOP ( 'NONE', ( #6628, #1896, #200, #6688 ) ) ;
#6237 = VERTEX_POINT ( 'NONE', #3210 ) ;
#6238 = FACE_OUTER_BOUND ( 'NONE', #1084, .T. ) ;
#6239 = ORIENTED_EDGE ( 'NONE', *, *, #4336, .F. ) ;
#6240 = DIRECTION ( 'NONE',  ( -0.000000000000000000, -0.7071067811865482389, -0.7071067811865467956 ) ) ;
#6241 = EDGE_LOOP ( 'NONE', ( #2084, #3576, #6123, #894 ) ) ;
#6242 = EDGE_CURVE ( 'NONE', #5410, #1342, #5344, .T. ) ;
#6243 = FACE_OUTER_BOUND ( 'NONE', #3987, .T. ) ;
#6244 = DIRECTION ( 'NONE',  ( 0.000000000000000000, 0.000000000000000000, -1.000000000000000000 ) ) ;
#6245 = CARTESIAN_POINT ( 'NONE',  ( -0.3809999999999941767, 7.239000000000000767, -0.3810000000000041687 ) ) ;
#6246 = ORIENTED_EDGE ( 'NONE', *, *, #4417, .T. ) ;
#6247 = LINE ( 'NONE', #5796, #3632 ) ;
#6248 = VERTEX_POINT ( 'NONE', #733 ) ;
#6249 = DIRECTION ( 'NONE',  ( -1.000000000000000000, 0.000000000000000000, -0.000000000000000000 ) ) ;
#6250 = ADVANCED_FACE ( 'NONE', ( #768 ), #172, .F. ) ;
#6251 = CONTEXT_DEPENDENT_SHAPE_REPRESENTATION ( #6283, #2800 ) ;
#6252 = COLOUR_RGB ( '',0.2509803921568627416, 0.2509803921568627416, 0.2509803921568627416 ) ;
#6253 = EDGE_CURVE ( 'NONE', #3491, #3089, #4533, .T. ) ;
#6254 = DIRECTION ( 'NONE',  ( -1.000000000000000000, 0.000000000000000000, 0.000000000000000000 ) ) ;
#6255 = CARTESIAN_POINT ( 'NONE',  ( 6.350000000000003197, 2.177422008883992879E-16, -0.8890000000000013447 ) ) ;
#6256 = LINE ( 'NONE', #4551, #3521 ) ;
#6257 = VERTEX_POINT ( 'NONE', #1873 ) ;
#6258 = DIRECTION ( 'NONE',  ( 0.000000000000000000, 2.548365665731588345E-16, -1.000000000000000000 ) ) ;
#6259 = EDGE_CURVE ( 'NONE', #136, #6788, #1213, .T. ) ;
#6260 = ORIENTED_EDGE ( 'NONE', *, *, #1361, .F. ) ;
#6261 = DIRECTION ( 'NONE',  ( 1.000000000000000000, 0.000000000000000000, 0.000000000000000000 ) ) ;
#6262 = EDGE_CURVE ( 'NONE', #1336, #463, #6594, .T. ) ;
#6263 = DIRECTION ( 'NONE',  ( 0.000000000000000000, 1.000000000000000000, -5.054934237236841843E-31 ) ) ;
#6264 = ORIENTED_EDGE ( 'NONE', *, *, #6193, .T. ) ;
#6265 = CARTESIAN_POINT ( 'NONE',  ( -10.54099999999999504, 8.064500000000000668, 0.3809999999999947873 ) ) ;
#6266 = ORIENTED_EDGE ( 'NONE', *, *, #5462, .T. ) ;
#6267 = ORIENTED_EDGE ( 'NONE', *, *, #2718, .T. ) ;
#6268 = DIRECTION ( 'NONE',  ( 0.000000000000000000, 0.000000000000000000, 1.000000000000000000 ) ) ;
#6269 = VECTOR ( 'NONE', #1545, 1000.000000000000000 ) ;
#6270 = DIRECTION ( 'NONE',  ( 0.000000000000000000, -0.000000000000000000, -1.000000000000000000 ) ) ;
#6271 = ORIENTED_EDGE ( 'NONE', *, *, #3309, .F. ) ;
#6272 = LINE ( 'NONE', #2098, #1176 ) ;
#6273 = CARTESIAN_POINT ( 'NONE',  ( -14.22399999999999842, 8.509000000000000341, 1.270000000000001128 ) ) ;
#6274 = VERTEX_POINT ( 'NONE', #3870 ) ;
#6275 = LINE ( 'NONE', #2567, #6289 ) ;
#6276 = VECTOR ( 'NONE', #437, 1000.000000000000114 ) ;
#6277 = EDGE_CURVE ( 'NONE', #2695, #2337, #208, .T. ) ;
#6278 = CARTESIAN_POINT ( 'NONE',  ( -1.269999999999996909, 0.000000000000000000, 1.269999999999998908 ) ) ;
#6279 = DIRECTION ( 'NONE',  ( 0.000000000000000000, 1.000000000000000000, 0.000000000000000000 ) ) ;
#6280 = ORIENTED_EDGE ( 'NONE', *, *, #5494, .F. ) ;
#6281 = DIRECTION ( 'NONE',  ( 0.7071067811865475727, -0.7071067811865475727, 0.000000000000000000 ) ) ;
#6282 = AXIS2_PLACEMENT_3D ( 'NONE', #820, #3010, #4060 ) ;
#6283 =( REPRESENTATION_RELATIONSHIP ('NONE','NONE', #770, #5719 ) REPRESENTATION_RELATIONSHIP_WITH_TRANSFORMATION ( #4117 )SHAPE_REPRESENTATION_RELATIONSHIP( ) );
#6284 = EDGE_LOOP ( 'NONE', ( #3694, #3839, #2785, #4659 ) ) ;
#6285 = CARTESIAN_POINT ( 'NONE',  ( 6.350000000000003197, 0.000000000000000000, 1.269999999999998908 ) ) ;
#6286 = EDGE_CURVE ( 'NONE', #4037, #5473, #1350, .T. ) ;
#6287 = VECTOR ( 'NONE', #2530, 1000.000000000000000 ) ;
#6288 = DIRECTION ( 'NONE',  ( -1.000000000000000000, 0.000000000000000000, 0.000000000000000000 ) ) ;
#6289 = VECTOR ( 'NONE', #1489, 1000.000000000000000 ) ;
#6290 = CARTESIAN_POINT ( 'NONE',  ( 12.31900000000000617, 7.239000000000000767, -0.3810000000000041687 ) ) ;
#6291 = CARTESIAN_POINT ( 'NONE',  ( 8.890000000000004121, 0.5080000000000002292, -0.7528818102449945648 ) ) ;
#6292 = VERTEX_POINT ( 'NONE', #6033 ) ;
#6293 = CARTESIAN_POINT ( 'NONE',  ( -11.42999999999999794, -1.925929944387235853E-31, 0.8889999999999991243 ) ) ;
#6294 = AXIS2_PLACEMENT_3D ( 'NONE', #1899, #3442, #5584 ) ;
#6295 = EDGE_LOOP ( 'NONE', ( #5439, #4136, #6723, #4898 ) ) ;
#6296 = ADVANCED_FACE ( 'NONE', ( #6105, #6069 ), #4007, .F. ) ;
#6297 = CARTESIAN_POINT ( 'NONE',  ( 3.810000000000002718, 3.110602869834277161E-16, -1.270000000000001128 ) ) ;
#6298 = ADVANCED_FACE ( 'NONE', ( #6139 ), #2350, .F. ) ;
#6299 = EDGE_CURVE ( 'NONE', #1055, #4818, #6565, .T. ) ;
#6300 = VECTOR ( 'NONE', #2099, 1000.000000000000000 ) ;
#6301 = CARTESIAN_POINT ( 'NONE',  ( 3.810000000000002718, 0.5080000000000002292, -0.7528818102449945648 ) ) ;
#6302 = ORIENTED_EDGE ( 'NONE', *, *, #3823, .T. ) ;
#6303 = CARTESIAN_POINT ( 'NONE',  ( 3.810000000000002718, 0.5080000000000000071, 0.7528818102449925664 ) ) ;
#6304 = SURFACE_STYLE_FILL_AREA ( #1922 ) ;
#6305 = ORIENTED_EDGE ( 'NONE', *, *, #6355, .T. ) ;
#6306 = VECTOR ( 'NONE', #2292, 1000.000000000000114 ) ;
#6307 = ORIENTED_EDGE ( 'NONE', *, *, #5853, .T. ) ;
#6308 = CARTESIAN_POINT ( 'NONE',  ( 13.97000000000000419, 0.5080000000000000071, 0.7528818102449925664 ) ) ;
#6309 = DIRECTION ( 'NONE',  ( 0.000000000000000000, 1.000000000000000000, 0.000000000000000000 ) ) ;
#6310 = VECTOR ( 'NONE', #2933, 1000.000000000000000 ) ;
#6311 = ORIENTED_EDGE ( 'NONE', *, *, #630, .T. ) ;
#6312 = DIRECTION ( 'NONE',  ( 0.000000000000000000, 0.000000000000000000, 1.000000000000000000 ) ) ;
#6313 = LINE ( 'NONE', #2033, #5854 ) ;
#6314 = EDGE_LOOP ( 'NONE', ( #2040, #1229, #6720, #5089 ) ) ;
#6315 = LINE ( 'NONE', #2000, #4506 ) ;
#6316 = EDGE_CURVE ( 'NONE', #3292, #2296, #2858, .T. ) ;
#6317 = VECTOR ( 'NONE', #3458, 1000.000000000000000 ) ;
#6318 = FACE_OUTER_BOUND ( 'NONE', #857, .T. ) ;
#6319 = LINE ( 'NONE', #3649, #4509 ) ;
#6320 = ORIENTED_EDGE ( 'NONE', *, *, #6209, .T. ) ;
#6321 = AXIS2_PLACEMENT_3D ( 'NONE', #1773, #6072, #4011 ) ;
#6322 = LINE ( 'NONE', #6774, #2749 ) ;
#6323 = EDGE_LOOP ( 'NONE', ( #598, #1078, #2946, #1758 ) ) ;
#6324 = LINE ( 'NONE', #1567, #6861 ) ;
#6325 = CONTEXT_DEPENDENT_SHAPE_REPRESENTATION ( #1945, #6543 ) ;
#6326 = EDGE_CURVE ( 'NONE', #4701, #6348, #6701, .T. ) ;
#6327 = VECTOR ( 'NONE', #1290, 1000.000000000000000 ) ;
#6328 = CARTESIAN_POINT ( 'NONE',  ( -8.889999999999998792, -1.925929944387235853E-31, 0.8889999999999991243 ) ) ;
#6329 = DIRECTION ( 'NONE',  ( 0.000000000000000000, 1.000000000000000000, 0.000000000000000000 ) ) ;
#6330 = CARTESIAN_POINT ( 'NONE',  ( -9.778999999999996362, 7.239000000000000767, 0.3809999999999946207 ) ) ;
#6331 = VERTEX_POINT ( 'NONE', #3970 ) ;
#6332 = DIRECTION ( 'NONE',  ( 0.000000000000000000, -0.7071067811865484609, 0.7071067811865466846 ) ) ;
#6333 = VECTOR ( 'NONE', #5562, 1000.000000000000000 ) ;
#6334 = VERTEX_POINT ( 'NONE', #3374 ) ;
#6335 = EDGE_CURVE ( 'NONE', #4293, #5144, #6005, .T. ) ;
#6336 = DIRECTION ( 'NONE',  ( 0.000000000000000000, 0.2588190451025145222, -0.9659258262890699775 ) ) ;
#6337 = VECTOR ( 'NONE', #5875, 1000.000000000000000 ) ;
#6338 = ADVANCED_FACE ( 'NONE', ( #5485 ), #2316, .F. ) ;
#6339 = DIRECTION ( 'NONE',  ( 1.000000000000000000, 0.000000000000000000, 0.000000000000000000 ) ) ;
#6340 = ORIENTED_EDGE ( 'NONE', *, *, #4744, .F. ) ;
#6341 = DIRECTION ( 'NONE',  ( 0.5773502691896253980, 0.5773502691896253980, -0.5773502691896266192 ) ) ;
#6342 = DIRECTION ( 'NONE',  ( -1.000000000000000000, -0.000000000000000000, -0.000000000000000000 ) ) ;
#6343 = ORIENTED_EDGE ( 'NONE', *, *, #6316, .T. ) ;
#6344 = DIRECTION ( 'NONE',  ( 0.000000000000000000, -1.000000000000000000, 0.000000000000000000 ) ) ;
#6345 = ORIENTED_EDGE ( 'NONE', *, *, #3120, .T. ) ;
#6346 = EDGE_CURVE ( 'NONE', #4063, #5374, #1771, .T. ) ;
#6347 = CARTESIAN_POINT ( 'NONE',  ( 11.43000000000000504, 8.509000000000000341, 1.270000000000001128 ) ) ;
#6348 = VERTEX_POINT ( 'NONE', #2281 ) ;
#6349 = PLANE ( 'NONE',  #5868 ) ;
#6350 = FACE_OUTER_BOUND ( 'NONE', #6850, .T. ) ;
#6351 = ORIENTED_EDGE ( 'NONE', *, *, #4278, .T. ) ;
#6352 = DIRECTION ( 'NONE',  ( 0.000000000000000000, -0.9659258262890700886, 0.2588190451025140781 ) ) ;
#6353 = DIRECTION ( 'NONE',  ( -0.000000000000000000, 1.000000000000000000, 1.733406087350420004E-16 ) ) ;
#6354 = PLANE ( 'NONE',  #3933 ) ;
#6355 = EDGE_CURVE ( 'NONE', #970, #839, #4436, .T. ) ;
#6356 = LINE ( 'NONE', #1937, #50 ) ;
#6357 = ORIENTED_EDGE ( 'NONE', *, *, #1561, .T. ) ;
#6358 = VERTEX_POINT ( 'NONE', #5520 ) ;
#6359 = CARTESIAN_POINT ( 'NONE',  ( 1.270000000000003793, 0.000000000000000000, 1.269999999999998908 ) ) ;
#6360 = ADVANCED_BREP_SHAPE_REPRESENTATION ( '', ( #5235, #5031, #2931, #2772, #5224, #2717, #5046, #590, #5071, #628, #2825, #639, #2781, #5362 ), #1452 ) ;
#6361 = ITEM_DEFINED_TRANSFORMATION ( 'NONE', 'NONE', #2919,  #5362 ) ;
#6362 = CARTESIAN_POINT ( 'NONE',  ( -2.920999999999994934, 7.239000000000000767, 0.3809999999999946207 ) ) ;
#6363 = PLANE ( 'NONE',  #6210 ) ;
#6364 = CARTESIAN_POINT ( 'NONE',  ( -11.42999999999999794, 0.000000000000000000, 0.000000000000000000 ) ) ;
#6365 = ORIENTED_EDGE ( 'NONE', *, *, #3794, .T. ) ;
#6366 = LINE ( 'NONE', #4683, #5777 ) ;
#6367 = VECTOR ( 'NONE', #1480, 1000.000000000000000 ) ;
#6368 = EDGE_LOOP ( 'NONE', ( #6305, #5292, #4879, #335 ) ) ;
#6369 = CARTESIAN_POINT ( 'NONE',  ( -0.3809999999999941767, 8.064500000000000668, 0.3809999999999947873 ) ) ;
#6370 = EDGE_CURVE ( 'NONE', #1373, #2770, #442, .T. ) ;
#6371 = DIRECTION ( 'NONE',  ( 0.000000000000000000, 0.000000000000000000, 1.000000000000000000 ) ) ;
#6372 = ORIENTED_EDGE ( 'NONE', *, *, #6805, .F. ) ;
#6373 = CARTESIAN_POINT ( 'NONE',  ( -11.42999999999999794, 8.509000000000000341, -1.270000000000001128 ) ) ;
#6374 = CARTESIAN_POINT ( 'NONE',  ( -3.809999999999997389, 8.509000000000000341, -1.270000000000001128 ) ) ;
#6375 = ORIENTED_EDGE ( 'NONE', *, *, #4437, .F. ) ;
#6376 =( NAMED_UNIT ( * ) PLANE_ANGLE_UNIT ( ) SI_UNIT ( $, .RADIAN. ) );
#6377 = ORIENTED_EDGE ( 'NONE', *, *, #3535, .F. ) ;
#6378 = LINE ( 'NONE', #3709, #5842 ) ;
#6379 = ORIENTED_EDGE ( 'NONE', *, *, #1424, .T. ) ;
#6380 = CARTESIAN_POINT ( 'NONE',  ( -12.31899999999999729, 7.239000000000000767, 0.3809999999999946207 ) ) ;
#6381 = CARTESIAN_POINT ( 'NONE',  ( -13.96999999999999886, 0.5080000000000002292, -0.7528818102449945648 ) ) ;
#6382 = VERTEX_POINT ( 'NONE', #337 ) ;
#6383 = FACE_OUTER_BOUND ( 'NONE', #4381, .T. ) ;
#6384 = DIRECTION ( 'NONE',  ( 0.000000000000000000, 1.733406087350420004E-16, -1.000000000000000000 ) ) ;
#6385 = EDGE_CURVE ( 'NONE', #522, #1525, #866, .T. ) ;
#6386 = EDGE_CURVE ( 'NONE', #2770, #4566, #2035, .T. ) ;
#6387 = CLOSED_SHELL ( 'NONE', ( #5547, #6250, #5537, #4446, #4076, #6298, #1595, #2571, #4059, #495, #1414, #4375, #5345, #321, #5023, #858, #2389, #5140, #5060 ) ) ;
#6388 = PLANE ( 'NONE',  #476 ) ;
#6389 = EDGE_CURVE ( 'NONE', #368, #4825, #6275, .T. ) ;
#6390 = CARTESIAN_POINT ( 'NONE',  ( -12.57299999999999507, 7.810500000000001108, 0.1269999999999949503 ) ) ;
#6391 = EDGE_LOOP ( 'NONE', ( #6126, #6011, #90, #2686 ) ) ;
#6392 = SURFACE_SIDE_STYLE ('',( #1703 ) ) ;
#6393 = ORIENTED_EDGE ( 'NONE', *, *, #2412, .T. ) ;
#6394 = LINE ( 'NONE', #5867, #504 ) ;
#6395 = EDGE_CURVE ( 'NONE', #3875, #2908, #897, .T. ) ;
#6396 = ADVANCED_FACE ( 'NONE', ( #6243 ), #4703, .F. ) ;
#6397 = FILL_AREA_STYLE_COLOUR ( '', #3578 ) ;
#6398 = EDGE_CURVE ( 'NONE', #6185, #5204, #6315, .T. ) ;
#6399 = VECTOR ( 'NONE', #3441, 1000.000000000000000 ) ;
#6400 = CARTESIAN_POINT ( 'NONE',  ( -0.1961031209927693308, -3.200400000000000134, 0.2032000000000001583 ) ) ;
#6401 = CARTESIAN_POINT ( 'NONE',  ( -8.889999999999997016, 0.000000000000000000, 0.000000000000000000 ) ) ;
#6402 = ORIENTED_EDGE ( 'NONE', *, *, #1935, .T. ) ;
#6403 = CARTESIAN_POINT ( 'NONE',  ( 14.22399999999999842, -1.925929944387235853E-31, 0.8889999999999991243 ) ) ;
#6404 = ORIENTED_EDGE ( 'NONE', *, *, #535, .F. ) ;
#6405 = AXIS2_PLACEMENT_3D ( 'NONE', #429, #1956, #4584 ) ;
#6406 = VECTOR ( 'NONE', #1834, 1000.000000000000000 ) ;
#6407 = FACE_OUTER_BOUND ( 'NONE', #3684, .T. ) ;
#6408 = CARTESIAN_POINT ( 'NONE',  ( -5.460999999999994969, 7.239000000000000767, -0.3810000000000041687 ) ) ;
#6409 = ORIENTED_EDGE ( 'NONE', *, *, #3136, .F. ) ;
#6410 = DIRECTION ( 'NONE',  ( 0.000000000000000000, -0.000000000000000000, -1.000000000000000000 ) ) ;
#6411 = VECTOR ( 'NONE', #5900, 1000.000000000000000 ) ;
#6412 = ORIENTED_EDGE ( 'NONE', *, *, #6253, .T. ) ;
#6413 = DIRECTION ( 'NONE',  ( 0.000000000000000000, 0.000000000000000000, -1.000000000000000000 ) ) ;
#6414 = ORIENTED_EDGE ( 'NONE', *, *, #5308, .F. ) ;
#6415 = PRESENTATION_STYLE_ASSIGNMENT (( #4277 ) ) ;
#6416 = ADVANCED_FACE ( 'NONE', ( #1421 ), #5154, .F. ) ;
#6417 = VECTOR ( 'NONE', #3785, 1000.000000000000000 ) ;
#6418 = CARTESIAN_POINT ( 'NONE',  ( -10.54099999999999504, 8.064500000000000668, -0.3810000000000040021 ) ) ;
#6419 = EDGE_LOOP ( 'NONE', ( #1688, #2793, #3175, #4965 ) ) ;
#6420 = CARTESIAN_POINT ( 'NONE',  ( 8.890000000000004121, 0.5080000000000000071, 0.7528818102449925664 ) ) ;
#6421 = LINE ( 'NONE', #1103, #4619 ) ;
#6422 = ORIENTED_EDGE ( 'NONE', *, *, #4872, .T. ) ;
#6423 = DIRECTION ( 'NONE',  ( 0.000000000000000000, 0.9659258262890700886, -0.2588190451025140781 ) ) ;
#6424 = AXIS2_PLACEMENT_3D ( 'NONE', #261, #1864, #2884 ) ;
#6425 = DIRECTION ( 'NONE',  ( 0.000000000000000000, -1.440069553722777377E-16, 1.000000000000000000 ) ) ;
#6426 = VECTOR ( 'NONE', #3832, 1000.000000000000000 ) ;
#6427 = PLANE ( 'NONE',  #3038 ) ;
#6428 = DIRECTION ( 'NONE',  ( 1.000000000000000000, 0.000000000000000000, 0.000000000000000000 ) ) ;
#6429 = EDGE_LOOP ( 'NONE', ( #5066, #6450, #4168, #5544, #2483, #333, #4554, #6058 ) ) ;
#6430 = SURFACE_STYLE_FILL_AREA ( #1041 ) ;
#6431 = EDGE_LOOP ( 'NONE', ( #6692, #6676, #1879, #5401, #5663, #1447, #4949, #2580 ) ) ;
#6432 = DIRECTION ( 'NONE',  ( 0.000000000000000000, -0.9659258262890699775, -0.2588190451025145222 ) ) ;
#6433 = VECTOR ( 'NONE', #5184, 1000.000000000000000 ) ;
#6434 = STYLED_ITEM ( 'NONE', ( #953 ), #2781 ) ;
#6435 = SURFACE_SIDE_STYLE ('',( #2149 ) ) ;
#6436 = VECTOR ( 'NONE', #1123, 1000.000000000000000 ) ;
#6437 = EDGE_CURVE ( 'NONE', #262, #1931, #6731, .T. ) ;
#6438 = CARTESIAN_POINT ( 'NONE',  ( -1.269999999999996909, 0.5080000000000002292, -0.7528818102449945648 ) ) ;
#6439 = CARTESIAN_POINT ( 'NONE',  ( -13.08099999999999596, 8.064500000000000668, 0.3809999999999947873 ) ) ;
#6440 = ORIENTED_EDGE ( 'NONE', *, *, #4048, .T. ) ;
#6441 = DIRECTION ( 'NONE',  ( -0.000000000000000000, -0.7071067811865482389, -0.7071067811865467956 ) ) ;
#6442 = ORIENTED_EDGE ( 'NONE', *, *, #5265, .T. ) ;
#6443 = VECTOR ( 'NONE', #2461, 1000.000000000000000 ) ;
#6444 = FACE_OUTER_BOUND ( 'NONE', #1657, .T. ) ;
#6445 = CARTESIAN_POINT ( 'NONE',  ( 0.8255000000000050075, 8.509000000000000341, 0.8254999999999963478 ) ) ;
#6446 = AXIS2_PLACEMENT_3D ( 'NONE', #2818, #3410, #1770 ) ;
#6447 = ORIENTED_EDGE ( 'NONE', *, *, #2299, .F. ) ;
#6448 = CARTESIAN_POINT ( 'NONE',  ( 8.890000000000004121, 2.177422008883992879E-16, -0.8890000000000013447 ) ) ;
#6449 = FILL_AREA_STYLE ('',( #4311 ) ) ;
#6450 = ORIENTED_EDGE ( 'NONE', *, *, #5869, .F. ) ;
#6451 = DIRECTION ( 'NONE',  ( 0.000000000000000000, -5.054934237236841843E-31, -1.000000000000000000 ) ) ;
#6452 = ORIENTED_EDGE ( 'NONE', *, *, #3269, .F. ) ;
#6453 = PRESENTATION_STYLE_ASSIGNMENT (( #5361 ) ) ;
#6454 = VECTOR ( 'NONE', #702, 1000.000000000000000 ) ;
#6455 = CARTESIAN_POINT ( 'NONE',  ( 8.890000000000004121, 0.5080000000000002292, -0.7528818102449945648 ) ) ;
#6456 = ORIENTED_EDGE ( 'NONE', *, *, #1001, .F. ) ;
#6457 = CARTESIAN_POINT ( 'NONE',  ( -14.22399999999999842, 8.509000000000000341, 1.270000000000001128 ) ) ;
#6458 = CARTESIAN_POINT ( 'NONE',  ( 10.54100000000000570, 7.239000000000000767, -0.3810000000000041687 ) ) ;
#6459 = ORIENTED_EDGE ( 'NONE', *, *, #4744, .T. ) ;
#6460 = FACE_OUTER_BOUND ( 'NONE', #3348, .T. ) ;
#6461 = LINE ( 'NONE', #3788, #5233 ) ;
#6462 = DIRECTION ( 'NONE',  ( 0.000000000000000000, -0.9659258262890700886, 0.2588190451025140781 ) ) ;
#6463 = FACE_OUTER_BOUND ( 'NONE', #5015, .T. ) ;
#6464 = ORIENTED_EDGE ( 'NONE', *, *, #3181, .F. ) ;
#6465 = CARTESIAN_POINT ( 'NONE',  ( 5.461000000000003851, 8.064500000000000668, 0.3809999999999946207 ) ) ;
#6466 =( NAMED_UNIT ( * ) PLANE_ANGLE_UNIT ( ) SI_UNIT ( $, .RADIAN. ) );
#6467 = LINE ( 'NONE', #6400, #4427 ) ;
#6468 = DIRECTION ( 'NONE',  ( -1.000000000000000000, 0.000000000000000000, 0.000000000000000000 ) ) ;
#6469 = VERTEX_POINT ( 'NONE', #3570 ) ;
#6470 = LINE ( 'NONE', #5385, #3205 ) ;
#6471 = ORIENTED_EDGE ( 'NONE', *, *, #130, .F. ) ;
#6472 = EDGE_CURVE ( 'NONE', #4560, #85, #2493, .T. ) ;
#6473 = DIRECTION ( 'NONE',  ( 0.000000000000000000, -5.054934237236841843E-31, -1.000000000000000000 ) ) ;
#6474 = EDGE_LOOP ( 'NONE', ( #3144, #5850, #2726, #1566 ) ) ;
#6475 = DIRECTION ( 'NONE',  ( 0.000000000000000000, -1.000000000000000000, 0.000000000000000000 ) ) ;
#6476 = EDGE_CURVE ( 'NONE', #31, #6185, #4141, .T. ) ;
#6477 = VERTEX_POINT ( 'NONE', #5222 ) ;
#6478 = LINE ( 'NONE', #1163, #3202 ) ;
#6479 = ORIENTED_EDGE ( 'NONE', *, *, #493, .T. ) ;
#6480 = DIRECTION ( 'NONE',  ( 1.000000000000000000, 0.000000000000000000, 0.000000000000000000 ) ) ;
#6481 = EDGE_CURVE ( 'NONE', #5322, #3792, #4177, .T. ) ;
#6482 = AXIS2_PLACEMENT_3D ( 'NONE', #1207, #6558, #6095 ) ;
#6483 = CARTESIAN_POINT ( 'NONE',  ( 10.54100000000000570, 8.064500000000000668, 0.3809999999999947873 ) ) ;
#6484 = ORIENTED_EDGE ( 'NONE', *, *, #5333, .T. ) ;
#6485 = LINE ( 'NONE', #4843, #6644 ) ;
#6486 = EDGE_CURVE ( 'NONE', #6895, #446, #2994, .T. ) ;
#6487 = CARTESIAN_POINT ( 'NONE',  ( 5.461000000000003851, 8.064500000000000668, -0.3810000000000040021 ) ) ;
#6488 = ORIENTED_EDGE ( 'NONE', *, *, #6116, .F. ) ;
#6489 = DIRECTION ( 'NONE',  ( -0.000000000000000000, 0.000000000000000000, 1.000000000000000000 ) ) ;
#6490 = DIRECTION ( 'NONE',  ( -0.000000000000000000, 1.000000000000000000, 0.000000000000000000 ) ) ;
#6491 = AXIS2_PLACEMENT_3D ( 'NONE', #246, #345, #317 ) ;
#6492 = CARTESIAN_POINT ( 'NONE',  ( -6.349999999999997868, 2.177422008883992879E-16, -0.8890000000000013447 ) ) ;
#6493 = CARTESIAN_POINT ( 'NONE',  ( 0.3810000000000000053, -2.692399999999995686, -0.2032000000000001305 ) ) ;
#6494 = VERTEX_POINT ( 'NONE', #3647 ) ;
#6495 = DIRECTION ( 'NONE',  ( 0.000000000000000000, -1.000000000000000000, -2.548365665731588345E-16 ) ) ;
#6496 = CARTESIAN_POINT ( 'NONE',  ( 3.810000000000002718, 3.110602869834277161E-16, -1.270000000000001128 ) ) ;
#6497 = AXIS2_PLACEMENT_3D ( 'NONE', #5463, #5912, #2796 ) ;
#6498 = EDGE_CURVE ( 'NONE', #512, #1525, #5686, .T. ) ;
#6499 = FILL_AREA_STYLE_COLOUR ( '', #1804 ) ;
#6500 = CARTESIAN_POINT ( 'NONE',  ( -2.920999999999994934, 8.064500000000000668, -0.3810000000000040021 ) ) ;
#6501 = CARTESIAN_POINT ( 'NONE',  ( -14.22399999999999842, 8.509000000000000341, -1.270000000000001128 ) ) ;
#6502 = EDGE_LOOP ( 'NONE', ( #6618, #3806, #1854, #5150 ) ) ;
#6503 = EDGE_CURVE ( 'NONE', #880, #741, #3127, .T. ) ;
#6504 = LINE ( 'NONE', #3215, #202 ) ;
#6505 = ORIENTED_EDGE ( 'NONE', *, *, #6100, .T. ) ;
#6506 = VECTOR ( 'NONE', #3018, 1000.000000000000000 ) ;
#6507 = CARTESIAN_POINT ( 'NONE',  ( -11.42999999999999794, 0.000000000000000000, 0.000000000000000000 ) ) ;
#6508 = ORIENTED_EDGE ( 'NONE', *, *, #6684, .T. ) ;
#6509 = PLANE ( 'NONE',  #1953 ) ;
#6510 = DIRECTION ( 'NONE',  ( 0.5773502691896253980, 0.5773502691896253980, -0.5773502691896266192 ) ) ;
#6511 = ORIENTED_EDGE ( 'NONE', *, *, #497, .T. ) ;
#6512 = EDGE_CURVE ( 'NONE', #1782, #4132, #5187, .T. ) ;
#6513 = LINE ( 'NONE', #712, #6883 ) ;
#6514 = VECTOR ( 'NONE', #2095, 1000.000000000000000 ) ;
#6515 = ORIENTED_EDGE ( 'NONE', *, *, #3794, .F. ) ;
#6516 = AXIS2_PLACEMENT_3D ( 'NONE', #3166, #4640, #2536 ) ;
#6517 = CARTESIAN_POINT ( 'NONE',  ( -8.889999999999997016, 0.5080000000000002292, -0.7528818102449945648 ) ) ;
#6518 = ORIENTED_EDGE ( 'NONE', *, *, #544, .T. ) ;
#6519 = DIRECTION ( 'NONE',  ( 0.000000000000000000, 0.000000000000000000, 1.000000000000000000 ) ) ;
#6520 = CARTESIAN_POINT ( 'NONE',  ( -8.889999999999997016, 0.5080000000000002292, -0.7528818102449945648 ) ) ;
#6521 = ORIENTED_EDGE ( 'NONE', *, *, #2534, .F. ) ;
#6522 = CARTESIAN_POINT ( 'NONE',  ( 2.159000000000004693, 7.239000000000000767, 0.3809999999999946207 ) ) ;
#6523 = VECTOR ( 'NONE', #5152, 1000.000000000000000 ) ;
#6524 = PLANE ( 'NONE',  #1367 ) ;
#6525 = FACE_OUTER_BOUND ( 'NONE', #5326, .T. ) ;
#6526 = VERTEX_POINT ( 'NONE', #2602 ) ;
#6527 = CARTESIAN_POINT ( 'NONE',  ( -1.269999999999996909, 8.509000000000000341, 1.270000000000001128 ) ) ;
#6528 = CARTESIAN_POINT ( 'NONE',  ( 13.08100000000000662, 8.064500000000000668, 0.3809999999999946207 ) ) ;
#6529 = VECTOR ( 'NONE', #1044, 1000.000000000000000 ) ;
#6530 = LINE ( 'NONE', #667, #5834 ) ;
#6531 = AXIS2_PLACEMENT_3D ( 'NONE', #6867, #2562, #2670 ) ;
#6532 = CARTESIAN_POINT ( 'NONE',  ( 6.794500000000005535, 8.509000000000000341, 0.8254999999999963478 ) ) ;
#6533 = CARTESIAN_POINT ( 'NONE',  ( 13.08100000000000662, 8.064500000000000668, -0.3810000000000040021 ) ) ;
#6534 = EDGE_CURVE ( 'NONE', #1456, #3614, #6800, .T. ) ;
#6535 = ORIENTED_EDGE ( 'NONE', *, *, #5600, .F. ) ;
#6536 = CARTESIAN_POINT ( 'NONE',  ( -2.920999999999994934, 7.239000000000000767, -0.3810000000000041687 ) ) ;
#6537 = ORIENTED_EDGE ( 'NONE', *, *, #2200, .F. ) ;
#6538 = VECTOR ( 'NONE', #4622, 1000.000000000000000 ) ;
#6539 = VECTOR ( 'NONE', #6858, 1000.000000000000000 ) ;
#6540 = DIRECTION ( 'NONE',  ( -0.000000000000000000, 1.000000000000000000, 1.733406087350420004E-16 ) ) ;
#6541 = ORIENTED_EDGE ( 'NONE', *, *, #99, .F. ) ;
#6542 = CARTESIAN_POINT ( 'NONE',  ( 13.52550000000000630, 8.509000000000000341, 0.8254999999999963478 ) ) ;
#6543 = PRODUCT_DEFINITION_SHAPE ( 'NONE', 'NONE',  #6912 ) ;
#6544 = CARTESIAN_POINT ( 'NONE',  ( 8.890000000000004121, 8.509000000000000341, -1.270000000000001128 ) ) ;
#6545 = EDGE_CURVE ( 'NONE', #5819, #2463, #4039, .T. ) ;
#6546 = VERTEX_POINT ( 'NONE', #5654 ) ;
#6547 = PLANE ( 'NONE',  #2644 ) ;
#6548 = VECTOR ( 'NONE', #4999, 1000.000000000000000 ) ;
#6549 = ORIENTED_EDGE ( 'NONE', *, *, #623, .F. ) ;
#6550 = EDGE_CURVE ( 'NONE', #1018, #616, #5337, .T. ) ;
#6551 = STYLED_ITEM ( 'NONE', ( #3638 ), #5235 ) ;
#6552 = FACE_OUTER_BOUND ( 'NONE', #6129, .T. ) ;
#6553 = VERTEX_POINT ( 'NONE', #4360 ) ;
#6554 = DIRECTION ( 'NONE',  ( -1.000000000000000000, -0.000000000000000000, -0.000000000000000000 ) ) ;
#6555 = PLANE ( 'NONE',  #4297 ) ;
#6556 = VERTEX_POINT ( 'NONE', #1592 ) ;
#6557 = ORIENTED_EDGE ( 'NONE', *, *, #4085, .F. ) ;
#6558 = DIRECTION ( 'NONE',  ( -0.000000000000000000, 1.000000000000000000, 1.440069553722777130E-16 ) ) ;
#6559 = VECTOR ( 'NONE', #3349, 1000.000000000000114 ) ;
#6560 = ADVANCED_FACE ( 'NONE', ( #4286 ), #2135, .F. ) ;
#6561 = LINE ( 'NONE', #2345, #2475 ) ;
#6562 = FACE_OUTER_BOUND ( 'NONE', #6474, .T. ) ;
#6563 = EDGE_LOOP ( 'NONE', ( #3719, #5501, #4463, #5138 ) ) ;
#6564 = FACE_OUTER_BOUND ( 'NONE', #915, .T. ) ;
#6565 = LINE ( 'NONE', #4568, #5178 ) ;
#6566 = LINE ( 'NONE', #696, #1699 ) ;
#6567 = DIRECTION ( 'NONE',  ( 0.000000000000000000, -5.054934237236841843E-31, -1.000000000000000000 ) ) ;
#6568 = PLANE ( 'NONE',  #5655 ) ;
#6569 = CARTESIAN_POINT ( 'NONE',  ( 11.43000000000000504, 0.5080000000000002292, -0.7528818102449945648 ) ) ;
#6570 = EDGE_LOOP ( 'NONE', ( #5398, #1919, #6197, #6843 ) ) ;
#6571 = CARTESIAN_POINT ( 'NONE',  ( 1.270000000000002016, 8.509000000000000341, -1.270000000000001128 ) ) ;
#6572 = CARTESIAN_POINT ( 'NONE',  ( 11.43000000000000504, 0.5080000000000002292, -0.7528818102449945648 ) ) ;
#6573 = EDGE_CURVE ( 'NONE', #1652, #2273, #514, .T. ) ;
#6574 = DIRECTION ( 'NONE',  ( -0.000000000000000000, 1.000000000000000000, 1.733406087350420004E-16 ) ) ;
#6575 = ORIENTED_EDGE ( 'NONE', *, *, #2380, .T. ) ;
#6576 = LINE ( 'NONE', #5634, #3852 ) ;
#6577 = FACE_OUTER_BOUND ( 'NONE', #6613, .T. ) ;
#6578 = ORIENTED_EDGE ( 'NONE', *, *, #4530, .F. ) ;
#6579 = CARTESIAN_POINT ( 'NONE',  ( 6.350000000000003197, 0.000000000000000000, 1.269999999999998908 ) ) ;
#6580 = ORIENTED_EDGE ( 'NONE', *, *, #5232, .F. ) ;
#6581 = EDGE_CURVE ( 'NONE', #2537, #3918, #5964, .T. ) ;
#6582 = VECTOR ( 'NONE', #6353, 1000.000000000000000 ) ;
#6583 = DIRECTION ( 'NONE',  ( 0.000000000000000000, -1.169455476739838842E-16, 1.000000000000000000 ) ) ;
#6584 = ORIENTED_EDGE ( 'NONE', *, *, #3109, .T. ) ;
#6585 = DIRECTION ( 'NONE',  ( 0.000000000000000000, 1.733406087350420004E-16, -1.000000000000000000 ) ) ;
#6586 = CARTESIAN_POINT ( 'NONE',  ( -13.08099999999999596, 7.239000000000000767, -0.3810000000000041687 ) ) ;
#6587 = VERTEX_POINT ( 'NONE', #5824 ) ;
#6588 = ORIENTED_EDGE ( 'NONE', *, *, #4714, .F. ) ;
#6589 = CARTESIAN_POINT ( 'NONE',  ( 6.350000000000003197, 8.509000000000000341, 1.270000000000001128 ) ) ;
#6590 = CARTESIAN_POINT ( 'NONE',  ( 6.350000000000003197, 2.177422008883992879E-16, -0.8890000000000013447 ) ) ;
#6591 = DIRECTION ( 'NONE',  ( 0.000000000000000000, -1.000000000000000000, -2.548365665731588345E-16 ) ) ;
#6592 = EDGE_LOOP ( 'NONE', ( #1068, #4083, #3533, #3671 ) ) ;
#6593 = DIRECTION ( 'NONE',  ( 0.000000000000000000, -0.7071067811865484609, 0.7071067811865466846 ) ) ;
#6594 = LINE ( 'NONE', #3411, #3399 ) ;
#6595 = EDGE_CURVE ( 'NONE', #4233, #362, #1106, .T. ) ;
#6596 = ADVANCED_FACE ( 'NONE', ( #1697 ), #1070, .F. ) ;
#6597 = DIRECTION ( 'NONE',  ( 0.000000000000000000, -0.9659258262890699775, -0.2588190451025145222 ) ) ;
#6598 = DIRECTION ( 'NONE',  ( 0.000000000000000000, -0.000000000000000000, -1.000000000000000000 ) ) ;
#6599 = DIRECTION ( 'NONE',  ( 0.000000000000000000, -1.733406087350420004E-16, 1.000000000000000000 ) ) ;
#6600 = CARTESIAN_POINT ( 'NONE',  ( -0.3810000000000000053, 0.5079999999999997851, 0.2032000000000010465 ) ) ;
#6601 = EDGE_LOOP ( 'NONE', ( #1505, #1775, #1261, #1061 ) ) ;
#6602 = DIRECTION ( 'NONE',  ( 0.5773502691896253980, 0.5773502691896253980, -0.5773502691896266192 ) ) ;
#6603 = EDGE_CURVE ( 'NONE', #1544, #2658, #3234, .T. ) ;
#6604 = EDGE_CURVE ( 'NONE', #3223, #2034, #5371, .T. ) ;
#6605 = CARTESIAN_POINT ( 'NONE',  ( 3.810000000000002718, 0.000000000000000000, 1.269999999999998908 ) ) ;
#6606 = VECTOR ( 'NONE', #3386, 1000.000000000000000 ) ;
#6607 = ITEM_DEFINED_TRANSFORMATION ( 'NONE', 'NONE', #129,  #5362 ) ;
#6608 = CARTESIAN_POINT ( 'NONE',  ( 2.921000000000003372, 8.064500000000000668, 0.3809999999999947873 ) ) ;
#6609 = CLOSED_SHELL ( 'NONE', ( #5433, #4928, #4849, #650, #4655, #4795, #4599, #6396, #6177, #1934, #4384, #6416, #3961, #3682, #1820, #2761, #558, #3189, #940 ) ) ;
#6610 = VERTEX_POINT ( 'NONE', #5441 ) ;
#6611 = DIRECTION ( 'NONE',  ( -0.000000000000000000, 0.2588190451025140781, 0.9659258262890700886 ) ) ;
#6612 = SURFACE_SIDE_STYLE ('',( #4411 ) ) ;
#6613 = EDGE_LOOP ( 'NONE', ( #540, #2804, #5313, #6402 ) ) ;
#6614 = FACE_OUTER_BOUND ( 'NONE', #5959, .T. ) ;
#6615 = EDGE_LOOP ( 'NONE', ( #6447, #3398, #4316, #1724, #359, #357, #5305, #4596 ) ) ;
#6616 = MECHANICAL_DESIGN_GEOMETRIC_PRESENTATION_REPRESENTATION (  '', ( #1588 ), #919 ) ;
#6617 = CARTESIAN_POINT ( 'NONE',  ( -6.349999999999997868, 0.000000000000000000, 0.000000000000000000 ) ) ;
#6618 = ORIENTED_EDGE ( 'NONE', *, *, #3387, .T. ) ;
#6619 = CARTESIAN_POINT ( 'NONE',  ( 1.270000000000003793, 0.5080000000000000071, 0.7528818102449925664 ) ) ;
#6620 = AXIS2_PLACEMENT_3D ( 'NONE', #4034, #1966, #4105 ) ;
#6621 = EDGE_LOOP ( 'NONE', ( #909, #5707, #2999, #4525 ) ) ;
#6622 = ORIENTED_EDGE ( 'NONE', *, *, #4118, .T. ) ;
#6623 = EDGE_CURVE ( 'NONE', #4027, #5672, #1633, .T. ) ;
#6624 = PLANE ( 'NONE',  #5241 ) ;
#6625 = AXIS2_PLACEMENT_3D ( 'NONE', #2020, #2477, #4688 ) ;
#6626 = FACE_OUTER_BOUND ( 'NONE', #4621, .T. ) ;
#6627 = CARTESIAN_POINT ( 'NONE',  ( -3.809999999999997389, 0.5080000000000002292, -0.7528818102449945648 ) ) ;
#6628 = ORIENTED_EDGE ( 'NONE', *, *, #2947, .T. ) ;
#6629 = FACE_OUTER_BOUND ( 'NONE', #291, .T. ) ;
#6630 = VECTOR ( 'NONE', #5516, 1000.000000000000000 ) ;
#6631 = CARTESIAN_POINT ( 'NONE',  ( -1.269999999999996909, 0.5080000000000002292, -0.7528818102449945648 ) ) ;
#6632 = AXIS2_PLACEMENT_3D ( 'NONE', #3055, #1418, #5714 ) ;
#6633 = EDGE_CURVE ( 'NONE', #2194, #5941, #2676, .T. ) ;
#6634 = LINE ( 'NONE', #1837, #3814 ) ;
#6635 = DIRECTION ( 'NONE',  ( 0.000000000000000000, -1.440069553722777130E-16, 1.000000000000000000 ) ) ;
#6636 = AXIS2_PLACEMENT_3D ( 'NONE', #2184, #2214, #1145 ) ;
#6637 = DIRECTION ( 'NONE',  ( -0.000000000000000000, -0.000000000000000000, 1.000000000000000000 ) ) ;
#6638 = CARTESIAN_POINT ( 'NONE',  ( 5.461000000000003851, 7.239000000000000767, 0.3809999999999946207 ) ) ;
#6639 = ORIENTED_EDGE ( 'NONE', *, *, #4970, .T. ) ;
#6640 = CARTESIAN_POINT ( 'NONE',  ( -1.269999999999996909, 0.000000000000000000, 1.269999999999998908 ) ) ;
#6641 = ORIENTED_EDGE ( 'NONE', *, *, #984, .F. ) ;
#6642 = AXIS2_PLACEMENT_3D ( 'NONE', #2819, #798, #4952 ) ;
#6643 = DIRECTION ( 'NONE',  ( 1.000000000000000000, 0.000000000000000000, 0.000000000000000000 ) ) ;
#6644 = VECTOR ( 'NONE', #2305, 1000.000000000000000 ) ;
#6645 = UNCERTAINTY_MEASURE_WITH_UNIT (LENGTH_MEASURE( 1.000000000000000082E-05 ), #2732, 'distance_accuracy_value', 'NONE');
#6646 = ORIENTED_EDGE ( 'NONE', *, *, #6335, .T. ) ;
#6647 = FACE_BOUND ( 'NONE', #5076, .T. ) ;
#6648 = LINE ( 'NONE', #2801, #4647 ) ;
#6649 = ORIENTED_EDGE ( 'NONE', *, *, #4326, .T. ) ;
#6650 = LINE ( 'NONE', #5535, #3986 ) ;
#6651 = ORIENTED_EDGE ( 'NONE', *, *, #716, .F. ) ;
#6652 = VECTOR ( 'NONE', #6886, 1000.000000000000000 ) ;
#6653 = ADVANCED_FACE ( 'NONE', ( #5298 ), #618, .F. ) ;
#6654 = PLANE ( 'NONE',  #5058 ) ;
#6655 = VECTOR ( 'NONE', #1362, 1000.000000000000000 ) ;
#6656 = ORIENTED_EDGE ( 'NONE', *, *, #6839, .T. ) ;
#6657 = LINE ( 'NONE', #1310, #183 ) ;
#6658 = FACE_OUTER_BOUND ( 'NONE', #2509, .T. ) ;
#6659 = ORIENTED_EDGE ( 'NONE', *, *, #238, .T. ) ;
#6660 = VERTEX_POINT ( 'NONE', #4250 ) ;
#6661 = LINE ( 'NONE', #6026, #5921 ) ;
#6662 = AXIS2_PLACEMENT_3D ( 'NONE', #5266, #2538, #4603 ) ;
#6663 = AXIS2_PLACEMENT_3D ( 'NONE', #40, #4191, #5275 ) ;
#6664 = DIRECTION ( 'NONE',  ( 0.5773502691896253980, 0.5773502691896253980, -0.5773502691896266192 ) ) ;
#6665 = CARTESIAN_POINT ( 'NONE',  ( -1.269999999999996909, 8.509000000000000341, 1.270000000000001128 ) ) ;
#6666 = EDGE_LOOP ( 'NONE', ( #4511, #5391, #1535, #4727 ) ) ;
#6667 = VECTOR ( 'NONE', #2349, 1000.000000000000000 ) ;
#6668 = DIRECTION ( 'NONE',  ( 1.000000000000000000, 0.000000000000000000, 0.000000000000000000 ) ) ;
#6669 = DIRECTION ( 'NONE',  ( -1.000000000000000000, 0.000000000000000000, 0.000000000000000000 ) ) ;
#6670 = VECTOR ( 'NONE', #847, 1000.000000000000000 ) ;
#6671 = EDGE_CURVE ( 'NONE', #3538, #1211, #2174, .T. ) ;
#6672 = CARTESIAN_POINT ( 'NONE',  ( -6.349999999999996980, 0.000000000000000000, 1.269999999999998908 ) ) ;
#6673 = DIRECTION ( 'NONE',  ( 1.000000000000000000, 0.000000000000000000, 0.000000000000000000 ) ) ;
#6674 = LINE ( 'NONE', #2320, #5987 ) ;
#6675 = CARTESIAN_POINT ( 'NONE',  ( -8.889999999999997016, -1.925929944387235853E-31, 0.8889999999999991243 ) ) ;
#6676 = ORIENTED_EDGE ( 'NONE', *, *, #1201, .F. ) ;
#6677 = CARTESIAN_POINT ( 'NONE',  ( -10.98549999999999471, 8.509000000000000341, -1.270000000000001128 ) ) ;
#6678 = CARTESIAN_POINT ( 'NONE',  ( 4.699000000000005173, 7.239000000000000767, -0.3810000000000041687 ) ) ;
#6679 = CARTESIAN_POINT ( 'NONE',  ( -2.920999999999994934, 8.064500000000000668, 0.3809999999999946207 ) ) ;
#6680 = DIRECTION ( 'NONE',  ( 1.000000000000000000, 0.000000000000000000, -0.000000000000000000 ) ) ;
#6681 = VERTEX_POINT ( 'NONE', #1140 ) ;
#6682 = DIRECTION ( 'NONE',  ( 0.000000000000000000, -1.000000000000000000, -2.548365665731588345E-16 ) ) ;
#6683 = ORIENTED_EDGE ( 'NONE', *, *, #99, .T. ) ;
#6684 = EDGE_CURVE ( 'NONE', #708, #3675, #2744, .T. ) ;
#6685 = ADVANCED_FACE ( 'NONE', ( #2643 ), #4847, .F. ) ;
#6686 = ADVANCED_FACE ( 'NONE', ( #4780 ), #64, .F. ) ;
#6687 = LINE ( 'NONE', #1473, #713 ) ;
#6688 = ORIENTED_EDGE ( 'NONE', *, *, #4872, .F. ) ;
#6689 = DIRECTION ( 'NONE',  ( -0.000000000000000000, 1.000000000000000000, 1.440069553722777130E-16 ) ) ;
#6690 = SURFACE_STYLE_FILL_AREA ( #2588 ) ;
#6691 = ORIENTED_EDGE ( 'NONE', *, *, #1740, .F. ) ;
#6692 = ORIENTED_EDGE ( 'NONE', *, *, #2992, .F. ) ;
#6693 = LINE ( 'NONE', #4169, #5479 ) ;
#6694 = EDGE_CURVE ( 'NONE', #1623, #708, #6461, .T. ) ;
#6695 = ADVANCED_FACE ( 'NONE', ( #3440 ), #128, .F. ) ;
#6696 = LINE ( 'NONE', #2488, #5279 ) ;
#6697 = DIRECTION ( 'NONE',  ( 0.000000000000000000, 1.000000000000000000, 0.000000000000000000 ) ) ;
#6698 = EDGE_LOOP ( 'NONE', ( #3435, #2672, #5552, #633 ) ) ;
#6699 = DIRECTION ( 'NONE',  ( 0.000000000000000000, -0.000000000000000000, -1.000000000000000000 ) ) ;
#6700 = VECTOR ( 'NONE', #1925, 1000.000000000000000 ) ;
#6701 = LINE ( 'NONE', #5588, #6406 ) ;
#6702 = DIRECTION ( 'NONE',  ( 0.000000000000000000, 0.9659258262890699775, 0.2588190451025145222 ) ) ;
#6703 = PLANE ( 'NONE',  #2594 ) ;
#6704 = PRESENTATION_STYLE_ASSIGNMENT (( #3026 ) ) ;
#6705 = DIRECTION ( 'NONE',  ( 0.000000000000000000, 0.000000000000000000, 1.000000000000000000 ) ) ;
#6706 = ORIENTED_EDGE ( 'NONE', *, *, #5368, .F. ) ;
#6707 = DIRECTION ( 'NONE',  ( 0.5773502691896253980, 0.5773502691896253980, -0.5773502691896266192 ) ) ;
#6708 = DIRECTION ( 'NONE',  ( 1.000000000000000000, 0.000000000000000000, 0.000000000000000000 ) ) ;
#6709 = EDGE_CURVE ( 'NONE', #6553, #1746, #2381, .T. ) ;
#6710 = LINE ( 'NONE', #3711, #285 ) ;
#6711 = EDGE_CURVE ( 'NONE', #6192, #4583, #2274, .T. ) ;
#6712 = PLANE ( 'NONE',  #3299 ) ;
#6713 = DIRECTION ( 'NONE',  ( 0.000000000000000000, 0.9659258262890699775, 0.2588190451025145222 ) ) ;
#6714 = ORIENTED_EDGE ( 'NONE', *, *, #3272, .T. ) ;
#6715 = LINE ( 'NONE', #2978, #1970 ) ;
#6716 = ORIENTED_EDGE ( 'NONE', *, *, #2763, .F. ) ;
#6717 = VECTOR ( 'NONE', #5495, 1000.000000000000114 ) ;
#6718 = EDGE_CURVE ( 'NONE', #1343, #512, #6661, .T. ) ;
#6719 = FACE_OUTER_BOUND ( 'NONE', #1691, .T. ) ;
#6720 = ORIENTED_EDGE ( 'NONE', *, *, #6833, .T. ) ;
#6721 = DIRECTION ( 'NONE',  ( -0.5773502691896253980, 0.5773502691896253980, -0.5773502691896266192 ) ) ;
#6722 = VERTEX_POINT ( 'NONE', #2342 ) ;
#6723 = ORIENTED_EDGE ( 'NONE', *, *, #6065, .F. ) ;
#6724 = DIRECTION ( 'NONE',  ( -1.000000000000000000, 0.000000000000000000, 0.000000000000000000 ) ) ;
#6725 = VECTOR ( 'NONE', #4172, 1000.000000000000000 ) ;
#6726 = LINE ( 'NONE', #2422, #2707 ) ;
#6727 = ORIENTED_EDGE ( 'NONE', *, *, #1284, .T. ) ;
#6728 = EDGE_CURVE ( 'NONE', #5988, #1325, #5614, .T. ) ;
#6729 = CARTESIAN_POINT ( 'NONE',  ( -5.460999999999994969, 8.064500000000000668, -0.3810000000000040021 ) ) ;
#6730 = ORIENTED_EDGE ( 'NONE', *, *, #4530, .T. ) ;
#6731 = LINE ( 'NONE', #963, #1492 ) ;
#6732 = ADVANCED_FACE ( 'NONE', ( #1867 ), #229, .F. ) ;
#6733 = AXIS2_PLACEMENT_3D ( 'NONE', #6194, #1369, #4096 ) ;
#6734 =( REPRESENTATION_RELATIONSHIP ('NONE','NONE', #770, #5719 ) REPRESENTATION_RELATIONSHIP_WITH_TRANSFORMATION ( #6607 )SHAPE_REPRESENTATION_RELATIONSHIP( ) );
#6735 = LINE ( 'NONE', #1422, #4044 ) ;
#6736 = AXIS2_PLACEMENT_3D ( 'NONE', #2140, #5409, #2784 ) ;
#6737 = DIRECTION ( 'NONE',  ( -1.000000000000000000, -0.000000000000000000, -0.000000000000000000 ) ) ;
#6738 = LINE ( 'NONE', #4183, #295 ) ;
#6739 = LINE ( 'NONE', #4012, #176 ) ;
#6740 = ORIENTED_EDGE ( 'NONE', *, *, #5424, .F. ) ;
#6741 = DIRECTION ( 'NONE',  ( -1.000000000000000000, -0.000000000000000000, -0.000000000000000000 ) ) ;
#6742 = DIRECTION ( 'NONE',  ( 0.000000000000000000, 0.000000000000000000, 1.000000000000000000 ) ) ;
#6743 = LINE ( 'NONE', #6780, #2240 ) ;
#6744 = EDGE_CURVE ( 'NONE', #4373, #2129, #2887, .T. ) ;
#6745 = FACE_OUTER_BOUND ( 'NONE', #5630, .T. ) ;
#6746 = AXIS2_PLACEMENT_3D ( 'NONE', #96, #548, #4357 ) ;
#6747 = DIRECTION ( 'NONE',  ( 0.000000000000000000, -1.000000000000000000, 0.000000000000000000 ) ) ;
#6748 = VERTEX_POINT ( 'NONE', #1239 ) ;
#6749 = PLANE ( 'NONE',  #4773 ) ;
#6750 = VERTEX_POINT ( 'NONE', #2849 ) ;
#6751 = EDGE_CURVE ( 'NONE', #5177, #3658, #1273, .T. ) ;
#6752 = PLANE ( 'NONE',  #5165 ) ;
#6753 = ORIENTED_EDGE ( 'NONE', *, *, #5861, .F. ) ;
#6754 = LINE ( 'NONE', #1056, #6760 ) ;
#6755 = DIRECTION ( 'NONE',  ( -0.000000000000000000, 1.000000000000000000, 1.733406087350420004E-16 ) ) ;
#6756 = EDGE_LOOP ( 'NONE', ( #2798, #122, #2133, #5101 ) ) ;
#6757 = VECTOR ( 'NONE', #4776, 1000.000000000000000 ) ;
#6758 = ORIENTED_EDGE ( 'NONE', *, *, #2904, .T. ) ;
#6759 = PLANE ( 'NONE',  #4017 ) ;
#6760 = VECTOR ( 'NONE', #952, 1000.000000000000000 ) ;
#6761 = VECTOR ( 'NONE', #5916, 1000.000000000000000 ) ;
#6762 = FACE_OUTER_BOUND ( 'NONE', #5245, .T. ) ;
#6763 = EDGE_LOOP ( 'NONE', ( #1318, #4748, #3320, #5357 ) ) ;
#6764 = ADVANCED_FACE ( 'NONE', ( #4945 ), #2310, .F. ) ;
#6765 = LINE ( 'NONE', #4175, #5739 ) ;
#6766 = ORIENTED_EDGE ( 'NONE', *, *, #474, .T. ) ;
#6767 = DIRECTION ( 'NONE',  ( 0.000000000000000000, 0.9659258262890700886, -0.2588190451025140781 ) ) ;
#6768 = AXIS2_PLACEMENT_3D ( 'NONE', #4369, #1185, #526 ) ;
#6769 = AXIS2_PLACEMENT_3D ( 'NONE', #1815, #6015, #219 ) ;
#6770 = ADVANCED_FACE ( 'NONE', ( #4490 ), #6624, .F. ) ;
#6771 = CARTESIAN_POINT ( 'NONE',  ( -12.31899999999999729, 8.064500000000000668, -0.3810000000000040021 ) ) ;
#6772 = DIRECTION ( 'NONE',  ( 0.000000000000000000, 0.9659258262890699775, 0.2588190451025145222 ) ) ;
#6773 = ORIENTED_EDGE ( 'NONE', *, *, #6718, .T. ) ;
#6774 = CARTESIAN_POINT ( 'NONE',  ( -6.349999999999996980, -1.925929944387235853E-31, 0.8889999999999991243 ) ) ;
#6775 = ORIENTED_EDGE ( 'NONE', *, *, #3354, .F. ) ;
#6776 = LINE ( 'NONE', #2540, #277 ) ;
#6777 = CONTEXT_DEPENDENT_SHAPE_REPRESENTATION ( #5081, #1852 ) ;
#6778 = VECTOR ( 'NONE', #3949, 1000.000000000000000 ) ;
#6779 = ADVANCED_FACE ( 'NONE', ( #4978 ), #5513, .F. ) ;
#6780 = CARTESIAN_POINT ( 'NONE',  ( -11.42999999999999794, 2.177422008883992879E-16, -0.8890000000000013447 ) ) ;
#6781 = CARTESIAN_POINT ( 'NONE',  ( -14.22399999999999842, 0.5080000000000000071, 0.7528818102449925664 ) ) ;
#6782 = DIRECTION ( 'NONE',  ( 0.000000000000000000, 0.000000000000000000, 1.000000000000000000 ) ) ;
#6783 = VERTEX_POINT ( 'NONE', #1313 ) ;
#6784 = DIRECTION ( 'NONE',  ( -0.000000000000000000, 1.000000000000000000, 1.733406087350420004E-16 ) ) ;
#6785 = ORIENTED_EDGE ( 'NONE', *, *, #6144, .F. ) ;
#6786 = DIRECTION ( 'NONE',  ( -0.5773502691896252870, -0.5773502691896252870, -0.5773502691896267303 ) ) ;
#6787 = CARTESIAN_POINT ( 'NONE',  ( 14.22399999999999842, -1.925929944387235853E-31, 0.8889999999999991243 ) ) ;
#6788 = VERTEX_POINT ( 'NONE', #3336 ) ;
#6789 = DIRECTION ( 'NONE',  ( 0.000000000000000000, -0.9659258262890699775, -0.2588190451025145222 ) ) ;
#6790 =( NAMED_UNIT ( * ) SI_UNIT ( $, .STERADIAN. ) SOLID_ANGLE_UNIT ( ) );
#6791 = VERTEX_POINT ( 'NONE', #201 ) ;
#6792 = ORIENTED_EDGE ( 'NONE', *, *, #2094, .T. ) ;
#6793 = FACE_OUTER_BOUND ( 'NONE', #3948, .T. ) ;
#6794 = ADVANCED_FACE ( 'NONE', ( #827 ), #2239, .F. ) ;
#6795 = CARTESIAN_POINT ( 'NONE',  ( 3.810000000000002718, 3.110602869834277161E-16, -1.270000000000001128 ) ) ;
#6796 = EDGE_LOOP ( 'NONE', ( #5436, #2847, #4284, #5638 ) ) ;
#6797 = CARTESIAN_POINT ( 'NONE',  ( -7.238999999999996326, 7.239000000000000767, -0.3810000000000041687 ) ) ;
#6798 = DIRECTION ( 'NONE',  ( 0.000000000000000000, -0.000000000000000000, -1.000000000000000000 ) ) ;
#6799 = EDGE_LOOP ( 'NONE', ( #1678, #714, #3465, #456 ) ) ;
#6800 = LINE ( 'NONE', #4742, #3455 ) ;
#6801 = DIRECTION ( 'NONE',  ( 0.000000000000000000, -1.000000000000000000, -2.548365665731588345E-16 ) ) ;
#6802 = VECTOR ( 'NONE', #3201, 1000.000000000000114 ) ;
#6803 = CARTESIAN_POINT ( 'NONE',  ( 3.810000000000002718, 0.5080000000000000071, 0.7528818102449925664 ) ) ;
#6804 = EDGE_LOOP ( 'NONE', ( #3959, #6691, #825, #472 ) ) ;
#6805 = EDGE_CURVE ( 'NONE', #3941, #1769, #4459, .T. ) ;
#6806 = CARTESIAN_POINT ( 'NONE',  ( 14.22399999999999842, 0.5080000000000000071, 0.7528818102449925664 ) ) ;
#6807 = ORIENTED_EDGE ( 'NONE', *, *, #1102, .T. ) ;
#6808 = LINE ( 'NONE', #3687, #2155 ) ;
#6809 = ADVANCED_FACE ( 'NONE', ( #264 ), #5478, .F. ) ;
#6810 = DIRECTION ( 'NONE',  ( 0.000000000000000000, 0.9659258262890700886, -0.2588190451025140781 ) ) ;
#6811 = EDGE_CURVE ( 'NONE', #3748, #3786, #4526, .T. ) ;
#6812 = CARTESIAN_POINT ( 'NONE',  ( -6.349999999999996980, 2.177422008883992879E-16, -0.8890000000000013447 ) ) ;
#6813 = DIRECTION ( 'NONE',  ( 0.000000000000000000, 0.2588190451025145222, -0.9659258262890699775 ) ) ;
#6814 = ORIENTED_EDGE ( 'NONE', *, *, #4922, .F. ) ;
#6815 = PLANE ( 'NONE',  #5446 ) ;
#6816 = EDGE_LOOP ( 'NONE', ( #4257, #1522, #4046, #3232, #6021, #2564, #5008, #5296 ) ) ;
#6817 = CARTESIAN_POINT ( 'NONE',  ( 3.810000000000002718, 0.000000000000000000, 1.269999999999998908 ) ) ;
#6818 = LINE ( 'NONE', #884, #5393 ) ;
#6819 = EDGE_LOOP ( 'NONE', ( #6479, #2261, #3563, #2501 ) ) ;
#6820 = DIRECTION ( 'NONE',  ( 0.000000000000000000, 1.440069553722777130E-16, -1.000000000000000000 ) ) ;
#6821 = DIRECTION ( 'NONE',  ( -1.000000000000000000, -0.000000000000000000, -0.000000000000000000 ) ) ;
#6822 = ORIENTED_EDGE ( 'NONE', *, *, #443, .F. ) ;
#6823 = FACE_BOUND ( 'NONE', #2027, .T. ) ;
#6824 =( GEOMETRIC_REPRESENTATION_CONTEXT ( 3 ) GLOBAL_UNCERTAINTY_ASSIGNED_CONTEXT ( ( #3352 ) ) GLOBAL_UNIT_ASSIGNED_CONTEXT ( ( #4609, #1809, #3520 ) ) REPRESENTATION_CONTEXT ( 'NONE', 'WORKASPACE' ) );
#6825 = VERTEX_POINT ( 'NONE', #398 ) ;
#6826 = CARTESIAN_POINT ( 'NONE',  ( 1.270000000000003793, 8.509000000000000341, 1.270000000000001128 ) ) ;
#6827 = AXIS2_PLACEMENT_3D ( 'NONE', #2872, #6643, #215 ) ;
#6828 = CARTESIAN_POINT ( 'NONE',  ( -4.698999999999996291, 7.239000000000000767, 0.3809999999999946207 ) ) ;
#6829 = ORIENTED_EDGE ( 'NONE', *, *, #450, .F. ) ;
#6830 = CARTESIAN_POINT ( 'NONE',  ( -6.349999999999996980, 3.110602869834277161E-16, -1.270000000000001128 ) ) ;
#6831 = VECTOR ( 'NONE', #6702, 1000.000000000000000 ) ;
#6832 = DIRECTION ( 'NONE',  ( 0.000000000000000000, -0.9659258262890699775, -0.2588190451025145222 ) ) ;
#6833 = EDGE_CURVE ( 'NONE', #4709, #1525, #3049, .T. ) ;
#6834 = ORIENTED_EDGE ( 'NONE', *, *, #2541, .T. ) ;
#6835 = DIRECTION ( 'NONE',  ( -0.000000000000000000, 1.000000000000000000, 1.733406087350420004E-16 ) ) ;
#6836 = AXIS2_PLACEMENT_3D ( 'NONE', #2103, #4253, #4289 ) ;
#6837 = CARTESIAN_POINT ( 'NONE',  ( 0.3810000000000046128, 8.064500000000000668, 0.3809999999999946207 ) ) ;
#6838 = PLANE ( 'NONE',  #6516 ) ;
#6839 = EDGE_CURVE ( 'NONE', #1782, #1470, #6693, .T. ) ;
#6840 = VERTEX_POINT ( 'NONE', #2524 ) ;
#6841 = DIRECTION ( 'NONE',  ( 0.5773502691896253980, 0.5773502691896253980, -0.5773502691896266192 ) ) ;
#6842 = VECTOR ( 'NONE', #2996, 1000.000000000000000 ) ;
#6843 = ORIENTED_EDGE ( 'NONE', *, *, #1379, .F. ) ;
#6844 = CARTESIAN_POINT ( 'NONE',  ( 13.97000000000000419, 3.110602869834277161E-16, -1.270000000000001128 ) ) ;
#6845 = ADVANCED_FACE ( 'NONE', ( #1897 ), #4664, .F. ) ;
#6846 = VECTOR ( 'NONE', #5021, 1000.000000000000000 ) ;
#6847 = LINE ( 'NONE', #5768, #4828 ) ;
#6848 = CARTESIAN_POINT ( 'NONE',  ( -11.42999999999999794, 0.5080000000000000071, 0.7528818102449925664 ) ) ;
#6849 = LINE ( 'NONE', #5907, #1960 ) ;
#6850 = EDGE_LOOP ( 'NONE', ( #94, #2062, #6059, #6003 ) ) ;
#6851 = LINE ( 'NONE', #3585, #6223 ) ;
#6852 = VERTEX_POINT ( 'NONE', #3502 ) ;
#6853 = EDGE_CURVE ( 'NONE', #4825, #2273, #6166, .T. ) ;
#6854 = CARTESIAN_POINT ( 'NONE',  ( 9.779000000000007020, 8.064500000000000668, 0.3809999999999946207 ) ) ;
#6855 = CARTESIAN_POINT ( 'NONE',  ( -13.96999999999999886, 8.509000000000000341, 1.270000000000001128 ) ) ;
#6856 = ORIENTED_EDGE ( 'NONE', *, *, #6671, .F. ) ;
#6857 = LINE ( 'NONE', #1579, #4079 ) ;
#6858 = DIRECTION ( 'NONE',  ( -1.000000000000000000, -0.000000000000000000, -0.000000000000000000 ) ) ;
#6859 = ORIENTED_EDGE ( 'NONE', *, *, #4118, .F. ) ;
#6860 = PRESENTATION_STYLE_ASSIGNMENT (( #5653 ) ) ;
#6861 = VECTOR ( 'NONE', #3135, 1000.000000000000000 ) ;
#6862 = VERTEX_POINT ( 'NONE', #4134 ) ;
#6863 =( REPRESENTATION_RELATIONSHIP ('NONE','NONE', #770, #5719 ) REPRESENTATION_RELATIONSHIP_WITH_TRANSFORMATION ( #3579 )SHAPE_REPRESENTATION_RELATIONSHIP( ) );
#6864 = LINE ( 'NONE', #3670, #4946 ) ;
#6865 = VECTOR ( 'NONE', #2528, 1000.000000000000000 ) ;
#6866 = ORIENTED_EDGE ( 'NONE', *, *, #3688, .F. ) ;
#6867 = CARTESIAN_POINT ( 'NONE',  ( 6.350000000000003197, 0.5080000000000000071, 0.7528818102449925664 ) ) ;
#6868 = VECTOR ( 'NONE', #6755, 1000.000000000000000 ) ;
#6869 = LINE ( 'NONE', #4595, #3493 ) ;
#6870 = VERTEX_POINT ( 'NONE', #1413 ) ;
#6871 = PLANE ( 'NONE',  #1063 ) ;
#6872 = CARTESIAN_POINT ( 'NONE',  ( 4.699000000000005173, 8.064500000000000668, 0.3809999999999947873 ) ) ;
#6873 = VECTOR ( 'NONE', #780, 1000.000000000000000 ) ;
#6874 = EDGE_CURVE ( 'NONE', #460, #6852, #3536, .T. ) ;
#6875 = CARTESIAN_POINT ( 'NONE',  ( -9.778999999999996362, 8.064500000000000668, 0.3809999999999947873 ) ) ;
#6876 = CARTESIAN_POINT ( 'NONE',  ( 6.350000000000003197, -1.925929944387235853E-31, 0.8889999999999991243 ) ) ;
#6877 = ORIENTED_EDGE ( 'NONE', *, *, #3965, .T. ) ;
#6878 = PRESENTATION_LAYER_ASSIGNMENT (  '', '', ( #4318 ) ) ;
#6879 = VECTOR ( 'NONE', #4933, 1000.000000000000000 ) ;
#6880 = ORIENTED_EDGE ( 'NONE', *, *, #3460, .T. ) ;
#6881 = LINE ( 'NONE', #6844, #1938 ) ;
#6882 = ADVANCED_FACE ( 'NONE', ( #6793 ), #6759, .F. ) ;
#6883 = VECTOR ( 'NONE', #4313, 1000.000000000000000 ) ;
#6884 = VECTOR ( 'NONE', #2876, 1000.000000000000000 ) ;
#6885 = CARTESIAN_POINT ( 'NONE',  ( 1.714500000000004132, 8.509000000000000341, 0.8254999999999963478 ) ) ;
#6886 = DIRECTION ( 'NONE',  ( 0.000000000000000000, -1.440069553722777130E-16, 1.000000000000000000 ) ) ;
#6887 = DIRECTION ( 'NONE',  ( 0.000000000000000000, -0.7071067811865484609, 0.7071067811865466846 ) ) ;
#6888 = ORIENTED_EDGE ( 'NONE', *, *, #2677, .F. ) ;
#6889 = CARTESIAN_POINT ( 'NONE',  ( -8.000999999999994117, 7.239000000000000767, -0.3810000000000041687 ) ) ;
#6890 = VECTOR ( 'NONE', #6784, 1000.000000000000000 ) ;
#6891 = ORIENTED_EDGE ( 'NONE', *, *, #5453, .T. ) ;
#6892 = PRODUCT_RELATED_PRODUCT_CATEGORY ( 'part', '', ( #1240 ) ) ;
#6893 = DIRECTION ( 'NONE',  ( 0.000000000000000000, -5.054934237236841843E-31, -1.000000000000000000 ) ) ;
#6894 = CARTESIAN_POINT ( 'NONE',  ( 11.43000000000000504, 0.000000000000000000, 1.269999999999998908 ) ) ;
#6895 = VERTEX_POINT ( 'NONE', #6201 ) ;
#6896 = CARTESIAN_POINT ( 'NONE',  ( 8.890000000000004121, -1.925929944387235853E-31, 0.8889999999999991243 ) ) ;
#6897 = DIRECTION ( 'NONE',  ( -1.000000000000000000, 0.000000000000000000, 0.000000000000000000 ) ) ;
#6898 = ORIENTED_EDGE ( 'NONE', *, *, #6633, .F. ) ;
#6899 = EDGE_CURVE ( 'NONE', #6156, #5457, #4626, .T. ) ;
#6900 = CARTESIAN_POINT ( 'NONE',  ( -5.206999999999996298, 7.810500000000000220, -0.1270000000000037488 ) ) ;
#6901 = EDGE_CURVE ( 'NONE', #790, #405, #2028, .T. ) ;
#6902 = ORIENTED_EDGE ( 'NONE', *, *, #4491, .T. ) ;
#6903 = EDGE_CURVE ( 'NONE', #4709, #886, #5216, .T. ) ;
#6904 = CARTESIAN_POINT ( 'NONE',  ( 14.22399999999999842, 3.110602869834277161E-16, -1.270000000000001128 ) ) ;
#6905 = ORIENTED_EDGE ( 'NONE', *, *, #5257, .T. ) ;
#6906 = LINE ( 'NONE', #1674, #2614 ) ;
#6907 = NEXT_ASSEMBLY_USAGE_OCCURRENCE ( 'NAUO1', ' ', ' ', #1208, #3258, $ ) ;
#6908 = NEXT_ASSEMBLY_USAGE_OCCURRENCE ( 'NAUO2', ' ', ' ', #1208, #2217, $ ) ;
#6909 = NEXT_ASSEMBLY_USAGE_OCCURRENCE ( 'NAUO3', ' ', ' ', #1208, #2217, $ ) ;
#6910 = NEXT_ASSEMBLY_USAGE_OCCURRENCE ( 'NAUO4', ' ', ' ', #1208, #2217, $ ) ;
#6911 = NEXT_ASSEMBLY_USAGE_OCCURRENCE ( 'NAUO5', ' ', ' ', #1208, #2217, $ ) ;
#6912 = NEXT_ASSEMBLY_USAGE_OCCURRENCE ( 'NAUO6', ' ', ' ', #1208, #2217, $ ) ;
#6913 = NEXT_ASSEMBLY_USAGE_OCCURRENCE ( 'NAUO7', ' ', ' ', #1208, #2217, $ ) ;
#6914 = NEXT_ASSEMBLY_USAGE_OCCURRENCE ( 'NAUO8', ' ', ' ', #1208, #2217, $ ) ;
#6915 = NEXT_ASSEMBLY_USAGE_OCCURRENCE ( 'NAUO9', ' ', ' ', #1208, #2217, $ ) ;
#6916 = NEXT_ASSEMBLY_USAGE_OCCURRENCE ( 'NAUO10', ' ', ' ', #1208, #2217, $ ) ;
#6917 = NEXT_ASSEMBLY_USAGE_OCCURRENCE ( 'NAUO11', ' ', ' ', #1208, #2217, $ ) ;
#6918 = NEXT_ASSEMBLY_USAGE_OCCURRENCE ( 'NAUO12', ' ', ' ', #1208, #2217, $ ) ;
ENDSEC;
END-ISO-10303-21;
