ISO-10303-21;
HEADER;
FILE_DESCRIPTION (( 'STEP AP214' ),
    '1' );
FILE_NAME ('CUI_DEVICES_TS04-66-55-BK-260-SMT.step',
    '2024-05-13T16:05:11',
    ( '' ),
    ( '' ),
    'SwSTEP 2.0',
    'SolidWorks 2024',
    '' );
FILE_SCHEMA (( 'AUTOMOTIVE_DESIGN' ));
ENDSEC;

DATA;
#1 = DIRECTION ( 'NONE',  ( -1.000000000000000000, -1.016439536705159791E-16, 0.000000000000000000 ) ) ;
#2 = CARTESIAN_POINT ( 'NONE',  ( -0.1614173228346456879, 0.007874015748031495954, -0.1023622047244094613 ) ) ;
#3 = CARTESIAN_POINT ( 'NONE',  ( -0.08858267716535433989, 0.1377952755905511861, -0.08858267716535433989 ) ) ;
#4 = ORIENTED_EDGE ( 'NONE', *, *, #123, .F. ) ;
#5 = LINE ( 'NONE', #1673, #3532 ) ;
#6 = LINE ( 'NONE', #2996, #2328 ) ;
#7 = EDGE_CURVE ( 'NONE', #1661, #2078, #635, .T. ) ;
#8 = ORIENTED_EDGE ( 'NONE', *, *, #924, .T. ) ;
#9 = CARTESIAN_POINT ( 'NONE',  ( 0.1122047244094488277, 0.1377952755905511861, 0.1122047244094488277 ) ) ;
#10 = CYLINDRICAL_SURFACE ( 'NONE', #710, 0.02362204724409448092 ) ;
#11 = ORIENTED_EDGE ( 'NONE', *, *, #2598, .T. ) ;
#12 = VERTEX_POINT ( 'NONE', #1494 ) ;
#13 = CARTESIAN_POINT ( 'NONE',  ( -0.1653543307086614567, 0.003937007874015747977, 0.1023622047244094613 ) ) ;
#14 = VERTEX_POINT ( 'NONE', #939 ) ;
#15 = EDGE_CURVE ( 'NONE', #3221, #1903, #647, .T. ) ;
#16 = DIRECTION ( 'NONE',  ( 0.000000000000000000, 0.000000000000000000, 1.000000000000000000 ) ) ;
#17 = CARTESIAN_POINT ( 'NONE',  ( 0.1181102362204724532, 0.000000000000000000, -0.1122047244094488277 ) ) ;
#18 = DIRECTION ( 'NONE',  ( 0.000000000000000000, -1.000000000000000000, 0.000000000000000000 ) ) ;
#19 = ADVANCED_FACE ( 'NONE', ( #976 ), #2070, .F. ) ;
#20 = CARTESIAN_POINT ( 'NONE',  ( -0.1122047244094488277, 0.1377952755905511861, 0.1181102362204724532 ) ) ;
#21 = VERTEX_POINT ( 'NONE', #1533 ) ;
#22 = CARTESIAN_POINT ( 'NONE',  ( -0.08858267716535433989, 0.1377952755905511861, 0.08858267716535433989 ) ) ;
#23 = CARTESIAN_POINT ( 'NONE',  ( -0.1653543307086614567, 0.003937007874015747977, 0.1023622047244094613 ) ) ;
#24 = ORIENTED_EDGE ( 'NONE', *, *, #2191, .F. ) ;
#25 = SURFACE_STYLE_FILL_AREA ( #3333 ) ;
#26 = CARTESIAN_POINT ( 'NONE',  ( -0.08858267716535433989, 0.1377952755905511861, -0.07283464566929134798 ) ) ;
#27 = AXIS2_PLACEMENT_3D ( 'NONE', #3125, #2251, #2782 ) ;
#28 = CIRCLE ( 'NONE', #1919, 0.02362204724409448092 ) ;
#29 = ORIENTED_EDGE ( 'NONE', *, *, #3406, .F. ) ;
#30 = VECTOR ( 'NONE', #1270, 39.37007874015748143 ) ;
#31 = VECTOR ( 'NONE', #558, 39.37007874015748143 ) ;
#32 = ORIENTED_EDGE ( 'NONE', *, *, #2511, .F. ) ;
#33 = ADVANCED_FACE ( 'NONE', ( #962 ), #1264, .T. ) ;
#34 = AXIS2_PLACEMENT_3D ( 'NONE', #1335, #460, #787 ) ;
#35 = DIRECTION ( 'NONE',  ( 0.000000000000000000, 0.000000000000000000, -1.000000000000000000 ) ) ;
#36 = EDGE_LOOP ( 'NONE', ( #2352, #575, #1456, #734 ) ) ;
#37 = CARTESIAN_POINT ( 'NONE',  ( -0.08858267716535433989, 0.1377952755905511861, 0.08858267716535433989 ) ) ;
#38 = LINE ( 'NONE', #1433, #2910 ) ;
#39 = VECTOR ( 'NONE', #2249, 39.37007874015748854 ) ;
#40 = CARTESIAN_POINT ( 'NONE',  ( 0.1496062992125984370, 0.02755905511811023584, 0.07480314960629921850 ) ) ;
#41 = AXIS2_PLACEMENT_3D ( 'NONE', #1599, #504, #3008 ) ;
#42 = LINE ( 'NONE', #2212, #1871 ) ;
#43 = CARTESIAN_POINT ( 'NONE',  ( -0.08858267716535433989, 0.1299212598425196763, 0.07283464566929134798 ) ) ;
#44 = CARTESIAN_POINT ( 'NONE',  ( -0.08858267716535433989, 0.1299212598425196763, 0.1043307086614173457 ) ) ;
#45 = AXIS2_PLACEMENT_3D ( 'NONE', #586, #325, #1419 ) ;
#46 =( CONVERSION_BASED_UNIT ( 'INCH', #334 ) LENGTH_UNIT ( ) NAMED_UNIT ( #3224 ) );
#47 = EDGE_LOOP ( 'NONE', ( #1609, #2444, #3209, #1642, #322, #1850, #2206, #2573 ) ) ;
#48 = DIRECTION ( 'NONE',  ( 0.000000000000000000, 0.000000000000000000, -1.000000000000000000 ) ) ;
#49 = CARTESIAN_POINT ( 'NONE',  ( -0.1496062992125984370, 0.03149606299212598381, 0.1023622047244094613 ) ) ;
#50 = VERTEX_POINT ( 'NONE', #727 ) ;
#51 = EDGE_LOOP ( 'NONE', ( #3428, #2141, #1827, #2023 ) ) ;
#52 = CARTESIAN_POINT ( 'NONE',  ( -0.1968503937007874127, -0.003937007874015747977, -0.07480314960629921850 ) ) ;
#53 = DIRECTION ( 'NONE',  ( 0.000000000000000000, 1.000000000000000000, 0.000000000000000000 ) ) ;
#54 = EDGE_CURVE ( 'NONE', #2616, #1722, #2086, .T. ) ;
#55 = CARTESIAN_POINT ( 'NONE',  ( -0.1614173228346456879, 0.02755905511811023584, 0.07480314960629921850 ) ) ;
#56 = CYLINDRICAL_SURFACE ( 'NONE', #77, 0.003937007874015741038 ) ;
#57 = ORIENTED_EDGE ( 'NONE', *, *, #1793, .F. ) ;
#58 = DIRECTION ( 'NONE',  ( -1.000000000000000000, 0.000000000000000000, 0.000000000000000000 ) ) ;
#59 = DIRECTION ( 'NONE',  ( 1.000000000000000000, 0.000000000000000000, 0.000000000000000000 ) ) ;
#60 = DIRECTION ( 'NONE',  ( 0.000000000000000000, -1.000000000000000000, 0.000000000000000000 ) ) ;
#61 = VERTEX_POINT ( 'NONE', #389 ) ;
#62 = DIRECTION ( 'NONE',  ( 0.000000000000000000, -1.000000000000000000, 0.000000000000000000 ) ) ;
#63 = ORIENTED_EDGE ( 'NONE', *, *, #345, .T. ) ;
#64 = ORIENTED_EDGE ( 'NONE', *, *, #2121, .F. ) ;
#65 = DIRECTION ( 'NONE',  ( 0.000000000000000000, 0.000000000000000000, 1.000000000000000000 ) ) ;
#66 = CARTESIAN_POINT ( 'NONE',  ( 0.08858267716535433989, 0.1299212598425196763, 0.1043307086614173457 ) ) ;
#67 = CARTESIAN_POINT ( 'NONE',  ( 0.08858267716535433989, 0.1377952755905511861, -0.07283464566929134798 ) ) ;
#68 = DIRECTION ( 'NONE',  ( 0.000000000000000000, 0.000000000000000000, 1.000000000000000000 ) ) ;
#69 = EDGE_LOOP ( 'NONE', ( #114, #3305 ) ) ;
#70 = DIRECTION ( 'NONE',  ( 0.000000000000000000, 0.000000000000000000, -1.000000000000000000 ) ) ;
#71 = CARTESIAN_POINT ( 'NONE',  ( 0.1968503937007874127, 0.003937007874015747977, 0.07480314960629921850 ) ) ;
#72 = LINE ( 'NONE', #902, #2433 ) ;
#73 = EDGE_CURVE ( 'NONE', #102, #409, #2055, .T. ) ;
#74 = DIRECTION ( 'NONE',  ( 0.000000000000000000, -1.000000000000000000, 0.000000000000000000 ) ) ;
#75 = ORIENTED_EDGE ( 'NONE', *, *, #1726, .T. ) ;
#76 =( NAMED_UNIT ( * ) PLANE_ANGLE_UNIT ( ) SI_UNIT ( $, .RADIAN. ) );
#77 = AXIS2_PLACEMENT_3D ( 'NONE', #805, #1151, #3286 ) ;
#78 = VECTOR ( 'NONE', #2878, 39.37007874015748143 ) ;
#79 = EDGE_LOOP ( 'NONE', ( #1348, #442, #2896, #3338 ) ) ;
#80 = ORIENTED_EDGE ( 'NONE', *, *, #3339, .T. ) ;
#81 = AXIS2_PLACEMENT_3D ( 'NONE', #2395, #561, #1171 ) ;
#82 = EDGE_CURVE ( 'NONE', #1375, #1604, #1012, .T. ) ;
#83 = CARTESIAN_POINT ( 'NONE',  ( 0.1653543307086614567, -0.003937007874015747977, 0.1023622047244094613 ) ) ;
#84 = AXIS2_PLACEMENT_3D ( 'NONE', #3210, #1499, #735 ) ;
#85 = AXIS2_PLACEMENT_3D ( 'NONE', #1275, #2957, #2664 ) ;
#86 = CARTESIAN_POINT ( 'NONE',  ( 0.1122047244094488277, 0.1299212598425196763, -0.1122047244094488277 ) ) ;
#87 = CARTESIAN_POINT ( 'NONE',  ( -0.1181102362204724532, 0.1377952755905511861, -0.1122047244094488277 ) ) ;
#88 = VERTEX_POINT ( 'NONE', #2039 ) ;
#89 = PLANE ( 'NONE',  #2028 ) ;
#90 = CARTESIAN_POINT ( 'NONE',  ( 0.08858267716535433989, 0.1299212598425196763, -0.1043307086614173457 ) ) ;
#91 = VECTOR ( 'NONE', #2291, 39.37007874015748143 ) ;
#92 = DIRECTION ( 'NONE',  ( -1.000000000000000000, 0.000000000000000000, 0.000000000000000000 ) ) ;
#93 = AXIS2_PLACEMENT_3D ( 'NONE', #3112, #1212, #2309 ) ;
#94 = CARTESIAN_POINT ( 'NONE',  ( 0.08858267716535433989, 0.1299212598425196763, -0.08858267716535433989 ) ) ;
#95 = ORIENTED_EDGE ( 'NONE', *, *, #918, .F. ) ;
#96 = ADVANCED_FACE ( 'NONE', ( #3468 ), #1481, .T. ) ;
#97 = DIRECTION ( 'NONE',  ( -1.016439536705159791E-16, -1.000000000000000000, 0.000000000000000000 ) ) ;
#98 = ADVANCED_FACE ( 'NONE', ( #438 ), #2327, .F. ) ;
#99 = SURFACE_STYLE_FILL_AREA ( #1679 ) ;
#100 = CIRCLE ( 'NONE', #45, 0.01181102362204724046 ) ;
#101 = ORIENTED_EDGE ( 'NONE', *, *, #176, .T. ) ;
#102 = VERTEX_POINT ( 'NONE', #3149 ) ;
#103 = CARTESIAN_POINT ( 'NONE',  ( 0.1496062992125984370, 0.02755905511811023584, -0.1023622047244094613 ) ) ;
#104 = EDGE_CURVE ( 'NONE', #1074, #1906, #1803, .T. ) ;
#105 = DIRECTION ( 'NONE',  ( 0.000000000000000000, 0.000000000000000000, -1.000000000000000000 ) ) ;
#106 = DIRECTION ( 'NONE',  ( 1.000000000000000000, 0.000000000000000000, 0.000000000000000000 ) ) ;
#107 = ORIENTED_EDGE ( 'NONE', *, *, #2690, .T. ) ;
#108 = DIRECTION ( 'NONE',  ( 0.000000000000000000, 0.000000000000000000, 1.000000000000000000 ) ) ;
#109 = DIRECTION ( 'NONE',  ( 0.000000000000000000, 0.000000000000000000, 1.000000000000000000 ) ) ;
#110 = DIRECTION ( 'NONE',  ( 0.000000000000000000, 0.000000000000000000, 1.000000000000000000 ) ) ;
#111 = ORIENTED_EDGE ( 'NONE', *, *, #2056, .F. ) ;
#112 = CARTESIAN_POINT ( 'NONE',  ( -0.08858267716535433989, 0.1377952755905511861, 0.08858267716535433989 ) ) ;
#113 = LINE ( 'NONE', #2613, #2788 ) ;
#114 = ORIENTED_EDGE ( 'NONE', *, *, #1253, .F. ) ;
#115 = PLANE ( 'NONE',  #3424 ) ;
#116 = CYLINDRICAL_SURFACE ( 'NONE', #93, 0.01181102362204725781 ) ;
#117 = CARTESIAN_POINT ( 'NONE',  ( -0.1496062992125984370, 0.02755905511811023584, 0.1023622047244094613 ) ) ;
#118 = VERTEX_POINT ( 'NONE', #1547 ) ;
#119 = VERTEX_POINT ( 'NONE', #703 ) ;
#120 = DIRECTION ( 'NONE',  ( 0.000000000000000000, 0.000000000000000000, -1.000000000000000000 ) ) ;
#121 = CARTESIAN_POINT ( 'NONE',  ( -0.08858267716535433989, 0.1377952755905511861, -0.08858267716535433989 ) ) ;
#122 = DIRECTION ( 'NONE',  ( 0.000000000000000000, 0.000000000000000000, -1.000000000000000000 ) ) ;
#123 = EDGE_CURVE ( 'NONE', #1337, #1621, #2584, .T. ) ;
#124 = DIRECTION ( 'NONE',  ( 0.000000000000000000, 0.000000000000000000, -1.000000000000000000 ) ) ;
#125 = EDGE_LOOP ( 'NONE', ( #3101, #2250, #2043, #1647 ) ) ;
#126 = LINE ( 'NONE', #3436, #889 ) ;
#127 = CARTESIAN_POINT ( 'NONE',  ( -0.08858267716535433989, 0.1456692913385826960, 0.08858267716535433989 ) ) ;
#128 = ORIENTED_EDGE ( 'NONE', *, *, #1365, .F. ) ;
#129 = CARTESIAN_POINT ( 'NONE',  ( -0.08858267716535433989, 0.1456692913385826960, 0.06496062992125986590 ) ) ;
#130 = ADVANCED_FACE ( 'NONE', ( #2652 ), #689, .T. ) ;
#131 = EDGE_CURVE ( 'NONE', #512, #2751, #1248, .T. ) ;
#132 = VECTOR ( 'NONE', #3269, 39.37007874015748143 ) ;
#133 = CARTESIAN_POINT ( 'NONE',  ( 0.08858267716535433989, 0.1377952755905511861, 0.1043307086614173457 ) ) ;
#134 = VECTOR ( 'NONE', #1659, 39.37007874015748143 ) ;
#135 = ORIENTED_EDGE ( 'NONE', *, *, #3361, .T. ) ;
#136 = DIRECTION ( 'NONE',  ( 0.000000000000000000, 0.000000000000000000, 1.000000000000000000 ) ) ;
#137 = ADVANCED_FACE ( 'NONE', ( #2911, #2635, #163, #3200, #3420, #1821 ), #115, .F. ) ;
#138 = COLOUR_RGB ( '',0.7921568627450980005, 0.8196078431372548767, 0.9333333333333333481 ) ;
#139 = VERTEX_POINT ( 'NONE', #2142 ) ;
#140 = CARTESIAN_POINT ( 'NONE',  ( -0.1653543307086614567, 0.003937007874015747977, -0.1023622047244094613 ) ) ;
#141 = AXIS2_PLACEMENT_3D ( 'NONE', #247, #2699, #1111 ) ;
#142 = LINE ( 'NONE', #1766, #1404 ) ;
#143 = AXIS2_PLACEMENT_3D ( 'NONE', #2131, #3004, #733 ) ;
#144 = DIRECTION ( 'NONE',  ( 0.000000000000000000, 0.000000000000000000, -1.000000000000000000 ) ) ;
#145 = ORIENTED_EDGE ( 'NONE', *, *, #2811, .F. ) ;
#146 = LINE ( 'NONE', #2340, #3193 ) ;
#147 = CIRCLE ( 'NONE', #609, 0.01181102362204724046 ) ;
#148 = VECTOR ( 'NONE', #2848, 39.37007874015748854 ) ;
#149 = VERTEX_POINT ( 'NONE', #3505 ) ;
#150 = DIRECTION ( 'NONE',  ( 0.000000000000000000, 0.000000000000000000, -1.000000000000000000 ) ) ;
#151 = VECTOR ( 'NONE', #2493, 39.37007874015748143 ) ;
#152 = DIRECTION ( 'NONE',  ( 0.000000000000000000, 0.000000000000000000, -1.000000000000000000 ) ) ;
#153 = ORIENTED_EDGE ( 'NONE', *, *, #1631, .T. ) ;
#154 = VERTEX_POINT ( 'NONE', #3277 ) ;
#155 = CARTESIAN_POINT ( 'NONE',  ( -0.1614173228346456879, 0.02755905511811023584, -0.07480314960629921850 ) ) ;
#156 = EDGE_CURVE ( 'NONE', #2674, #1844, #2786, .T. ) ;
#157 = EDGE_LOOP ( 'NONE', ( #2861, #3565, #1600, #2810 ) ) ;
#158 = FACE_OUTER_BOUND ( 'NONE', #3518, .T. ) ;
#159 = DIRECTION ( 'NONE',  ( 0.000000000000000000, 0.000000000000000000, 1.000000000000000000 ) ) ;
#160 = DIRECTION ( 'NONE',  ( 1.000000000000000000, 0.000000000000000000, 0.000000000000000000 ) ) ;
#161 = EDGE_LOOP ( 'NONE', ( #849, #3138, #2467, #2563 ) ) ;
#162 = ORIENTED_EDGE ( 'NONE', *, *, #2228, .F. ) ;
#163 = FACE_BOUND ( 'NONE', #966, .T. ) ;
#164 = ADVANCED_FACE ( 'NONE', ( #2126 ), #1589, .T. ) ;
#165 = CARTESIAN_POINT ( 'NONE',  ( -0.1653543307086614567, 0.007874015748031495954, -0.07480314960629921850 ) ) ;
#166 = ORIENTED_EDGE ( 'NONE', *, *, #1032, .T. ) ;
#167 = CARTESIAN_POINT ( 'NONE',  ( 0.1968503937007874127, -0.003937007874015747977, -0.1023622047244094613 ) ) ;
#168 = VERTEX_POINT ( 'NONE', #3542 ) ;
#169 = DIRECTION ( 'NONE',  ( -1.000000000000000000, 0.000000000000000000, 0.000000000000000000 ) ) ;
#170 = FACE_OUTER_BOUND ( 'NONE', #36, .T. ) ;
#171 = ADVANCED_FACE ( 'NONE', ( #3256 ), #2998, .T. ) ;
#172 = DIMENSIONAL_EXPONENTS ( 1.000000000000000000, 0.000000000000000000, 0.000000000000000000, 0.000000000000000000, 0.000000000000000000, 0.000000000000000000, 0.000000000000000000 ) ;
#173 = CARTESIAN_POINT ( 'NONE',  ( 0.1614173228346456879, 0.007874015748031495954, 0.1023622047244094613 ) ) ;
#174 = VERTEX_POINT ( 'NONE', #1605 ) ;
#175 = FACE_OUTER_BOUND ( 'NONE', #1321, .T. ) ;
#176 = EDGE_CURVE ( 'NONE', #1868, #14, #260, .T. ) ;
#177 = DIRECTION ( 'NONE',  ( 0.000000000000000000, -1.000000000000000000, 0.000000000000000000 ) ) ;
#178 = ORIENTED_EDGE ( 'NONE', *, *, #1869, .F. ) ;
#179 = DIRECTION ( 'NONE',  ( 0.000000000000000000, 0.000000000000000000, 1.000000000000000000 ) ) ;
#180 = EDGE_LOOP ( 'NONE', ( #869, #1702 ) ) ;
#181 = EDGE_CURVE ( 'NONE', #2823, #2280, #825, .T. ) ;
#182 = ORIENTED_EDGE ( 'NONE', *, *, #3406, .T. ) ;
#183 = DIRECTION ( 'NONE',  ( 1.000000000000000000, 0.000000000000000000, 0.000000000000000000 ) ) ;
#184 = CARTESIAN_POINT ( 'NONE',  ( 0.08858267716535433989, 0.1377952755905511861, -0.1043307086614173457 ) ) ;
#185 = CIRCLE ( 'NONE', #1911, 0.01181102362204724046 ) ;
#186 = VERTEX_POINT ( 'NONE', #3521 ) ;
#187 = DIRECTION ( 'NONE',  ( 0.000000000000000000, -1.000000000000000000, 0.000000000000000000 ) ) ;
#188 = LINE ( 'NONE', #1002, #999 ) ;
#189 = LINE ( 'NONE', #503, #3431 ) ;
#190 = VECTOR ( 'NONE', #183, 39.37007874015748143 ) ;
#191 = AXIS2_PLACEMENT_3D ( 'NONE', #2995, #2980, #1870 ) ;
#192 = PLANE ( 'NONE',  #1700 ) ;
#193 = PRODUCT_DEFINITION_CONTEXT ( 'detailed design', #1667, 'design' ) ;
#194 = AXIS2_PLACEMENT_3D ( 'NONE', #2933, #3187, #1255 ) ;
#195 = VECTOR ( 'NONE', #255, 39.37007874015748143 ) ;
#196 = EDGE_CURVE ( 'NONE', #1375, #1462, #1169, .T. ) ;
#197 = ORIENTED_EDGE ( 'NONE', *, *, #1125, .T. ) ;
#198 = CARTESIAN_POINT ( 'NONE',  ( 0.1535433070866141780, 0.02755905511811023584, -0.1023622047244094613 ) ) ;
#199 = AXIS2_PLACEMENT_3D ( 'NONE', #2931, #475, #2946 ) ;
#200 = EDGE_LOOP ( 'NONE', ( #107, #3349, #2678, #3559, #2069, #927, #294, #2686, #2893, #1930, #3470, #3463 ) ) ;
#201 = CARTESIAN_POINT ( 'NONE',  ( 0.1653543307086614567, 0.003937007874015747977, 0.1023622047244094613 ) ) ;
#202 = ADVANCED_FACE ( 'NONE', ( #1330 ), #2670, .T. ) ;
#203 = ORIENTED_EDGE ( 'NONE', *, *, #3065, .T. ) ;
#204 = VECTOR ( 'NONE', #1081, 39.37007874015748143 ) ;
#205 = PLANE ( 'NONE',  #81 ) ;
#206 = AXIS2_PLACEMENT_3D ( 'NONE', #2458, #3534, #2954 ) ;
#207 = LINE ( 'NONE', #454, #1245 ) ;
#208 = ORIENTED_EDGE ( 'NONE', *, *, #884, .T. ) ;
#209 = ORIENTED_EDGE ( 'NONE', *, *, #2807, .T. ) ;
#210 = CIRCLE ( 'NONE', #1013, 0.005905511811023620231 ) ;
#211 = MANIFOLD_SOLID_BREP ( 'Imported7', #3073 ) ;
#212 = LINE ( 'NONE', #1305, #3433 ) ;
#213 = ORIENTED_EDGE ( 'NONE', *, *, #3054, .T. ) ;
#214 = DIRECTION ( 'NONE',  ( 0.000000000000000000, 0.000000000000000000, -1.000000000000000000 ) ) ;
#215 = DIRECTION ( 'NONE',  ( 1.224646799147353454E-16, 0.000000000000000000, -1.000000000000000000 ) ) ;
#216 = CARTESIAN_POINT ( 'NONE',  ( 0.1496062992125984370, 0.02755905511811023584, 0.1023622047244094613 ) ) ;
#217 = CYLINDRICAL_SURFACE ( 'NONE', #2565, 0.01181102362204725781 ) ;
#218 = ORIENTED_EDGE ( 'NONE', *, *, #577, .F. ) ;
#219 = LINE ( 'NONE', #3482, #2960 ) ;
#220 = ORIENTED_EDGE ( 'NONE', *, *, #796, .T. ) ;
#221 = CYLINDRICAL_SURFACE ( 'NONE', #2676, 0.01574803149606299885 ) ;
#222 = ORIENTED_EDGE ( 'NONE', *, *, #563, .F. ) ;
#223 = DIRECTION ( 'NONE',  ( 0.000000000000000000, 0.000000000000000000, -1.000000000000000000 ) ) ;
#224 = EDGE_CURVE ( 'NONE', #102, #2414, #1067, .T. ) ;
#225 = ORIENTED_EDGE ( 'NONE', *, *, #2528, .T. ) ;
#226 = ORIENTED_EDGE ( 'NONE', *, *, #355, .F. ) ;
#227 = DIMENSIONAL_EXPONENTS ( 1.000000000000000000, 0.000000000000000000, 0.000000000000000000, 0.000000000000000000, 0.000000000000000000, 0.000000000000000000, 0.000000000000000000 ) ;
#228 = CYLINDRICAL_SURFACE ( 'NONE', #1288, 0.02362204724409448092 ) ;
#229 = VERTEX_POINT ( 'NONE', #280 ) ;
#230 = CARTESIAN_POINT ( 'NONE',  ( 0.1496062992125984370, 0.03937007874015747977, 0.1023622047244094613 ) ) ;
#231 = CARTESIAN_POINT ( 'NONE',  ( -0.08858267716535433989, 0.1456692913385826960, -0.1122047244094488277 ) ) ;
#232 = DIRECTION ( 'NONE',  ( 0.000000000000000000, -1.000000000000000000, 0.000000000000000000 ) ) ;
#233 = LINE ( 'NONE', #2474, #1416 ) ;
#234 = VERTEX_POINT ( 'NONE', #3219 ) ;
#235 = PLANE ( 'NONE',  #2378 ) ;
#236 = ADVANCED_FACE ( 'NONE', ( #742 ), #205, .F. ) ;
#237 = CARTESIAN_POINT ( 'NONE',  ( 7.625528202455640266E-18, 0.2165354330708661457, -0.05931745287789588761 ) ) ;
#238 = ORIENTED_EDGE ( 'NONE', *, *, #593, .F. ) ;
#239 = DIRECTION ( 'NONE',  ( 0.000000000000000000, -1.000000000000000000, 0.000000000000000000 ) ) ;
#240 = ORIENTED_EDGE ( 'NONE', *, *, #1044, .T. ) ;
#241 = EDGE_CURVE ( 'NONE', #712, #1592, #336, .T. ) ;
#242 = ORIENTED_EDGE ( 'NONE', *, *, #2859, .F. ) ;
#243 = EDGE_CURVE ( 'NONE', #1785, #1539, #295, .T. ) ;
#244 = DIRECTION ( 'NONE',  ( -0.000000000000000000, -1.000000000000000000, -0.000000000000000000 ) ) ;
#245 = DIRECTION ( 'NONE',  ( -1.000000000000000000, 0.000000000000000000, 0.000000000000000000 ) ) ;
#246 = EDGE_CURVE ( 'NONE', #2185, #1660, #313, .T. ) ;
#247 = CARTESIAN_POINT ( 'NONE',  ( -0.1181102362204724532, 0.1299212598425196763, -0.1181102362204724532 ) ) ;
#248 = EDGE_CURVE ( 'NONE', #2362, #2470, #2835, .T. ) ;
#249 = LINE ( 'NONE', #2119, #603 ) ;
#250 = AXIS2_PLACEMENT_3D ( 'NONE', #2742, #1097, #3306 ) ;
#251 = CYLINDRICAL_SURFACE ( 'NONE', #2682, 0.01574803149606299885 ) ;
#252 = VERTEX_POINT ( 'NONE', #3091 ) ;
#253 = AXIS2_PLACEMENT_3D ( 'NONE', #2190, #18, #68 ) ;
#254 = PRESENTATION_LAYER_ASSIGNMENT (  '', '', ( #2607 ) ) ;
#255 = DIRECTION ( 'NONE',  ( 0.000000000000000000, -1.000000000000000000, 0.000000000000000000 ) ) ;
#256 = AXIS2_PLACEMENT_3D ( 'NONE', #2082, #990, #687 ) ;
#257 = COLOUR_RGB ( '',0.7921568627450980005, 0.8196078431372548767, 0.9333333333333333481 ) ;
#258 = DIRECTION ( 'NONE',  ( 0.000000000000000000, 0.000000000000000000, 1.000000000000000000 ) ) ;
#259 = VERTEX_POINT ( 'NONE', #1730 ) ;
#260 = LINE ( 'NONE', #1562, #3250 ) ;
#261 = CIRCLE ( 'NONE', #2325, 0.07283464566929134798 ) ;
#262 = PLANE ( 'NONE',  #3427 ) ;
#263 = AXIS2_PLACEMENT_3D ( 'NONE', #2898, #122, #1256 ) ;
#264 = CIRCLE ( 'NONE', #1123, 0.02362204724409448092 ) ;
#265 = PRODUCT_CONTEXT ( 'NONE', #426, 'mechanical' ) ;
#266 = ORIENTED_EDGE ( 'NONE', *, *, #1501, .F. ) ;
#267 = ORIENTED_EDGE ( 'NONE', *, *, #884, .F. ) ;
#268 = DIRECTION ( 'NONE',  ( 1.000000000000000000, 0.000000000000000000, 0.000000000000000000 ) ) ;
#269 = CARTESIAN_POINT ( 'NONE',  ( -0.08858267716535433989, 0.1299212598425196763, -0.08858267716535433989 ) ) ;
#270 = DIRECTION ( 'NONE',  ( 0.000000000000000000, 0.000000000000000000, 1.000000000000000000 ) ) ;
#271 = AXIS2_PLACEMENT_3D ( 'NONE', #1361, #2990, #2680 ) ;
#272 = FACE_OUTER_BOUND ( 'NONE', #3248, .T. ) ;
#273 = ADVANCED_FACE ( 'NONE', ( #632 ), #1946, .F. ) ;
#274 = CIRCLE ( 'NONE', #385, 0.005905511811023620231 ) ;
#275 = CARTESIAN_POINT ( 'NONE',  ( 0.08858267716535433989, 0.1823374350353732243, -0.08858267716535433989 ) ) ;
#276 = VERTEX_POINT ( 'NONE', #1156 ) ;
#277 = DIRECTION ( 'NONE',  ( -1.734723475976804925E-15, -1.000000000000000000, 0.000000000000000000 ) ) ;
#278 = DIRECTION ( 'NONE',  ( 0.000000000000000000, 0.000000000000000000, 1.000000000000000000 ) ) ;
#279 = ORIENTED_EDGE ( 'NONE', *, *, #399, .F. ) ;
#280 = CARTESIAN_POINT ( 'NONE',  ( -0.1181102362204724532, 0.03149606299212598381, 0.1023622047244094613 ) ) ;
#281 = CARTESIAN_POINT ( 'NONE',  ( 0.1181102362204724532, 0.1377952755905511861, 0.1122047244094488277 ) ) ;
#282 = ORIENTED_EDGE ( 'NONE', *, *, #3556, .F. ) ;
#283 = ORIENTED_EDGE ( 'NONE', *, *, #1084, .T. ) ;
#284 = EDGE_CURVE ( 'NONE', #2746, #276, #1857, .T. ) ;
#285 = DIRECTION ( 'NONE',  ( 0.000000000000000000, 1.000000000000000000, 0.000000000000000000 ) ) ;
#286 = DIRECTION ( 'NONE',  ( 1.000000000000000000, 0.000000000000000000, 0.000000000000000000 ) ) ;
#287 = DIRECTION ( 'NONE',  ( 0.000000000000000000, 0.000000000000000000, 1.000000000000000000 ) ) ;
#288 = FACE_BOUND ( 'NONE', #3327, .T. ) ;
#289 = CARTESIAN_POINT ( 'NONE',  ( 0.1653543307086614567, 0.007874015748031495954, 0.1023622047244094613 ) ) ;
#290 = ORIENTED_EDGE ( 'NONE', *, *, #3093, .F. ) ;
#291 = EDGE_CURVE ( 'NONE', #2052, #139, #580, .T. ) ;
#292 = DIRECTION ( 'NONE',  ( 0.000000000000000000, -1.000000000000000000, 0.000000000000000000 ) ) ;
#293 = CARTESIAN_POINT ( 'NONE',  ( -0.1653543307086614567, 0.007874015748031495954, 0.07480314960629921850 ) ) ;
#294 = ORIENTED_EDGE ( 'NONE', *, *, #345, .F. ) ;
#295 = LINE ( 'NONE', #2560, #2900 ) ;
#296 = EDGE_CURVE ( 'NONE', #1561, #1949, #2220, .T. ) ;
#297 = FACE_BOUND ( 'NONE', #2596, .T. ) ;
#298 = ORIENTED_EDGE ( 'NONE', *, *, #340, .F. ) ;
#299 = ORIENTED_EDGE ( 'NONE', *, *, #2690, .F. ) ;
#300 = CARTESIAN_POINT ( 'NONE',  ( 0.000000000000000000, 0.000000000000000000, 0.000000000000000000 ) ) ;
#301 = ORIENTED_EDGE ( 'NONE', *, *, #685, .T. ) ;
#302 = EDGE_CURVE ( 'NONE', #1969, #2015, #1407, .T. ) ;
#303 = LINE ( 'NONE', #1149, #3150 ) ;
#304 = CARTESIAN_POINT ( 'NONE',  ( 0.08858267716535433989, 0.1377952755905511861, 0.1122047244094488277 ) ) ;
#305 = LINE ( 'NONE', #2, #2725 ) ;
#306 = DIRECTION ( 'NONE',  ( 1.734723475976804925E-15, -1.000000000000000000, 0.000000000000000000 ) ) ;
#307 = ORIENTED_EDGE ( 'NONE', *, *, #1619, .T. ) ;
#308 = FACE_OUTER_BOUND ( 'NONE', #1195, .T. ) ;
#309 = EDGE_CURVE ( 'NONE', #2304, #474, #1568, .T. ) ;
#310 = CARTESIAN_POINT ( 'NONE',  ( -0.1496062992125984370, 0.03937007874015747977, 0.07480314960629921850 ) ) ;
#311 = VECTOR ( 'NONE', #2258, 39.37007874015748143 ) ;
#312 = ORIENTED_EDGE ( 'NONE', *, *, #1164, .T. ) ;
#313 = LINE ( 'NONE', #1658, #3133 ) ;
#314 = CARTESIAN_POINT ( 'NONE',  ( 0.08858267716535433989, 0.1377952755905511861, 0.1043307086614173457 ) ) ;
#315 = MANIFOLD_SOLID_BREP ( 'Fillet1', #1505 ) ;
#316 = AXIS2_PLACEMENT_3D ( 'NONE', #2638, #2346, #2166 ) ;
#317 = VECTOR ( 'NONE', #2067, 39.37007874015748143 ) ;
#318 = ADVANCED_FACE ( 'NONE', ( #906 ), #3037, .T. ) ;
#319 = ORIENTED_EDGE ( 'NONE', *, *, #3216, .T. ) ;
#320 = CIRCLE ( 'NONE', #2496, 0.003937007874015741038 ) ;
#321 = VECTOR ( 'NONE', #3171, 39.37007874015748143 ) ;
#322 = ORIENTED_EDGE ( 'NONE', *, *, #2859, .T. ) ;
#323 = CIRCLE ( 'NONE', #430, 0.01574803149606299885 ) ;
#324 = DIRECTION ( 'NONE',  ( 1.000000000000000000, 0.000000000000000000, 0.000000000000000000 ) ) ;
#325 = DIRECTION ( 'NONE',  ( 0.000000000000000000, 0.000000000000000000, 1.000000000000000000 ) ) ;
#326 = LINE ( 'NONE', #569, #1918 ) ;
#327 = AXIS2_PLACEMENT_3D ( 'NONE', #2424, #851, #777 ) ;
#328 = CARTESIAN_POINT ( 'NONE',  ( -0.1968503937007874127, 0.003937007874015747977, 0.1023622047244094613 ) ) ;
#329 = AXIS2_PLACEMENT_3D ( 'NONE', #3379, #901, #3102 ) ;
#330 = LINE ( 'NONE', #377, #552 ) ;
#331 = PLANE ( 'NONE',  #944 ) ;
#332 = CARTESIAN_POINT ( 'NONE',  ( 0.000000000000000000, 0.2165354330708661457, 0.000000000000000000 ) ) ;
#333 = CIRCLE ( 'NONE', #2279, 0.02362204724409448092 ) ;
#334 = LENGTH_MEASURE_WITH_UNIT ( LENGTH_MEASURE( 0.02539999999999999897 ), #362 );
#335 = VERTEX_POINT ( 'NONE', #934 ) ;
#336 = LINE ( 'NONE', #1978, #1745 ) ;
#337 = DIRECTION ( 'NONE',  ( 0.000000000000000000, -1.000000000000000000, 0.000000000000000000 ) ) ;
#338 = ORIENTED_EDGE ( 'NONE', *, *, #3021, .T. ) ;
#339 = EDGE_LOOP ( 'NONE', ( #1170, #499, #738, #2726 ) ) ;
#340 = EDGE_CURVE ( 'NONE', #2362, #2500, #1799, .T. ) ;
#341 = DIRECTION ( 'NONE',  ( 0.000000000000000000, 0.000000000000000000, -1.000000000000000000 ) ) ;
#342 = LINE ( 'NONE', #1937, #1359 ) ;
#343 = DIRECTION ( 'NONE',  ( 0.000000000000000000, 1.000000000000000000, 0.000000000000000000 ) ) ;
#344 = CARTESIAN_POINT ( 'NONE',  ( -0.08858267716535433989, 0.1377952755905511861, -0.08858267716535433989 ) ) ;
#345 = EDGE_CURVE ( 'NONE', #1977, #1071, #126, .T. ) ;
#346 = CARTESIAN_POINT ( 'NONE',  ( 0.08858267716535433989, 0.1456692913385826960, 0.1122047244094488277 ) ) ;
#347 = CARTESIAN_POINT ( 'NONE',  ( 0.1181102362204724532, 0.03937007874015747977, -0.1023622047244094613 ) ) ;
#348 = CARTESIAN_POINT ( 'NONE',  ( -0.1181102362204724532, 0.03937007874015747977, 0.1023622047244094613 ) ) ;
#349 = EDGE_CURVE ( 'NONE', #2185, #932, #3316, .T. ) ;
#350 = ORIENTED_EDGE ( 'NONE', *, *, #1473, .T. ) ;
#351 = LINE ( 'NONE', #633, #940 ) ;
#352 = ORIENTED_EDGE ( 'NONE', *, *, #3434, .F. ) ;
#353 = ORIENTED_EDGE ( 'NONE', *, *, #894, .F. ) ;
#354 = FACE_OUTER_BOUND ( 'NONE', #1001, .T. ) ;
#355 = EDGE_CURVE ( 'NONE', #2181, #1584, #1506, .T. ) ;
#356 = LINE ( 'NONE', #2771, #2863 ) ;
#357 = CARTESIAN_POINT ( 'NONE',  ( -0.1181102362204724532, 0.1299212598425196763, -0.1181102362204724532 ) ) ;
#358 = PLANE ( 'NONE',  #1336 ) ;
#359 = EDGE_CURVE ( 'NONE', #1235, #3508, #1343, .T. ) ;
#360 = CARTESIAN_POINT ( 'NONE',  ( 0.1653543307086614567, 0.003937007874015747977, -0.1023622047244094613 ) ) ;
#361 = DIRECTION ( 'NONE',  ( 0.000000000000000000, -1.000000000000000000, 0.000000000000000000 ) ) ;
#362 =( LENGTH_UNIT ( ) NAMED_UNIT ( * ) SI_UNIT ( $, .METRE. ) );
#363 = ORIENTED_EDGE ( 'NONE', *, *, #123, .T. ) ;
#364 = CARTESIAN_POINT ( 'NONE',  ( 0.1181102362204724532, 0.000000000000000000, -0.1181102362204724532 ) ) ;
#365 = PLANE ( 'NONE',  #824 ) ;
#366 = CIRCLE ( 'NONE', #1563, 0.01181102362204724046 ) ;
#367 = ORIENTED_EDGE ( 'NONE', *, *, #2582, .T. ) ;
#368 = ORIENTED_EDGE ( 'NONE', *, *, #2640, .T. ) ;
#369 = PLANE ( 'NONE',  #1063 ) ;
#370 = VECTOR ( 'NONE', #1198, 39.37007874015748143 ) ;
#371 =( GEOMETRIC_REPRESENTATION_CONTEXT ( 3 ) GLOBAL_UNCERTAINTY_ASSIGNED_CONTEXT ( ( #1815 ) ) GLOBAL_UNIT_ASSIGNED_CONTEXT ( ( #885, #3069, #1713 ) ) REPRESENTATION_CONTEXT ( 'NONE', 'WORKASPACE' ) );
#372 = CARTESIAN_POINT ( 'NONE',  ( -0.1653543307086614567, 0.007874015748031495954, 0.1023622047244094613 ) ) ;
#373 = DIRECTION ( 'NONE',  ( 0.000000000000000000, 0.000000000000000000, 1.000000000000000000 ) ) ;
#374 = ORIENTED_EDGE ( 'NONE', *, *, #1889, .F. ) ;
#375 = CARTESIAN_POINT ( 'NONE',  ( -0.08858267716535433989, 0.1456692913385826960, -0.08858267716535433989 ) ) ;
#376 = AXIS2_PLACEMENT_3D ( 'NONE', #1628, #1050, #3225 ) ;
#377 = CARTESIAN_POINT ( 'NONE',  ( 0.1653543307086614567, 0.003937007874015747977, -0.07480314960629921850 ) ) ;
#378 = FACE_OUTER_BOUND ( 'NONE', #125, .T. ) ;
#379 = AXIS2_PLACEMENT_3D ( 'NONE', #3410, #1852, #925 ) ;
#380 = CARTESIAN_POINT ( 'NONE',  ( -0.1496062992125984370, 0.03937007874015747977, -0.1023622047244094613 ) ) ;
#381 = ADVANCED_FACE ( 'NONE', ( #672 ), #721, .T. ) ;
#382 = VECTOR ( 'NONE', #1286, 39.37007874015748143 ) ;
#383 = CARTESIAN_POINT ( 'NONE',  ( 0.1653543307086614567, 0.003937007874015747977, -0.1023622047244094613 ) ) ;
#384 = EDGE_LOOP ( 'NONE', ( #549, #4, #2398, #2486 ) ) ;
#385 = AXIS2_PLACEMENT_3D ( 'NONE', #912, #2471, #16 ) ;
#386 = DIRECTION ( 'NONE',  ( 0.000000000000000000, 0.000000000000000000, -1.000000000000000000 ) ) ;
#387 = CIRCLE ( 'NONE', #3494, 0.003937007874015758385 ) ;
#388 = ORIENTED_EDGE ( 'NONE', *, *, #1093, .T. ) ;
#389 = CARTESIAN_POINT ( 'NONE',  ( -0.08858267716535433989, 0.1377952755905511861, 0.1043307086614173457 ) ) ;
#390 = DIRECTION ( 'NONE',  ( 0.000000000000000000, 1.000000000000000000, 0.000000000000000000 ) ) ;
#391 = FACE_OUTER_BOUND ( 'NONE', #814, .T. ) ;
#392 = MANIFOLD_SOLID_BREP ( 'Imported4', #3533 ) ;
#393 = EDGE_LOOP ( 'NONE', ( #754, #1007 ) ) ;
#394 = ORIENTED_EDGE ( 'NONE', *, *, #3220, .F. ) ;
#395 = FACE_OUTER_BOUND ( 'NONE', #3524, .T. ) ;
#396 = CYLINDRICAL_SURFACE ( 'NONE', #483, 0.01574803149606299885 ) ;
#397 = DIRECTION ( 'NONE',  ( 0.000000000000000000, 0.000000000000000000, 1.000000000000000000 ) ) ;
#398 = CARTESIAN_POINT ( 'NONE',  ( 0.08858267716535433989, 0.1299212598425196763, 0.08858267716535433989 ) ) ;
#399 = EDGE_CURVE ( 'NONE', #788, #799, #920, .T. ) ;
#400 = ADVANCED_FACE ( 'NONE', ( #1479 ), #1206, .F. ) ;
#401 = ORIENTED_EDGE ( 'NONE', *, *, #296, .T. ) ;
#402 = EDGE_CURVE ( 'NONE', #118, #2330, #1513, .T. ) ;
#403 = ORIENTED_EDGE ( 'NONE', *, *, #1982, .T. ) ;
#404 = DIRECTION ( 'NONE',  ( 0.000000000000000000, 1.000000000000000000, 0.000000000000000000 ) ) ;
#405 = CARTESIAN_POINT ( 'NONE',  ( 0.1181102362204724532, 0.03149606299212598381, -0.1023622047244094613 ) ) ;
#406 = CARTESIAN_POINT ( 'NONE',  ( 0.08858267716535433989, 0.1299212598425196763, -0.08858267716535433989 ) ) ;
#407 = EDGE_LOOP ( 'NONE', ( #3226, #2152, #1760, #2104 ) ) ;
#408 = DIRECTION ( 'NONE',  ( 0.000000000000000000, 0.000000000000000000, -1.000000000000000000 ) ) ;
#409 = VERTEX_POINT ( 'NONE', #1818 ) ;
#410 = CARTESIAN_POINT ( 'NONE',  ( -0.1181102362204724532, 0.1377952755905511861, -0.1181102362204724532 ) ) ;
#411 = CARTESIAN_POINT ( 'NONE',  ( -0.08858267716535433989, 0.1299212598425196763, -0.07283464566929134798 ) ) ;
#412 = CARTESIAN_POINT ( 'NONE',  ( -0.08858267716535433989, 0.1823374350353732243, 0.08858267716535433989 ) ) ;
#413 = EDGE_LOOP ( 'NONE', ( #2784, #2274 ) ) ;
#414 =( CONVERSION_BASED_UNIT ( 'INCH', #686 ) LENGTH_UNIT ( ) NAMED_UNIT ( #750 ) );
#415 = DIRECTION ( 'NONE',  ( 0.000000000000000000, 1.000000000000000000, 0.000000000000000000 ) ) ;
#416 = EDGE_LOOP ( 'NONE', ( #583, #513, #2253, #3106 ) ) ;
#417 = CARTESIAN_POINT ( 'NONE',  ( -0.1122047244094488277, 0.1299212598425196763, 0.1181102362204724532 ) ) ;
#418 = ADVANCED_FACE ( 'NONE', ( #2303 ), #3402, .T. ) ;
#419 = CIRCLE ( 'NONE', #1975, 0.05931745287789588761 ) ;
#420 = EDGE_CURVE ( 'NONE', #2637, #2167, #146, .T. ) ;
#421 = CARTESIAN_POINT ( 'NONE',  ( 0.1122047244094488277, 0.1299212598425196763, 0.1181102362204724532 ) ) ;
#422 = CIRCLE ( 'NONE', #2899, 0.01181102362204724046 ) ;
#423 = EDGE_LOOP ( 'NONE', ( #2516, #3272, #1664, #3297 ) ) ;
#424 = CYLINDRICAL_SURFACE ( 'NONE', #763, 0.02362204724409448092 ) ;
#425 = ORIENTED_EDGE ( 'NONE', *, *, #359, .T. ) ;
#426 = APPLICATION_CONTEXT ( 'automotive_design' ) ;
#427 = DIRECTION ( 'NONE',  ( 0.000000000000000000, 0.000000000000000000, -1.000000000000000000 ) ) ;
#428 = VECTOR ( 'NONE', #361, 39.37007874015748143 ) ;
#429 = DIRECTION ( 'NONE',  ( 1.734723475976804925E-15, -1.000000000000000000, 0.000000000000000000 ) ) ;
#430 = AXIS2_PLACEMENT_3D ( 'NONE', #2225, #2825, #65 ) ;
#431 = FACE_OUTER_BOUND ( 'NONE', #1052, .T. ) ;
#432 = ORIENTED_EDGE ( 'NONE', *, *, #2731, .T. ) ;
#433 = SURFACE_STYLE_USAGE ( .BOTH. , #1544 ) ;
#434 = EDGE_CURVE ( 'NONE', #2866, #811, #28, .T. ) ;
#435 = AXIS2_PLACEMENT_3D ( 'NONE', #383, #1476, #3499 ) ;
#436 = VECTOR ( 'NONE', #642, 39.37007874015748143 ) ;
#437 = ORIENTED_EDGE ( 'NONE', *, *, #1296, .T. ) ;
#438 = FACE_OUTER_BOUND ( 'NONE', #1089, .T. ) ;
#439 = VECTOR ( 'NONE', #3456, 39.37007874015748143 ) ;
#440 = CARTESIAN_POINT ( 'NONE',  ( -0.1122047244094488277, 0.1299212598425196763, 0.1122047244094488277 ) ) ;
#441 = EDGE_CURVE ( 'NONE', #1214, #3500, #1635, .T. ) ;
#442 = ORIENTED_EDGE ( 'NONE', *, *, #1148, .T. ) ;
#443 = CARTESIAN_POINT ( 'NONE',  ( 0.08858267716535433989, 0.1377952755905511861, -0.1043307086614173457 ) ) ;
#444 = EDGE_LOOP ( 'NONE', ( #784, #3276, #182, #1142 ) ) ;
#445 = CARTESIAN_POINT ( 'NONE',  ( 0.1181102362204724532, 0.03149606299212598381, 0.1023622047244094613 ) ) ;
#446 = EDGE_CURVE ( 'NONE', #2648, #1146, #2088, .T. ) ;
#447 = DIRECTION ( 'NONE',  ( 0.000000000000000000, -1.000000000000000000, 0.000000000000000000 ) ) ;
#448 = LINE ( 'NONE', #1542, #1928 ) ;
#449 = ORIENTED_EDGE ( 'NONE', *, *, #2004, .F. ) ;
#450 = CARTESIAN_POINT ( 'NONE',  ( 0.1653543307086614567, -0.003937007874015747977, -0.1023622047244094613 ) ) ;
#451 = EDGE_CURVE ( 'NONE', #652, #1671, #2789, .T. ) ;
#452 = ORIENTED_EDGE ( 'NONE', *, *, #3339, .F. ) ;
#453 = DIRECTION ( 'NONE',  ( 0.000000000000000000, 0.000000000000000000, 1.000000000000000000 ) ) ;
#454 = CARTESIAN_POINT ( 'NONE',  ( -0.1535433070866141780, 0.02755905511811023584, -0.1023622047244094613 ) ) ;
#455 = VERTEX_POINT ( 'NONE', #2938 ) ;
#456 = CYLINDRICAL_SURFACE ( 'NONE', #888, 0.02362204724409448092 ) ;
#457 = PRODUCT_RELATED_PRODUCT_CATEGORY ( 'part', '', ( #666 ) ) ;
#458 = EDGE_CURVE ( 'NONE', #842, #259, #219, .T. ) ;
#459 = ADVANCED_FACE ( 'NONE', ( #3560, #1042 ), #235, .F. ) ;
#460 = DIRECTION ( 'NONE',  ( 0.000000000000000000, -1.000000000000000000, 0.000000000000000000 ) ) ;
#461 = ORIENTED_EDGE ( 'NONE', *, *, #1463, .F. ) ;
#462 = FACE_OUTER_BOUND ( 'NONE', #2945, .T. ) ;
#463 = CARTESIAN_POINT ( 'NONE',  ( 0.1496062992125984370, 0.02755905511811023584, -0.07480314960629921850 ) ) ;
#464 = ADVANCED_FACE ( 'NONE', ( #2106 ), #2688, .F. ) ;
#465 = CARTESIAN_POINT ( 'NONE',  ( 0.08858267716535433989, 0.1141732283464566844, -0.08858267716535433989 ) ) ;
#466 = ORIENTED_EDGE ( 'NONE', *, *, #1025, .F. ) ;
#467 = PLANE ( 'NONE',  #540 ) ;
#468 = VERTEX_POINT ( 'NONE', #1062 ) ;
#469 = DIRECTION ( 'NONE',  ( -1.734723475976804925E-15, -1.000000000000000000, 0.000000000000000000 ) ) ;
#470 = ORIENTED_EDGE ( 'NONE', *, *, #3201, .F. ) ;
#471 = CARTESIAN_POINT ( 'NONE',  ( 0.08858267716535433989, 0.1377952755905511861, 0.08858267716535433989 ) ) ;
#472 = FACE_OUTER_BOUND ( 'NONE', #3550, .T. ) ;
#473 = ORIENTED_EDGE ( 'NONE', *, *, #1319, .F. ) ;
#474 = VERTEX_POINT ( 'NONE', #198 ) ;
#475 = DIRECTION ( 'NONE',  ( 0.000000000000000000, -1.000000000000000000, 0.000000000000000000 ) ) ;
#476 = CIRCLE ( 'NONE', #534, 0.02362204724409448092 ) ;
#477 = EDGE_LOOP ( 'NONE', ( #1891, #596, #2193, #1791 ) ) ;
#478 = LINE ( 'NONE', #2173, #899 ) ;
#479 = CYLINDRICAL_SURFACE ( 'NONE', #2034, 0.01181102362204724046 ) ;
#480 = DIRECTION ( 'NONE',  ( 1.000000000000000000, 0.000000000000000000, 0.000000000000000000 ) ) ;
#481 = VECTOR ( 'NONE', #3491, 39.37007874015748143 ) ;
#482 = CYLINDRICAL_SURFACE ( 'NONE', #667, 0.01574803149606299885 ) ;
#483 = AXIS2_PLACEMENT_3D ( 'NONE', #121, #983, #2604 ) ;
#484 = AXIS2_PLACEMENT_3D ( 'NONE', #2884, #1324, #3188 ) ;
#485 = ORIENTED_EDGE ( 'NONE', *, *, #2415, .T. ) ;
#486 = ADVANCED_FACE ( 'NONE', ( #3251 ), #467, .F. ) ;
#487 = DIRECTION ( 'NONE',  ( 0.000000000000000000, 0.000000000000000000, 1.000000000000000000 ) ) ;
#488 = VECTOR ( 'NONE', #3080, 39.37007874015748143 ) ;
#489 = CARTESIAN_POINT ( 'NONE',  ( 0.1122047244094488277, 0.1377952755905511861, -0.1181102362204724532 ) ) ;
#490 = ORIENTED_EDGE ( 'NONE', *, *, #54, .T. ) ;
#491 = AXIS2_PLACEMENT_3D ( 'NONE', #2286, #1746, #1438 ) ;
#492 = DIRECTION ( 'NONE',  ( 1.000000000000000000, 0.000000000000000000, 0.000000000000000000 ) ) ;
#493 = CIRCLE ( 'NONE', #1130, 0.06889763779527559306 ) ;
#494 = CARTESIAN_POINT ( 'NONE',  ( 0.000000000000000000, 0.2106299212598425064, 0.000000000000000000 ) ) ;
#495 = ORIENTED_EDGE ( 'NONE', *, *, #1492, .T. ) ;
#496 = EDGE_LOOP ( 'NONE', ( #353, #2201, #3293, #2356 ) ) ;
#497 = AXIS2_PLACEMENT_3D ( 'NONE', #1915, #3266, #245 ) ;
#498 = CYLINDRICAL_SURFACE ( 'NONE', #376, 0.02362204724409448092 ) ;
#499 = ORIENTED_EDGE ( 'NONE', *, *, #1784, .F. ) ;
#500 = EDGE_CURVE ( 'NONE', #2922, #2774, #809, .T. ) ;
#501 = CARTESIAN_POINT ( 'NONE',  ( 0.08858267716535433989, 0.1377952755905511861, -0.08858267716535433989 ) ) ;
#502 = DIRECTION ( 'NONE',  ( 1.000000000000000000, 0.000000000000000000, 0.000000000000000000 ) ) ;
#503 = CARTESIAN_POINT ( 'NONE',  ( -0.08858267716535433989, 0.1456692913385826960, 0.1122047244094488277 ) ) ;
#504 = DIRECTION ( 'NONE',  ( 0.000000000000000000, 1.000000000000000000, 0.000000000000000000 ) ) ;
#505 = ORIENTED_EDGE ( 'NONE', *, *, #1084, .F. ) ;
#506 = DIRECTION ( 'NONE',  ( 0.000000000000000000, 1.000000000000000000, 0.000000000000000000 ) ) ;
#507 = EDGE_LOOP ( 'NONE', ( #1028, #3407 ) ) ;
#508 = FACE_OUTER_BOUND ( 'NONE', #2391, .T. ) ;
#509 = ORIENTED_EDGE ( 'NONE', *, *, #555, .T. ) ;
#510 = DIRECTION ( 'NONE',  ( 0.000000000000000000, 1.000000000000000000, 0.000000000000000000 ) ) ;
#511 = ADVANCED_FACE ( 'NONE', ( #2178 ), #1749, .T. ) ;
#512 = VERTEX_POINT ( 'NONE', #1327 ) ;
#513 = ORIENTED_EDGE ( 'NONE', *, *, #3003, .F. ) ;
#514 = CYLINDRICAL_SURFACE ( 'NONE', #2270, 0.003937007874015741038 ) ;
#515 = ORIENTED_EDGE ( 'NONE', *, *, #1295, .F. ) ;
#516 = CARTESIAN_POINT ( 'NONE',  ( 0.1653543307086614567, 0.007874015748031495954, -0.07480314960629921850 ) ) ;
#517 = DIRECTION ( 'NONE',  ( 0.000000000000000000, 0.000000000000000000, 1.000000000000000000 ) ) ;
#518 = CARTESIAN_POINT ( 'NONE',  ( 0.000000000000000000, -0.07608622758978160483, 0.07283464566929134798 ) ) ;
#519 = CARTESIAN_POINT ( 'NONE',  ( 0.1181102362204724532, 0.03937007874015747977, -0.07480314960629921850 ) ) ;
#520 = EDGE_LOOP ( 'NONE', ( #776, #3484, #2074, #1769 ) ) ;
#521 = CARTESIAN_POINT ( 'NONE',  ( 0.1122047244094488277, 0.1299212598425196763, 0.1122047244094488277 ) ) ;
#522 = CARTESIAN_POINT ( 'NONE',  ( -0.1496062992125984370, 0.02755905511811023584, 0.1023622047244094613 ) ) ;
#523 = EDGE_LOOP ( 'NONE', ( #3369, #2870 ) ) ;
#524 =( NAMED_UNIT ( * ) PLANE_ANGLE_UNIT ( ) SI_UNIT ( $, .RADIAN. ) );
#525 = DIRECTION ( 'NONE',  ( 0.000000000000000000, -1.000000000000000000, 0.000000000000000000 ) ) ;
#526 = VERTEX_POINT ( 'NONE', #3010 ) ;
#527 = ORIENTED_EDGE ( 'NONE', *, *, #942, .T. ) ;
#528 = ADVANCED_FACE ( 'NONE', ( #538 ), #2649, .F. ) ;
#529 = DIRECTION ( 'NONE',  ( 0.000000000000000000, 1.000000000000000000, 0.000000000000000000 ) ) ;
#530 = ORIENTED_EDGE ( 'NONE', *, *, #1888, .T. ) ;
#531 = PLANE ( 'NONE',  #2160 ) ;
#532 = DIRECTION ( 'NONE',  ( -1.000000000000000000, 0.000000000000000000, 0.000000000000000000 ) ) ;
#533 = DIRECTION ( 'NONE',  ( 0.000000000000000000, 0.000000000000000000, 1.000000000000000000 ) ) ;
#534 = AXIS2_PLACEMENT_3D ( 'NONE', #1830, #2365, #1865 ) ;
#535 = FACE_OUTER_BOUND ( 'NONE', #1061, .T. ) ;
#536 = ORIENTED_EDGE ( 'NONE', *, *, #73, .T. ) ;
#537 = PRESENTATION_LAYER_ASSIGNMENT (  '', '', ( #2205 ) ) ;
#538 = FACE_OUTER_BOUND ( 'NONE', #413, .T. ) ;
#539 = CIRCLE ( 'NONE', #2553, 0.003937007874015758385 ) ;
#540 = AXIS2_PLACEMENT_3D ( 'NONE', #774, #1559, #3215 ) ;
#541 = PLANE ( 'NONE',  #1981 ) ;
#542 = ORIENTED_EDGE ( 'NONE', *, *, #1364, .F. ) ;
#543 = AXIS2_PLACEMENT_3D ( 'NONE', #2828, #1134, #1420 ) ;
#544 = CARTESIAN_POINT ( 'NONE',  ( 0.1181102362204724532, 0.03937007874015747977, -0.1023622047244094613 ) ) ;
#545 = CIRCLE ( 'NONE', #1408, 0.01181102362204724046 ) ;
#546 = ORIENTED_EDGE ( 'NONE', *, *, #3375, .F. ) ;
#547 = VERTEX_POINT ( 'NONE', #1292 ) ;
#548 = CARTESIAN_POINT ( 'NONE',  ( -0.1181102362204724532, 0.03937007874015747977, 0.1023622047244094613 ) ) ;
#549 = ORIENTED_EDGE ( 'NONE', *, *, #1606, .F. ) ;
#550 = FACE_OUTER_BOUND ( 'NONE', #3300, .T. ) ;
#551 = DIRECTION ( 'NONE',  ( 0.000000000000000000, 1.000000000000000000, 0.000000000000000000 ) ) ;
#552 = VECTOR ( 'NONE', #1471, 39.37007874015748143 ) ;
#553 = CARTESIAN_POINT ( 'NONE',  ( 0.1181102362204724532, 0.03937007874015747977, -0.1023622047244094613 ) ) ;
#554 = CIRCLE ( 'NONE', #1529, 0.003937007874015741038 ) ;
#555 = EDGE_CURVE ( 'NONE', #1146, #2148, #3274, .T. ) ;
#556 = CARTESIAN_POINT ( 'NONE',  ( -0.08858267716535433989, 0.1377952755905511861, -0.07283464566929134798 ) ) ;
#557 = ORIENTED_EDGE ( 'NONE', *, *, #924, .F. ) ;
#558 = DIRECTION ( 'NONE',  ( -1.000000000000000000, 0.000000000000000000, 0.000000000000000000 ) ) ;
#559 = CARTESIAN_POINT ( 'NONE',  ( 0.1968503937007874127, -0.003937007874015747977, 0.1023622047244094613 ) ) ;
#560 = VERTEX_POINT ( 'NONE', #2159 ) ;
#561 = DIRECTION ( 'NONE',  ( -1.000000000000000000, -1.734723475976804925E-15, 0.000000000000000000 ) ) ;
#562 = FACE_OUTER_BOUND ( 'NONE', #585, .T. ) ;
#563 = EDGE_CURVE ( 'NONE', #2384, #2616, #2666, .T. ) ;
#564 = ORIENTED_EDGE ( 'NONE', *, *, #291, .F. ) ;
#565 = ORIENTED_EDGE ( 'NONE', *, *, #2758, .F. ) ;
#566 = FACE_OUTER_BOUND ( 'NONE', #808, .T. ) ;
#567 = ORIENTED_EDGE ( 'NONE', *, *, #446, .T. ) ;
#568 = CARTESIAN_POINT ( 'NONE',  ( -0.08858267716535433989, 0.1456692913385826960, -0.06496062992125986590 ) ) ;
#569 = CARTESIAN_POINT ( 'NONE',  ( 0.1653543307086614567, -0.003937007874015747977, -0.1023622047244094613 ) ) ;
#570 = LINE ( 'NONE', #1652, #3308 ) ;
#571 = EDGE_CURVE ( 'NONE', #468, #168, #3258, .T. ) ;
#572 = ADVANCED_FACE ( 'NONE', ( #175 ), #1582, .F. ) ;
#573 = EDGE_LOOP ( 'NONE', ( #527, #3051, #473, #225 ) ) ;
#574 = CARTESIAN_POINT ( 'NONE',  ( -0.1535433070866141780, 0.02755905511811023584, -0.1023622047244094613 ) ) ;
#575 = ORIENTED_EDGE ( 'NONE', *, *, #2268, .F. ) ;
#576 = CARTESIAN_POINT ( 'NONE',  ( -0.1181102362204724532, 0.1299212598425196763, -0.1181102362204724532 ) ) ;
#577 = EDGE_CURVE ( 'NONE', #2746, #3511, #1834, .T. ) ;
#578 = DIRECTION ( 'NONE',  ( 0.000000000000000000, 1.000000000000000000, 0.000000000000000000 ) ) ;
#579 = ORIENTED_EDGE ( 'NONE', *, *, #1294, .F. ) ;
#580 = LINE ( 'NONE', #3310, #599 ) ;
#581 = LINE ( 'NONE', #26, #3136 ) ;
#582 = ORIENTED_EDGE ( 'NONE', *, *, #2001, .F. ) ;
#583 = ORIENTED_EDGE ( 'NONE', *, *, #1519, .F. ) ;
#584 = DIRECTION ( 'NONE',  ( 0.000000000000000000, 1.000000000000000000, 0.000000000000000000 ) ) ;
#585 = EDGE_LOOP ( 'NONE', ( #515, #1282, #1509, #95, #3391, #3134, #975, #3413, #2905, #2944, #2399, #1532 ) ) ;
#586 = CARTESIAN_POINT ( 'NONE',  ( -0.1496062992125984370, 0.02755905511811023584, -0.1023622047244094613 ) ) ;
#587 = CARTESIAN_POINT ( 'NONE',  ( -0.1968503937007874127, 0.003937007874015747977, -0.1023622047244094613 ) ) ;
#588 = EDGE_CURVE ( 'NONE', #932, #2185, #1060, .T. ) ;
#589 = PLANE ( 'NONE',  #3472 ) ;
#590 = CARTESIAN_POINT ( 'NONE',  ( -0.1122047244094488277, 0.1377952755905511861, 0.1122047244094488277 ) ) ;
#591 = VECTOR ( 'NONE', #1402, 39.37007874015748143 ) ;
#592 = CARTESIAN_POINT ( 'NONE',  ( -0.1535433070866141780, 0.007874015748031495954, 0.07480314960629921850 ) ) ;
#593 = EDGE_CURVE ( 'NONE', #252, #512, #3328, .T. ) ;
#594 = AXIS2_PLACEMENT_3D ( 'NONE', #610, #533, #3045 ) ;
#595 = COLOUR_RGB ( '',0.7921568627450980005, 0.8196078431372548767, 0.9333333333333333481 ) ;
#596 = ORIENTED_EDGE ( 'NONE', *, *, #813, .F. ) ;
#597 = FACE_OUTER_BOUND ( 'NONE', #3039, .T. ) ;
#598 = MECHANICAL_DESIGN_GEOMETRIC_PRESENTATION_REPRESENTATION (  '', ( #2147 ), #2261 ) ;
#599 = VECTOR ( 'NONE', #1440, 39.37007874015748143 ) ;
#600 = EDGE_CURVE ( 'NONE', #1906, #855, #1655, .T. ) ;
#601 = ORIENTED_EDGE ( 'NONE', *, *, #894, .T. ) ;
#602 = VECTOR ( 'NONE', #1576, 39.37007874015748143 ) ;
#603 = VECTOR ( 'NONE', #1578, 39.37007874015748143 ) ;
#604 = ORIENTED_EDGE ( 'NONE', *, *, #2161, .F. ) ;
#605 = CIRCLE ( 'NONE', #1810, 0.01574803149606299191 ) ;
#606 = DIRECTION ( 'NONE',  ( 0.000000000000000000, 0.000000000000000000, 1.000000000000000000 ) ) ;
#607 = CARTESIAN_POINT ( 'NONE',  ( 0.1968503937007874127, 0.003937007874015747977, 0.1023622047244094613 ) ) ;
#608 = CARTESIAN_POINT ( 'NONE',  ( 0.000000000000000000, 0.1377952755905511861, 0.000000000000000000 ) ) ;
#609 = AXIS2_PLACEMENT_3D ( 'NONE', #1831, #1022, #2103 ) ;
#610 = CARTESIAN_POINT ( 'NONE',  ( -0.1496062992125984370, 0.02755905511811023584, -0.1023622047244094613 ) ) ;
#611 = ADVANCED_FACE ( 'NONE', ( #1711, #2518 ), #2800, .F. ) ;
#612 = EDGE_LOOP ( 'NONE', ( #1241, #1802, #3178, #1318 ) ) ;
#613 = CARTESIAN_POINT ( 'NONE',  ( -0.1535433070866141780, 0.007874015748031495954, -0.1023622047244094613 ) ) ;
#614 = DIRECTION ( 'NONE',  ( 0.000000000000000000, 0.000000000000000000, -1.000000000000000000 ) ) ;
#615 = AXIS2_PLACEMENT_3D ( 'NONE', #3060, #53, #1705 ) ;
#616 = DIRECTION ( 'NONE',  ( -1.000000000000000000, 0.000000000000000000, 0.000000000000000000 ) ) ;
#617 = VERTEX_POINT ( 'NONE', #1117 ) ;
#618 = LENGTH_MEASURE_WITH_UNIT ( LENGTH_MEASURE( 0.02539999999999999897 ), #853 );
#619 = EDGE_CURVE ( 'NONE', #1048, #892, #2761, .T. ) ;
#620 = ADVANCED_FACE ( 'NONE', ( #308 ), #2214, .T. ) ;
#621 = ORIENTED_EDGE ( 'NONE', *, *, #3344, .F. ) ;
#622 = ORIENTED_EDGE ( 'NONE', *, *, #181, .F. ) ;
#623 = DIRECTION ( 'NONE',  ( 0.000000000000000000, 0.000000000000000000, 1.000000000000000000 ) ) ;
#624 = DIRECTION ( 'NONE',  ( 0.000000000000000000, 0.000000000000000000, 1.000000000000000000 ) ) ;
#625 = CARTESIAN_POINT ( 'NONE',  ( -0.1653543307086614567, -0.003937007874015747977, 0.1023622047244094613 ) ) ;
#626 = DIRECTION ( 'NONE',  ( 0.000000000000000000, 0.000000000000000000, 1.000000000000000000 ) ) ;
#627 = ORIENTED_EDGE ( 'NONE', *, *, #1164, .F. ) ;
#628 = CARTESIAN_POINT ( 'NONE',  ( -0.1653543307086614567, 0.007874015748031495954, -0.1023622047244094613 ) ) ;
#629 = CARTESIAN_POINT ( 'NONE',  ( -0.1968503937007874127, -0.003937007874015747977, 0.1023622047244094613 ) ) ;
#630 = CARTESIAN_POINT ( 'NONE',  ( -0.1614173228346456879, 0.02755905511811023584, 0.07480314960629921850 ) ) ;
#631 = ORIENTED_EDGE ( 'NONE', *, *, #349, .F. ) ;
#632 = FACE_OUTER_BOUND ( 'NONE', #1399, .T. ) ;
#633 = CARTESIAN_POINT ( 'NONE',  ( 0.08858267716535433989, 0.1456692913385826960, -0.1122047244094488277 ) ) ;
#634 = EDGE_LOOP ( 'NONE', ( #3181, #1898, #982, #720 ) ) ;
#635 = LINE ( 'NONE', #1733, #2485 ) ;
#636 = CARTESIAN_POINT ( 'NONE',  ( 0.1496062992125984370, 0.03149606299212598381, 0.07480314960629921850 ) ) ;
#637 = CARTESIAN_POINT ( 'NONE',  ( -0.1181102362204724532, 0.1299212598425196763, 0.1181102362204724532 ) ) ;
#638 = EDGE_CURVE ( 'NONE', #2816, #335, #3347, .T. ) ;
#639 = CARTESIAN_POINT ( 'NONE',  ( 0.1614173228346456879, 0.02755905511811023584, 0.07480314960629921850 ) ) ;
#640 = ORIENTED_EDGE ( 'NONE', *, *, #3011, .F. ) ;
#641 = CARTESIAN_POINT ( 'NONE',  ( -0.08858267716535433989, 0.1299212598425196763, -0.08858267716535433989 ) ) ;
#642 = DIRECTION ( 'NONE',  ( 1.000000000000000000, -1.016439536705159791E-16, 0.000000000000000000 ) ) ;
#643 = CARTESIAN_POINT ( 'NONE',  ( -0.1968503937007874127, 0.003937007874015747977, -0.1023622047244094613 ) ) ;
#644 = PLANE ( 'NONE',  #657 ) ;
#645 = CARTESIAN_POINT ( 'NONE',  ( 0.000000000000000000, 0.1299212598425196763, 0.07283464566929134798 ) ) ;
#646 = EDGE_LOOP ( 'NONE', ( #2128, #1617, #3488, #2435 ) ) ;
#647 = CIRCLE ( 'NONE', #1798, 0.02362204724409448092 ) ;
#648 = DIRECTION ( 'NONE',  ( 1.000000000000000000, -1.016439536705159791E-16, 0.000000000000000000 ) ) ;
#649 = DIRECTION ( 'NONE',  ( 0.000000000000000000, 1.000000000000000000, 0.000000000000000000 ) ) ;
#650 = AXIS2_PLACEMENT_3D ( 'NONE', #949, #2625, #2882 ) ;
#651 = ADVANCED_FACE ( 'NONE', ( #2247 ), #850, .T. ) ;
#652 = VERTEX_POINT ( 'NONE', #44 ) ;
#653 = DIRECTION ( 'NONE',  ( 0.000000000000000000, 0.000000000000000000, -1.000000000000000000 ) ) ;
#654 = AXIS2_PLACEMENT_3D ( 'NONE', #794, #2423, #753 ) ;
#655 = CARTESIAN_POINT ( 'NONE',  ( 0.1122047244094488277, 0.000000000000000000, -0.1122047244094488277 ) ) ;
#656 = AXIS2_PLACEMENT_3D ( 'NONE', #2456, #3026, #767 ) ;
#657 = AXIS2_PLACEMENT_3D ( 'NONE', #2337, #3416, #110 ) ;
#658 = CARTESIAN_POINT ( 'NONE',  ( -0.1181102362204724532, 0.03937007874015747977, 0.1023622047244094613 ) ) ;
#659 = VERTEX_POINT ( 'NONE', #2263 ) ;
#660 = LINE ( 'NONE', #915, #3013 ) ;
#661 = EDGE_CURVE ( 'NONE', #2751, #2710, #2035, .T. ) ;
#662 = EDGE_CURVE ( 'NONE', #1251, #2767, #2232, .T. ) ;
#663 = VERTEX_POINT ( 'NONE', #2818 ) ;
#664 = CIRCLE ( 'NONE', #1924, 0.005905511811023620231 ) ;
#665 = LINE ( 'NONE', #968, #3378 ) ;
#666 = PRODUCT ( 'CUI_DEVICES_TS04-66-55-BK-260-SMT', 'CUI_DEVICES_TS04-66-55-BK-260-SMT', '', ( #265 ) ) ;
#667 = AXIS2_PLACEMENT_3D ( 'NONE', #275, #2157, #1095 ) ;
#668 = EDGE_CURVE ( 'NONE', #2843, #663, #5, .T. ) ;
#669 = DIRECTION ( 'NONE',  ( -1.000000000000000000, -1.016439536705159791E-16, 0.000000000000000000 ) ) ;
#670 = ORIENTED_EDGE ( 'NONE', *, *, #1129, .F. ) ;
#671 = CIRCLE ( 'NONE', #903, 0.01574803149606299191 ) ;
#672 = FACE_OUTER_BOUND ( 'NONE', #837, .T. ) ;
#673 = ORIENTED_EDGE ( 'NONE', *, *, #2056, .T. ) ;
#674 = DIRECTION ( 'NONE',  ( 1.000000000000000000, 0.000000000000000000, 0.000000000000000000 ) ) ;
#675 = EDGE_CURVE ( 'NONE', #1074, #2637, #864, .T. ) ;
#676 = CARTESIAN_POINT ( 'NONE',  ( -0.1181102362204724532, 0.1299212598425196763, 0.1122047244094488277 ) ) ;
#677 = DIRECTION ( 'NONE',  ( 0.000000000000000000, 0.000000000000000000, -1.000000000000000000 ) ) ;
#678 = VERTEX_POINT ( 'NONE', #1640 ) ;
#679 = FACE_OUTER_BOUND ( 'NONE', #2510, .T. ) ;
#680 = ORIENTED_EDGE ( 'NONE', *, *, #3509, .T. ) ;
#681 = CARTESIAN_POINT ( 'NONE',  ( 0.000000000000000000, 0.1299212598425196763, 0.000000000000000000 ) ) ;
#682 = CARTESIAN_POINT ( 'NONE',  ( 0.1496062992125984370, 0.03937007874015747977, -0.07480314960629921850 ) ) ;
#683 = CARTESIAN_POINT ( 'NONE',  ( 0.1181102362204724532, 0.03149606299212598381, -0.1023622047244094613 ) ) ;
#684 = VERTEX_POINT ( 'NONE', #2501 ) ;
#685 = EDGE_CURVE ( 'NONE', #2222, #1145, #1139, .T. ) ;
#686 = LENGTH_MEASURE_WITH_UNIT ( LENGTH_MEASURE( 0.02539999999999999897 ), #3160 );
#687 = DIRECTION ( 'NONE',  ( -1.000000000000000000, 0.000000000000000000, 0.000000000000000000 ) ) ;
#688 = ORIENTED_EDGE ( 'NONE', *, *, #2367, .F. ) ;
#689 = CYLINDRICAL_SURFACE ( 'NONE', #1914, 0.01181102362204725781 ) ;
#690 = FACE_OUTER_BOUND ( 'NONE', #1624, .T. ) ;
#691 = EDGE_LOOP ( 'NONE', ( #1035, #756, #1389, #2886 ) ) ;
#692 = ORIENTED_EDGE ( 'NONE', *, *, #3124, .T. ) ;
#693 = DIRECTION ( 'NONE',  ( 0.000000000000000000, -1.000000000000000000, 0.000000000000000000 ) ) ;
#694 = ORIENTED_EDGE ( 'NONE', *, *, #7, .F. ) ;
#695 = DIRECTION ( 'NONE',  ( 0.000000000000000000, 0.000000000000000000, 1.000000000000000000 ) ) ;
#696 = CARTESIAN_POINT ( 'NONE',  ( 0.08858267716535433989, 0.1299212598425196763, 0.07283464566929134798 ) ) ;
#697 = CARTESIAN_POINT ( 'NONE',  ( 0.1181102362204724532, 0.1299212598425196763, -0.1181102362204724532 ) ) ;
#698 = UNCERTAINTY_MEASURE_WITH_UNIT (LENGTH_MEASURE( 1.000000000000000082E-05 ), #1892, 'distance_accuracy_value', 'NONE');
#699 = EDGE_LOOP ( 'NONE', ( #815, #3320 ) ) ;
#700 =( NAMED_UNIT ( * ) SI_UNIT ( $, .STERADIAN. ) SOLID_ANGLE_UNIT ( ) );
#701 = DIRECTION ( 'NONE',  ( 1.734723475976804925E-15, -1.000000000000000000, 0.000000000000000000 ) ) ;
#702 = ORIENTED_EDGE ( 'NONE', *, *, #2083, .F. ) ;
#703 = CARTESIAN_POINT ( 'NONE',  ( -0.08858267716535433989, 0.1377952755905511861, 0.1043307086614173457 ) ) ;
#704 = CIRCLE ( 'NONE', #250, 0.003937007874015741038 ) ;
#705 = DIRECTION ( 'NONE',  ( 0.000000000000000000, -1.000000000000000000, 0.000000000000000000 ) ) ;
#706 = ORIENTED_EDGE ( 'NONE', *, *, #2440, .F. ) ;
#707 = AXIS2_PLACEMENT_3D ( 'NONE', #40, #2756, #2737 ) ;
#708 = ORIENTED_EDGE ( 'NONE', *, *, #1832, .F. ) ;
#709 = LINE ( 'NONE', #3207, #3016 ) ;
#710 = AXIS2_PLACEMENT_3D ( 'NONE', #1104, #1809, #3311 ) ;
#711 = AXIS2_PLACEMENT_3D ( 'NONE', #989, #1491, #2612 ) ;
#712 = VERTEX_POINT ( 'NONE', #1437 ) ;
#713 = CARTESIAN_POINT ( 'NONE',  ( -0.08858267716535433989, 0.1377952755905511861, -0.08858267716535433989 ) ) ;
#714 = AXIS2_PLACEMENT_3D ( 'NONE', #713, #1846, #2364 ) ;
#715 = AXIS2_PLACEMENT_3D ( 'NONE', #736, #1055, #791 ) ;
#716 = CARTESIAN_POINT ( 'NONE',  ( -0.1181102362204724532, 0.000000000000000000, 0.1122047244094488277 ) ) ;
#717 = EDGE_CURVE ( 'NONE', #3568, #2487, #419, .T. ) ;
#718 = VECTOR ( 'NONE', #1826, 39.37007874015748143 ) ;
#719 = CARTESIAN_POINT ( 'NONE',  ( -0.1614173228346456879, 0.007874015748031495954, 0.07480314960629921850 ) ) ;
#720 = ORIENTED_EDGE ( 'NONE', *, *, #458, .T. ) ;
#721 = CYLINDRICAL_SURFACE ( 'NONE', #2728, 0.01574803149606299191 ) ;
#722 = VECTOR ( 'NONE', #2447, 39.37007874015748143 ) ;
#723 = CARTESIAN_POINT ( 'NONE',  ( 0.1496062992125984370, 0.03149606299212598381, 0.1023622047244094613 ) ) ;
#724 = PRODUCT_DEFINITION_SHAPE ( 'NONE', 'NONE',  #3128 ) ;
#725 = AXIS2_PLACEMENT_3D ( 'NONE', #398, #1502, #2338 ) ;
#726 = ORIENTED_EDGE ( 'NONE', *, *, #2930, .T. ) ;
#727 = CARTESIAN_POINT ( 'NONE',  ( 0.1496062992125984370, 0.03937007874015747977, -0.1023622047244094613 ) ) ;
#728 = AXIS2_PLACEMENT_3D ( 'NONE', #3422, #2599, #946 ) ;
#729 = ORIENTED_EDGE ( 'NONE', *, *, #3003, .T. ) ;
#730 = EDGE_CURVE ( 'NONE', #1477, #684, #72, .T. ) ;
#731 = LINE ( 'NONE', #1551, #2490 ) ;
#732 = EDGE_CURVE ( 'NONE', #852, #2273, #704, .T. ) ;
#733 = DIRECTION ( 'NONE',  ( 0.000000000000000000, 1.000000000000000000, 0.000000000000000000 ) ) ;
#734 = ORIENTED_EDGE ( 'NONE', *, *, #3405, .T. ) ;
#735 = DIRECTION ( 'NONE',  ( 0.000000000000000000, 1.000000000000000000, 0.000000000000000000 ) ) ;
#736 = CARTESIAN_POINT ( 'NONE',  ( 0.08858267716535433989, 0.1377952755905511861, 0.08858267716535433989 ) ) ;
#737 = CARTESIAN_POINT ( 'NONE',  ( 0.000000000000000000, 0.2108980767377087451, 0.000000000000000000 ) ) ;
#738 = ORIENTED_EDGE ( 'NONE', *, *, #248, .F. ) ;
#739 = DIRECTION ( 'NONE',  ( 0.000000000000000000, 0.000000000000000000, -1.000000000000000000 ) ) ;
#740 = PLANE ( 'NONE',  #2854 ) ;
#741 = ORIENTED_EDGE ( 'NONE', *, *, #2413, .T. ) ;
#742 = FACE_OUTER_BOUND ( 'NONE', #2252, .T. ) ;
#743 = VERTEX_POINT ( 'NONE', #380 ) ;
#744 = ORIENTED_EDGE ( 'NONE', *, *, #870, .T. ) ;
#745 = FACE_OUTER_BOUND ( 'NONE', #1842, .T. ) ;
#746 = VERTEX_POINT ( 'NONE', #1474 ) ;
#747 = CARTESIAN_POINT ( 'NONE',  ( 0.08858267716535433989, 0.1377952755905511861, -0.08858267716535433989 ) ) ;
#748 = DIRECTION ( 'NONE',  ( 0.000000000000000000, -1.000000000000000000, 0.000000000000000000 ) ) ;
#749 = DIRECTION ( 'NONE',  ( 0.000000000000000000, 0.000000000000000000, -1.000000000000000000 ) ) ;
#750 = DIMENSIONAL_EXPONENTS ( 1.000000000000000000, 0.000000000000000000, 0.000000000000000000, 0.000000000000000000, 0.000000000000000000, 0.000000000000000000, 0.000000000000000000 ) ;
#751 = CARTESIAN_POINT ( 'NONE',  ( -0.1968503937007874127, -0.003937007874015747977, 0.1023622047244094613 ) ) ;
#752 = VERTEX_POINT ( 'NONE', #2575 ) ;
#753 = DIRECTION ( 'NONE',  ( 0.000000000000000000, 0.000000000000000000, 1.000000000000000000 ) ) ;
#754 = ORIENTED_EDGE ( 'NONE', *, *, #2243, .T. ) ;
#755 = CYLINDRICAL_SURFACE ( 'NONE', #2562, 0.003937007874015741038 ) ;
#756 = ORIENTED_EDGE ( 'NONE', *, *, #1881, .F. ) ;
#757 = PRESENTATION_STYLE_ASSIGNMENT (( #3563 ) ) ;
#758 = EDGE_CURVE ( 'NONE', #2820, #782, #1451, .T. ) ;
#759 = LENGTH_MEASURE_WITH_UNIT ( LENGTH_MEASURE( 0.02539999999999999897 ), #2183 );
#760 = ORIENTED_EDGE ( 'NONE', *, *, #1448, .F. ) ;
#761 = EDGE_LOOP ( 'NONE', ( #1043, #2297, #564, #3214, #2491, #2994, #3298, #1681, #2981, #2703, #2504, #1776 ) ) ;
#762 = SPHERICAL_SURFACE ( 'NONE', #34, 0.03937007874015747977 ) ;
#763 = AXIS2_PLACEMENT_3D ( 'NONE', #375, #693, #2869 ) ;
#764 = ORIENTED_EDGE ( 'NONE', *, *, #929, .F. ) ;
#765 = VECTOR ( 'NONE', #992, 39.37007874015748143 ) ;
#766 = FACE_OUTER_BOUND ( 'NONE', #2722, .T. ) ;
#767 = DIRECTION ( 'NONE',  ( 0.000000000000000000, 0.000000000000000000, 1.000000000000000000 ) ) ;
#768 = CARTESIAN_POINT ( 'NONE',  ( 0.1122047244094488277, 0.1299212598425196763, 0.1122047244094488277 ) ) ;
#769 = PRESENTATION_LAYER_ASSIGNMENT (  '', '', ( #1401 ) ) ;
#770 = EDGE_CURVE ( 'NONE', #174, #3095, #891, .T. ) ;
#771 = FACE_OUTER_BOUND ( 'NONE', #573, .T. ) ;
#772 = AXIS2_PLACEMENT_3D ( 'NONE', #1943, #3049, #1153 ) ;
#773 = ORIENTED_EDGE ( 'NONE', *, *, #2000, .T. ) ;
#774 = CARTESIAN_POINT ( 'NONE',  ( -0.1653543307086614567, 0.003937007874015747977, -0.1023622047244094613 ) ) ;
#775 = AXIS2_PLACEMENT_3D ( 'NONE', #943, #177, #3217 ) ;
#776 = ORIENTED_EDGE ( 'NONE', *, *, #291, .T. ) ;
#777 = DIRECTION ( 'NONE',  ( 0.000000000000000000, 0.000000000000000000, -1.000000000000000000 ) ) ;
#778 = VERTEX_POINT ( 'NONE', #696 ) ;
#779 = AXIS2_PLACEMENT_3D ( 'NONE', #522, #2217, #3050 ) ;
#780 = LENGTH_MEASURE_WITH_UNIT ( LENGTH_MEASURE( 0.02539999999999999897 ), #2165 );
#781 = AXIS2_PLACEMENT_3D ( 'NONE', #2978, #1381, #2405 ) ;
#782 = VERTEX_POINT ( 'NONE', #411 ) ;
#783 = EDGE_CURVE ( 'NONE', #2925, #2918, #2872, .T. ) ;
#784 = ORIENTED_EDGE ( 'NONE', *, *, #3173, .F. ) ;
#785 = AXIS2_PLACEMENT_3D ( 'NONE', #494, #3238, #2943 ) ;
#786 = EDGE_CURVE ( 'NONE', #3335, #678, #2555, .T. ) ;
#787 = DIRECTION ( 'NONE',  ( 1.000000000000000000, 0.000000000000000000, 0.000000000000000000 ) ) ;
#788 = VERTEX_POINT ( 'NONE', #1743 ) ;
#789 = DIRECTION ( 'NONE',  ( 0.000000000000000000, 0.000000000000000000, -1.000000000000000000 ) ) ;
#790 = FACE_OUTER_BOUND ( 'NONE', #1428, .T. ) ;
#791 = DIRECTION ( 'NONE',  ( 0.000000000000000000, 0.000000000000000000, 1.000000000000000000 ) ) ;
#792 = CARTESIAN_POINT ( 'NONE',  ( -0.08858267716535433989, 0.1141732283464566844, -0.08858267716535433989 ) ) ;
#793 = VERTEX_POINT ( 'NONE', #1203 ) ;
#794 = CARTESIAN_POINT ( 'NONE',  ( 0.000000000000000000, 0.1299212598425196763, 0.000000000000000000 ) ) ;
#795 = LINE ( 'NONE', #1925, #2382 ) ;
#796 = EDGE_CURVE ( 'NONE', #1824, #2238, #1693, .T. ) ;
#797 = VERTEX_POINT ( 'NONE', #1238 ) ;
#798 = DIRECTION ( 'NONE',  ( 0.000000000000000000, 0.000000000000000000, 1.000000000000000000 ) ) ;
#799 = VERTEX_POINT ( 'NONE', #2062 ) ;
#800 = ORIENTED_EDGE ( 'NONE', *, *, #2701, .F. ) ;
#801 = CARTESIAN_POINT ( 'NONE',  ( 0.1181102362204724532, 0.03149606299212598381, -0.07480314960629921850 ) ) ;
#802 = ORIENTED_EDGE ( 'NONE', *, *, #500, .T. ) ;
#803 = FACE_OUTER_BOUND ( 'NONE', #1945, .T. ) ;
#804 = PLANE ( 'NONE',  #1346 ) ;
#805 = CARTESIAN_POINT ( 'NONE',  ( -0.1496062992125984370, 0.02755905511811023584, -0.1023622047244094613 ) ) ;
#806 = EDGE_CURVE ( 'NONE', #1337, #2226, #917, .T. ) ;
#807 = DIRECTION ( 'NONE',  ( 0.000000000000000000, -1.000000000000000000, 0.000000000000000000 ) ) ;
#808 = EDGE_LOOP ( 'NONE', ( #1468, #3473, #3048, #2940 ) ) ;
#809 = LINE ( 'NONE', #1904, #195 ) ;
#810 = FACE_OUTER_BOUND ( 'NONE', #477, .T. ) ;
#811 = VERTEX_POINT ( 'NONE', #2852 ) ;
#812 = LINE ( 'NONE', #544, #190 ) ;
#813 = EDGE_CURVE ( 'NONE', #1539, #2452, #1779, .T. ) ;
#814 = EDGE_LOOP ( 'NONE', ( #2874, #900, #2623, #2675 ) ) ;
#815 = ORIENTED_EDGE ( 'NONE', *, *, #1740, .T. ) ;
#816 = EDGE_CURVE ( 'NONE', #474, #842, #665, .T. ) ;
#817 = CARTESIAN_POINT ( 'NONE',  ( 0.1653543307086614567, 0.003937007874015747977, -0.1023622047244094613 ) ) ;
#818 = DIRECTION ( 'NONE',  ( -1.000000000000000000, 0.000000000000000000, 0.000000000000000000 ) ) ;
#819 = FACE_OUTER_BOUND ( 'NONE', #407, .T. ) ;
#820 = CARTESIAN_POINT ( 'NONE',  ( -0.1181102362204724532, 0.1299212598425196763, -0.1122047244094488277 ) ) ;
#821 = CIRCLE ( 'NONE', #707, 0.003937007874015741038 ) ;
#822 = CARTESIAN_POINT ( 'NONE',  ( 0.000000000000000000, 0.1299212598425196763, 0.000000000000000000 ) ) ;
#823 = ORIENTED_EDGE ( 'NONE', *, *, #806, .F. ) ;
#824 = AXIS2_PLACEMENT_3D ( 'NONE', #2766, #3387, #2271 ) ;
#825 = CIRCLE ( 'NONE', #1687, 0.005905511811023620231 ) ;
#826 = DIRECTION ( 'NONE',  ( 0.000000000000000000, 0.000000000000000000, 1.000000000000000000 ) ) ;
#827 = EDGE_CURVE ( 'NONE', #842, #1738, #2965, .T. ) ;
#828 = ADVANCED_FACE ( 'NONE', ( #1794 ), #644, .T. ) ;
#829 = CIRCLE ( 'NONE', #1974, 0.005905511811023620231 ) ;
#830 = AXIS2_PLACEMENT_3D ( 'NONE', #1457, #48, #1103 ) ;
#831 = CARTESIAN_POINT ( 'NONE',  ( -0.1614173228346456879, 0.02755905511811023584, 0.1023622047244094613 ) ) ;
#832 = EDGE_LOOP ( 'NONE', ( #2072, #3159, #3385, #1260 ) ) ;
#833 = AXIS2_PLACEMENT_3D ( 'NONE', #2020, #1837, #2108 ) ;
#834 = PLANE ( 'NONE',  #3076 ) ;
#835 = AXIS2_PLACEMENT_3D ( 'NONE', #293, #1944, #2764 ) ;
#836 = ADVANCED_FACE ( 'NONE', ( #2591 ), #984, .F. ) ;
#837 = EDGE_LOOP ( 'NONE', ( #2632, #162, #3253, #2579 ) ) ;
#838 = ORIENTED_EDGE ( 'NONE', *, *, #3220, .T. ) ;
#839 = EDGE_CURVE ( 'NONE', #1477, #2052, #142, .T. ) ;
#840 = CIRCLE ( 'NONE', #2743, 0.01574803149606299191 ) ;
#841 = DIRECTION ( 'NONE',  ( 0.000000000000000000, 1.000000000000000000, 0.000000000000000000 ) ) ;
#842 = VERTEX_POINT ( 'NONE', #2076 ) ;
#843 = DIRECTION ( 'NONE',  ( 0.000000000000000000, 0.000000000000000000, 1.000000000000000000 ) ) ;
#844 = ADVANCED_FACE ( 'NONE', ( #2316 ), #2299, .T. ) ;
#845 = CARTESIAN_POINT ( 'NONE',  ( 0.1181102362204724532, 0.03937007874015747977, 0.1023622047244094613 ) ) ;
#846 = AXIS2_PLACEMENT_3D ( 'NONE', #3469, #977, #2091 ) ;
#847 = PLANE ( 'NONE',  #1168 ) ;
#848 = CARTESIAN_POINT ( 'NONE',  ( -0.1181102362204724532, 0.03149606299212598381, -0.1023622047244094613 ) ) ;
#849 = ORIENTED_EDGE ( 'NONE', *, *, #1957, .T. ) ;
#850 = CYLINDRICAL_SURFACE ( 'NONE', #1966, 0.005905511811023620231 ) ;
#851 = DIRECTION ( 'NONE',  ( -0.000000000000000000, -1.000000000000000000, -0.000000000000000000 ) ) ;
#852 = VERTEX_POINT ( 'NONE', #1217 ) ;
#853 =( LENGTH_UNIT ( ) NAMED_UNIT ( * ) SI_UNIT ( $, .METRE. ) );
#854 = ADVANCED_FACE ( 'NONE', ( #3432 ), #2285, .T. ) ;
#855 = VERTEX_POINT ( 'NONE', #682 ) ;
#856 = ORIENTED_EDGE ( 'NONE', *, *, #1032, .F. ) ;
#857 = FACE_OUTER_BOUND ( 'NONE', #3281, .T. ) ;
#858 = ORIENTED_EDGE ( 'NONE', *, *, #1371, .F. ) ;
#859 = DIRECTION ( 'NONE',  ( 0.000000000000000000, -1.000000000000000000, 0.000000000000000000 ) ) ;
#860 = LINE ( 'NONE', #1706, #950 ) ;
#861 = DIRECTION ( 'NONE',  ( -0.000000000000000000, 1.000000000000000000, 0.000000000000000000 ) ) ;
#862 = EDGE_CURVE ( 'NONE', #2816, #1715, #2266, .T. ) ;
#863 = LINE ( 'NONE', #2830, #1762 ) ;
#864 = LINE ( 'NONE', #2777, #591 ) ;
#865 = CARTESIAN_POINT ( 'NONE',  ( 0.1181102362204724532, 0.03937007874015747977, 0.07480314960629921850 ) ) ;
#866 = EDGE_LOOP ( 'NONE', ( #1158, #3408, #2054, #32 ) ) ;
#867 = SURFACE_STYLE_USAGE ( .BOTH. , #2821 ) ;
#868 = ORIENTED_EDGE ( 'NONE', *, *, #2556, .T. ) ;
#869 = ORIENTED_EDGE ( 'NONE', *, *, #2022, .F. ) ;
#870 = EDGE_CURVE ( 'NONE', #2384, #12, #189, .T. ) ;
#871 = DIRECTION ( 'NONE',  ( 0.000000000000000000, -1.000000000000000000, 0.000000000000000000 ) ) ;
#872 = CARTESIAN_POINT ( 'NONE',  ( 0.1181102362204724532, 0.03149606299212598381, 0.07480314960629921850 ) ) ;
#873 = CARTESIAN_POINT ( 'NONE',  ( -0.1496062992125984370, 0.03937007874015747977, -0.07480314960629921850 ) ) ;
#874 = DIRECTION ( 'NONE',  ( -1.000000000000000000, -1.016439536705159791E-16, 0.000000000000000000 ) ) ;
#875 = ORIENTED_EDGE ( 'NONE', *, *, #668, .F. ) ;
#876 =( LENGTH_UNIT ( ) NAMED_UNIT ( * ) SI_UNIT ( $, .METRE. ) );
#877 = ADVANCED_FACE ( 'NONE', ( #170 ), #3514, .F. ) ;
#878 = CARTESIAN_POINT ( 'NONE',  ( -0.1614173228346456879, 0.02755905511811023584, 0.1023622047244094613 ) ) ;
#879 = AXIS2_PLACEMENT_3D ( 'NONE', #2012, #159, #1186 ) ;
#880 = DIRECTION ( 'NONE',  ( 0.000000000000000000, -1.000000000000000000, 0.000000000000000000 ) ) ;
#881 = AXIS2_PLACEMENT_3D ( 'NONE', #1485, #1162, #120 ) ;
#882 = VECTOR ( 'NONE', #2747, 39.37007874015748143 ) ;
#883 = VERTEX_POINT ( 'NONE', #716 ) ;
#884 = EDGE_CURVE ( 'NONE', #2648, #526, #2716, .T. ) ;
#885 =( CONVERSION_BASED_UNIT ( 'INCH', #618 ) LENGTH_UNIT ( ) NAMED_UNIT ( #3498 ) );
#886 = EDGE_CURVE ( 'NONE', #1873, #2031, #2150, .T. ) ;
#887 = FACE_BOUND ( 'NONE', #3314, .T. ) ;
#888 = AXIS2_PLACEMENT_3D ( 'NONE', #2999, #525, #3015 ) ;
#889 = VECTOR ( 'NONE', #1220, 39.37007874015748143 ) ;
#890 = EDGE_LOOP ( 'NONE', ( #2692, #1896, #2342, #1280 ) ) ;
#891 = CIRCLE ( 'NONE', #1860, 0.01574803149606299191 ) ;
#892 = VERTEX_POINT ( 'NONE', #3497 ) ;
#893 = DIRECTION ( 'NONE',  ( 0.000000000000000000, 0.000000000000000000, 1.000000000000000000 ) ) ;
#894 = EDGE_CURVE ( 'NONE', #1833, #2866, #249, .T. ) ;
#895 = DIRECTION ( 'NONE',  ( 0.000000000000000000, 0.000000000000000000, -1.000000000000000000 ) ) ;
#896 = FACE_OUTER_BOUND ( 'NONE', #1114, .T. ) ;
#897 = VECTOR ( 'NONE', #160, 39.37007874015748143 ) ;
#898 = DIRECTION ( 'NONE',  ( 0.000000000000000000, -1.000000000000000000, 0.000000000000000000 ) ) ;
#899 = VECTOR ( 'NONE', #1019, 39.37007874015748143 ) ;
#900 = ORIENTED_EDGE ( 'NONE', *, *, #2350, .F. ) ;
#901 = DIRECTION ( 'NONE',  ( 0.000000000000000000, -1.000000000000000000, 0.000000000000000000 ) ) ;
#902 = CARTESIAN_POINT ( 'NONE',  ( 0.1614173228346456879, 0.02755905511811023584, -0.1023622047244094613 ) ) ;
#903 = AXIS2_PLACEMENT_3D ( 'NONE', #406, #1759, #1197 ) ;
#904 = CARTESIAN_POINT ( 'NONE',  ( -0.08858267716535433989, 0.1299212598425196763, -0.1043307086614173457 ) ) ;
#905 = ORIENTED_EDGE ( 'NONE', *, *, #3246, .T. ) ;
#906 = FACE_OUTER_BOUND ( 'NONE', #1496, .T. ) ;
#907 = FACE_OUTER_BOUND ( 'NONE', #1782, .T. ) ;
#908 = EDGE_CURVE ( 'NONE', #3280, #1584, #1039, .T. ) ;
#909 = ORIENTED_EDGE ( 'NONE', *, *, #2827, .T. ) ;
#910 = VERTEX_POINT ( 'NONE', #1615 ) ;
#911 = DIRECTION ( 'NONE',  ( 0.000000000000000000, -1.000000000000000000, 0.000000000000000000 ) ) ;
#912 = CARTESIAN_POINT ( 'NONE',  ( -0.1122047244094488277, 0.1377952755905511861, -0.1122047244094488277 ) ) ;
#913 = PLANE ( 'NONE',  #543 ) ;
#914 = ORIENTED_EDGE ( 'NONE', *, *, #1025, .T. ) ;
#915 = CARTESIAN_POINT ( 'NONE',  ( -0.1181102362204724532, 0.03149606299212598381, 0.1023622047244094613 ) ) ;
#916 = DIRECTION ( 'NONE',  ( 0.000000000000000000, 0.000000000000000000, -1.000000000000000000 ) ) ;
#917 = LINE ( 'NONE', #1524, #1638 ) ;
#918 = EDGE_CURVE ( 'NONE', #1543, #793, #2730, .T. ) ;
#919 = VERTEX_POINT ( 'NONE', #3476 ) ;
#920 = LINE ( 'NONE', #1261, #941 ) ;
#921 = DIRECTION ( 'NONE',  ( 1.000000000000000000, 0.000000000000000000, 0.000000000000000000 ) ) ;
#922 = ORIENTED_EDGE ( 'NONE', *, *, #3054, .F. ) ;
#923 = ORIENTED_EDGE ( 'NONE', *, *, #458, .F. ) ;
#924 = EDGE_CURVE ( 'NONE', #1738, #1205, #1289, .T. ) ;
#925 = DIRECTION ( 'NONE',  ( 0.000000000000000000, 0.000000000000000000, 1.000000000000000000 ) ) ;
#926 = DIRECTION ( 'NONE',  ( 0.000000000000000000, -1.000000000000000000, 0.000000000000000000 ) ) ;
#927 = ORIENTED_EDGE ( 'NONE', *, *, #1619, .F. ) ;
#928 = DIRECTION ( 'NONE',  ( 1.000000000000000000, 0.000000000000000000, 0.000000000000000000 ) ) ;
#929 = EDGE_CURVE ( 'NONE', #2238, #1824, #2140, .T. ) ;
#930 = LINE ( 'NONE', #2498, #1118 ) ;
#931 = CARTESIAN_POINT ( 'NONE',  ( -0.08858267716535433989, 0.1823374350353732243, -0.07283464566929134798 ) ) ;
#932 = VERTEX_POINT ( 'NONE', #1004 ) ;
#933 = VECTOR ( 'NONE', #2891, 39.37007874015748143 ) ;
#934 = CARTESIAN_POINT ( 'NONE',  ( 0.1614173228346456879, 0.007874015748031495954, 0.07480314960629921850 ) ) ;
#935 = ADVANCED_FACE ( 'NONE', ( #2700 ), #2099, .F. ) ;
#936 = CARTESIAN_POINT ( 'NONE',  ( 0.1614173228346456879, 0.02755905511811023584, 0.1023622047244094613 ) ) ;
#937 = CIRCLE ( 'NONE', #1744, 0.02362204724409448092 ) ;
#938 = ORIENTED_EDGE ( 'NONE', *, *, #2013, .F. ) ;
#939 = CARTESIAN_POINT ( 'NONE',  ( -0.1496062992125984370, 0.03149606299212598381, -0.1023622047244094613 ) ) ;
#940 = VECTOR ( 'NONE', #62, 39.37007874015748143 ) ;
#941 = VECTOR ( 'NONE', #386, 39.37007874015748143 ) ;
#942 = EDGE_CURVE ( 'NONE', #855, #2052, #366, .T. ) ;
#943 = CARTESIAN_POINT ( 'NONE',  ( -0.1122047244094488277, 0.1299212598425196763, -0.1122047244094488277 ) ) ;
#944 = AXIS2_PLACEMENT_3D ( 'NONE', #1436, #3085, #2537 ) ;
#945 = VECTOR ( 'NONE', #1973, 39.37007874015748143 ) ;
#946 = DIRECTION ( 'NONE',  ( 0.000000000000000000, 0.000000000000000000, -1.000000000000000000 ) ) ;
#947 = ORIENTED_EDGE ( 'NONE', *, *, #2066, .F. ) ;
#948 = ORIENTED_EDGE ( 'NONE', *, *, #2790, .T. ) ;
#949 = CARTESIAN_POINT ( 'NONE',  ( 0.1122047244094488277, 0.1377952755905511861, -0.1122047244094488277 ) ) ;
#950 = VECTOR ( 'NONE', #2814, 39.37007874015748143 ) ;
#951 = EDGE_CURVE ( 'NONE', #793, #2409, #1077, .T. ) ;
#952 = PLANE ( 'NONE',  #84 ) ;
#953 = AXIS2_PLACEMENT_3D ( 'NONE', #2720, #2179, #258 ) ;
#954 = CARTESIAN_POINT ( 'NONE',  ( 0.1535433070866141780, 0.02755905511811023584, -0.1023622047244094613 ) ) ;
#955 = AXIS2_PLACEMENT_3D ( 'NONE', #465, #1489, #1814 ) ;
#956 = CARTESIAN_POINT ( 'NONE',  ( 0.1968503937007874127, -0.003937007874015747977, 0.07480314960629921850 ) ) ;
#957 = ORIENTED_EDGE ( 'NONE', *, *, #951, .F. ) ;
#958 = CIRCLE ( 'NONE', #2977, 0.02362204724409448092 ) ;
#959 = DIRECTION ( 'NONE',  ( 0.000000000000000000, -1.000000000000000000, 0.000000000000000000 ) ) ;
#960 = SURFACE_STYLE_USAGE ( .BOTH. , #2888 ) ;
#961 = ORIENTED_EDGE ( 'NONE', *, *, #758, .T. ) ;
#962 = FACE_OUTER_BOUND ( 'NONE', #161, .T. ) ;
#963 = FACE_OUTER_BOUND ( 'NONE', #2394, .T. ) ;
#964 = ORIENTED_EDGE ( 'NONE', *, *, #2477, .T. ) ;
#965 = CARTESIAN_POINT ( 'NONE',  ( -0.1496062992125984370, 0.03937007874015747977, -0.1023622047244094613 ) ) ;
#966 = EDGE_LOOP ( 'NONE', ( #2765, #692 ) ) ;
#967 = FACE_OUTER_BOUND ( 'NONE', #2868, .T. ) ;
#968 = CARTESIAN_POINT ( 'NONE',  ( 0.1535433070866141780, 0.02755905511811023584, -0.1023622047244094613 ) ) ;
#969 = ADVANCED_FACE ( 'NONE', ( #2920 ), #1309, .F. ) ;
#970 = CARTESIAN_POINT ( 'NONE',  ( 0.1496062992125984370, 0.03937007874015747977, 0.07480314960629921850 ) ) ;
#971 = ORIENTED_EDGE ( 'NONE', *, *, #1832, .T. ) ;
#972 = CARTESIAN_POINT ( 'NONE',  ( 0.08858267716535433989, 0.1377952755905511861, -0.08858267716535433989 ) ) ;
#973 = CARTESIAN_POINT ( 'NONE',  ( -0.1122047244094488277, 0.1299212598425196763, -0.1122047244094488277 ) ) ;
#974 = EDGE_CURVE ( 'NONE', #3242, #778, #2427, .T. ) ;
#975 = ORIENTED_EDGE ( 'NONE', *, *, #243, .T. ) ;
#976 = FACE_OUTER_BOUND ( 'NONE', #2760, .T. ) ;
#977 = DIRECTION ( 'NONE',  ( 0.000000000000000000, 0.000000000000000000, 1.000000000000000000 ) ) ;
#978 = ORIENTED_EDGE ( 'NONE', *, *, #3021, .F. ) ;
#979 = EDGE_CURVE ( 'NONE', #2414, #149, #2143, .T. ) ;
#980 = ORIENTED_EDGE ( 'NONE', *, *, #3439, .F. ) ;
#981 = FACE_OUTER_BOUND ( 'NONE', #1390, .T. ) ;
#982 = ORIENTED_EDGE ( 'NONE', *, *, #816, .T. ) ;
#983 = DIRECTION ( 'NONE',  ( 0.000000000000000000, -1.000000000000000000, 0.000000000000000000 ) ) ;
#984 = CYLINDRICAL_SURFACE ( 'NONE', #263, 0.003937007874015758385 ) ;
#985 = LINE ( 'NONE', #2390, #897 ) ;
#986 = EDGE_CURVE ( 'NONE', #2031, #1873, #476, .T. ) ;
#987 = EDGE_CURVE ( 'NONE', #1661, #1977, #2934, .T. ) ;
#988 = ORIENTED_EDGE ( 'NONE', *, *, #2307, .F. ) ;
#989 = CARTESIAN_POINT ( 'NONE',  ( -0.08858267716535433989, 0.1299212598425196763, 0.08858267716535433989 ) ) ;
#990 = DIRECTION ( 'NONE',  ( 0.000000000000000000, 0.000000000000000000, -1.000000000000000000 ) ) ;
#991 = VERTEX_POINT ( 'NONE', #3007 ) ;
#992 = DIRECTION ( 'NONE',  ( 0.000000000000000000, 0.000000000000000000, -1.000000000000000000 ) ) ;
#993 = VECTOR ( 'NONE', #1470, 39.37007874015748143 ) ;
#994 = CYLINDRICAL_SURFACE ( 'NONE', #3094, 0.005905511811023620231 ) ;
#995 = VECTOR ( 'NONE', #1252, 39.37007874015748143 ) ;
#996 = AXIS2_PLACEMENT_3D ( 'NONE', #2985, #1300, #2707 ) ;
#997 = ORIENTED_EDGE ( 'NONE', *, *, #862, .T. ) ;
#998 = LINE ( 'NONE', #443, #134 ) ;
#999 = VECTOR ( 'NONE', #1, 39.37007874015748143 ) ;
#1000 = PRESENTATION_LAYER_ASSIGNMENT (  '', '', ( #3078 ) ) ;
#1001 = EDGE_LOOP ( 'NONE', ( #1439, #279, #290, #432 ) ) ;
#1002 = CARTESIAN_POINT ( 'NONE',  ( -0.1653543307086614567, -0.003937007874015747977, -0.07480314960629921850 ) ) ;
#1003 = AXIS2_PLACEMENT_3D ( 'NONE', #3041, #1649, #324 ) ;
#1004 = CARTESIAN_POINT ( 'NONE',  ( 0.08858267716535433989, 0.1377952755905511861, -0.07283464566929134798 ) ) ;
#1005 = VECTOR ( 'NONE', #911, 39.37007874015748143 ) ;
#1006 = LINE ( 'NONE', #697, #1413 ) ;
#1007 = ORIENTED_EDGE ( 'NONE', *, *, #1767, .T. ) ;
#1008 = CARTESIAN_POINT ( 'NONE',  ( -0.1181102362204724532, 0.03937007874015747977, -0.1023622047244094613 ) ) ;
#1009 = LINE ( 'NONE', #1585, #3323 ) ;
#1010 = AXIS2_PLACEMENT_3D ( 'NONE', #2231, #1435, #70 ) ;
#1011 = ORIENTED_EDGE ( 'NONE', *, *, #2598, .F. ) ;
#1012 = LINE ( 'NONE', #2357, #78 ) ;
#1013 = AXIS2_PLACEMENT_3D ( 'NONE', #1840, #1565, #1822 ) ;
#1014 = ORIENTED_EDGE ( 'NONE', *, *, #1105, .F. ) ;
#1015 = ORIENTED_EDGE ( 'NONE', *, *, #2930, .F. ) ;
#1016 = CARTESIAN_POINT ( 'NONE',  ( 0.1496062992125984370, 0.02755905511811023584, -0.1023622047244094613 ) ) ;
#1017 = DIRECTION ( 'NONE',  ( 0.000000000000000000, -1.000000000000000000, 0.000000000000000000 ) ) ;
#1018 = ORIENTED_EDGE ( 'NONE', *, *, #1201, .F. ) ;
#1019 = DIRECTION ( 'NONE',  ( 7.228014483236699514E-17, 0.000000000000000000, 1.000000000000000000 ) ) ;
#1020 = DIRECTION ( 'NONE',  ( 0.000000000000000000, 0.000000000000000000, 1.000000000000000000 ) ) ;
#1021 = CARTESIAN_POINT ( 'NONE',  ( -0.08858267716535433989, 0.1377952755905511861, -0.08858267716535433989 ) ) ;
#1022 = DIRECTION ( 'NONE',  ( 0.000000000000000000, 0.000000000000000000, 1.000000000000000000 ) ) ;
#1023 = ORIENTED_EDGE ( 'NONE', *, *, #2958, .F. ) ;
#1024 = DIRECTION ( 'NONE',  ( 0.000000000000000000, 0.000000000000000000, -1.000000000000000000 ) ) ;
#1025 = EDGE_CURVE ( 'NONE', #2289, #468, #305, .T. ) ;
#1026 = FACE_OUTER_BOUND ( 'NONE', #866, .T. ) ;
#1027 = DIMENSIONAL_EXPONENTS ( 1.000000000000000000, 0.000000000000000000, 0.000000000000000000, 0.000000000000000000, 0.000000000000000000, 0.000000000000000000, 0.000000000000000000 ) ;
#1028 = ORIENTED_EDGE ( 'NONE', *, *, #446, .F. ) ;
#1029 = DIRECTION ( 'NONE',  ( 0.000000000000000000, 1.000000000000000000, 0.000000000000000000 ) ) ;
#1030 = DIRECTION ( 'NONE',  ( 0.000000000000000000, 1.000000000000000000, 0.000000000000000000 ) ) ;
#1031 = ORIENTED_EDGE ( 'NONE', *, *, #3222, .T. ) ;
#1032 = EDGE_CURVE ( 'NONE', #3390, #3317, #1917, .T. ) ;
#1033 = ORIENTED_EDGE ( 'NONE', *, *, #3000, .F. ) ;
#1034 = DIRECTION ( 'NONE',  ( 0.000000000000000000, -1.000000000000000000, 0.000000000000000000 ) ) ;
#1035 = ORIENTED_EDGE ( 'NONE', *, *, #662, .F. ) ;
#1036 = LINE ( 'NONE', #3529, #3490 ) ;
#1037 = CARTESIAN_POINT ( 'NONE',  ( -0.08858267716535433989, 0.1823374350353732243, -0.1043307086614173457 ) ) ;
#1038 = EDGE_CURVE ( 'NONE', #2452, #455, #821, .T. ) ;
#1039 = LINE ( 'NONE', #3230, #1797 ) ;
#1040 = DIRECTION ( 'NONE',  ( 0.000000000000000000, 1.000000000000000000, 0.000000000000000000 ) ) ;
#1041 = ORIENTED_EDGE ( 'NONE', *, *, #402, .F. ) ;
#1042 = FACE_BOUND ( 'NONE', #523, .T. ) ;
#1043 = ORIENTED_EDGE ( 'NONE', *, *, #3070, .F. ) ;
#1044 = EDGE_CURVE ( 'NONE', #2137, #2360, #1051, .T. ) ;
#1045 = DIRECTION ( 'NONE',  ( 0.000000000000000000, -1.000000000000000000, 0.000000000000000000 ) ) ;
#1046 = FILL_AREA_STYLE_COLOUR ( '', #595 ) ;
#1047 = APPLICATION_PROTOCOL_DEFINITION ( 'draft international standard', 'automotive_design', 1998, #1667 ) ;
#1048 = VERTEX_POINT ( 'NONE', #820 ) ;
#1049 = ORIENTED_EDGE ( 'NONE', *, *, #3177, .T. ) ;
#1050 = DIRECTION ( 'NONE',  ( 0.000000000000000000, -1.000000000000000000, 0.000000000000000000 ) ) ;
#1051 = CIRCLE ( 'NONE', #1508, 0.005905511811023620231 ) ;
#1052 = EDGE_LOOP ( 'NONE', ( #3459, #2694 ) ) ;
#1053 = CYLINDRICAL_SURFACE ( 'NONE', #1469, 0.07283464566929134798 ) ;
#1054 = DIRECTION ( 'NONE',  ( 1.000000000000000000, 0.000000000000000000, 0.000000000000000000 ) ) ;
#1055 = DIRECTION ( 'NONE',  ( 0.000000000000000000, 1.000000000000000000, 0.000000000000000000 ) ) ;
#1056 =( GEOMETRIC_REPRESENTATION_CONTEXT ( 3 ) GLOBAL_UNCERTAINTY_ASSIGNED_CONTEXT ( ( #2319 ) ) GLOBAL_UNIT_ASSIGNED_CONTEXT ( ( #414, #2887, #700 ) ) REPRESENTATION_CONTEXT ( 'NONE', 'WORKASPACE' ) );
#1057 = ADVANCED_FACE ( 'NONE', ( #1939 ), #847, .F. ) ;
#1058 = SPHERICAL_SURFACE ( 'NONE', #1068, 0.03937007874015747977 ) ;
#1059 = TOROIDAL_SURFACE ( 'NONE', #3543, 0.05931745287789588761, 0.005905511811023621965 ) ;
#1060 = CIRCLE ( 'NONE', #1515, 0.01574803149606299191 ) ;
#1061 = EDGE_LOOP ( 'NONE', ( #2987, #1855 ) ) ;
#1062 = CARTESIAN_POINT ( 'NONE',  ( -0.1614173228346456879, 0.007874015748031495954, -0.07480314960629921850 ) ) ;
#1063 = AXIS2_PLACEMENT_3D ( 'NONE', #201, #3421, #2650 ) ;
#1064 = DIRECTION ( 'NONE',  ( 1.000000000000000000, -1.734723475976804925E-15, 0.000000000000000000 ) ) ;
#1065 = VERTEX_POINT ( 'NONE', #1094 ) ;
#1066 = AXIS2_PLACEMENT_3D ( 'NONE', #3519, #3307, #2408 ) ;
#1067 = LINE ( 'NONE', #1644, #882 ) ;
#1068 = AXIS2_PLACEMENT_3D ( 'NONE', #792, #1653, #1849 ) ;
#1069 = DIRECTION ( 'NONE',  ( -1.734723475976804925E-15, -1.000000000000000000, 0.000000000000000000 ) ) ;
#1070 = EDGE_LOOP ( 'NONE', ( #2979, #923, #2967, #8 ) ) ;
#1071 = VERTEX_POINT ( 'NONE', #3324 ) ;
#1072 = CARTESIAN_POINT ( 'NONE',  ( 0.1496062992125984370, 0.03149606299212598381, -0.07480314960629921850 ) ) ;
#1073 = PRODUCT_DEFINITION_FORMATION_WITH_SPECIFIED_SOURCE ( 'ANY', '', #666, .NOT_KNOWN. ) ;
#1074 = VERTEX_POINT ( 'NONE', #553 ) ;
#1075 = LINE ( 'NONE', #1845, #2745 ) ;
#1076 = DIRECTION ( 'NONE',  ( 0.000000000000000000, 0.000000000000000000, 1.000000000000000000 ) ) ;
#1077 = LINE ( 'NONE', #1813, #1222 ) ;
#1078 = DIRECTION ( 'NONE',  ( 0.000000000000000000, 1.000000000000000000, 0.000000000000000000 ) ) ;
#1079 = ORIENTED_EDGE ( 'NONE', *, *, #2577, .F. ) ;
#1080 = DIRECTION ( 'NONE',  ( -1.000000000000000000, 0.000000000000000000, 0.000000000000000000 ) ) ;
#1081 = DIRECTION ( 'NONE',  ( 0.000000000000000000, -1.000000000000000000, 0.000000000000000000 ) ) ;
#1082 = ORIENTED_EDGE ( 'NONE', *, *, #2679, .T. ) ;
#1083 = SURFACE_SIDE_STYLE ('',( #1874 ) ) ;
#1084 = EDGE_CURVE ( 'NONE', #14, #3084, #1452, .T. ) ;
#1085 = DIRECTION ( 'NONE',  ( 1.000000000000000000, 0.000000000000000000, 0.000000000000000000 ) ) ;
#1086 = ORIENTED_EDGE ( 'NONE', *, *, #717, .F. ) ;
#1087 = VERTEX_POINT ( 'NONE', #328 ) ;
#1088 = LINE ( 'NONE', #2255, #2038 ) ;
#1089 = EDGE_LOOP ( 'NONE', ( #567, #509, #741, #267 ) ) ;
#1090 = EDGE_CURVE ( 'NONE', #1546, #259, #570, .T. ) ;
#1091 = DIRECTION ( 'NONE',  ( 0.000000000000000000, 0.000000000000000000, 1.000000000000000000 ) ) ;
#1092 = LINE ( 'NONE', #3513, #2210 ) ;
#1093 = EDGE_CURVE ( 'NONE', #2843, #712, #1422, .T. ) ;
#1094 = CARTESIAN_POINT ( 'NONE',  ( 0.000000000000000000, 0.2108980767377087451, 0.06521687339094880964 ) ) ;
#1095 = DIRECTION ( 'NONE',  ( 0.000000000000000000, 0.000000000000000000, -1.000000000000000000 ) ) ;
#1096 = ORIENTED_EDGE ( 'NONE', *, *, #2440, .T. ) ;
#1097 = DIRECTION ( 'NONE',  ( 0.000000000000000000, 0.000000000000000000, 1.000000000000000000 ) ) ;
#1098 = ADVANCED_FACE ( 'NONE', ( #3082, #1136, #2473, #3343, #288 ), #1380, .T. ) ;
#1099 = ADVANCED_FACE ( 'NONE', ( #272 ), #589, .F. ) ;
#1100 = ADVANCED_FACE ( 'NONE', ( #1633 ), #56, .F. ) ;
#1101 = DIRECTION ( 'NONE',  ( 7.228014483236699514E-17, 0.000000000000000000, 1.000000000000000000 ) ) ;
#1102 = EDGE_LOOP ( 'NONE', ( #1788, #298, #3520, #2002 ) ) ;
#1103 = DIRECTION ( 'NONE',  ( -1.000000000000000000, 0.000000000000000000, 0.000000000000000000 ) ) ;
#1104 = CARTESIAN_POINT ( 'NONE',  ( 0.08858267716535433989, 0.1456692913385826960, 0.08858267716535433989 ) ) ;
#1105 = EDGE_CURVE ( 'NONE', #1833, #617, #937, .T. ) ;
#1106 = ORIENTED_EDGE ( 'NONE', *, *, #3183, .F. ) ;
#1107 = ORIENTED_EDGE ( 'NONE', *, *, #619, .F. ) ;
#1108 = FACE_OUTER_BOUND ( 'NONE', #2534, .T. ) ;
#1109 = ORIENTED_EDGE ( 'NONE', *, *, #224, .F. ) ;
#1110 = CARTESIAN_POINT ( 'NONE',  ( 0.1653543307086614567, 0.007874015748031495954, -0.07480314960629921850 ) ) ;
#1111 = DIRECTION ( 'NONE',  ( 0.000000000000000000, 1.000000000000000000, 0.000000000000000000 ) ) ;
#1112 = DIRECTION ( 'NONE',  ( 0.000000000000000000, 0.000000000000000000, 1.000000000000000000 ) ) ;
#1113 = DIRECTION ( 'NONE',  ( 0.000000000000000000, 0.000000000000000000, 1.000000000000000000 ) ) ;
#1114 = EDGE_LOOP ( 'NONE', ( #449, #2109, #2294, #1486 ) ) ;
#1115 = CIRCLE ( 'NONE', #256, 0.003937007874015741038 ) ;
#1116 = AXIS2_PLACEMENT_3D ( 'NONE', #2392, #1887, #487 ) ;
#1117 = CARTESIAN_POINT ( 'NONE',  ( 0.08858267716535433989, 0.1456692913385826960, -0.1122047244094488277 ) ) ;
#1118 = VECTOR ( 'NONE', #916, 39.37007874015748143 ) ;
#1119 = AXIS2_PLACEMENT_3D ( 'NONE', #954, #2049, #3156 ) ;
#1120 = DIRECTION ( 'NONE',  ( 0.000000000000000000, 0.000000000000000000, -1.000000000000000000 ) ) ;
#1121 = VERTEX_POINT ( 'NONE', #2815 ) ;
#1122 = DIRECTION ( 'NONE',  ( 1.000000000000000000, 0.000000000000000000, 0.000000000000000000 ) ) ;
#1123 = AXIS2_PLACEMENT_3D ( 'NONE', #1377, #584, #623 ) ;
#1124 = CARTESIAN_POINT ( 'NONE',  ( -0.08858267716535433989, 0.1377952755905511861, 0.07283464566929134798 ) ) ;
#1125 = EDGE_CURVE ( 'NONE', #1844, #2674, #2721, .T. ) ;
#1126 = AXIS2_PLACEMENT_3D ( 'NONE', #2744, #1351, #3330 ) ;
#1127 = ORIENTED_EDGE ( 'NONE', *, *, #786, .T. ) ;
#1128 = ORIENTED_EDGE ( 'NONE', *, *, #1411, .F. ) ;
#1129 = EDGE_CURVE ( 'NONE', #1048, #3511, #1626, .T. ) ;
#1130 = AXIS2_PLACEMENT_3D ( 'NONE', #822, #1920, #3031 ) ;
#1131 = CARTESIAN_POINT ( 'NONE',  ( 0.1496062992125984370, 0.03149606299212598381, -0.1023622047244094613 ) ) ;
#1132 = ORIENTED_EDGE ( 'NONE', *, *, #3027, .T. ) ;
#1133 = DIRECTION ( 'NONE',  ( 1.000000000000000000, 0.000000000000000000, 0.000000000000000000 ) ) ;
#1134 = DIRECTION ( 'NONE',  ( 1.000000000000000000, -1.734723475976804925E-15, 0.000000000000000000 ) ) ;
#1135 = CIRCLE ( 'NONE', #497, 0.01181102362204724046 ) ;
#1136 = FACE_BOUND ( 'NONE', #69, .T. ) ;
#1137 = DIRECTION ( 'NONE',  ( 0.000000000000000000, 0.000000000000000000, 1.000000000000000000 ) ) ;
#1138 = FACE_OUTER_BOUND ( 'NONE', #520, .T. ) ;
#1139 = LINE ( 'NONE', #348, #2211 ) ;
#1140 = CARTESIAN_POINT ( 'NONE',  ( 7.955382750366665093E-18, 0.2165354330708661457, 0.06496062992125985203 ) ) ;
#1141 = EDGE_CURVE ( 'NONE', #2669, #2667, #185, .T. ) ;
#1142 = ORIENTED_EDGE ( 'NONE', *, *, #1548, .T. ) ;
#1143 = DIRECTION ( 'NONE',  ( 1.000000000000000000, -1.016439536705159791E-16, 0.000000000000000000 ) ) ;
#1144 = CARTESIAN_POINT ( 'NONE',  ( -0.1181102362204724532, 0.03149606299212598381, 0.07480314960629921850 ) ) ;
#1145 = VERTEX_POINT ( 'NONE', #2588 ) ;
#1146 = VERTEX_POINT ( 'NONE', #1200 ) ;
#1147 = CARTESIAN_POINT ( 'NONE',  ( 0.1181102362204724532, 0.03937007874015747977, 0.1023622047244094613 ) ) ;
#1148 = EDGE_CURVE ( 'NONE', #3221, #2238, #3396, .T. ) ;
#1149 = CARTESIAN_POINT ( 'NONE',  ( -0.1653543307086614567, 0.003937007874015747977, -0.1023622047244094613 ) ) ;
#1150 = LINE ( 'NONE', #2546, #1979 ) ;
#1151 = DIRECTION ( 'NONE',  ( 0.000000000000000000, 0.000000000000000000, 1.000000000000000000 ) ) ;
#1152 =( CONVERSION_BASED_UNIT ( 'INCH', #2574 ) LENGTH_UNIT ( ) NAMED_UNIT ( #2639 ) );
#1153 = DIRECTION ( 'NONE',  ( -1.000000000000000000, 0.000000000000000000, 0.000000000000000000 ) ) ;
#1154 =( NAMED_UNIT ( * ) PLANE_ANGLE_UNIT ( ) SI_UNIT ( $, .RADIAN. ) );
#1155 = ORIENTED_EDGE ( 'NONE', *, *, #2535, .T. ) ;
#1156 = CARTESIAN_POINT ( 'NONE',  ( 0.1181102362204724532, 0.1299212598425196763, -0.1122047244094488277 ) ) ;
#1157 = ORIENTED_EDGE ( 'NONE', *, *, #441, .T. ) ;
#1158 = ORIENTED_EDGE ( 'NONE', *, *, #1570, .F. ) ;
#1159 = CARTESIAN_POINT ( 'NONE',  ( 0.1535433070866141780, 0.02755905511811023584, 0.1023622047244094613 ) ) ;
#1160 = LINE ( 'NONE', #3043, #3388 ) ;
#1161 = LINE ( 'NONE', #587, #2438 ) ;
#1162 = DIRECTION ( 'NONE',  ( 0.000000000000000000, -1.000000000000000000, 0.000000000000000000 ) ) ;
#1163 = CARTESIAN_POINT ( 'NONE',  ( -0.1181102362204724532, 0.1299212598425196763, -0.1181102362204724532 ) ) ;
#1164 = EDGE_CURVE ( 'NONE', #560, #3335, #2202, .T. ) ;
#1165 = AXIS2_PLACEMENT_3D ( 'NONE', #2601, #2281, #136 ) ;
#1166 = AXIS2_PLACEMENT_3D ( 'NONE', #3455, #2597, #2618 ) ;
#1167 = CARTESIAN_POINT ( 'NONE',  ( -0.08858267716535433989, 0.1456692913385826960, 0.06496062992125986590 ) ) ;
#1168 = AXIS2_PLACEMENT_3D ( 'NONE', #2773, #3062, #2209 ) ;
#1169 = CIRCLE ( 'NONE', #1338, 0.01574803149606299885 ) ;
#1170 = ORIENTED_EDGE ( 'NONE', *, *, #1364, .T. ) ;
#1171 = DIRECTION ( 'NONE',  ( -1.734723475976804925E-15, 1.000000000000000000, 0.000000000000000000 ) ) ;
#1172 = SURFACE_STYLE_USAGE ( .BOTH. , #2507 ) ;
#1173 = AXIS2_PLACEMENT_3D ( 'NONE', #347, #58, #109 ) ;
#1174 = AXIS2_PLACEMENT_3D ( 'NONE', #450, #97, #3418 ) ;
#1175 = ORIENTED_EDGE ( 'NONE', *, *, #309, .F. ) ;
#1176 = CIRCLE ( 'NONE', #714, 0.01574803149606299191 ) ;
#1177 = ORIENTED_EDGE ( 'NONE', *, *, #3278, .F. ) ;
#1178 = CIRCLE ( 'NONE', #3199, 0.01181102362204724046 ) ;
#1179 = DIRECTION ( 'NONE',  ( -1.000000000000000000, -1.016439536705159791E-16, 0.000000000000000000 ) ) ;
#1180 = FACE_OUTER_BOUND ( 'NONE', #2837, .T. ) ;
#1181 = DIRECTION ( 'NONE',  ( 1.000000000000000000, 0.000000000000000000, 0.000000000000000000 ) ) ;
#1182 = ORIENTED_EDGE ( 'NONE', *, *, #2000, .F. ) ;
#1183 = CIRCLE ( 'NONE', #1464, 0.01574803149606299191 ) ;
#1184 = CARTESIAN_POINT ( 'NONE',  ( 0.1653543307086614567, 0.003937007874015747977, 0.1023622047244094613 ) ) ;
#1185 = CARTESIAN_POINT ( 'NONE',  ( -0.1653543307086614567, -0.003937007874015747977, -0.1023622047244094613 ) ) ;
#1186 = DIRECTION ( 'NONE',  ( -1.000000000000000000, 0.000000000000000000, 0.000000000000000000 ) ) ;
#1187 = AXIS2_PLACEMENT_3D ( 'NONE', #501, #1596, #1650 ) ;
#1188 = PLANE ( 'NONE',  #491 ) ;
#1189 = EDGE_CURVE ( 'NONE', #3541, #3352, #3168, .T. ) ;
#1190 = ORIENTED_EDGE ( 'NONE', *, *, #2046, .F. ) ;
#1191 = CARTESIAN_POINT ( 'NONE',  ( 0.1653543307086614567, -0.003937007874015747977, 0.1023622047244094613 ) ) ;
#1192 = SPHERICAL_SURFACE ( 'NONE', #2320, 0.03937007874015747977 ) ;
#1193 = EDGE_CURVE ( 'NONE', #409, #3096, #1447, .T. ) ;
#1194 = ORIENTED_EDGE ( 'NONE', *, *, #786, .F. ) ;
#1195 = EDGE_LOOP ( 'NONE', ( #1676, #961, #3516, #3014 ) ) ;
#1196 = FACE_OUTER_BOUND ( 'NONE', #416, .T. ) ;
#1197 = DIRECTION ( 'NONE',  ( 0.000000000000000000, 0.000000000000000000, 1.000000000000000000 ) ) ;
#1198 = DIRECTION ( 'NONE',  ( 0.000000000000000000, -1.000000000000000000, 0.000000000000000000 ) ) ;
#1199 = ORIENTED_EDGE ( 'NONE', *, *, #3131, .T. ) ;
#1200 = CARTESIAN_POINT ( 'NONE',  ( 8.919671568592926781E-18, 0.1299212598425196763, -0.07283464566929134798 ) ) ;
#1201 = EDGE_CURVE ( 'NONE', #229, #1429, #660, .T. ) ;
#1202 = CYLINDRICAL_SURFACE ( 'NONE', #1753, 0.01574803149606299191 ) ;
#1203 = CARTESIAN_POINT ( 'NONE',  ( 0.1614173228346456879, 0.02755905511811023584, 0.1023622047244094613 ) ) ;
#1204 = FILL_AREA_STYLE_COLOUR ( '', #1579 ) ;
#1205 = VERTEX_POINT ( 'NONE', #3116 ) ;
#1206 = CYLINDRICAL_SURFACE ( 'NONE', #3252, 0.01574803149606299191 ) ;
#1207 =( NAMED_UNIT ( * ) SI_UNIT ( $, .STERADIAN. ) SOLID_ANGLE_UNIT ( ) );
#1208 = ADVANCED_FACE ( 'NONE', ( #1763 ), #424, .T. ) ;
#1209 = ORIENTED_EDGE ( 'NONE', *, *, #2254, .T. ) ;
#1210 = DIRECTION ( 'NONE',  ( -0.000000000000000000, 1.000000000000000000, 0.000000000000000000 ) ) ;
#1211 = ADVANCED_FACE ( 'NONE', ( #3100 ), #2572, .T. ) ;
#1212 = DIRECTION ( 'NONE',  ( 0.000000000000000000, 0.000000000000000000, 1.000000000000000000 ) ) ;
#1213 = PLANE ( 'NONE',  #728 ) ;
#1214 = VERTEX_POINT ( 'NONE', #3135 ) ;
#1215 = CARTESIAN_POINT ( 'NONE',  ( -0.1653543307086614567, 0.007874015748031495954, -0.1023622047244094613 ) ) ;
#1216 = DIRECTION ( 'NONE',  ( 0.000000000000000000, 0.000000000000000000, -1.000000000000000000 ) ) ;
#1217 = CARTESIAN_POINT ( 'NONE',  ( -0.1496062992125984370, 0.03149606299212598381, 0.07480314960629921850 ) ) ;
#1218 = LINE ( 'NONE', #2077, #2219 ) ;
#1219 = EDGE_LOOP ( 'NONE', ( #1311, #3075, #2282, #2655 ) ) ;
#1220 = DIRECTION ( 'NONE',  ( -1.000000000000000000, 0.000000000000000000, 0.000000000000000000 ) ) ;
#1221 =( CONVERSION_BASED_UNIT ( 'INCH', #2581 ) LENGTH_UNIT ( ) NAMED_UNIT ( #2969 ) );
#1222 = VECTOR ( 'NONE', #2992, 39.37007874015748143 ) ;
#1223 = AXIS2_PLACEMENT_3D ( 'NONE', #2941, #2693, #223 ) ;
#1224 = VERTEX_POINT ( 'NONE', #1790 ) ;
#1225 = DIRECTION ( 'NONE',  ( 0.000000000000000000, -1.000000000000000000, 0.000000000000000000 ) ) ;
#1226 = COLOUR_RGB ( '',0.7921568627450980005, 0.8196078431372548767, 0.9333333333333333481 ) ;
#1227 = AXIS2_PLACEMENT_3D ( 'NONE', #2123, #2407, #1080 ) ;
#1228 = CIRCLE ( 'NONE', #1284, 0.01574803149606299885 ) ;
#1229 = VECTOR ( 'NONE', #1923, 39.37007874015748143 ) ;
#1230 = CARTESIAN_POINT ( 'NONE',  ( -0.1968503937007874127, 0.003937007874015747977, 0.1023622047244094613 ) ) ;
#1231 = ADVANCED_FACE ( 'NONE', ( #395 ), #89, .T. ) ;
#1232 = ORIENTED_EDGE ( 'NONE', *, *, #241, .T. ) ;
#1233 = DIRECTION ( 'NONE',  ( -1.000000000000000000, 0.000000000000000000, 0.000000000000000000 ) ) ;
#1234 = VECTOR ( 'NONE', #3371, 39.37007874015748143 ) ;
#1235 = VERTEX_POINT ( 'NONE', #3426 ) ;
#1236 = CYLINDRICAL_SURFACE ( 'NONE', #3480, 0.01574803149606299191 ) ;
#1237 = CIRCLE ( 'NONE', #953, 0.01574803149606299191 ) ;
#1238 = CARTESIAN_POINT ( 'NONE',  ( 0.08858267716535433989, 0.1299212598425196763, 0.1043307086614173457 ) ) ;
#1239 = VECTOR ( 'NONE', #2921, 39.37007874015748143 ) ;
#1240 = DIRECTION ( 'NONE',  ( 0.000000000000000000, -1.000000000000000000, 0.000000000000000000 ) ) ;
#1241 = ORIENTED_EDGE ( 'NONE', *, *, #2701, .T. ) ;
#1242 = VECTOR ( 'NONE', #3113, 39.37007874015748143 ) ;
#1243 = DIRECTION ( 'NONE',  ( 0.000000000000000000, 1.000000000000000000, 0.000000000000000000 ) ) ;
#1244 = FACE_OUTER_BOUND ( 'NONE', #384, .T. ) ;
#1245 = VECTOR ( 'NONE', #1069, 39.37007874015748143 ) ;
#1246 = EDGE_CURVE ( 'NONE', #782, #2622, #2488, .T. ) ;
#1247 = ORIENTED_EDGE ( 'NONE', *, *, #600, .T. ) ;
#1248 = LINE ( 'NONE', #2343, #765 ) ;
#1249 = CARTESIAN_POINT ( 'NONE',  ( -0.1122047244094488277, 0.1299212598425196763, -0.1181102362204724532 ) ) ;
#1250 = ORIENTED_EDGE ( 'NONE', *, *, #2254, .F. ) ;
#1251 = VERTEX_POINT ( 'NONE', #1518 ) ;
#1252 = DIRECTION ( 'NONE',  ( -1.734723475976804925E-15, -1.000000000000000000, 0.000000000000000000 ) ) ;
#1253 = EDGE_CURVE ( 'NONE', #2622, #782, #2956, .T. ) ;
#1254 = ORIENTED_EDGE ( 'NONE', *, *, #675, .F. ) ;
#1255 = DIRECTION ( 'NONE',  ( 1.000000000000000000, 0.000000000000000000, 0.000000000000000000 ) ) ;
#1256 = DIRECTION ( 'NONE',  ( -1.000000000000000000, 0.000000000000000000, 0.000000000000000000 ) ) ;
#1257 = ADVANCED_FACE ( 'NONE', ( #679 ), #2295, .T. ) ;
#1258 = EDGE_CURVE ( 'NONE', #2674, #174, #1497, .T. ) ;
#1259 = DIRECTION ( 'NONE',  ( -7.228014483236699514E-17, 0.000000000000000000, -1.000000000000000000 ) ) ;
#1260 = ORIENTED_EDGE ( 'NONE', *, *, #2001, .T. ) ;
#1261 = CARTESIAN_POINT ( 'NONE',  ( 0.1535433070866141780, 0.007874015748031495954, 0.1023622047244094613 ) ) ;
#1262 = FILL_AREA_STYLE_COLOUR ( '', #138 ) ;
#1263 = EDGE_LOOP ( 'NONE', ( #3353, #3395, #1317, #2172 ) ) ;
#1264 = PLANE ( 'NONE',  #3186 ) ;
#1265 = EDGE_CURVE ( 'NONE', #2774, #892, #2785, .T. ) ;
#1266 = DIRECTION ( 'NONE',  ( 0.000000000000000000, 0.000000000000000000, 1.000000000000000000 ) ) ;
#1267 = EDGE_LOOP ( 'NONE', ( #2600, #2122, #203, #1484 ) ) ;
#1268 = CARTESIAN_POINT ( 'NONE',  ( -0.1535433070866141780, 0.02755905511811023584, 0.1023622047244094613 ) ) ;
#1269 = ORIENTED_EDGE ( 'NONE', *, *, #2359, .T. ) ;
#1270 = DIRECTION ( 'NONE',  ( 0.000000000000000000, -1.000000000000000000, 0.000000000000000000 ) ) ;
#1271 = DIRECTION ( 'NONE',  ( 0.000000000000000000, 1.000000000000000000, 0.000000000000000000 ) ) ;
#1272 = CARTESIAN_POINT ( 'NONE',  ( -0.1653543307086614567, 0.003937007874015747977, 0.07480314960629921850 ) ) ;
#1273 = ORIENTED_EDGE ( 'NONE', *, *, #1538, .T. ) ;
#1274 = ADVANCED_FACE ( 'NONE', ( #2332 ), #358, .F. ) ;
#1275 = CARTESIAN_POINT ( 'NONE',  ( 0.000000000000000000, 0.1299212598425196763, 0.000000000000000000 ) ) ;
#1276 = CARTESIAN_POINT ( 'NONE',  ( -0.08858267716535433989, 0.1456692913385826960, 0.1122047244094488277 ) ) ;
#1277 = ORIENTED_EDGE ( 'NONE', *, *, #1038, .F. ) ;
#1278 = CARTESIAN_POINT ( 'NONE',  ( 0.1181102362204724532, 0.03937007874015747977, -0.1023622047244094613 ) ) ;
#1279 = AXIS2_PLACEMENT_3D ( 'NONE', #1341, #2388, #480 ) ;
#1280 = ORIENTED_EDGE ( 'NONE', *, *, #2224, .T. ) ;
#1281 = CIRCLE ( 'NONE', #2429, 0.05931745287789588761 ) ;
#1282 = ORIENTED_EDGE ( 'NONE', *, *, #862, .F. ) ;
#1283 = FACE_OUTER_BOUND ( 'NONE', #2234, .T. ) ;
#1284 = AXIS2_PLACEMENT_3D ( 'NONE', #1522, #2386, #1020 ) ;
#1285 = EDGE_LOOP ( 'NONE', ( #266, #1669, #1535, #729 ) ) ;
#1286 = DIRECTION ( 'NONE',  ( 0.000000000000000000, -1.000000000000000000, 0.000000000000000000 ) ) ;
#1287 = FACE_OUTER_BOUND ( 'NONE', #444, .T. ) ;
#1288 = AXIS2_PLACEMENT_3D ( 'NONE', #1861, #1034, #1553 ) ;
#1289 = LINE ( 'NONE', #1598, #132 ) ;
#1290 = FACE_OUTER_BOUND ( 'NONE', #3336, .T. ) ;
#1291 = ORIENTED_EDGE ( 'NONE', *, *, #1631, .F. ) ;
#1292 = CARTESIAN_POINT ( 'NONE',  ( -0.1181102362204724532, 0.03937007874015747977, 0.07480314960629921850 ) ) ;
#1293 = AXIS2_PLACEMENT_3D ( 'NONE', #289, #2176, #1867 ) ;
#1294 = EDGE_CURVE ( 'NONE', #743, #2078, #3446, .T. ) ;
#1295 = EDGE_CURVE ( 'NONE', #1715, #3280, #2829, .T. ) ;
#1296 = EDGE_CURVE ( 'NONE', #2146, #1841, #998, .T. ) ;
#1297 = CYLINDRICAL_SURFACE ( 'NONE', #775, 0.005905511811023620231 ) ;
#1298 = CIRCLE ( 'NONE', #615, 0.01574803149606299191 ) ;
#1299 = ORIENTED_EDGE ( 'NONE', *, *, #1678, .T. ) ;
#1300 = DIRECTION ( 'NONE',  ( 0.000000000000000000, -1.000000000000000000, 0.000000000000000000 ) ) ;
#1301 = ADVANCED_FACE ( 'NONE', ( #562 ), #834, .T. ) ;
#1302 = CARTESIAN_POINT ( 'NONE',  ( 0.000000000000000000, 0.2165354330708661457, 0.05931745287789588761 ) ) ;
#1303 = EDGE_LOOP ( 'NONE', ( #1714, #875, #1291, #2112 ) ) ;
#1304 = ORIENTED_EDGE ( 'NONE', *, *, #3290, .F. ) ;
#1305 = CARTESIAN_POINT ( 'NONE',  ( 0.08858267716535433989, 0.1377952755905511861, -0.07283464566929134798 ) ) ;
#1306 = VERTEX_POINT ( 'NONE', #1825 ) ;
#1307 = DIRECTION ( 'NONE',  ( 0.000000000000000000, 0.000000000000000000, -1.000000000000000000 ) ) ;
#1308 = DIRECTION ( 'NONE',  ( -1.000000000000000000, 0.000000000000000000, 0.000000000000000000 ) ) ;
#1309 = CYLINDRICAL_SURFACE ( 'NONE', #3184, 0.01574803149606299191 ) ;
#1310 = CARTESIAN_POINT ( 'NONE',  ( 0.1496062992125984370, 0.02755905511811023584, -0.1023622047244094613 ) ) ;
#1311 = ORIENTED_EDGE ( 'NONE', *, *, #2215, .T. ) ;
#1312 = DIRECTION ( 'NONE',  ( 0.000000000000000000, 0.000000000000000000, 1.000000000000000000 ) ) ;
#1313 = DIRECTION ( 'NONE',  ( 1.000000000000000000, 0.000000000000000000, 0.000000000000000000 ) ) ;
#1314 = EDGE_LOOP ( 'NONE', ( #3122, #1639 ) ) ;
#1315 = DIRECTION ( 'NONE',  ( -1.000000000000000000, 0.000000000000000000, 0.000000000000000000 ) ) ;
#1316 = CARTESIAN_POINT ( 'NONE',  ( 0.000000000000000000, 0.000000000000000000, 0.000000000000000000 ) ) ;
#1317 = ORIENTED_EDGE ( 'NONE', *, *, #3291, .T. ) ;
#1318 = ORIENTED_EDGE ( 'NONE', *, *, #3065, .F. ) ;
#1319 = EDGE_CURVE ( 'NONE', #50, #1477, #422, .T. ) ;
#1320 = DIRECTION ( 'NONE',  ( 0.000000000000000000, 0.000000000000000000, -1.000000000000000000 ) ) ;
#1321 = EDGE_LOOP ( 'NONE', ( #694, #3239, #367, #2169 ) ) ;
#1322 = FACE_BOUND ( 'NONE', #2564, .T. ) ;
#1323 = CARTESIAN_POINT ( 'NONE',  ( 0.08858267716535433989, 0.1299212598425196763, -0.1043307086614173457 ) ) ;
#1324 = DIRECTION ( 'NONE',  ( 0.000000000000000000, 0.000000000000000000, 1.000000000000000000 ) ) ;
#1325 = CARTESIAN_POINT ( 'NONE',  ( -0.1653543307086614567, -0.003937007874015747977, 0.07480314960629921850 ) ) ;
#1326 = VERTEX_POINT ( 'NONE', #1268 ) ;
#1327 = CARTESIAN_POINT ( 'NONE',  ( -0.1614173228346456879, 0.007874015748031495954, 0.1023622047244094613 ) ) ;
#1328 = DIRECTION ( 'NONE',  ( 0.000000000000000000, 0.000000000000000000, 1.000000000000000000 ) ) ;
#1329 = ORIENTED_EDGE ( 'NONE', *, *, #131, .F. ) ;
#1330 = FACE_OUTER_BOUND ( 'NONE', #1951, .T. ) ;
#1331 = EDGE_LOOP ( 'NONE', ( #2200, #1593 ) ) ;
#1332 = EDGE_LOOP ( 'NONE', ( #2008, #978, #1023, #2634 ) ) ;
#1333 = VECTOR ( 'NONE', #1847, 39.37007874015748143 ) ;
#1334 = EDGE_CURVE ( 'NONE', #14, #1071, #1893, .T. ) ;
#1335 = CARTESIAN_POINT ( 'NONE',  ( 0.08858267716535433989, 0.1141732283464566844, 0.08858267716535433989 ) ) ;
#1336 = AXIS2_PLACEMENT_3D ( 'NONE', #2549, #898, #1990 ) ;
#1337 = VERTEX_POINT ( 'NONE', #167 ) ;
#1338 = AXIS2_PLACEMENT_3D ( 'NONE', #471, #2723, #1839 ) ;
#1339 = CARTESIAN_POINT ( 'NONE',  ( -0.1614173228346456879, 0.02755905511811023584, -0.1023622047244094613 ) ) ;
#1340 = CARTESIAN_POINT ( 'NONE',  ( -0.08858267716535433989, 0.1456692913385826960, -0.08858267716535433989 ) ) ;
#1341 = CARTESIAN_POINT ( 'NONE',  ( 0.1653543307086614567, 0.007874015748031495954, 0.1023622047244094613 ) ) ;
#1342 = CIRCLE ( 'NONE', #2846, 0.005905511811023620231 ) ;
#1343 = CIRCLE ( 'NONE', #2851, 0.01574803149606299885 ) ;
#1344 = ADVANCED_FACE ( 'NONE', ( #981 ), #456, .T. ) ;
#1345 = DIRECTION ( 'NONE',  ( 0.000000000000000000, 0.000000000000000000, -1.000000000000000000 ) ) ;
#1346 = AXIS2_PLACEMENT_3D ( 'NONE', #1883, #3285, #2208 ) ;
#1347 = VECTOR ( 'NONE', #92, 39.37007874015748143 ) ;
#1348 = ORIENTED_EDGE ( 'NONE', *, *, #15, .F. ) ;
#1349 = DIRECTION ( 'NONE',  ( -1.000000000000000000, 0.000000000000000000, 0.000000000000000000 ) ) ;
#1350 = AXIS2_PLACEMENT_3D ( 'NONE', #357, #1446, #106 ) ;
#1351 = DIRECTION ( 'NONE',  ( 0.000000000000000000, -1.000000000000000000, 0.000000000000000000 ) ) ;
#1352 = EDGE_LOOP ( 'NONE', ( #218, #2741, #3502, #1157, #2037, #1948, #1107, #3261 ) ) ;
#1353 = EDGE_CURVE ( 'NONE', #3352, #468, #2748, .T. ) ;
#1354 = CIRCLE ( 'NONE', #2446, 0.01574803149606299191 ) ;
#1355 = EDGE_CURVE ( 'NONE', #149, #1561, #2182, .T. ) ;
#1356 =( NAMED_UNIT ( * ) SI_UNIT ( $, .STERADIAN. ) SOLID_ANGLE_UNIT ( ) );
#1357 = ORIENTED_EDGE ( 'NONE', *, *, #1463, .T. ) ;
#1358 = EDGE_LOOP ( 'NONE', ( #3419, #466, #1155, #3144 ) ) ;
#1359 = VECTOR ( 'NONE', #624, 39.37007874015748143 ) ;
#1360 = CARTESIAN_POINT ( 'NONE',  ( 0.1496062992125984370, 0.02755905511811023584, 0.07480314960629921850 ) ) ;
#1361 = CARTESIAN_POINT ( 'NONE',  ( -0.1614173228346456879, 0.02755905511811023584, -0.1023622047244094613 ) ) ;
#1362 = DIRECTION ( 'NONE',  ( 0.000000000000000000, 1.000000000000000000, 0.000000000000000000 ) ) ;
#1363 = DIRECTION ( 'NONE',  ( 0.000000000000000000, 0.000000000000000000, 1.000000000000000000 ) ) ;
#1364 = EDGE_CURVE ( 'NONE', #2500, #2803, #2073, .T. ) ;
#1365 = EDGE_CURVE ( 'NONE', #1604, #797, #1748, .T. ) ;
#1366 = EDGE_CURVE ( 'NONE', #2280, #1214, #3458, .T. ) ;
#1367 = ADVANCED_FACE ( 'NONE', ( #1283 ), #262, .F. ) ;
#1368 = CARTESIAN_POINT ( 'NONE',  ( -0.1181102362204724532, 0.1299212598425196763, -0.1181102362204724532 ) ) ;
#1369 = ORIENTED_EDGE ( 'NONE', *, *, #2168, .F. ) ;
#1370 = DIRECTION ( 'NONE',  ( 0.000000000000000000, 0.000000000000000000, 1.000000000000000000 ) ) ;
#1371 = EDGE_CURVE ( 'NONE', #2487, #3568, #1281, .T. ) ;
#1372 = DIRECTION ( 'NONE',  ( 0.000000000000000000, 0.000000000000000000, -1.000000000000000000 ) ) ;
#1373 = VERTEX_POINT ( 'NONE', #2198 ) ;
#1374 = DIRECTION ( 'NONE',  ( 0.000000000000000000, -1.000000000000000000, 0.000000000000000000 ) ) ;
#1375 = VERTEX_POINT ( 'NONE', #3295 ) ;
#1376 = ORIENTED_EDGE ( 'NONE', *, *, #3216, .F. ) ;
#1377 = CARTESIAN_POINT ( 'NONE',  ( 0.08858267716535433989, 0.1456692913385826960, -0.08858267716535433989 ) ) ;
#1378 = DIRECTION ( 'NONE',  ( 0.000000000000000000, 1.000000000000000000, 0.000000000000000000 ) ) ;
#1379 = DIRECTION ( 'NONE',  ( 0.000000000000000000, 0.000000000000000000, 1.000000000000000000 ) ) ;
#1380 = PLANE ( 'NONE',  #1968 ) ;
#1381 = DIRECTION ( 'NONE',  ( 1.000000000000000000, 0.000000000000000000, 0.000000000000000000 ) ) ;
#1382 = ORIENTED_EDGE ( 'NONE', *, *, #2170, .F. ) ;
#1383 = CARTESIAN_POINT ( 'NONE',  ( 0.1181102362204724532, 0.03937007874015747977, 0.07480314960629921850 ) ) ;
#1384 = DIRECTION ( 'NONE',  ( 0.000000000000000000, -1.000000000000000000, 0.000000000000000000 ) ) ;
#1385 = EDGE_CURVE ( 'NONE', #1074, #50, #812, .T. ) ;
#1386 = ORIENTED_EDGE ( 'NONE', *, *, #3404, .F. ) ;
#1387 = DIRECTION ( 'NONE',  ( 0.000000000000000000, 0.000000000000000000, -1.000000000000000000 ) ) ;
#1388 = CARTESIAN_POINT ( 'NONE',  ( 0.1614173228346456879, 0.02755905511811023584, -0.1023622047244094613 ) ) ;
#1389 = ORIENTED_EDGE ( 'NONE', *, *, #1878, .T. ) ;
#1390 = EDGE_LOOP ( 'NONE', ( #1654, #178, #1646, #220 ) ) ;
#1391 = DIRECTION ( 'NONE',  ( -1.734723475976804925E-15, 1.000000000000000000, 0.000000000000000000 ) ) ;
#1392 = LINE ( 'NONE', #872, #1587 ) ;
#1393 = DIRECTION ( 'NONE',  ( 0.000000000000000000, 0.000000000000000000, -1.000000000000000000 ) ) ;
#1394 = DIRECTION ( 'NONE',  ( 0.000000000000000000, -1.000000000000000000, 0.000000000000000000 ) ) ;
#1395 = VECTOR ( 'NONE', #874, 39.37007874015748143 ) ;
#1396 = EDGE_CURVE ( 'NONE', #1903, #1824, #709, .T. ) ;
#1397 = CARTESIAN_POINT ( 'NONE',  ( -0.08858267716535433989, 0.1299212598425196763, -0.07283464566929134798 ) ) ;
#1398 = DIRECTION ( 'NONE',  ( 0.000000000000000000, 0.000000000000000000, -1.000000000000000000 ) ) ;
#1399 = EDGE_LOOP ( 'NONE', ( #964, #1199, #565, #802 ) ) ;
#1400 =( GEOMETRIC_REPRESENTATION_CONTEXT ( 3 ) GLOBAL_UNCERTAINTY_ASSIGNED_CONTEXT ( ( #2064 ) ) GLOBAL_UNIT_ASSIGNED_CONTEXT ( ( #2236, #76, #1698 ) ) REPRESENTATION_CONTEXT ( 'NONE', 'WORKASPACE' ) );
#1401 = STYLED_ITEM ( 'NONE', ( #2016 ), #392 ) ;
#1402 = DIRECTION ( 'NONE',  ( 0.000000000000000000, -1.000000000000000000, 0.000000000000000000 ) ) ;
#1403 = VECTOR ( 'NONE', #2048, 39.37007874015748143 ) ;
#1404 = VECTOR ( 'NONE', #3450, 39.37007874015748143 ) ;
#1405 = LINE ( 'NONE', #2301, #2738 ) ;
#1406 = EDGE_LOOP ( 'NONE', ( #1015, #3042 ) ) ;
#1407 = LINE ( 'NONE', #2506, #2610 ) ;
#1408 = AXIS2_PLACEMENT_3D ( 'NONE', #1360, #2677, #3567 ) ;
#1409 = DIRECTION ( 'NONE',  ( 0.000000000000000000, 0.000000000000000000, -1.000000000000000000 ) ) ;
#1410 = ADVANCED_FACE ( 'NONE', ( #2466 ), #10, .T. ) ;
#1411 = EDGE_CURVE ( 'NONE', #1415, #852, #731, .T. ) ;
#1412 = EDGE_CURVE ( 'NONE', #659, #663, #1455, .T. ) ;
#1413 = VECTOR ( 'NONE', #1259, 39.37007874015748143 ) ;
#1414 = ORIENTED_EDGE ( 'NONE', *, *, #638, .T. ) ;
#1415 = VERTEX_POINT ( 'NONE', #1144 ) ;
#1416 = VECTOR ( 'NONE', #2759, 39.37007874015748143 ) ;
#1417 = ADVANCED_FACE ( 'NONE', ( #3071 ), #1192, .T. ) ;
#1418 = CARTESIAN_POINT ( 'NONE',  ( 0.1968503937007874127, 0.003937007874015747977, -0.1023622047244094613 ) ) ;
#1419 = DIRECTION ( 'NONE',  ( 1.000000000000000000, 0.000000000000000000, 0.000000000000000000 ) ) ;
#1420 = DIRECTION ( 'NONE',  ( 0.000000000000000000, 0.000000000000000000, 1.000000000000000000 ) ) ;
#1421 = VECTOR ( 'NONE', #926, 39.37007874015748143 ) ;
#1422 = LINE ( 'NONE', #1668, #1395 ) ;
#1423 = LINE ( 'NONE', #613, #2671 ) ;
#1424 = DIRECTION ( 'NONE',  ( 0.000000000000000000, 0.000000000000000000, -1.000000000000000000 ) ) ;
#1425 = ORIENTED_EDGE ( 'NONE', *, *, #3131, .F. ) ;
#1426 = DIRECTION ( 'NONE',  ( 0.000000000000000000, 0.000000000000000000, 1.000000000000000000 ) ) ;
#1427 = DIRECTION ( 'NONE',  ( 0.000000000000000000, 0.000000000000000000, -1.000000000000000000 ) ) ;
#1428 = EDGE_LOOP ( 'NONE', ( #2937, #2589 ) ) ;
#1429 = VERTEX_POINT ( 'NONE', #49 ) ;
#1430 = LINE ( 'NONE', #3337, #1234 ) ;
#1431 = DIRECTION ( 'NONE',  ( 0.000000000000000000, 0.000000000000000000, -1.000000000000000000 ) ) ;
#1432 = ADVANCED_FACE ( 'NONE', ( #297, #907, #887, #1731, #3092, #2524 ), #365, .T. ) ;
#1433 = CARTESIAN_POINT ( 'NONE',  ( -0.1535433070866141780, 0.007874015748031495954, 0.1023622047244094613 ) ) ;
#1434 = DIRECTION ( 'NONE',  ( 0.000000000000000000, 1.000000000000000000, 0.000000000000000000 ) ) ;
#1435 = DIRECTION ( 'NONE',  ( 0.000000000000000000, -1.000000000000000000, 0.000000000000000000 ) ) ;
#1436 = CARTESIAN_POINT ( 'NONE',  ( 0.1614173228346456879, 0.02755905511811023584, -0.1023622047244094613 ) ) ;
#1437 = CARTESIAN_POINT ( 'NONE',  ( -0.1968503937007874127, -0.003937007874015747977, -0.1023622047244094613 ) ) ;
#1438 = DIRECTION ( 'NONE',  ( 0.000000000000000000, 0.000000000000000000, 1.000000000000000000 ) ) ;
#1439 = ORIENTED_EDGE ( 'NONE', *, *, #2161, .T. ) ;
#1440 = DIRECTION ( 'NONE',  ( 1.734723475976804925E-15, -1.000000000000000000, 0.000000000000000000 ) ) ;
#1441 =( LENGTH_UNIT ( ) NAMED_UNIT ( * ) SI_UNIT ( $, .METRE. ) );
#1442 = EDGE_LOOP ( 'NONE', ( #3234, #1558, #542, #1106, #604, #1277, #3255, #2663, #1566, #2947, #1876, #403 ) ) ;
#1443 = ORIENTED_EDGE ( 'NONE', *, *, #2191, .T. ) ;
#1444 = CARTESIAN_POINT ( 'NONE',  ( -0.1614173228346456879, 0.007874015748031495954, -0.1023622047244094613 ) ) ;
#1445 = DIRECTION ( 'NONE',  ( 0.000000000000000000, 0.000000000000000000, 1.000000000000000000 ) ) ;
#1446 = DIRECTION ( 'NONE',  ( 0.000000000000000000, 0.000000000000000000, 1.000000000000000000 ) ) ;
#1447 = LINE ( 'NONE', #2313, #3536 ) ;
#1448 = EDGE_CURVE ( 'NONE', #1844, #3095, #581, .T. ) ;
#1449 = CARTESIAN_POINT ( 'NONE',  ( -0.08858267716535433989, 0.1377952755905511861, 0.08858267716535433989 ) ) ;
#1450 =( NAMED_UNIT ( * ) SI_UNIT ( $, .STERADIAN. ) SOLID_ANGLE_UNIT ( ) );
#1451 = LINE ( 'NONE', #931, #428 ) ;
#1452 = CIRCLE ( 'NONE', #594, 0.003937007874015741038 ) ;
#1453 = EDGE_CURVE ( 'NONE', #617, #811, #351, .T. ) ;
#1454 = FACE_OUTER_BOUND ( 'NONE', #2706, .T. ) ;
#1455 = CIRCLE ( 'NONE', #2903, 0.01181102362204724046 ) ;
#1456 = ORIENTED_EDGE ( 'NONE', *, *, #3177, .F. ) ;
#1457 = CARTESIAN_POINT ( 'NONE',  ( 0.1496062992125984370, 0.02755905511811023584, -0.1023622047244094613 ) ) ;
#1458 = VECTOR ( 'NONE', #1684, 39.37007874015748143 ) ;
#1459 = AXIS2_PLACEMENT_3D ( 'NONE', #3350, #1997, #3107 ) ;
#1460 = ORIENTED_EDGE ( 'NONE', *, *, #1726, .F. ) ;
#1461 = VECTOR ( 'NONE', #529, 39.37007874015748143 ) ;
#1462 = VERTEX_POINT ( 'NONE', #314 ) ;
#1463 = EDGE_CURVE ( 'NONE', #2918, #746, #3334, .T. ) ;
#1464 = AXIS2_PLACEMENT_3D ( 'NONE', #94, #2233, #3088 ) ;
#1465 = FACE_OUTER_BOUND ( 'NONE', #1442, .T. ) ;
#1466 = DIRECTION ( 'NONE',  ( 0.000000000000000000, 0.000000000000000000, 1.000000000000000000 ) ) ;
#1467 = FACE_OUTER_BOUND ( 'NONE', #1858, .T. ) ;
#1468 = ORIENTED_EDGE ( 'NONE', *, *, #2807, .F. ) ;
#1469 = AXIS2_PLACEMENT_3D ( 'NONE', #2698, #3512, #2455 ) ;
#1470 = DIRECTION ( 'NONE',  ( 0.000000000000000000, -1.000000000000000000, 0.000000000000000000 ) ) ;
#1471 = DIRECTION ( 'NONE',  ( 1.000000000000000000, -1.016439536705159791E-16, 0.000000000000000000 ) ) ;
#1472 = DIRECTION ( 'NONE',  ( 0.000000000000000000, 0.000000000000000000, -1.000000000000000000 ) ) ;
#1473 = EDGE_CURVE ( 'NONE', #1712, #2330, #2822, .T. ) ;
#1474 = CARTESIAN_POINT ( 'NONE',  ( -0.1968503937007874127, 0.003937007874015747977, 0.07480314960629921850 ) ) ;
#1475 = AXIS2_PLACEMENT_3D ( 'NONE', #86, #1378, #2277 ) ;
#1476 = DIRECTION ( 'NONE',  ( -1.016439536705159791E-16, -1.000000000000000000, 0.000000000000000000 ) ) ;
#1477 = VERTEX_POINT ( 'NONE', #1388 ) ;
#1478 = EDGE_CURVE ( 'NONE', #2078, #3352, #2727, .T. ) ;
#1479 = FACE_OUTER_BOUND ( 'NONE', #1927, .T. ) ;
#1480 = ORIENTED_EDGE ( 'NONE', *, *, #1296, .F. ) ;
#1481 = PLANE ( 'NONE',  #2080 ) ;
#1482 = DIRECTION ( 'NONE',  ( 1.000000000000000000, 0.000000000000000000, 0.000000000000000000 ) ) ;
#1483 = CARTESIAN_POINT ( 'NONE',  ( -0.08858267716535433989, 0.1377952755905511861, 0.08858267716535433989 ) ) ;
#1484 = ORIENTED_EDGE ( 'NONE', *, *, #2983, .T. ) ;
#1485 = CARTESIAN_POINT ( 'NONE',  ( 0.1122047244094488277, 0.1377952755905511861, -0.1122047244094488277 ) ) ;
#1486 = ORIENTED_EDGE ( 'NONE', *, *, #2046, .T. ) ;
#1487 = LINE ( 'NONE', #3449, #2614 ) ;
#1488 = CARTESIAN_POINT ( 'NONE',  ( -0.08858267716535433989, 0.1377952755905511861, -0.08858267716535433989 ) ) ;
#1489 = DIRECTION ( 'NONE',  ( 0.000000000000000000, -1.000000000000000000, 0.000000000000000000 ) ) ;
#1490 = ORIENTED_EDGE ( 'NONE', *, *, #284, .F. ) ;
#1491 = DIRECTION ( 'NONE',  ( 0.000000000000000000, 1.000000000000000000, 0.000000000000000000 ) ) ;
#1492 = EDGE_CURVE ( 'NONE', #512, #21, #1972, .T. ) ;
#1493 = EDGE_LOOP ( 'NONE', ( #24, #2972, #437, #1304 ) ) ;
#1494 = CARTESIAN_POINT ( 'NONE',  ( -0.08858267716535433989, 0.1377952755905511861, 0.1122047244094488277 ) ) ;
#1495 = CYLINDRICAL_SURFACE ( 'NONE', #3329, 0.003937007874015741038 ) ;
#1496 = EDGE_LOOP ( 'NONE', ( #1082, #3358, #3009, #3194 ) ) ;
#1497 = LINE ( 'NONE', #2844, #311 ) ;
#1498 = MANIFOLD_SOLID_BREP ( 'Imported5', #1853 ) ;
#1499 = DIRECTION ( 'NONE',  ( 1.000000000000000000, 0.000000000000000000, 0.000000000000000000 ) ) ;
#1500 = DIRECTION ( 'NONE',  ( 0.000000000000000000, 0.000000000000000000, -1.000000000000000000 ) ) ;
#1501 = EDGE_CURVE ( 'NONE', #2167, #2107, #2033, .T. ) ;
#1502 = DIRECTION ( 'NONE',  ( 0.000000000000000000, 1.000000000000000000, 0.000000000000000000 ) ) ;
#1503 = ORIENTED_EDGE ( 'NONE', *, *, #434, .T. ) ;
#1504 = AXIS2_PLACEMENT_3D ( 'NONE', #3033, #292, #614 ) ;
#1505 = CLOSED_SHELL ( 'NONE', ( #511, #1936, #3526, #2478, #1935, #528 ) ) ;
#1506 = LINE ( 'NONE', #1530, #3539 ) ;
#1507 = LINE ( 'NONE', #936, #1567 ) ;
#1508 = AXIS2_PLACEMENT_3D ( 'NONE', #2175, #3303, #3029 ) ;
#1509 = ORIENTED_EDGE ( 'NONE', *, *, #1538, .F. ) ;
#1510 = CARTESIAN_POINT ( 'NONE',  ( -0.1653543307086614567, -0.003937007874015747977, 0.1023622047244094613 ) ) ;
#1511 = VECTOR ( 'NONE', #337, 39.37007874015748143 ) ;
#1512 = ADVANCED_FACE ( 'NONE', ( #597 ), #3195, .T. ) ;
#1513 = CIRCLE ( 'NONE', #711, 0.01574803149606299885 ) ;
#1514 = CIRCLE ( 'NONE', #656, 0.01574803149606299885 ) ;
#1515 = AXIS2_PLACEMENT_3D ( 'NONE', #2476, #3066, #1956 ) ;
#1516 = LINE ( 'NONE', #1230, #2569 ) ;
#1517 = ORIENTED_EDGE ( 'NONE', *, *, #1610, .T. ) ;
#1518 = CARTESIAN_POINT ( 'NONE',  ( 0.1181102362204724532, 0.03937007874015747977, 0.07480314960629921850 ) ) ;
#1519 = EDGE_CURVE ( 'NONE', #2107, #1546, #1115, .T. ) ;
#1520 = VECTOR ( 'NONE', #3319, 39.37007874015748143 ) ;
#1521 = ORIENTED_EDGE ( 'NONE', *, *, #131, .T. ) ;
#1522 = CARTESIAN_POINT ( 'NONE',  ( 0.08858267716535433989, 0.1299212598425196763, 0.08858267716535433989 ) ) ;
#1523 = VECTOR ( 'NONE', #1120, 39.37007874015748143 ) ;
#1524 = CARTESIAN_POINT ( 'NONE',  ( 0.1968503937007874127, -0.003937007874015747977, -0.1023622047244094613 ) ) ;
#1525 = VECTOR ( 'NONE', #3047, 39.37007874015748143 ) ;
#1526 = SPHERICAL_SURFACE ( 'NONE', #955, 0.03937007874015747977 ) ;
#1527 = ADVANCED_FACE ( 'NONE', ( #1244 ), #1752, .T. ) ;
#1528 = ORIENTED_EDGE ( 'NONE', *, *, #82, .F. ) ;
#1529 = AXIS2_PLACEMENT_3D ( 'NONE', #3132, #2071, #2892 ) ;
#1530 = CARTESIAN_POINT ( 'NONE',  ( 0.1653543307086614567, 0.003937007874015747977, 0.07480314960629921850 ) ) ;
#1531 = SURFACE_STYLE_FILL_AREA ( #3146 ) ;
#1532 = ORIENTED_EDGE ( 'NONE', *, *, #1781, .T. ) ;
#1533 = CARTESIAN_POINT ( 'NONE',  ( -0.1653543307086614567, 0.003937007874015747977, 0.1023622047244094613 ) ) ;
#1534 = CARTESIAN_POINT ( 'NONE',  ( 0.1653543307086614567, 0.003937007874015747977, 0.1023622047244094613 ) ) ;
#1535 = ORIENTED_EDGE ( 'NONE', *, *, #2307, .T. ) ;
#1536 = EDGE_LOOP ( 'NONE', ( #1701, #2431 ) ) ;
#1537 = CARTESIAN_POINT ( 'NONE',  ( -0.1496062992125984370, 0.03149606299212598381, -0.1023622047244094613 ) ) ;
#1538 = EDGE_CURVE ( 'NONE', #793, #2816, #1507, .T. ) ;
#1539 = VERTEX_POINT ( 'NONE', #723 ) ;
#1540 = LINE ( 'NONE', #2315, #1403 ) ;
#1541 = CARTESIAN_POINT ( 'NONE',  ( 0.08858267716535433989, 0.1299212598425196763, 0.08858267716535433989 ) ) ;
#1542 = CARTESIAN_POINT ( 'NONE',  ( -0.1653543307086614567, 0.003937007874015747977, -0.1023622047244094613 ) ) ;
#1543 = VERTEX_POINT ( 'NONE', #2858 ) ;
#1544 = SURFACE_SIDE_STYLE ('',( #3123 ) ) ;
#1545 = LINE ( 'NONE', #2939, #91 ) ;
#1546 = VERTEX_POINT ( 'NONE', #2341 ) ;
#1547 = CARTESIAN_POINT ( 'NONE',  ( -0.08858267716535433989, 0.1299212598425196763, 0.1043307086614173457 ) ) ;
#1548 = EDGE_CURVE ( 'NONE', #229, #1415, #113, .T. ) ;
#1549 = CARTESIAN_POINT ( 'NONE',  ( -0.08858267716535433989, 0.1456692913385826960, 0.08858267716535433989 ) ) ;
#1550 = ORIENTED_EDGE ( 'NONE', *, *, #1193, .F. ) ;
#1551 = CARTESIAN_POINT ( 'NONE',  ( -0.1181102362204724532, 0.03149606299212598381, 0.07480314960629921850 ) ) ;
#1552 = MANIFOLD_SOLID_BREP ( 'Cut-Extrude1', #2026 ) ;
#1553 = DIRECTION ( 'NONE',  ( 0.000000000000000000, 0.000000000000000000, -1.000000000000000000 ) ) ;
#1554 = ORIENTED_EDGE ( 'NONE', *, *, #685, .F. ) ;
#1555 = CARTESIAN_POINT ( 'NONE',  ( 0.08858267716535433989, 0.1377952755905511861, 0.08858267716535433989 ) ) ;
#1556 = CARTESIAN_POINT ( 'NONE',  ( 0.1653543307086614567, 0.007874015748031495954, -0.1023622047244094613 ) ) ;
#1557 = DIRECTION ( 'NONE',  ( 0.000000000000000000, 0.000000000000000000, 1.000000000000000000 ) ) ;
#1558 = ORIENTED_EDGE ( 'NONE', *, *, #1957, .F. ) ;
#1559 = DIRECTION ( 'NONE',  ( 1.016439536705159791E-16, -1.000000000000000000, 0.000000000000000000 ) ) ;
#1560 = LINE ( 'NONE', #405, #2379 ) ;
#1561 = VERTEX_POINT ( 'NONE', #2324 ) ;
#1562 = CARTESIAN_POINT ( 'NONE',  ( -0.1181102362204724532, 0.03149606299212598381, -0.1023622047244094613 ) ) ;
#1563 = AXIS2_PLACEMENT_3D ( 'NONE', #463, #2439, #3554 ) ;
#1564 = VECTOR ( 'NONE', #1143, 39.37007874015748143 ) ;
#1565 = DIRECTION ( 'NONE',  ( 0.000000000000000000, 1.000000000000000000, 0.000000000000000000 ) ) ;
#1566 = ORIENTED_EDGE ( 'NONE', *, *, #662, .T. ) ;
#1567 = VECTOR ( 'NONE', #701, 39.37007874015748143 ) ;
#1568 = CIRCLE ( 'NONE', #830, 0.003937007874015741038 ) ;
#1569 = ORIENTED_EDGE ( 'NONE', *, *, #2779, .T. ) ;
#1570 = EDGE_CURVE ( 'NONE', #3265, #2065, #1342, .T. ) ;
#1571 = VECTOR ( 'NONE', #3429, 39.37007874015748143 ) ;
#1572 = MANIFOLD_SOLID_BREP ( 'Imported6', #3367 ) ;
#1573 = PLANE ( 'NONE',  #143 ) ;
#1574 = ORIENTED_EDGE ( 'NONE', *, *, #2413, .F. ) ;
#1575 = DIRECTION ( 'NONE',  ( 0.000000000000000000, 1.000000000000000000, 0.000000000000000000 ) ) ;
#1576 = DIRECTION ( 'NONE',  ( 0.000000000000000000, -1.000000000000000000, 0.000000000000000000 ) ) ;
#1577 = AXIS2_PLACEMENT_3D ( 'NONE', #300, #2469, #2204 ) ;
#1578 = DIRECTION ( 'NONE',  ( 0.000000000000000000, -1.000000000000000000, 0.000000000000000000 ) ) ;
#1579 = COLOUR_RGB ( '',0.7921568627450980005, 0.8196078431372548767, 0.9333333333333333481 ) ;
#1580 = DIRECTION ( 'NONE',  ( 1.000000000000000000, 0.000000000000000000, 0.000000000000000000 ) ) ;
#1581 = ORIENTED_EDGE ( 'NONE', *, *, #302, .F. ) ;
#1582 = PLANE ( 'NONE',  #2795 ) ;
#1583 = CIRCLE ( 'NONE', #3440, 0.01574803149606299885 ) ;
#1584 = VERTEX_POINT ( 'NONE', #71 ) ;
#1585 = CARTESIAN_POINT ( 'NONE',  ( -0.1653543307086614567, 0.003937007874015747977, 0.07480314960629921850 ) ) ;
#1586 = ADVANCED_FACE ( 'NONE', ( #3139 ), #2924, .T. ) ;
#1587 = VECTOR ( 'NONE', #286, 39.37007874015748143 ) ;
#1588 = ORIENTED_EDGE ( 'NONE', *, *, #3509, .F. ) ;
#1589 = CYLINDRICAL_SURFACE ( 'NONE', #3190, 0.02362204724409448092 ) ;
#1590 = CIRCLE ( 'NONE', #2687, 0.02362204724409448092 ) ;
#1591 = DIRECTION ( 'NONE',  ( 0.000000000000000000, 0.000000000000000000, 1.000000000000000000 ) ) ;
#1592 = VERTEX_POINT ( 'NONE', #643 ) ;
#1593 = ORIENTED_EDGE ( 'NONE', *, *, #3487, .F. ) ;
#1594 = FACE_OUTER_BOUND ( 'NONE', #3198, .T. ) ;
#1595 = ORIENTED_EDGE ( 'NONE', *, *, #402, .T. ) ;
#1596 = DIRECTION ( 'NONE',  ( -0.000000000000000000, 1.000000000000000000, 0.000000000000000000 ) ) ;
#1597 = DIRECTION ( 'NONE',  ( 0.000000000000000000, 0.000000000000000000, 1.000000000000000000 ) ) ;
#1598 = CARTESIAN_POINT ( 'NONE',  ( 0.1653543307086614567, -0.003937007874015747977, -0.1023622047244094613 ) ) ;
#1599 = CARTESIAN_POINT ( 'NONE',  ( 0.08858267716535433989, 0.1456692913385826960, 0.08858267716535433989 ) ) ;
#1600 = ORIENTED_EDGE ( 'NONE', *, *, #675, .T. ) ;
#1601 = DIRECTION ( 'NONE',  ( -8.673617379884038628E-15, 0.000000000000000000, 1.000000000000000000 ) ) ;
#1602 = ORIENTED_EDGE ( 'NONE', *, *, #2264, .T. ) ;
#1603 = FACE_OUTER_BOUND ( 'NONE', #1267, .T. ) ;
#1604 = VERTEX_POINT ( 'NONE', #1994 ) ;
#1605 = CARTESIAN_POINT ( 'NONE',  ( -0.08858267716535433989, 0.1299212598425196763, -0.1043307086614173457 ) ) ;
#1606 = EDGE_CURVE ( 'NONE', #1621, #2113, #3398, .T. ) ;
#1607 = CARTESIAN_POINT ( 'NONE',  ( 0.1653543307086614567, 0.003937007874015747977, -0.07480314960629921850 ) ) ;
#1608 = EDGE_LOOP ( 'NONE', ( #2909, #2339, #2375, #1182 ) ) ;
#1609 = ORIENTED_EDGE ( 'NONE', *, *, #224, .T. ) ;
#1610 = EDGE_CURVE ( 'NONE', #252, #2667, #930, .T. ) ;
#1611 = CARTESIAN_POINT ( 'NONE',  ( 0.1496062992125984370, 0.02755905511811023584, 0.1023622047244094613 ) ) ;
#1612 = ORIENTED_EDGE ( 'NONE', *, *, #2535, .F. ) ;
#1613 = CARTESIAN_POINT ( 'NONE',  ( 0.08858267716535433989, 0.1377952755905511861, -0.08858267716535433989 ) ) ;
#1614 = CARTESIAN_POINT ( 'NONE',  ( -0.1653543307086614567, -0.003937007874015747977, 0.1023622047244094613 ) ) ;
#1615 = CARTESIAN_POINT ( 'NONE',  ( -0.1535433070866141780, 0.007874015748031495954, -0.1023622047244094613 ) ) ;
#1616 = CARTESIAN_POINT ( 'NONE',  ( 0.08858267716535433989, 0.1377952755905511861, -0.08858267716535433989 ) ) ;
#1617 = ORIENTED_EDGE ( 'NONE', *, *, #2264, .F. ) ;
#1618 = DIRECTION ( 'NONE',  ( 0.000000000000000000, 0.000000000000000000, 1.000000000000000000 ) ) ;
#1619 = EDGE_CURVE ( 'NONE', #1071, #752, #320, .T. ) ;
#1620 = LINE ( 'NONE', #3561, #204 ) ;
#1621 = VERTEX_POINT ( 'NONE', #2831 ) ;
#1622 = CARTESIAN_POINT ( 'NONE',  ( 0.1653543307086614567, -0.003937007874015747977, 0.07480314960629921850 ) ) ;
#1623 = ORIENTED_EDGE ( 'NONE', *, *, #732, .F. ) ;
#1624 = EDGE_LOOP ( 'NONE', ( #688, #1190, #1877, #3417 ) ) ;
#1625 = ADVANCED_FACE ( 'NONE', ( #378 ), #1971, .T. ) ;
#1626 = CIRCLE ( 'NONE', #253, 0.005905511811023620231 ) ;
#1627 = CLOSED_SHELL ( 'NONE', ( #1099, #844, #96, #3464, #2050, #3492, #3506, #1716, #19, #130, #2529, #836, #3447, #2533 ) ) ;
#1628 = CARTESIAN_POINT ( 'NONE',  ( 0.08858267716535433989, 0.1456692913385826960, -0.08858267716535433989 ) ) ;
#1629 = STYLED_ITEM ( 'NONE', ( #1819 ), #1552 ) ;
#1630 = FACE_OUTER_BOUND ( 'NONE', #2658, .T. ) ;
#1631 = EDGE_CURVE ( 'NONE', #910, #2843, #2090, .T. ) ;
#1632 = CARTESIAN_POINT ( 'NONE',  ( 0.08858267716535433989, 0.1377952755905511861, 0.06496062992125986590 ) ) ;
#1633 = FACE_OUTER_BOUND ( 'NONE', #3401, .T. ) ;
#1634 = COLOUR_RGB ( '',0.7921568627450980005, 0.8196078431372548767, 0.9333333333333333481 ) ;
#1635 = CIRCLE ( 'NONE', #2554, 0.005905511811023620231 ) ;
#1636 = CARTESIAN_POINT ( 'NONE',  ( -0.1968503937007874127, -0.003937007874015747977, 0.07480314960629921850 ) ) ;
#1637 = AXIS2_PLACEMENT_3D ( 'NONE', #628, #1472, #2798 ) ;
#1638 = VECTOR ( 'NONE', #2629, 39.37007874015748143 ) ;
#1639 = ORIENTED_EDGE ( 'NONE', *, *, #1125, .F. ) ;
#1640 = CARTESIAN_POINT ( 'NONE',  ( -0.1122047244094488277, 0.1377952755905511861, -0.1181102362204724532 ) ) ;
#1641 = DIRECTION ( 'NONE',  ( 0.000000000000000000, 0.000000000000000000, 1.000000000000000000 ) ) ;
#1642 = ORIENTED_EDGE ( 'NONE', *, *, #3340, .T. ) ;
#1643 = VECTOR ( 'NONE', #2833, 39.37007874015748143 ) ;
#1644 = CARTESIAN_POINT ( 'NONE',  ( -0.1181102362204724532, 0.1299212598425196763, 0.1181102362204724532 ) ) ;
#1645 = ADVANCED_BREP_SHAPE_REPRESENTATION ( 'CUI_DEVICES_TS04-66-55-BK-260-SMT', ( #315, #1552, #2630, #392, #1498, #1572, #211, #3212 ), #2867 ) ;
#1646 = ORIENTED_EDGE ( 'NONE', *, *, #1396, .T. ) ;
#1647 = ORIENTED_EDGE ( 'NONE', *, *, #668, .T. ) ;
#1648 = CIRCLE ( 'NONE', #1475, 0.005905511811023620231 ) ;
#1649 = DIRECTION ( 'NONE',  ( -0.000000000000000000, 1.000000000000000000, 0.000000000000000000 ) ) ;
#1650 = DIRECTION ( 'NONE',  ( 1.000000000000000000, 0.000000000000000000, 0.000000000000000000 ) ) ;
#1651 = CARTESIAN_POINT ( 'NONE',  ( 0.000000000000000000, 0.2106299212598425064, 0.05931745287789588761 ) ) ;
#1652 = CARTESIAN_POINT ( 'NONE',  ( 0.1535433070866141780, 0.02755905511811023584, -0.07480314960629921850 ) ) ;
#1653 = DIRECTION ( 'NONE',  ( 0.000000000000000000, -1.000000000000000000, 0.000000000000000000 ) ) ;
#1654 = ORIENTED_EDGE ( 'NONE', *, *, #1148, .F. ) ;
#1655 = LINE ( 'NONE', #3360, #945 ) ;
#1656 = LINE ( 'NONE', #3012, #2619 ) ;
#1657 = ORIENTED_EDGE ( 'NONE', *, *, #1940, .F. ) ;
#1658 = CARTESIAN_POINT ( 'NONE',  ( 0.08858267716535433989, 0.1823374350353732243, -0.1043307086614173457 ) ) ;
#1659 = DIRECTION ( 'NONE',  ( 0.000000000000000000, -1.000000000000000000, 0.000000000000000000 ) ) ;
#1660 = VERTEX_POINT ( 'NONE', #90 ) ;
#1661 = VERTEX_POINT ( 'NONE', #3064 ) ;
#1662 = ADVANCED_FACE ( 'NONE', ( #2011 ), #1202, .F. ) ;
#1663 = DIRECTION ( 'NONE',  ( 0.000000000000000000, 0.000000000000000000, -1.000000000000000000 ) ) ;
#1664 = ORIENTED_EDGE ( 'NONE', *, *, #451, .T. ) ;
#1665 = CARTESIAN_POINT ( 'NONE',  ( -0.1122047244094488277, 0.1299212598425196763, -0.1181102362204724532 ) ) ;
#1666 = CARTESIAN_POINT ( 'NONE',  ( -0.1181102362204724532, 0.1377952755905511861, 0.1122047244094488277 ) ) ;
#1667 = APPLICATION_CONTEXT ( 'automotive_design' ) ;
#1668 = CARTESIAN_POINT ( 'NONE',  ( -0.1653543307086614567, -0.003937007874015747977, -0.1023622047244094613 ) ) ;
#1669 = ORIENTED_EDGE ( 'NONE', *, *, #420, .F. ) ;
#1670 = LINE ( 'NONE', #2775, #3206 ) ;
#1671 = VERTEX_POINT ( 'NONE', #43 ) ;
#1672 = ADVANCED_FACE ( 'NONE', ( #1138 ), #331, .F. ) ;
#1673 = CARTESIAN_POINT ( 'NONE',  ( -0.1653543307086614567, -0.003937007874015747977, -0.1023622047244094613 ) ) ;
#1674 = EDGE_CURVE ( 'NONE', #910, #659, #1423, .T. ) ;
#1675 = DIRECTION ( 'NONE',  ( -1.000000000000000000, -1.016439536705159791E-16, 0.000000000000000000 ) ) ;
#1676 = ORIENTED_EDGE ( 'NONE', *, *, #1767, .F. ) ;
#1677 = DIRECTION ( 'NONE',  ( 0.000000000000000000, -1.000000000000000000, 0.000000000000000000 ) ) ;
#1678 = EDGE_CURVE ( 'NONE', #1969, #1048, #2817, .T. ) ;
#1679 = FILL_AREA_STYLE ('',( #1980 ) ) ;
#1680 = ORIENTED_EDGE ( 'NONE', *, *, #918, .T. ) ;
#1681 = ORIENTED_EDGE ( 'NONE', *, *, #1519, .T. ) ;
#1682 = CARTESIAN_POINT ( 'NONE',  ( 0.08858267716535433989, 0.1823374350353732243, -0.08858267716535433989 ) ) ;
#1683 = CARTESIAN_POINT ( 'NONE',  ( 0.08858267716535433989, 0.1299212598425196763, -0.08858267716535433989 ) ) ;
#1684 = DIRECTION ( 'NONE',  ( 0.000000000000000000, 0.000000000000000000, 1.000000000000000000 ) ) ;
#1685 = CARTESIAN_POINT ( 'NONE',  ( -0.1653543307086614567, 0.003937007874015747977, 0.1023622047244094613 ) ) ;
#1686 = VECTOR ( 'NONE', #3038, 39.37007874015748143 ) ;
#1687 = AXIS2_PLACEMENT_3D ( 'NONE', #9, #510, #3237 ) ;
#1688 =( NAMED_UNIT ( * ) PLANE_ANGLE_UNIT ( ) SI_UNIT ( $, .RADIAN. ) );
#1689 =( GEOMETRIC_REPRESENTATION_CONTEXT ( 3 ) GLOBAL_UNCERTAINTY_ASSIGNED_CONTEXT ( ( #1747 ) ) GLOBAL_UNIT_ASSIGNED_CONTEXT ( ( #1221, #2053, #1207 ) ) REPRESENTATION_CONTEXT ( 'NONE', 'WORKASPACE' ) );
#1690 = COLOUR_RGB ( '',0.7921568627450980005, 0.8196078431372548767, 0.9333333333333333481 ) ;
#1691 = DIRECTION ( 'NONE',  ( 0.000000000000000000, 0.000000000000000000, -1.000000000000000000 ) ) ;
#1692 = VECTOR ( 'NONE', #3552, 39.37007874015748143 ) ;
#1693 = CIRCLE ( 'NONE', #2615, 0.02362204724409448092 ) ;
#1694 = SURFACE_STYLE_FILL_AREA ( #2778 ) ;
#1695 = VERTEX_POINT ( 'NONE', #140 ) ;
#1696 = CARTESIAN_POINT ( 'NONE',  ( 0.1653543307086614567, -0.003937007874015747977, 0.1023622047244094613 ) ) ;
#1697 = VECTOR ( 'NONE', #1719, 39.37007874015748143 ) ;
#1698 =( NAMED_UNIT ( * ) SI_UNIT ( $, .STERADIAN. ) SOLID_ANGLE_UNIT ( ) );
#1699 = EDGE_CURVE ( 'NONE', #1146, #2648, #261, .T. ) ;
#1700 = AXIS2_PLACEMENT_3D ( 'NONE', #1795, #144, #2902 ) ;
#1701 = ORIENTED_EDGE ( 'NONE', *, *, #3555, .T. ) ;
#1702 = ORIENTED_EDGE ( 'NONE', *, *, #451, .F. ) ;
#1703 = CIRCLE ( 'NONE', #329, 0.005905511811023620231 ) ;
#1704 = CARTESIAN_POINT ( 'NONE',  ( -0.1535433070866141780, 0.02755905511811023584, 0.07480314960629921850 ) ) ;
#1705 = DIRECTION ( 'NONE',  ( 0.000000000000000000, 0.000000000000000000, 1.000000000000000000 ) ) ;
#1706 = CARTESIAN_POINT ( 'NONE',  ( -0.1535433070866141780, 0.02755905511811023584, 0.07480314960629921850 ) ) ;
#1707 = AXIS2_PLACEMENT_3D ( 'NONE', #2673, #1030, #2411 ) ;
#1708 = DIRECTION ( 'NONE',  ( 0.000000000000000000, 0.000000000000000000, 1.000000000000000000 ) ) ;
#1709 = DIRECTION ( 'NONE',  ( 0.000000000000000000, 1.000000000000000000, 0.000000000000000000 ) ) ;
#1710 = DIRECTION ( 'NONE',  ( 0.000000000000000000, 0.000000000000000000, 1.000000000000000000 ) ) ;
#1711 = FACE_OUTER_BOUND ( 'NONE', #1331, .T. ) ;
#1712 = VERTEX_POINT ( 'NONE', #3228 ) ;
#1713 =( NAMED_UNIT ( * ) SI_UNIT ( $, .STERADIAN. ) SOLID_ANGLE_UNIT ( ) );
#1714 = ORIENTED_EDGE ( 'NONE', *, *, #1412, .T. ) ;
#1715 = VERTEX_POINT ( 'NONE', #2075 ) ;
#1716 = ADVANCED_FACE ( 'NONE', ( #1287 ), #952, .T. ) ;
#1717 = CARTESIAN_POINT ( 'NONE',  ( -0.1181102362204724532, 0.03937007874015747977, 0.1023622047244094613 ) ) ;
#1718 = DIRECTION ( 'NONE',  ( 0.000000000000000000, -1.000000000000000000, 0.000000000000000000 ) ) ;
#1719 = DIRECTION ( 'NONE',  ( -1.000000000000000000, -1.016439536705159791E-16, 0.000000000000000000 ) ) ;
#1720 = DIRECTION ( 'NONE',  ( 0.000000000000000000, 1.000000000000000000, 0.000000000000000000 ) ) ;
#1721 = ADVANCED_FACE ( 'NONE', ( #3496 ), #1236, .F. ) ;
#1722 = VERTEX_POINT ( 'NONE', #2883 ) ;
#1723 = DIRECTION ( 'NONE',  ( -1.000000000000000000, 0.000000000000000000, 0.000000000000000000 ) ) ;
#1724 = DIRECTION ( 'NONE',  ( 0.000000000000000000, 0.000000000000000000, 1.000000000000000000 ) ) ;
#1725 = DIRECTION ( 'NONE',  ( -1.000000000000000000, 0.000000000000000000, 0.000000000000000000 ) ) ;
#1726 = EDGE_CURVE ( 'NONE', #1429, #852, #1487, .T. ) ;
#1727 = CARTESIAN_POINT ( 'NONE',  ( -0.08858267716535433989, 0.1377952755905511861, -0.1043307086614173457 ) ) ;
#1728 = ADVANCED_FACE ( 'NONE', ( #158 ), #2348, .T. ) ;
#1729 = ORIENTED_EDGE ( 'NONE', *, *, #3081, .T. ) ;
#1730 = CARTESIAN_POINT ( 'NONE',  ( 0.1535433070866141780, 0.007874015748031495954, -0.07480314960629921850 ) ) ;
#1731 = FACE_BOUND ( 'NONE', #1314, .T. ) ;
#1732 = ORIENTED_EDGE ( 'NONE', *, *, #1836, .T. ) ;
#1733 = CARTESIAN_POINT ( 'NONE',  ( -0.1181102362204724532, 0.03937007874015747977, -0.07480314960629921850 ) ) ;
#1734 = FACE_OUTER_BOUND ( 'NONE', #1102, .T. ) ;
#1735 = ADVANCED_FACE ( 'NONE', ( #967 ), #3460, .F. ) ;
#1736 = DIRECTION ( 'NONE',  ( 0.000000000000000000, 1.000000000000000000, 0.000000000000000000 ) ) ;
#1737 = LINE ( 'NONE', #625, #1697 ) ;
#1738 = VERTEX_POINT ( 'NONE', #3170 ) ;
#1739 = CARTESIAN_POINT ( 'NONE',  ( -0.08858267716535433989, 0.1299212598425196763, -0.08858267716535433989 ) ) ;
#1740 = EDGE_CURVE ( 'NONE', #778, #3242, #1228, .T. ) ;
#1741 = DIRECTION ( 'NONE',  ( 0.000000000000000000, 1.000000000000000000, 0.000000000000000000 ) ) ;
#1742 = CARTESIAN_POINT ( 'NONE',  ( -0.1496062992125984370, 0.02755905511811023584, -0.07480314960629921850 ) ) ;
#1743 = CARTESIAN_POINT ( 'NONE',  ( 0.1535433070866141780, 0.007874015748031495954, 0.1023622047244094613 ) ) ;
#1744 = AXIS2_PLACEMENT_3D ( 'NONE', #3357, #1967, #1708 ) ;
#1745 = VECTOR ( 'NONE', #3052, 39.37007874015748143 ) ;
#1746 = DIRECTION ( 'NONE',  ( 1.000000000000000000, -1.734723475976804925E-15, 0.000000000000000000 ) ) ;
#1747 = UNCERTAINTY_MEASURE_WITH_UNIT (LENGTH_MEASURE( 1.000000000000000082E-05 ), #1221, 'distance_accuracy_value', 'NONE');
#1748 = CIRCLE ( 'NONE', #316, 0.01574803149606299885 ) ;
#1749 = CONICAL_SURFACE ( 'NONE', #191, 0.06496062992125985203, 0.04542327942157694393 ) ;
#1750 = ORIENTED_EDGE ( 'NONE', *, *, #1201, .T. ) ;
#1751 = FILL_AREA_STYLE ('',( #2323 ) ) ;
#1752 = PLANE ( 'NONE',  #2550 ) ;
#1753 = AXIS2_PLACEMENT_3D ( 'NONE', #2298, #3415, #1398 ) ;
#1754 = EDGE_LOOP ( 'NONE', ( #2713, #579, #135, #2984 ) ) ;
#1755 = VECTOR ( 'NONE', #893, 39.37007874015748143 ) ;
#1756 = DIRECTION ( 'NONE',  ( 0.000000000000000000, 1.000000000000000000, 0.000000000000000000 ) ) ;
#1757 = VECTOR ( 'NONE', #1313, 39.37007874015748143 ) ;
#1758 = DIRECTION ( 'NONE',  ( 1.000000000000000000, 0.000000000000000000, 0.000000000000000000 ) ) ;
#1759 = DIRECTION ( 'NONE',  ( 0.000000000000000000, 1.000000000000000000, 0.000000000000000000 ) ) ;
#1760 = ORIENTED_EDGE ( 'NONE', *, *, #2543, .T. ) ;
#1761 = VERTEX_POINT ( 'NONE', #2590 ) ;
#1762 = VECTOR ( 'NONE', #1970, 39.37007874015748143 ) ;
#1763 = FACE_OUTER_BOUND ( 'NONE', #79, .T. ) ;
#1764 = VECTOR ( 'NONE', #1266, 39.37007874015748143 ) ;
#1765 = ORIENTED_EDGE ( 'NONE', *, *, #3556, .T. ) ;
#1766 = CARTESIAN_POINT ( 'NONE',  ( 0.1614173228346456879, 0.02755905511811023584, -0.1023622047244094613 ) ) ;
#1767 = EDGE_CURVE ( 'NONE', #2820, #154, #1176, .T. ) ;
#1768 = FACE_OUTER_BOUND ( 'NONE', #423, .T. ) ;
#1769 = ORIENTED_EDGE ( 'NONE', *, *, #839, .T. ) ;
#1770 = CARTESIAN_POINT ( 'NONE',  ( 0.1181102362204724532, 0.03149606299212598381, -0.07480314960629921850 ) ) ;
#1771 = ORIENTED_EDGE ( 'NONE', *, *, #441, .F. ) ;
#1772 = CARTESIAN_POINT ( 'NONE',  ( -0.08858267716535433989, 0.1456692913385826960, -0.08858267716535433989 ) ) ;
#1773 = CARTESIAN_POINT ( 'NONE',  ( -0.08858267716535433989, 0.1299212598425196763, 0.07283464566929134798 ) ) ;
#1774 = DIRECTION ( 'NONE',  ( 0.000000000000000000, 0.000000000000000000, -1.000000000000000000 ) ) ;
#1775 = ADVANCED_FACE ( 'NONE', ( #462 ), #396, .F. ) ;
#1776 = ORIENTED_EDGE ( 'NONE', *, *, #1606, .T. ) ;
#1777 = CARTESIAN_POINT ( 'NONE',  ( 0.08858267716535433989, 0.1823374350353732243, 0.08858267716535433989 ) ) ;
#1778 = CARTESIAN_POINT ( 'NONE',  ( 0.08858267716535433989, 0.1377952755905511861, 0.07283464566929134798 ) ) ;
#1779 = LINE ( 'NONE', #2605, #321 ) ;
#1780 = LINE ( 'NONE', #2885, #1239 ) ;
#1781 = EDGE_CURVE ( 'NONE', #2470, #3280, #1812, .T. ) ;
#1782 = EDGE_LOOP ( 'NONE', ( #80, #312, #1127, #2187, #3002, #530, #2463, #3115 ) ) ;
#1783 = DIRECTION ( 'NONE',  ( 0.000000000000000000, 0.000000000000000000, -1.000000000000000000 ) ) ;
#1784 = EDGE_CURVE ( 'NONE', #2470, #2803, #2919, .T. ) ;
#1785 = VERTEX_POINT ( 'NONE', #445 ) ;
#1786 = DIRECTION ( 'NONE',  ( -1.000000000000000000, 0.000000000000000000, 0.000000000000000000 ) ) ;
#1787 = DIRECTION ( 'NONE',  ( -1.000000000000000000, 0.000000000000000000, 0.000000000000000000 ) ) ;
#1788 = ORIENTED_EDGE ( 'NONE', *, *, #3183, .T. ) ;
#1789 = EDGE_LOOP ( 'NONE', ( #627, #1369, #1490, #1942 ) ) ;
#1790 = CARTESIAN_POINT ( 'NONE',  ( -0.1535433070866141780, 0.007874015748031495954, 0.1023622047244094613 ) ) ;
#1791 = ORIENTED_EDGE ( 'NONE', *, *, #3389, .T. ) ;
#1792 = CARTESIAN_POINT ( 'NONE',  ( 0.1968503937007874127, -0.003937007874015747977, 0.1023622047244094613 ) ) ;
#1793 = EDGE_CURVE ( 'NONE', #61, #118, #1540, .T. ) ;
#1794 = FACE_OUTER_BOUND ( 'NONE', #1219, .T. ) ;
#1795 = CARTESIAN_POINT ( 'NONE',  ( 0.1653543307086614567, 0.007874015748031495954, -0.1023622047244094613 ) ) ;
#1796 = ORIENTED_EDGE ( 'NONE', *, *, #1334, .F. ) ;
#1797 = VECTOR ( 'NONE', #2660, 39.37007874015748143 ) ;
#1798 = AXIS2_PLACEMENT_3D ( 'NONE', #1772, #1756, #179 ) ;
#1799 = LINE ( 'NONE', #1191, #317 ) ;
#1800 = CARTESIAN_POINT ( 'NONE',  ( 0.1968503937007874127, -0.003937007874015747977, -0.1023622047244094613 ) ) ;
#1801 = VECTOR ( 'NONE', #2656, 39.37007874015748143 ) ;
#1802 = ORIENTED_EDGE ( 'NONE', *, *, #2621, .T. ) ;
#1803 = LINE ( 'NONE', #1278, #2661 ) ;
#1804 = MECHANICAL_DESIGN_GEOMETRIC_PRESENTATION_REPRESENTATION (  '', ( #3078 ), #371 ) ;
#1805 = EDGE_CURVE ( 'NONE', #259, #1205, #3430, .T. ) ;
#1806 = VECTOR ( 'NONE', #1953, 39.37007874015748143 ) ;
#1807 = LINE ( 'NONE', #658, #1421 ) ;
#1808 = ORIENTED_EDGE ( 'NONE', *, *, #3555, .F. ) ;
#1809 = DIRECTION ( 'NONE',  ( 0.000000000000000000, -1.000000000000000000, 0.000000000000000000 ) ) ;
#1810 = AXIS2_PLACEMENT_3D ( 'NONE', #2527, #285, #606 ) ;
#1811 = ORIENTED_EDGE ( 'NONE', *, *, #2641, .F. ) ;
#1812 = LINE ( 'NONE', #1792, #2964 ) ;
#1813 = CARTESIAN_POINT ( 'NONE',  ( 0.1614173228346456879, 0.02755905511811023584, 0.1023622047244094613 ) ) ;
#1814 = DIRECTION ( 'NONE',  ( 1.000000000000000000, 0.000000000000000000, 0.000000000000000000 ) ) ;
#1815 = UNCERTAINTY_MEASURE_WITH_UNIT (LENGTH_MEASURE( 1.000000000000000082E-05 ), #885, 'distance_accuracy_value', 'NONE');
#1816 = ORIENTED_EDGE ( 'NONE', *, *, #3246, .F. ) ;
#1817 = AXIS2_PLACEMENT_3D ( 'NONE', #372, #677, #3411 ) ;
#1818 = CARTESIAN_POINT ( 'NONE',  ( -0.1122047244094488277, 0.000000000000000000, 0.1181102362204724532 ) ) ;
#1819 = PRESENTATION_STYLE_ASSIGNMENT (( #960 ) ) ;
#1820 = ORIENTED_EDGE ( 'NONE', *, *, #2543, .F. ) ;
#1821 = FACE_BOUND ( 'NONE', #2380, .T. ) ;
#1822 = DIRECTION ( 'NONE',  ( 0.000000000000000000, 0.000000000000000000, 1.000000000000000000 ) ) ;
#1823 = EDGE_CURVE ( 'NONE', #1235, #778, #3155, .T. ) ;
#1824 = VERTEX_POINT ( 'NONE', #3475 ) ;
#1825 = CARTESIAN_POINT ( 'NONE',  ( 0.1181102362204724532, 0.03937007874015747977, 0.1023622047244094613 ) ) ;
#1826 = DIRECTION ( 'NONE',  ( 0.000000000000000000, -1.000000000000000000, 0.000000000000000000 ) ) ;
#1827 = ORIENTED_EDGE ( 'NONE', *, *, #770, .F. ) ;
#1828 = DIRECTION ( 'NONE',  ( 0.000000000000000000, 0.000000000000000000, -1.000000000000000000 ) ) ;
#1829 = EDGE_CURVE ( 'NONE', #663, #1931, #188, .T. ) ;
#1830 = CARTESIAN_POINT ( 'NONE',  ( 0.08858267716535433989, 0.1377952755905511861, 0.08858267716535433989 ) ) ;
#1831 = CARTESIAN_POINT ( 'NONE',  ( -0.1496062992125984370, 0.02755905511811023584, 0.1023622047244094613 ) ) ;
#1832 = EDGE_CURVE ( 'NONE', #2330, #118, #1514, .T. ) ;
#1833 = VERTEX_POINT ( 'NONE', #1916 ) ;
#1834 = LINE ( 'NONE', #576, #31 ) ;
#1835 = ORIENTED_EDGE ( 'NONE', *, *, #1193, .T. ) ;
#1836 = EDGE_CURVE ( 'NONE', #3240, #2487, #2794, .T. ) ;
#1837 = DIRECTION ( 'NONE',  ( 0.000000000000000000, 1.000000000000000000, 0.000000000000000000 ) ) ;
#1838 = ORIENTED_EDGE ( 'NONE', *, *, #3222, .F. ) ;
#1839 = DIRECTION ( 'NONE',  ( 0.000000000000000000, 0.000000000000000000, 1.000000000000000000 ) ) ;
#1840 = CARTESIAN_POINT ( 'NONE',  ( -0.1122047244094488277, 0.1299212598425196763, 0.1122047244094488277 ) ) ;
#1841 = VERTEX_POINT ( 'NONE', #1323 ) ;
#1842 = EDGE_LOOP ( 'NONE', ( #2881, #2642, #1386, #3223 ) ) ;
#1843 = CARTESIAN_POINT ( 'NONE',  ( 0.1181102362204724532, 0.1377952755905511861, -0.1122047244094488277 ) ) ;
#1844 = VERTEX_POINT ( 'NONE', #2755 ) ;
#1845 = CARTESIAN_POINT ( 'NONE',  ( 0.1181102362204724532, 0.1299212598425196763, -0.1122047244094488277 ) ) ;
#1846 = DIRECTION ( 'NONE',  ( 0.000000000000000000, 1.000000000000000000, 0.000000000000000000 ) ) ;
#1847 = DIRECTION ( 'NONE',  ( 0.000000000000000000, 1.000000000000000000, 0.000000000000000000 ) ) ;
#1848 = ADVANCED_FACE ( 'NONE', ( #3244 ), #2134, .T. ) ;
#1849 = DIRECTION ( 'NONE',  ( 1.000000000000000000, 0.000000000000000000, 0.000000000000000000 ) ) ;
#1850 = ORIENTED_EDGE ( 'NONE', *, *, #1570, .T. ) ;
#1851 = CARTESIAN_POINT ( 'NONE',  ( 8.919671568592926781E-18, -0.07608622758978160483, -0.07283464566929134798 ) ) ;
#1852 = DIRECTION ( 'NONE',  ( 0.000000000000000000, 1.000000000000000000, 0.000000000000000000 ) ) ;
#1853 = CLOSED_SHELL ( 'NONE', ( #486, #828, #1625, #1848, #2645, #1100, #171, #2845, #572, #2441, #3157, #464, #1231, #3384 ) ) ;
#1854 = EDGE_LOOP ( 'NONE', ( #1247, #2654, #3425, #1983 ) ) ;
#1855 = ORIENTED_EDGE ( 'NONE', *, *, #15, .T. ) ;
#1856 = AXIS2_PLACEMENT_3D ( 'NONE', #127, #3438, #2876 ) ;
#1857 = CIRCLE ( 'NONE', #3019, 0.005905511811023620231 ) ;
#1858 = EDGE_LOOP ( 'NONE', ( #242, #166, #3547, #909 ) ) ;
#1859 = AXIS2_PLACEMENT_3D ( 'NONE', #2659, #2643, #169 ) ;
#1860 = AXIS2_PLACEMENT_3D ( 'NONE', #3399, #2027, #397 ) ;
#1861 = CARTESIAN_POINT ( 'NONE',  ( 0.08858267716535433989, 0.1456692913385826960, 0.08858267716535433989 ) ) ;
#1862 = LINE ( 'NONE', #230, #2101 ) ;
#1863 = CARTESIAN_POINT ( 'NONE',  ( -0.1653543307086614567, 0.007874015748031495954, -0.1023622047244094613 ) ) ;
#1864 = VECTOR ( 'NONE', #3044, 39.37007874015748143 ) ;
#1865 = DIRECTION ( 'NONE',  ( 0.000000000000000000, 0.000000000000000000, 1.000000000000000000 ) ) ;
#1866 = CIRCLE ( 'NONE', #779, 0.003937007874015741038 ) ;
#1867 = DIRECTION ( 'NONE',  ( -1.000000000000000000, 0.000000000000000000, 0.000000000000000000 ) ) ;
#1868 = VERTEX_POINT ( 'NONE', #2974 ) ;
#1869 = EDGE_CURVE ( 'NONE', #1903, #3221, #2149, .T. ) ;
#1870 = DIRECTION ( 'NONE',  ( 0.000000000000000000, 0.000000000000000000, -1.000000000000000000 ) ) ;
#1871 = VECTOR ( 'NONE', #1709, 39.37007874015748143 ) ;
#1872 = CARTESIAN_POINT ( 'NONE',  ( 0.1653543307086614567, -0.003937007874015747977, 0.07480314960629921850 ) ) ;
#1873 = VERTEX_POINT ( 'NONE', #1632 ) ;
#1874 = SURFACE_STYLE_FILL_AREA ( #3294 ) ;
#1875 = DIRECTION ( 'NONE',  ( 1.000000000000000000, 0.000000000000000000, 0.000000000000000000 ) ) ;
#1876 = ORIENTED_EDGE ( 'NONE', *, *, #2013, .T. ) ;
#1877 = ORIENTED_EDGE ( 'NONE', *, *, #3375, .T. ) ;
#1878 = EDGE_CURVE ( 'NONE', #1306, #1543, #2403, .T. ) ;
#1879 = CARTESIAN_POINT ( 'NONE',  ( 0.08858267716535433989, 0.1377952755905511861, -0.1043307086614173457 ) ) ;
#1880 = EDGE_LOOP ( 'NONE', ( #461, #3448, #905, #680 ) ) ;
#1881 = EDGE_CURVE ( 'NONE', #1306, #1251, #2437, .T. ) ;
#1882 = CYLINDRICAL_SURFACE ( 'NONE', #3386, 0.01574803149606299885 ) ;
#1883 = CARTESIAN_POINT ( 'NONE',  ( 0.000000000000000000, 0.2165354330708661457, 0.000000000000000000 ) ) ;
#1884 = DIRECTION ( 'NONE',  ( 0.000000000000000000, 0.000000000000000000, 1.000000000000000000 ) ) ;
#1885 = DIRECTION ( 'NONE',  ( 0.000000000000000000, -1.000000000000000000, 0.000000000000000000 ) ) ;
#1886 = VERTEX_POINT ( 'NONE', #1614 ) ;
#1887 = DIRECTION ( 'NONE',  ( 0.000000000000000000, 1.000000000000000000, 0.000000000000000000 ) ) ;
#1888 = EDGE_CURVE ( 'NONE', #2015, #2922, #829, .T. ) ;
#1889 = EDGE_CURVE ( 'NONE', #3317, #2360, #1092, .T. ) ;
#1890 = LINE ( 'NONE', #2139, #722 ) ;
#1891 = ORIENTED_EDGE ( 'NONE', *, *, #3312, .T. ) ;
#1892 =( CONVERSION_BASED_UNIT ( 'INCH', #780 ) LENGTH_UNIT ( ) NAMED_UNIT ( #227 ) );
#1893 = LINE ( 'NONE', #1537, #1801 ) ;
#1894 = ADVANCED_FACE ( 'NONE', ( #819 ), #2419, .F. ) ;
#1895 = ORIENTED_EDGE ( 'NONE', *, *, #3439, .T. ) ;
#1896 = ORIENTED_EDGE ( 'NONE', *, *, #3081, .F. ) ;
#1897 = LINE ( 'NONE', #1843, #1461 ) ;
#1898 = ORIENTED_EDGE ( 'NONE', *, *, #3331, .F. ) ;
#1899 = CARTESIAN_POINT ( 'NONE',  ( 0.1122047244094488277, 0.1377952755905511861, 0.1122047244094488277 ) ) ;
#1900 = FACE_OUTER_BOUND ( 'NONE', #3068, .T. ) ;
#1901 = CARTESIAN_POINT ( 'NONE',  ( -0.1496062992125984370, 0.02755905511811023584, 0.07480314960629921850 ) ) ;
#1902 = DIRECTION ( 'NONE',  ( 0.000000000000000000, 0.000000000000000000, 1.000000000000000000 ) ) ;
#1903 = VERTEX_POINT ( 'NONE', #231 ) ;
#1904 = CARTESIAN_POINT ( 'NONE',  ( -0.1122047244094488277, 0.1377952755905511861, 0.1181102362204724532 ) ) ;
#1905 = CARTESIAN_POINT ( 'NONE',  ( 0.08858267716535433989, 0.1456692913385826960, 0.1122047244094488277 ) ) ;
#1906 = VERTEX_POINT ( 'NONE', #2681 ) ;
#1907 = CARTESIAN_POINT ( 'NONE',  ( 0.1181102362204724532, 0.1299212598425196763, 0.1122047244094488277 ) ) ;
#1908 = ORIENTED_EDGE ( 'NONE', *, *, #434, .F. ) ;
#1909 = EDGE_LOOP ( 'NONE', ( #1269, #2237, #282, #2459 ) ) ;
#1910 = ADVANCED_FACE ( 'NONE', ( #2949 ), #479, .T. ) ;
#1911 = AXIS2_PLACEMENT_3D ( 'NONE', #1901, #1363, #2457 ) ;
#1912 = FACE_OUTER_BOUND ( 'NONE', #2025, .T. ) ;
#1913 = MECHANICAL_DESIGN_GEOMETRIC_PRESENTATION_REPRESENTATION (  '', ( #2205 ), #1400 ) ;
#1914 = AXIS2_PLACEMENT_3D ( 'NONE', #3486, #653, #1786 ) ;
#1915 = CARTESIAN_POINT ( 'NONE',  ( 0.1653543307086614567, 0.007874015748031495954, 0.07480314960629921850 ) ) ;
#1916 = CARTESIAN_POINT ( 'NONE',  ( 0.08858267716535433989, 0.1456692913385826960, -0.06496062992125986590 ) ) ;
#1917 = LINE ( 'NONE', #2515, #2842 ) ;
#1918 = VECTOR ( 'NONE', #3394, 39.37007874015748143 ) ;
#1919 = AXIS2_PLACEMENT_3D ( 'NONE', #972, #506, #3233 ) ;
#1920 = DIRECTION ( 'NONE',  ( 0.000000000000000000, 1.000000000000000000, 0.000000000000000000 ) ) ;
#1921 = VECTOR ( 'NONE', #1017, 39.37007874015748143 ) ;
#1922 = ORIENTED_EDGE ( 'NONE', *, *, #176, .F. ) ;
#1923 = DIRECTION ( 'NONE',  ( 1.000000000000000000, 0.000000000000000000, 0.000000000000000000 ) ) ;
#1924 = AXIS2_PLACEMENT_3D ( 'NONE', #655, #3392, #2864 ) ;
#1925 = CARTESIAN_POINT ( 'NONE',  ( -0.1181102362204724532, 0.1299212598425196763, -0.1122047244094488277 ) ) ;
#1926 = EDGE_CURVE ( 'NONE', #154, #2622, #2174, .T. ) ;
#1927 = EDGE_LOOP ( 'NONE', ( #2593, #3232, #708, #3005 ) ) ;
#1928 = VECTOR ( 'NONE', #2646, 39.37007874015748143 ) ;
#1929 = VECTOR ( 'NONE', #3227, 39.37007874015748143 ) ;
#1930 = ORIENTED_EDGE ( 'NONE', *, *, #1478, .T. ) ;
#1931 = VERTEX_POINT ( 'NONE', #2154 ) ;
#1932 = AXIS2_PLACEMENT_3D ( 'NONE', #1683, #2207, #2240 ) ;
#1933 = FACE_BOUND ( 'NONE', #393, .T. ) ;
#1934 = ORIENTED_EDGE ( 'NONE', *, *, #886, .F. ) ;
#1935 = ADVANCED_FACE ( 'NONE', ( #790 ), #804, .T. ) ;
#1936 = ADVANCED_FACE ( 'NONE', ( #1900 ), #1059, .T. ) ;
#1937 = CARTESIAN_POINT ( 'NONE',  ( 0.1968503937007874127, 0.003937007874015747977, -0.1023622047244094613 ) ) ;
#1938 = CARTESIAN_POINT ( 'NONE',  ( -0.1496062992125984370, 0.03937007874015747977, 0.1023622047244094613 ) ) ;
#1939 = FACE_OUTER_BOUND ( 'NONE', #1854, .T. ) ;
#1940 = EDGE_CURVE ( 'NONE', #1065, #3568, #3315, .T. ) ;
#1941 = CYLINDRICAL_SURFACE ( 'NONE', #1010, 0.005905511811023620231 ) ;
#1942 = ORIENTED_EDGE ( 'NONE', *, *, #2415, .F. ) ;
#1943 = CARTESIAN_POINT ( 'NONE',  ( -0.1653543307086614567, 0.007874015748031495954, 0.07480314960629921850 ) ) ;
#1944 = DIRECTION ( 'NONE',  ( 0.000000000000000000, 0.000000000000000000, 1.000000000000000000 ) ) ;
#1945 = EDGE_LOOP ( 'NONE', ( #622, #1425, #1771, #2453 ) ) ;
#1946 = PLANE ( 'NONE',  #2321 ) ;
#1947 = CARTESIAN_POINT ( 'NONE',  ( -0.08858267716535433989, 0.1141732283464566844, 0.08858267716535433989 ) ) ;
#1948 = ORIENTED_EDGE ( 'NONE', *, *, #1265, .T. ) ;
#1949 = VERTEX_POINT ( 'NONE', #17 ) ;
#1950 = LINE ( 'NONE', #52, #2617 ) ;
#1951 = EDGE_LOOP ( 'NONE', ( #621, #3162, #670, #2058 ) ) ;
#1952 = CARTESIAN_POINT ( 'NONE',  ( 0.1122047244094488277, 0.000000000000000000, -0.1181102362204724532 ) ) ;
#1953 = DIRECTION ( 'NONE',  ( 0.000000000000000000, 1.000000000000000000, 0.000000000000000000 ) ) ;
#1954 = DIRECTION ( 'NONE',  ( 1.000000000000000000, 0.000000000000000000, 0.000000000000000000 ) ) ;
#1955 = DIRECTION ( 'NONE',  ( 0.000000000000000000, 1.000000000000000000, 0.000000000000000000 ) ) ;
#1956 = DIRECTION ( 'NONE',  ( 0.000000000000000000, 0.000000000000000000, 1.000000000000000000 ) ) ;
#1957 = EDGE_CURVE ( 'NONE', #2803, #1584, #3322, .T. ) ;
#1958 = LINE ( 'NONE', #2014, #2970 ) ;
#1959 = VERTEX_POINT ( 'NONE', #2772 ) ;
#1960 = DIRECTION ( 'NONE',  ( -1.000000000000000000, 0.000000000000000000, 0.000000000000000000 ) ) ;
#1961 = ORIENTED_EDGE ( 'NONE', *, *, #870, .F. ) ;
#1962 = ORIENTED_EDGE ( 'NONE', *, *, #2243, .F. ) ;
#1963 = DIRECTION ( 'NONE',  ( 0.000000000000000000, -1.000000000000000000, 0.000000000000000000 ) ) ;
#1964 = CARTESIAN_POINT ( 'NONE',  ( -0.08858267716535433989, 0.1456692913385826960, 0.08858267716535433989 ) ) ;
#1965 = LINE ( 'NONE', #1938, #2850 ) ;
#1966 = AXIS2_PLACEMENT_3D ( 'NONE', #590, #3104, #1691 ) ;
#1967 = DIRECTION ( 'NONE',  ( 0.000000000000000000, 1.000000000000000000, 0.000000000000000000 ) ) ;
#1968 = AXIS2_PLACEMENT_3D ( 'NONE', #2230, #861, #1954 ) ;
#1969 = VERTEX_POINT ( 'NONE', #87 ) ;
#1970 = DIRECTION ( 'NONE',  ( 0.000000000000000000, 0.000000000000000000, 1.000000000000000000 ) ) ;
#1971 = PLANE ( 'NONE',  #2377 ) ;
#1972 = CIRCLE ( 'NONE', #2959, 0.003937007874015758385 ) ;
#1973 = DIRECTION ( 'NONE',  ( 1.000000000000000000, 0.000000000000000000, 0.000000000000000000 ) ) ;
#1974 = AXIS2_PLACEMENT_3D ( 'NONE', #2715, #2472, #1597 ) ;
#1975 = AXIS2_PLACEMENT_3D ( 'NONE', #332, #3381, #2194 ) ;
#1976 = EDGE_CURVE ( 'NONE', #526, #2148, #2087, .T. ) ;
#1977 = VERTEX_POINT ( 'NONE', #2514 ) ;
#1978 = CARTESIAN_POINT ( 'NONE',  ( -0.1968503937007874127, -0.003937007874015747977, -0.1023622047244094613 ) ) ;
#1979 = VECTOR ( 'NONE', #3356, 39.37007874015748143 ) ;
#1980 = FILL_AREA_STYLE_COLOUR ( '', #1226 ) ;
#1981 = AXIS2_PLACEMENT_3D ( 'NONE', #831, #1064, #278 ) ;
#1982 = EDGE_CURVE ( 'NONE', #335, #2181, #539, .T. ) ;
#1983 = ORIENTED_EDGE ( 'NONE', *, *, #104, .T. ) ;
#1984 = ORIENTED_EDGE ( 'NONE', *, *, #3361, .F. ) ;
#1985 = AXIS2_PLACEMENT_3D ( 'NONE', #1899, #187, #1307 ) ;
#1986 = CARTESIAN_POINT ( 'NONE',  ( 0.1181102362204724532, 0.1377952755905511861, 0.1122047244094488277 ) ) ;
#1987 = CARTESIAN_POINT ( 'NONE',  ( 7.986763524862365680E-18, 0.2108980767377087451, -0.06521687339094880964 ) ) ;
#1988 = CARTESIAN_POINT ( 'NONE',  ( 0.1614173228346456879, 0.02755905511811023584, -0.07480314960629921850 ) ) ;
#1989 = AXIS2_PLACEMENT_3D ( 'NONE', #37, #3079, #2006 ) ;
#1990 = DIRECTION ( 'NONE',  ( 0.000000000000000000, 0.000000000000000000, -1.000000000000000000 ) ) ;
#1991 = EDGE_CURVE ( 'NONE', #712, #1931, #2278, .T. ) ;
#1992 = ORIENTED_EDGE ( 'NONE', *, *, #1189, .F. ) ;
#1993 = DIRECTION ( 'NONE',  ( 0.000000000000000000, 0.000000000000000000, 1.000000000000000000 ) ) ;
#1994 = CARTESIAN_POINT ( 'NONE',  ( 0.08858267716535433989, 0.1299212598425196763, 0.07283464566929134798 ) ) ;
#1995 = DIRECTION ( 'NONE',  ( 1.734723475976804925E-15, -1.000000000000000000, 0.000000000000000000 ) ) ;
#1996 = ORIENTED_EDGE ( 'NONE', *, *, #1740, .F. ) ;
#1997 = DIRECTION ( 'NONE',  ( -1.000000000000000000, 0.000000000000000000, 0.000000000000000000 ) ) ;
#1998 = LENGTH_MEASURE_WITH_UNIT ( LENGTH_MEASURE( 0.02539999999999999897 ), #1441 );
#1999 = EDGE_CURVE ( 'NONE', #1738, #1337, #326, .T. ) ;
#2000 = EDGE_CURVE ( 'NONE', #186, #1873, #2792, .T. ) ;
#2001 = EDGE_CURVE ( 'NONE', #1145, #2669, #1965, .T. ) ;
#2002 = ORIENTED_EDGE ( 'NONE', *, *, #399, .T. ) ;
#2003 = ORIENTED_EDGE ( 'NONE', *, *, #2083, .T. ) ;
#2004 = EDGE_CURVE ( 'NONE', #2273, #2611, #860, .T. ) ;
#2005 = FACE_OUTER_BOUND ( 'NONE', #1754, .T. ) ;
#2006 = DIRECTION ( 'NONE',  ( 0.000000000000000000, 0.000000000000000000, 1.000000000000000000 ) ) ;
#2007 = DIRECTION ( 'NONE',  ( 0.000000000000000000, 0.000000000000000000, 1.000000000000000000 ) ) ;
#2008 = ORIENTED_EDGE ( 'NONE', *, *, #979, .F. ) ;
#2009 = DIRECTION ( 'NONE',  ( 0.000000000000000000, 0.000000000000000000, 1.000000000000000000 ) ) ;
#2010 = CARTESIAN_POINT ( 'NONE',  ( -0.1181102362204724532, 0.03937007874015747977, 0.07480314960629921850 ) ) ;
#2011 = FACE_OUTER_BOUND ( 'NONE', #2223, .T. ) ;
#2012 = CARTESIAN_POINT ( 'NONE',  ( 0.1653543307086614567, 0.007874015748031495954, -0.1023622047244094613 ) ) ;
#2013 = EDGE_CURVE ( 'NONE', #2409, #335, #2531, .T. ) ;
#2014 = CARTESIAN_POINT ( 'NONE',  ( -0.1653543307086614567, -0.003937007874015747977, 0.07480314960629921850 ) ) ;
#2015 = VERTEX_POINT ( 'NONE', #1666 ) ;
#2016 = PRESENTATION_STYLE_ASSIGNMENT (( #433 ) ) ;
#2017 = CARTESIAN_POINT ( 'NONE',  ( -0.1968503937007874127, -0.003937007874015747977, 0.07480314960629921850 ) ) ;
#2018 = EDGE_LOOP ( 'NONE', ( #2060, #394 ) ) ;
#2019 = VERTEX_POINT ( 'NONE', #67 ) ;
#2020 = CARTESIAN_POINT ( 'NONE',  ( -0.08858267716535433989, 0.1377952755905511861, 0.08858267716535433989 ) ) ;
#2021 = FACE_OUTER_BOUND ( 'NONE', #2096, .T. ) ;
#2022 = EDGE_CURVE ( 'NONE', #1671, #652, #2561, .T. ) ;
#2023 = ORIENTED_EDGE ( 'NONE', *, *, #1258, .F. ) ;
#2024 = DIRECTION ( 'NONE',  ( 0.000000000000000000, -1.000000000000000000, 0.000000000000000000 ) ) ;
#2025 = EDGE_LOOP ( 'NONE', ( #3445, #764 ) ) ;
#2026 = CLOSED_SHELL ( 'NONE', ( #2952, #400, #1721, #3137, #98, #3164, #2578, #969, #1662, #1775, #1432, #137, #2110, #273, #3121, #1735, #1211, #3117, #651, #202 ) ) ;
#2027 = DIRECTION ( 'NONE',  ( 0.000000000000000000, 1.000000000000000000, 0.000000000000000000 ) ) ;
#2028 = AXIS2_PLACEMENT_3D ( 'NONE', #1215, #3414, #2894 ) ;
#2029 = CARTESIAN_POINT ( 'NONE',  ( 0.1181102362204724532, 0.03149606299212598381, -0.1023622047244094613 ) ) ;
#2030 = VECTOR ( 'NONE', #3537, 39.37007874015748143 ) ;
#2031 = VERTEX_POINT ( 'NONE', #304 ) ;
#2032 = DIRECTION ( 'NONE',  ( 0.000000000000000000, 1.000000000000000000, 0.000000000000000000 ) ) ;
#2033 = LINE ( 'NONE', #1770, #2665 ) ;
#2034 = AXIS2_PLACEMENT_3D ( 'NONE', #3530, #517, #1054 ) ;
#2035 = CIRCLE ( 'NONE', #772, 0.003937007874015758385 ) ;
#2036 = EDGE_CURVE ( 'NONE', #1592, #1761, #1161, .T. ) ;
#2037 = ORIENTED_EDGE ( 'NONE', *, *, #2477, .F. ) ;
#2038 = VECTOR ( 'NONE', #841, 39.37007874015748143 ) ;
#2039 = CARTESIAN_POINT ( 'NONE',  ( 0.1653543307086614567, 0.003937007874015747977, -0.1023622047244094613 ) ) ;
#2040 =( GEOMETRIC_REPRESENTATION_CONTEXT ( 3 ) GLOBAL_UNCERTAINTY_ASSIGNED_CONTEXT ( ( #3479 ) ) GLOBAL_UNIT_ASSIGNED_CONTEXT ( ( #46, #1154, #3105 ) ) REPRESENTATION_CONTEXT ( 'NONE', 'WORKASPACE' ) );
#2041 = CARTESIAN_POINT ( 'NONE',  ( -0.1653543307086614567, 0.007874015748031495954, 0.07480314960629921850 ) ) ;
#2042 = DIRECTION ( 'NONE',  ( 0.000000000000000000, -1.000000000000000000, 0.000000000000000000 ) ) ;
#2043 = ORIENTED_EDGE ( 'NONE', *, *, #1093, .F. ) ;
#2044 = CIRCLE ( 'NONE', #206, 0.02362204724409448092 ) ;
#2045 = DIRECTION ( 'NONE',  ( 0.000000000000000000, 0.000000000000000000, 1.000000000000000000 ) ) ;
#2046 = EDGE_CURVE ( 'NONE', #1224, #2611, #38, .T. ) ;
#2047 = CIRCLE ( 'NONE', #1989, 0.01574803149606299885 ) ;
#2048 = DIRECTION ( 'NONE',  ( 0.000000000000000000, -1.000000000000000000, 0.000000000000000000 ) ) ;
#2049 = DIRECTION ( 'NONE',  ( -1.000000000000000000, -1.734723475976804925E-15, 0.000000000000000000 ) ) ;
#2050 = ADVANCED_FACE ( 'NONE', ( #896 ), #913, .T. ) ;
#2051 = PLANE ( 'NONE',  #2442 ) ;
#2052 = VERTEX_POINT ( 'NONE', #1988 ) ;
#2053 =( NAMED_UNIT ( * ) PLANE_ANGLE_UNIT ( ) SI_UNIT ( $, .RADIAN. ) );
#2054 = ORIENTED_EDGE ( 'NONE', *, *, #1044, .F. ) ;
#2055 = LINE ( 'NONE', #417, #2953 ) ;
#2056 = EDGE_CURVE ( 'NONE', #2667, #2751, #3099, .T. ) ;
#2057 = FACE_OUTER_BOUND ( 'NONE', #200, .T. ) ;
#2058 = ORIENTED_EDGE ( 'NONE', *, *, #1678, .F. ) ;
#2059 = CARTESIAN_POINT ( 'NONE',  ( -0.1614173228346456879, 0.02755905511811023584, -0.1023622047244094613 ) ) ;
#2060 = ORIENTED_EDGE ( 'NONE', *, *, #2314, .F. ) ;
#2061 = DIRECTION ( 'NONE',  ( 1.000000000000000000, 0.000000000000000000, 0.000000000000000000 ) ) ;
#2062 = CARTESIAN_POINT ( 'NONE',  ( 0.1535433070866141780, 0.007874015748031495954, 0.07480314960629921850 ) ) ;
#2063 = PLANE ( 'NONE',  #2624 ) ;
#2064 = UNCERTAINTY_MEASURE_WITH_UNIT (LENGTH_MEASURE( 1.000000000000000082E-05 ), #2236, 'distance_accuracy_value', 'NONE');
#2065 = VERTEX_POINT ( 'NONE', #3114 ) ;
#2066 = EDGE_CURVE ( 'NONE', #1886, #2890, #1150, .T. ) ;
#2067 = DIRECTION ( 'NONE',  ( 0.000000000000000000, 0.000000000000000000, -1.000000000000000000 ) ) ;
#2068 = DIRECTION ( 'NONE',  ( 0.000000000000000000, 1.000000000000000000, 0.000000000000000000 ) ) ;
#2069 = ORIENTED_EDGE ( 'NONE', *, *, #2359, .F. ) ;
#2070 = PLANE ( 'NONE',  #1166 ) ;
#2071 = DIRECTION ( 'NONE',  ( 0.000000000000000000, 0.000000000000000000, -1.000000000000000000 ) ) ;
#2072 = ORIENTED_EDGE ( 'NONE', *, *, #1141, .T. ) ;
#2073 = LINE ( 'NONE', #1622, #481 ) ;
#2074 = ORIENTED_EDGE ( 'NONE', *, *, #730, .F. ) ;
#2075 = CARTESIAN_POINT ( 'NONE',  ( 0.1653543307086614567, 0.003937007874015747977, 0.1023622047244094613 ) ) ;
#2076 = CARTESIAN_POINT ( 'NONE',  ( 0.1535433070866141780, 0.007874015748031495954, -0.1023622047244094613 ) ) ;
#2077 = CARTESIAN_POINT ( 'NONE',  ( -0.1122047244094488277, 0.1377952755905511861, -0.1181102362204724532 ) ) ;
#2078 = VERTEX_POINT ( 'NONE', #873 ) ;
#2079 = VECTOR ( 'NONE', #232, 39.37007874015748143 ) ;
#2080 = AXIS2_PLACEMENT_3D ( 'NONE', #1510, #2305, #150 ) ;
#2081 = CARTESIAN_POINT ( 'NONE',  ( -0.08858267716535433989, 0.1823374350353732243, 0.08858267716535433989 ) ) ;
#2082 = CARTESIAN_POINT ( 'NONE',  ( 0.1496062992125984370, 0.02755905511811023584, -0.07480314960629921850 ) ) ;
#2083 = EDGE_CURVE ( 'NONE', #1886, #2925, #1737, .T. ) ;
#2084 = PRESENTATION_LAYER_ASSIGNMENT (  '', '', ( #2147 ) ) ;
#2085 = EDGE_LOOP ( 'NONE', ( #1014, #601, #1503, #2542 ) ) ;
#2086 = LINE ( 'NONE', #129, #933 ) ;
#2087 = CIRCLE ( 'NONE', #3140, 0.07283464566929134798 ) ;
#2088 = CIRCLE ( 'NONE', #85, 0.07283464566929134798 ) ;
#2089 = ADVANCED_FACE ( 'NONE', ( #1467 ), #2841, .F. ) ;
#2090 = CIRCLE ( 'NONE', #1637, 0.01181102362204724046 ) ;
#2091 = DIRECTION ( 'NONE',  ( 1.000000000000000000, 0.000000000000000000, 0.000000000000000000 ) ) ;
#2092 = EDGE_LOOP ( 'NONE', ( #2218, #2475, #111, #2651, #1033, #2129, #3046, #3368, #2559, #2768, #3566, #1357 ) ) ;
#2093 = CARTESIAN_POINT ( 'NONE',  ( 0.000000000000000000, 0.2165354330708661457, 0.000000000000000000 ) ) ;
#2094 = AXIS2_PLACEMENT_3D ( 'NONE', #2151, #244, #2383 ) ;
#2095 = LINE ( 'NONE', #3208, #718 ) ;
#2096 = EDGE_LOOP ( 'NONE', ( #1128, #2824, #1750, #75 ) ) ;
#2097 = CARTESIAN_POINT ( 'NONE',  ( -0.1181102362204724532, 0.1377952755905511861, -0.1122047244094488277 ) ) ;
#2098 = AXIS2_PLACEMENT_3D ( 'NONE', #2982, #578, #1328 ) ;
#2099 = CYLINDRICAL_SURFACE ( 'NONE', #1279, 0.003937007874015758385 ) ;
#2100 = ADVANCED_FACE ( 'NONE', ( #2293 ), #498, .T. ) ;
#2101 = VECTOR ( 'NONE', #214, 39.37007874015748143 ) ;
#2102 = ADVANCED_FACE ( 'NONE', ( #1594 ), #228, .T. ) ;
#2103 = DIRECTION ( 'NONE',  ( 1.000000000000000000, 0.000000000000000000, 0.000000000000000000 ) ) ;
#2104 = ORIENTED_EDGE ( 'NONE', *, *, #2350, .T. ) ;
#2105 = AXIS2_PLACEMENT_3D ( 'NONE', #2620, #1774, #2358 ) ;
#2106 = FACE_OUTER_BOUND ( 'NONE', #1358, .T. ) ;
#2107 = VERTEX_POINT ( 'NONE', #1072 ) ;
#2108 = DIRECTION ( 'NONE',  ( 0.000000000000000000, 0.000000000000000000, 1.000000000000000000 ) ) ;
#2109 = ORIENTED_EDGE ( 'NONE', *, *, #3229, .F. ) ;
#2110 = ADVANCED_FACE ( 'NONE', ( #2971 ), #1573, .F. ) ;
#2111 = ADVANCED_FACE ( 'NONE', ( #2416 ), #2696, .T. ) ;
#2112 = ORIENTED_EDGE ( 'NONE', *, *, #1674, .T. ) ;
#2113 = VERTEX_POINT ( 'NONE', #2732 ) ;
#2114 = ADVANCED_FACE ( 'NONE', ( #2171 ), #2988, .T. ) ;
#2115 = CARTESIAN_POINT ( 'NONE',  ( 8.919671568592926781E-18, 0.1377952755905511861, -0.07283464566929134798 ) ) ;
#2116 = ORIENTED_EDGE ( 'NONE', *, *, #3011, .T. ) ;
#2117 = FACE_OUTER_BOUND ( 'NONE', #3441, .T. ) ;
#2118 = DIRECTION ( 'NONE',  ( 0.000000000000000000, 0.000000000000000000, 1.000000000000000000 ) ) ;
#2119 = CARTESIAN_POINT ( 'NONE',  ( 0.08858267716535433989, 0.1456692913385826960, -0.06496062992125986590 ) ) ;
#2120 = DIRECTION ( 'NONE',  ( -1.000000000000000000, 1.016439536705159791E-16, 0.000000000000000000 ) ) ;
#2121 = EDGE_CURVE ( 'NONE', #1065, #3240, #2557, .T. ) ;
#2122 = ORIENTED_EDGE ( 'NONE', *, *, #2121, .T. ) ;
#2123 = CARTESIAN_POINT ( 'NONE',  ( -0.1653543307086614567, 0.007874015748031495954, -0.1023622047244094613 ) ) ;
#2124 = CARTESIAN_POINT ( 'NONE',  ( -0.1122047244094488277, 0.000000000000000000, -0.1181102362204724532 ) ) ;
#2125 = ORIENTED_EDGE ( 'NONE', *, *, #827, .F. ) ;
#2126 = FACE_OUTER_BOUND ( 'NONE', #496, .T. ) ;
#2127 = DIRECTION ( 'NONE',  ( 0.000000000000000000, 1.000000000000000000, 0.000000000000000000 ) ) ;
#2128 = ORIENTED_EDGE ( 'NONE', *, *, #1888, .F. ) ;
#2129 = ORIENTED_EDGE ( 'NONE', *, *, #3173, .T. ) ;
#2130 = ADVANCED_FACE ( 'NONE', ( #3241 ), #762, .T. ) ;
#2131 = CARTESIAN_POINT ( 'NONE',  ( -0.1181102362204724532, 0.1377952755905511861, -0.1181102362204724532 ) ) ;
#2132 = ORIENTED_EDGE ( 'NONE', *, *, #2942, .T. ) ;
#2133 = FACE_OUTER_BOUND ( 'NONE', #2877, .T. ) ;
#2134 = CYLINDRICAL_SURFACE ( 'NONE', #2265, 0.01181102362204724046 ) ;
#2135 = DIRECTION ( 'NONE',  ( 0.000000000000000000, 0.000000000000000000, -1.000000000000000000 ) ) ;
#2136 = FACE_OUTER_BOUND ( 'NONE', #51, .T. ) ;
#2137 = VERTEX_POINT ( 'NONE', #2400 ) ;
#2138 = DIRECTION ( 'NONE',  ( -0.000000000000000000, 1.000000000000000000, 0.000000000000000000 ) ) ;
#2139 = CARTESIAN_POINT ( 'NONE',  ( 0.1181102362204724532, 0.1299212598425196763, -0.1181102362204724532 ) ) ;
#2140 = CIRCLE ( 'NONE', #2602, 0.02362204724409448092 ) ;
#2141 = ORIENTED_EDGE ( 'NONE', *, *, #1448, .T. ) ;
#2142 = CARTESIAN_POINT ( 'NONE',  ( 0.1614173228346456879, 0.007874015748031495954, -0.07480314960629921850 ) ) ;
#2143 = CIRCLE ( 'NONE', #3370, 0.005905511811023620231 ) ;
#2144 = EDGE_CURVE ( 'NONE', #119, #652, #2454, .T. ) ;
#2145 = SHAPE_DEFINITION_REPRESENTATION ( #724, #1645 ) ;
#2146 = VERTEX_POINT ( 'NONE', #1879 ) ;
#2147 = STYLED_ITEM ( 'NONE', ( #2246 ), #1572 ) ;
#2148 = VERTEX_POINT ( 'NONE', #2115 ) ;
#2149 = CIRCLE ( 'NONE', #3083, 0.02362204724409448092 ) ;
#2150 = CIRCLE ( 'NONE', #715, 0.02362204724409448092 ) ;
#2151 = CARTESIAN_POINT ( 'NONE',  ( 0.000000000000000000, 0.2108980767377087451, 0.000000000000000000 ) ) ;
#2152 = ORIENTED_EDGE ( 'NONE', *, *, #2511, .T. ) ;
#2153 = DIRECTION ( 'NONE',  ( 1.000000000000000000, 0.000000000000000000, 0.000000000000000000 ) ) ;
#2154 = CARTESIAN_POINT ( 'NONE',  ( -0.1968503937007874127, -0.003937007874015747977, -0.07480314960629921850 ) ) ;
#2155 = DIRECTION ( 'NONE',  ( -1.000000000000000000, 0.000000000000000000, 0.000000000000000000 ) ) ;
#2156 = ADVANCED_FACE ( 'NONE', ( #745 ), #514, .F. ) ;
#2157 = DIRECTION ( 'NONE',  ( 0.000000000000000000, -1.000000000000000000, 0.000000000000000000 ) ) ;
#2158 = EDGE_LOOP ( 'NONE', ( #2406, #3055 ) ) ;
#2159 = CARTESIAN_POINT ( 'NONE',  ( 0.1181102362204724532, 0.1377952755905511861, -0.1122047244094488277 ) ) ;
#2160 = AXIS2_PLACEMENT_3D ( 'NONE', #516, #789, #3284 ) ;
#2161 = EDGE_CURVE ( 'NONE', #455, #799, #3549, .T. ) ;
#2162 = CARTESIAN_POINT ( 'NONE',  ( 0.000000000000000000, 0.1299212598425196763, -0.06889763779527559306 ) ) ;
#2163 = AXIS2_PLACEMENT_3D ( 'NONE', #1964, #859, #3355 ) ;
#2164 = ORIENTED_EDGE ( 'NONE', *, *, #3057, .T. ) ;
#2165 =( LENGTH_UNIT ( ) NAMED_UNIT ( * ) SI_UNIT ( $, .METRE. ) );
#2166 = DIRECTION ( 'NONE',  ( 0.000000000000000000, 0.000000000000000000, 1.000000000000000000 ) ) ;
#2167 = VERTEX_POINT ( 'NONE', #801 ) ;
#2168 = EDGE_CURVE ( 'NONE', #276, #560, #1897, .T. ) ;
#2169 = ORIENTED_EDGE ( 'NONE', *, *, #1294, .T. ) ;
#2170 = EDGE_CURVE ( 'NONE', #2767, #2409, #545, .T. ) ;
#2171 = FACE_OUTER_BOUND ( 'NONE', #2834, .T. ) ;
#2172 = ORIENTED_EDGE ( 'NONE', *, *, #246, .F. ) ;
#2173 = CARTESIAN_POINT ( 'NONE',  ( -0.1181102362204724532, 0.1299212598425196763, -0.1181102362204724532 ) ) ;
#2174 = LINE ( 'NONE', #1037, #602 ) ;
#2175 = CARTESIAN_POINT ( 'NONE',  ( -0.1122047244094488277, 0.000000000000000000, -0.1122047244094488277 ) ) ;
#2176 = DIRECTION ( 'NONE',  ( 0.000000000000000000, 0.000000000000000000, 1.000000000000000000 ) ) ;
#2177 = ORIENTED_EDGE ( 'NONE', *, *, #1699, .T. ) ;
#2178 = FACE_OUTER_BOUND ( 'NONE', #612, .T. ) ;
#2179 = DIRECTION ( 'NONE',  ( 0.000000000000000000, 1.000000000000000000, 0.000000000000000000 ) ) ;
#2180 = EDGE_CURVE ( 'NONE', #234, #1671, #2095, .T. ) ;
#2181 = VERTEX_POINT ( 'NONE', #2657 ) ;
#2182 = LINE ( 'NONE', #1907, #2609 ) ;
#2183 =( LENGTH_UNIT ( ) NAMED_UNIT ( * ) SI_UNIT ( $, .METRE. ) );
#2184 = ORIENTED_EDGE ( 'NONE', *, *, #1823, .T. ) ;
#2185 = VERTEX_POINT ( 'NONE', #184 ) ;
#2186 = LINE ( 'NONE', #13, #1520 ) ;
#2187 = ORIENTED_EDGE ( 'NONE', *, *, #3344, .T. ) ;
#2188 = LINE ( 'NONE', #1339, #1929 ) ;
#2189 = DIRECTION ( 'NONE',  ( 1.000000000000000000, -0.000000000000000000, 1.224646799147353207E-16 ) ) ;
#2190 = CARTESIAN_POINT ( 'NONE',  ( -0.1122047244094488277, 0.1299212598425196763, -0.1122047244094488277 ) ) ;
#2191 = EDGE_CURVE ( 'NONE', #2019, #2287, #212, .T. ) ;
#2192 = CARTESIAN_POINT ( 'NONE',  ( -0.1122047244094488277, 0.1299212598425196763, -0.1181102362204724532 ) ) ;
#2193 = ORIENTED_EDGE ( 'NONE', *, *, #243, .F. ) ;
#2194 = DIRECTION ( 'NONE',  ( 0.000000000000000000, 0.000000000000000000, 1.000000000000000000 ) ) ;
#2195 = LINE ( 'NONE', #23, #1523 ) ;
#2196 = ORIENTED_EDGE ( 'NONE', *, *, #1353, .F. ) ;
#2197 = CARTESIAN_POINT ( 'NONE',  ( -0.1181102362204724532, 0.1377952755905511861, 0.1181102362204724532 ) ) ;
#2198 = CARTESIAN_POINT ( 'NONE',  ( -0.1181102362204724532, 0.1299212598425196763, 0.1122047244094488277 ) ) ;
#2199 = EDGE_CURVE ( 'NONE', #2222, #547, #2812, .T. ) ;
#2200 = ORIENTED_EDGE ( 'NONE', *, *, #3057, .F. ) ;
#2201 = ORIENTED_EDGE ( 'NONE', *, *, #2262, .F. ) ;
#2202 = CIRCLE ( 'NONE', #650, 0.005905511811023620231 ) ;
#2203 = ADVANCED_FACE ( 'NONE', ( #857 ), #2769, .T. ) ;
#2204 = DIRECTION ( 'NONE',  ( 1.000000000000000000, 0.000000000000000000, 0.000000000000000000 ) ) ;
#2205 = STYLED_ITEM ( 'NONE', ( #2288 ), #1498 ) ;
#2206 = ORIENTED_EDGE ( 'NONE', *, *, #3129, .T. ) ;
#2207 = DIRECTION ( 'NONE',  ( 0.000000000000000000, 1.000000000000000000, 0.000000000000000000 ) ) ;
#2208 = DIRECTION ( 'NONE',  ( 0.000000000000000000, 0.000000000000000000, 1.000000000000000000 ) ) ;
#2209 = DIRECTION ( 'NONE',  ( 0.000000000000000000, 0.000000000000000000, -1.000000000000000000 ) ) ;
#2210 = VECTOR ( 'NONE', #3302, 39.37007874015748143 ) ;
#2211 = VECTOR ( 'NONE', #2461, 39.37007874015748143 ) ;
#2212 = CARTESIAN_POINT ( 'NONE',  ( 0.1122047244094488277, 0.1299212598425196763, 0.1181102362204724532 ) ) ;
#2213 = EDGE_LOOP ( 'NONE', ( #299, #145, #1031, #2345 ) ) ;
#2214 = CYLINDRICAL_SURFACE ( 'NONE', #1504, 0.01574803149606299885 ) ;
#2215 = EDGE_CURVE ( 'NONE', #1931, #1761, #1950, .T. ) ;
#2216 = CIRCLE ( 'NONE', #2502, 0.06521687339094880964 ) ;
#2217 = DIRECTION ( 'NONE',  ( 0.000000000000000000, 0.000000000000000000, 1.000000000000000000 ) ) ;
#2218 = ORIENTED_EDGE ( 'NONE', *, *, #2420, .F. ) ;
#2219 = VECTOR ( 'NONE', #2592, 39.37007874015748143 ) ;
#2220 = LINE ( 'NONE', #364, #2430 ) ;
#2221 = VECTOR ( 'NONE', #3204, 39.37007874015748143 ) ;
#2222 = VERTEX_POINT ( 'NONE', #1717 ) ;
#2223 = EDGE_LOOP ( 'NONE', ( #57, #838, #350, #1041 ) ) ;
#2224 = EDGE_CURVE ( 'NONE', #991, #1661, #1430, .T. ) ;
#2225 = CARTESIAN_POINT ( 'NONE',  ( -0.08858267716535433989, 0.1377952755905511861, 0.08858267716535433989 ) ) ;
#2226 = VERTEX_POINT ( 'NONE', #1418 ) ;
#2227 = CARTESIAN_POINT ( 'NONE',  ( -0.1614173228346456879, 0.02755905511811023584, -0.07480314960629921850 ) ) ;
#2228 = EDGE_CURVE ( 'NONE', #234, #119, #323, .T. ) ;
#2229 = DIRECTION ( 'NONE',  ( 0.000000000000000000, 0.000000000000000000, 1.000000000000000000 ) ) ;
#2230 = CARTESIAN_POINT ( 'NONE',  ( 0.000000000000000000, 0.1299212598425196763, 0.000000000000000000 ) ) ;
#2231 = CARTESIAN_POINT ( 'NONE',  ( 0.1122047244094488277, 0.1299212598425196763, -0.1122047244094488277 ) ) ;
#2232 = LINE ( 'NONE', #1383, #1229 ) ;
#2233 = DIRECTION ( 'NONE',  ( 0.000000000000000000, 1.000000000000000000, 0.000000000000000000 ) ) ;
#2234 = EDGE_LOOP ( 'NONE', ( #3332, #2326, #401, #319 ) ) ;
#2235 = DIRECTION ( 'NONE',  ( 0.000000000000000000, -1.000000000000000000, 0.000000000000000000 ) ) ;
#2236 =( CONVERSION_BASED_UNIT ( 'INCH', #1998 ) LENGTH_UNIT ( ) NAMED_UNIT ( #1027 ) );
#2237 = ORIENTED_EDGE ( 'NONE', *, *, #1674, .F. ) ;
#2238 = VERTEX_POINT ( 'NONE', #3058 ) ;
#2239 = PLANE ( 'NONE',  #1577 ) ;
#2240 = DIRECTION ( 'NONE',  ( 0.000000000000000000, 0.000000000000000000, 1.000000000000000000 ) ) ;
#2241 = DIRECTION ( 'NONE',  ( 0.000000000000000000, 0.000000000000000000, 1.000000000000000000 ) ) ;
#2242 = DIRECTION ( 'NONE',  ( 0.000000000000000000, 0.000000000000000000, -1.000000000000000000 ) ) ;
#2243 = EDGE_CURVE ( 'NONE', #154, #2820, #605, .T. ) ;
#2244 = ORIENTED_EDGE ( 'NONE', *, *, #3000, .T. ) ;
#2245 = CARTESIAN_POINT ( 'NONE',  ( 0.1535433070866141780, 0.02755905511811023584, 0.1023622047244094613 ) ) ;
#2246 = PRESENTATION_STYLE_ASSIGNMENT (( #3346 ) ) ;
#2247 = FACE_OUTER_BOUND ( 'NONE', #646, .T. ) ;
#2248 = ADVANCED_FACE ( 'NONE', ( #1108 ), #2239, .F. ) ;
#2249 = DIRECTION ( 'NONE',  ( 5.560834660079297027E-18, -0.9989685402102994605, 0.04540766091864990167 ) ) ;
#2250 = ORIENTED_EDGE ( 'NONE', *, *, #1991, .F. ) ;
#2251 = DIRECTION ( 'NONE',  ( 0.000000000000000000, 0.000000000000000000, 1.000000000000000000 ) ) ;
#2252 = EDGE_LOOP ( 'NONE', ( #938, #957, #1273, #1414 ) ) ;
#2253 = ORIENTED_EDGE ( 'NONE', *, *, #309, .T. ) ;
#2254 = EDGE_CURVE ( 'NONE', #21, #1087, #2186, .T. ) ;
#2255 = CARTESIAN_POINT ( 'NONE',  ( -0.1181102362204724532, 0.1377952755905511861, 0.1122047244094488277 ) ) ;
#2256 = LINE ( 'NONE', #2545, #151 ) ;
#2257 = CARTESIAN_POINT ( 'NONE',  ( -0.08858267716535433989, 0.1299212598425196763, 0.08858267716535433989 ) ) ;
#2258 = DIRECTION ( 'NONE',  ( 0.000000000000000000, -1.000000000000000000, 0.000000000000000000 ) ) ;
#2259 = VECTOR ( 'NONE', #108, 39.37007874015748143 ) ;
#2260 = ADVANCED_FACE ( 'NONE', ( #354 ), #2544, .T. ) ;
#2261 =( GEOMETRIC_REPRESENTATION_CONTEXT ( 3 ) GLOBAL_UNCERTAINTY_ASSIGNED_CONTEXT ( ( #2647 ) ) GLOBAL_UNIT_ASSIGNED_CONTEXT ( ( #1152, #1688, #1450 ) ) REPRESENTATION_CONTEXT ( 'NONE', 'WORKASPACE' ) );
#2262 = EDGE_CURVE ( 'NONE', #617, #1833, #264, .T. ) ;
#2263 = CARTESIAN_POINT ( 'NONE',  ( -0.1535433070866141780, 0.007874015748031495954, -0.07480314960629921850 ) ) ;
#2264 = EDGE_CURVE ( 'NONE', #892, #2015, #1088, .T. ) ;
#2265 = AXIS2_PLACEMENT_3D ( 'NONE', #1863, #1379, #1308 ) ;
#2266 = CIRCLE ( 'NONE', #484, 0.003937007874015758385 ) ;
#2267 = ORIENTED_EDGE ( 'NONE', *, *, #3166, .F. ) ;
#2268 = EDGE_CURVE ( 'NONE', #88, #3528, #2787, .T. ) ;
#2269 = PRESENTATION_STYLE_ASSIGNMENT (( #867 ) ) ;
#2270 = AXIS2_PLACEMENT_3D ( 'NONE', #1611, #2712, #268 ) ;
#2271 = DIRECTION ( 'NONE',  ( 1.000000000000000000, 0.000000000000000000, 0.000000000000000000 ) ) ;
#2272 = CONICAL_SURFACE ( 'NONE', #327, 0.06496062992125985203, 0.04542327942157694393 ) ;
#2273 = VERTEX_POINT ( 'NONE', #1704 ) ;
#2274 = ORIENTED_EDGE ( 'NONE', *, *, #2570, .F. ) ;
#2275 = VECTOR ( 'NONE', #1078, 39.37007874015748143 ) ;
#2276 = CARTESIAN_POINT ( 'NONE',  ( -0.1535433070866141780, 0.02755905511811023584, -0.07480314960629921850 ) ) ;
#2277 = DIRECTION ( 'NONE',  ( 0.000000000000000000, 0.000000000000000000, 1.000000000000000000 ) ) ;
#2278 = LINE ( 'NONE', #3061, #1458 ) ;
#2279 = AXIS2_PLACEMENT_3D ( 'NONE', #1483, #2586, #1466 ) ;
#2280 = VERTEX_POINT ( 'NONE', #1986 ) ;
#2281 = DIRECTION ( 'NONE',  ( 0.000000000000000000, -1.000000000000000000, 0.000000000000000000 ) ) ;
#2282 = ORIENTED_EDGE ( 'NONE', *, *, #241, .F. ) ;
#2283 = FACE_OUTER_BOUND ( 'NONE', #3185, .T. ) ;
#2284 = SURFACE_STYLE_FILL_AREA ( #3466 ) ;
#2285 = PLANE ( 'NONE',  #1119 ) ;
#2286 = CARTESIAN_POINT ( 'NONE',  ( -0.1535433070866141780, 0.02755905511811023584, -0.1023622047244094613 ) ) ;
#2287 = VERTEX_POINT ( 'NONE', #3097 ) ;
#2288 = PRESENTATION_STYLE_ASSIGNMENT (( #1172 ) ) ;
#2289 = VERTEX_POINT ( 'NONE', #1444 ) ;
#2290 = ORIENTED_EDGE ( 'NONE', *, *, #246, .T. ) ;
#2291 = DIRECTION ( 'NONE',  ( 0.000000000000000000, 0.000000000000000000, 1.000000000000000000 ) ) ;
#2292 = DIRECTION ( 'NONE',  ( 0.000000000000000000, 0.000000000000000000, -1.000000000000000000 ) ) ;
#2293 = FACE_OUTER_BOUND ( 'NONE', #2085, .T. ) ;
#2294 = ORIENTED_EDGE ( 'NONE', *, *, #3278, .T. ) ;
#2295 = CYLINDRICAL_SURFACE ( 'NONE', #2317, 0.01574803149606299191 ) ;
#2296 = ADVANCED_FACE ( 'NONE', ( #1912, #1933 ), #3023, .F. ) ;
#2297 = ORIENTED_EDGE ( 'NONE', *, *, #3351, .F. ) ;
#2298 = CARTESIAN_POINT ( 'NONE',  ( -0.08858267716535433989, 0.1377952755905511861, 0.08858267716535433989 ) ) ;
#2299 = PLANE ( 'NONE',  #2672 ) ;
#2300 = ADVANCED_FACE ( 'NONE', ( #566 ), #2752, .T. ) ;
#2301 = CARTESIAN_POINT ( 'NONE',  ( 0.08858267716535433989, 0.1377952755905511861, 0.1043307086614173457 ) ) ;
#2302 = ORIENTED_EDGE ( 'NONE', *, *, #2779, .F. ) ;
#2303 = FACE_OUTER_BOUND ( 'NONE', #3236, .T. ) ;
#2304 = VERTEX_POINT ( 'NONE', #1131 ) ;
#2305 = DIRECTION ( 'NONE',  ( 1.016439536705159791E-16, -1.000000000000000000, 0.000000000000000000 ) ) ;
#2306 = EDGE_CURVE ( 'NONE', #1306, #1785, #2512, .T. ) ;
#2307 = EDGE_CURVE ( 'NONE', #2637, #2304, #1560, .T. ) ;
#2308 = ADVANCED_FACE ( 'NONE', ( #2668 ), #369, .F. ) ;
#2309 = DIRECTION ( 'NONE',  ( -1.000000000000000000, 0.000000000000000000, 0.000000000000000000 ) ) ;
#2310 = CARTESIAN_POINT ( 'NONE',  ( 0.1614173228346456879, 0.007874015748031495954, -0.1023622047244094613 ) ) ;
#2311 = ORIENTED_EDGE ( 'NONE', *, *, #3202, .F. ) ;
#2312 = ORIENTED_EDGE ( 'NONE', *, *, #1976, .F. ) ;
#2313 = CARTESIAN_POINT ( 'NONE',  ( -0.1181102362204724532, 0.000000000000000000, 0.1181102362204724532 ) ) ;
#2314 = EDGE_CURVE ( 'NONE', #1712, #61, #3086, .T. ) ;
#2315 = CARTESIAN_POINT ( 'NONE',  ( -0.08858267716535433989, 0.1377952755905511861, 0.1043307086614173457 ) ) ;
#2316 = FACE_OUTER_BOUND ( 'NONE', #1880, .T. ) ;
#2317 = AXIS2_PLACEMENT_3D ( 'NONE', #1777, #2024, #408 ) ;
#2318 = DIRECTION ( 'NONE',  ( 0.000000000000000000, 0.000000000000000000, -1.000000000000000000 ) ) ;
#2319 = UNCERTAINTY_MEASURE_WITH_UNIT (LENGTH_MEASURE( 1.000000000000000082E-05 ), #414, 'distance_accuracy_value', 'NONE');
#2320 = AXIS2_PLACEMENT_3D ( 'NONE', #1947, #3053, #921 ) ;
#2321 = AXIS2_PLACEMENT_3D ( 'NONE', #2197, #1387, #2235 ) ;
#2322 = ORIENTED_EDGE ( 'NONE', *, *, #349, .T. ) ;
#2323 = FILL_AREA_STYLE_COLOUR ( '', #1690 ) ;
#2324 = CARTESIAN_POINT ( 'NONE',  ( 0.1181102362204724532, 0.000000000000000000, 0.1122047244094488277 ) ) ;
#2325 = AXIS2_PLACEMENT_3D ( 'NONE', #681, #2336, #695 ) ;
#2326 = ORIENTED_EDGE ( 'NONE', *, *, #1355, .T. ) ;
#2327 = CYLINDRICAL_SURFACE ( 'NONE', #2370, 0.07283464566929134798 ) ;
#2328 = VECTOR ( 'NONE', #1101, 39.37007874015748143 ) ;
#2329 = LINE ( 'NONE', #2567, #439 ) ;
#2330 = VERTEX_POINT ( 'NONE', #1773 ) ;
#2331 = AXIS2_PLACEMENT_3D ( 'NONE', #1449, #1741, #1137 ) ;
#2332 = FACE_OUTER_BOUND ( 'NONE', #691, .T. ) ;
#2333 = ADVANCED_FACE ( 'NONE', ( #1026 ), #1297, .T. ) ;
#2334 = TOROIDAL_SURFACE ( 'NONE', #785, 0.05931745287789588761, 0.005905511811023621965 ) ;
#2335 = ORIENTED_EDGE ( 'NONE', *, *, #1836, .F. ) ;
#2336 = DIRECTION ( 'NONE',  ( -0.000000000000000000, -1.000000000000000000, -0.000000000000000000 ) ) ;
#2337 = CARTESIAN_POINT ( 'NONE',  ( -0.1968503937007874127, -0.003937007874015747977, -0.1023622047244094613 ) ) ;
#2338 = DIRECTION ( 'NONE',  ( 0.000000000000000000, 0.000000000000000000, 1.000000000000000000 ) ) ;
#2339 = ORIENTED_EDGE ( 'NONE', *, *, #2521, .T. ) ;
#2340 = CARTESIAN_POINT ( 'NONE',  ( 0.1181102362204724532, 0.03149606299212598381, -0.1023622047244094613 ) ) ;
#2341 = CARTESIAN_POINT ( 'NONE',  ( 0.1535433070866141780, 0.02755905511811023584, -0.07480314960629921850 ) ) ;
#2342 = ORIENTED_EDGE ( 'NONE', *, *, #2519, .F. ) ;
#2343 = CARTESIAN_POINT ( 'NONE',  ( -0.1614173228346456879, 0.007874015748031495954, 0.1023622047244094613 ) ) ;
#2344 = DIRECTION ( 'NONE',  ( 0.000000000000000000, 0.000000000000000000, 1.000000000000000000 ) ) ;
#2345 = ORIENTED_EDGE ( 'NONE', *, *, #2036, .T. ) ;
#2346 = DIRECTION ( 'NONE',  ( 0.000000000000000000, 1.000000000000000000, 0.000000000000000000 ) ) ;
#2347 = ORIENTED_EDGE ( 'NONE', *, *, #1999, .T. ) ;
#2348 = CYLINDRICAL_SURFACE ( 'NONE', #194, 0.01181102362204725781 ) ;
#2349 = DIRECTION ( 'NONE',  ( 0.000000000000000000, 0.000000000000000000, 1.000000000000000000 ) ) ;
#2350 = EDGE_CURVE ( 'NONE', #883, #1373, #2961, .T. ) ;
#2351 = CARTESIAN_POINT ( 'NONE',  ( 0.1535433070866141780, 0.02755905511811023584, 0.1023622047244094613 ) ) ;
#2352 = ORIENTED_EDGE ( 'NONE', *, *, #3351, .T. ) ;
#2353 = DIRECTION ( 'NONE',  ( 0.000000000000000000, -1.000000000000000000, 0.000000000000000000 ) ) ;
#2354 =( LENGTH_UNIT ( ) NAMED_UNIT ( * ) SI_UNIT ( $, .METRE. ) );
#2355 = ADVANCED_FACE ( 'NONE', ( #1465 ), #740, .F. ) ;
#2356 = ORIENTED_EDGE ( 'NONE', *, *, #3202, .T. ) ;
#2357 = CARTESIAN_POINT ( 'NONE',  ( 0.08858267716535433989, 0.1823374350353732243, 0.07283464566929134798 ) ) ;
#2358 = DIRECTION ( 'NONE',  ( 1.000000000000000000, 0.000000000000000000, 0.000000000000000000 ) ) ;
#2359 = EDGE_CURVE ( 'NONE', #752, #659, #3130, .T. ) ;
#2360 = VERTEX_POINT ( 'NONE', #2124 ) ;
#2361 = DIRECTION ( 'NONE',  ( 0.000000000000000000, -1.000000000000000000, 0.000000000000000000 ) ) ;
#2362 = VERTEX_POINT ( 'NONE', #83 ) ;
#2363 = CARTESIAN_POINT ( 'NONE',  ( 0.1122047244094488277, 0.000000000000000000, 0.1181102362204724532 ) ) ;
#2364 = DIRECTION ( 'NONE',  ( 0.000000000000000000, 0.000000000000000000, 1.000000000000000000 ) ) ;
#2365 = DIRECTION ( 'NONE',  ( 0.000000000000000000, 1.000000000000000000, 0.000000000000000000 ) ) ;
#2366 = CARTESIAN_POINT ( 'NONE',  ( 0.1122047244094488277, 0.1299212598425196763, -0.1181102362204724532 ) ) ;
#2367 = EDGE_CURVE ( 'NONE', #2611, #2890, #1178, .T. ) ;
#2368 = ORIENTED_EDGE ( 'NONE', *, *, #3229, .T. ) ;
#2369 = AXIS2_PLACEMENT_3D ( 'NONE', #1541, #2644, #3245 ) ;
#2370 = AXIS2_PLACEMENT_3D ( 'NONE', #3442, #3179, #2376 ) ;
#2371 = CARTESIAN_POINT ( 'NONE',  ( -0.08858267716535433989, 0.1299212598425196763, 0.08858267716535433989 ) ) ;
#2372 = PRESENTATION_LAYER_ASSIGNMENT (  '', '', ( #1629 ) ) ;
#2373 = DIRECTION ( 'NONE',  ( 1.000000000000000000, 0.000000000000000000, 0.000000000000000000 ) ) ;
#2374 = EDGE_CURVE ( 'NONE', #3084, #752, #1545, .T. ) ;
#2375 = ORIENTED_EDGE ( 'NONE', *, *, #986, .T. ) ;
#2376 = DIRECTION ( 'NONE',  ( 0.000000000000000000, 0.000000000000000000, 1.000000000000000000 ) ) ;
#2377 = AXIS2_PLACEMENT_3D ( 'NONE', #1185, #2871, #2849 ) ;
#2378 = AXIS2_PLACEMENT_3D ( 'NONE', #2719, #2138, #2704 ) ;
#2379 = VECTOR ( 'NONE', #1482, 39.37007874015748143 ) ;
#2380 = EDGE_LOOP ( 'NONE', ( #368, #2428 ) ) ;
#2381 = CARTESIAN_POINT ( 'NONE',  ( 0.1653543307086614567, 0.007874015748031495954, 0.1023622047244094613 ) ) ;
#2382 = VECTOR ( 'NONE', #1045, 39.37007874015748143 ) ;
#2383 = DIRECTION ( 'NONE',  ( 0.000000000000000000, 0.000000000000000000, 1.000000000000000000 ) ) ;
#2384 = VERTEX_POINT ( 'NONE', #1276 ) ;
#2385 = CYLINDRICAL_SURFACE ( 'NONE', #1985, 0.005905511811023620231 ) ;
#2386 = DIRECTION ( 'NONE',  ( 0.000000000000000000, 1.000000000000000000, 0.000000000000000000 ) ) ;
#2387 = CIRCLE ( 'NONE', #41, 0.02362204724409448092 ) ;
#2388 = DIRECTION ( 'NONE',  ( 0.000000000000000000, 0.000000000000000000, -1.000000000000000000 ) ) ;
#2389 = CIRCLE ( 'NONE', #3557, 0.003937007874015758385 ) ;
#2390 = CARTESIAN_POINT ( 'NONE',  ( -0.1181102362204724532, 0.1377952755905511861, 0.1181102362204724532 ) ) ;
#2391 = EDGE_LOOP ( 'NONE', ( #673, #1329, #238, #1517 ) ) ;
#2392 = CARTESIAN_POINT ( 'NONE',  ( -0.08858267716535433989, 0.1456692913385826960, 0.08858267716535433989 ) ) ;
#2393 = DIRECTION ( 'NONE',  ( 1.000000000000000000, 0.000000000000000000, 0.000000000000000000 ) ) ;
#2394 = EDGE_LOOP ( 'NONE', ( #1623, #1460, #3457, #2368 ) ) ;
#2395 = CARTESIAN_POINT ( 'NONE',  ( 0.1614173228346456879, 0.02755905511811023584, 0.1023622047244094613 ) ) ;
#2396 = ADVANCED_FACE ( 'NONE', ( #1196 ), #755, .F. ) ;
#2397 =( NAMED_UNIT ( * ) PLANE_ANGLE_UNIT ( ) SI_UNIT ( $, .RADIAN. ) );
#2398 = ORIENTED_EDGE ( 'NONE', *, *, #806, .T. ) ;
#2399 = ORIENTED_EDGE ( 'NONE', *, *, #248, .T. ) ;
#2400 = CARTESIAN_POINT ( 'NONE',  ( -0.1181102362204724532, 0.000000000000000000, -0.1122047244094488277 ) ) ;
#2401 = ORIENTED_EDGE ( 'NONE', *, *, #1926, .T. ) ;
#2402 = PLANE ( 'NONE',  #3553 ) ;
#2403 = LINE ( 'NONE', #845, #3018 ) ;
#2404 = CARTESIAN_POINT ( 'NONE',  ( 0.08858267716535433989, 0.1377952755905511861, 0.08858267716535433989 ) ) ;
#2405 = DIRECTION ( 'NONE',  ( 0.000000000000000000, 1.000000000000000000, 0.000000000000000000 ) ) ;
#2406 = ORIENTED_EDGE ( 'NONE', *, *, #2228, .T. ) ;
#2407 = DIRECTION ( 'NONE',  ( 0.000000000000000000, 0.000000000000000000, 1.000000000000000000 ) ) ;
#2408 = DIRECTION ( 'NONE',  ( 1.000000000000000000, 0.000000000000000000, 0.000000000000000000 ) ) ;
#2409 = VERTEX_POINT ( 'NONE', #3235 ) ;
#2410 = CARTESIAN_POINT ( 'NONE',  ( 0.08858267716535433989, 0.1456692913385826960, -0.08858267716535433989 ) ) ;
#2411 = DIRECTION ( 'NONE',  ( 0.000000000000000000, 0.000000000000000000, 1.000000000000000000 ) ) ;
#2412 = ORIENTED_EDGE ( 'NONE', *, *, #1253, .T. ) ;
#2413 = EDGE_CURVE ( 'NONE', #2148, #526, #2913, .T. ) ;
#2414 = VERTEX_POINT ( 'NONE', #2585 ) ;
#2415 = EDGE_CURVE ( 'NONE', #3335, #2746, #3483, .T. ) ;
#2416 = FACE_OUTER_BOUND ( 'NONE', #1332, .T. ) ;
#2417 = ORIENTED_EDGE ( 'NONE', *, *, #1999, .F. ) ;
#2418 = DIRECTION ( 'NONE',  ( 0.000000000000000000, 0.000000000000000000, 1.000000000000000000 ) ) ;
#2419 = PLANE ( 'NONE',  #141 ) ;
#2420 = EDGE_CURVE ( 'NONE', #2710, #746, #1009, .T. ) ;
#2421 = DIRECTION ( 'NONE',  ( 0.000000000000000000, -1.000000000000000000, 0.000000000000000000 ) ) ;
#2422 = ORIENTED_EDGE ( 'NONE', *, *, #986, .F. ) ;
#2423 = DIRECTION ( 'NONE',  ( 0.000000000000000000, 1.000000000000000000, 0.000000000000000000 ) ) ;
#2424 = CARTESIAN_POINT ( 'NONE',  ( 0.000000000000000000, 0.2165354330708661457, 0.000000000000000000 ) ) ;
#2425 = VECTOR ( 'NONE', #1500, 39.37007874015748143 ) ;
#2426 = DIRECTION ( 'NONE',  ( 0.000000000000000000, 0.000000000000000000, -1.000000000000000000 ) ) ;
#2427 = CIRCLE ( 'NONE', #2369, 0.01574803149606299885 ) ;
#2428 = ORIENTED_EDGE ( 'NONE', *, *, #3290, .T. ) ;
#2429 = AXIS2_PLACEMENT_3D ( 'NONE', #2093, #3471, #3182 ) ;
#2430 = VECTOR ( 'NONE', #2482, 39.37007874015748143 ) ;
#2431 = ORIENTED_EDGE ( 'NONE', *, *, #563, .T. ) ;
#2432 = AXIS2_PLACEMENT_3D ( 'NONE', #1651, #532, #287 ) ;
#2433 = VECTOR ( 'NONE', #1995, 39.37007874015748143 ) ;
#2434 = CARTESIAN_POINT ( 'NONE',  ( 0.1122047244094488277, 0.1299212598425196763, 0.1122047244094488277 ) ) ;
#2435 = ORIENTED_EDGE ( 'NONE', *, *, #500, .F. ) ;
#2436 = DIRECTION ( 'NONE',  ( 0.000000000000000000, 1.000000000000000000, 0.000000000000000000 ) ) ;
#2437 = LINE ( 'NONE', #3267, #1692 ) ;
#2438 = VECTOR ( 'NONE', #2241, 39.37007874015748143 ) ;
#2439 = DIRECTION ( 'NONE',  ( 0.000000000000000000, 0.000000000000000000, -1.000000000000000000 ) ) ;
#2440 = EDGE_CURVE ( 'NONE', #3317, #1949, #664, .T. ) ;
#2441 = ADVANCED_FACE ( 'NONE', ( #2005 ), #116, .T. ) ;
#2442 = AXIS2_PLACEMENT_3D ( 'NONE', #2935, #3478, #2120 ) ;
#2443 = CARTESIAN_POINT ( 'NONE',  ( 0.1122047244094488277, 0.000000000000000000, 0.1122047244094488277 ) ) ;
#2444 = ORIENTED_EDGE ( 'NONE', *, *, #979, .T. ) ;
#2445 = DIRECTION ( 'NONE',  ( 0.000000000000000000, -1.000000000000000000, 0.000000000000000000 ) ) ;
#2446 = AXIS2_PLACEMENT_3D ( 'NONE', #269, #1575, #2734 ) ;
#2447 = DIRECTION ( 'NONE',  ( 0.000000000000000000, 0.000000000000000000, -1.000000000000000000 ) ) ;
#2448 = AXIS2_PLACEMENT_3D ( 'NONE', #2914, #1736, #2344 ) ;
#2449 = EDGE_LOOP ( 'NONE', ( #980, #2986 ) ) ;
#2450 =( NAMED_UNIT ( * ) SI_UNIT ( $, .STERADIAN. ) SOLID_ANGLE_UNIT ( ) );
#2451 = CARTESIAN_POINT ( 'NONE',  ( 0.1181102362204724532, 0.1299212598425196763, -0.1181102362204724532 ) ) ;
#2452 = VERTEX_POINT ( 'NONE', #636 ) ;
#2453 = ORIENTED_EDGE ( 'NONE', *, *, #1366, .F. ) ;
#2454 = LINE ( 'NONE', #3264, #1921 ) ;
#2455 = DIRECTION ( 'NONE',  ( 0.000000000000000000, 0.000000000000000000, 1.000000000000000000 ) ) ;
#2456 = CARTESIAN_POINT ( 'NONE',  ( -0.08858267716535433989, 0.1299212598425196763, 0.08858267716535433989 ) ) ;
#2457 = DIRECTION ( 'NONE',  ( 1.000000000000000000, 0.000000000000000000, 0.000000000000000000 ) ) ;
#2458 = CARTESIAN_POINT ( 'NONE',  ( 0.08858267716535433989, 0.1456692913385826960, 0.08858267716535433989 ) ) ;
#2459 = ORIENTED_EDGE ( 'NONE', *, *, #2374, .T. ) ;
#2460 = ADVANCED_FACE ( 'NONE', ( #1734 ), #2839, .T. ) ;
#2461 = DIRECTION ( 'NONE',  ( -1.000000000000000000, 0.000000000000000000, 0.000000000000000000 ) ) ;
#2462 = DIRECTION ( 'NONE',  ( -1.000000000000000000, 0.000000000000000000, 0.000000000000000000 ) ) ;
#2463 = ORIENTED_EDGE ( 'NONE', *, *, #2758, .T. ) ;
#2464 = DIRECTION ( 'NONE',  ( 0.000000000000000000, 0.000000000000000000, 1.000000000000000000 ) ) ;
#2465 = EDGE_CURVE ( 'NONE', #2019, #2146, #1237, .T. ) ;
#2466 = FACE_OUTER_BOUND ( 'NONE', #1608, .T. ) ;
#2467 = ORIENTED_EDGE ( 'NONE', *, *, #1781, .F. ) ;
#2468 = ORIENTED_EDGE ( 'NONE', *, *, #1982, .F. ) ;
#2469 = DIRECTION ( 'NONE',  ( -0.000000000000000000, 1.000000000000000000, 0.000000000000000000 ) ) ;
#2470 = VERTEX_POINT ( 'NONE', #559 ) ;
#2471 = DIRECTION ( 'NONE',  ( 0.000000000000000000, 1.000000000000000000, 0.000000000000000000 ) ) ;
#2472 = DIRECTION ( 'NONE',  ( 0.000000000000000000, 1.000000000000000000, 0.000000000000000000 ) ) ;
#2473 = FACE_BOUND ( 'NONE', #180, .T. ) ;
#2474 = CARTESIAN_POINT ( 'NONE',  ( 0.1653543307086614567, -0.003937007874015747977, -0.07480314960629921850 ) ) ;
#2475 = ORIENTED_EDGE ( 'NONE', *, *, #661, .F. ) ;
#2476 = CARTESIAN_POINT ( 'NONE',  ( 0.08858267716535433989, 0.1377952755905511861, -0.08858267716535433989 ) ) ;
#2477 = EDGE_CURVE ( 'NONE', #2774, #3500, #3254, .T. ) ;
#2478 = ADVANCED_FACE ( 'NONE', ( #1603 ), #2272, .T. ) ;
#2479 = ADVANCED_FACE ( 'NONE', ( #810 ), #2705, .T. ) ;
#2480 = CARTESIAN_POINT ( 'NONE',  ( -0.1653543307086614567, 0.007874015748031495954, -0.1023622047244094613 ) ) ;
#2481 = ORIENTED_EDGE ( 'NONE', *, *, #3487, .T. ) ;
#2482 = DIRECTION ( 'NONE',  ( -7.228014483236699514E-17, 0.000000000000000000, -1.000000000000000000 ) ) ;
#2483 = CARTESIAN_POINT ( 'NONE',  ( -0.1653543307086614567, 0.007874015748031495954, 0.1023622047244094613 ) ) ;
#2484 = EDGE_CURVE ( 'NONE', #1214, #276, #1890, .T. ) ;
#2485 = VECTOR ( 'NONE', #2838, 39.37007874015748143 ) ;
#2486 = ORIENTED_EDGE ( 'NONE', *, *, #3283, .T. ) ;
#2487 = VERTEX_POINT ( 'NONE', #237 ) ;
#2488 = CIRCLE ( 'NONE', #2606, 0.01574803149606299191 ) ;
#2489 = CARTESIAN_POINT ( 'NONE',  ( 0.08858267716535433989, 0.1823374350353732243, 0.08858267716535433989 ) ) ;
#2490 = VECTOR ( 'NONE', #3108, 39.37007874015748143 ) ;
#2491 = ORIENTED_EDGE ( 'NONE', *, *, #600, .F. ) ;
#2492 = AXIS2_PLACEMENT_3D ( 'NONE', #2371, #3289, #1312 ) ;
#2493 = DIRECTION ( 'NONE',  ( 0.000000000000000000, 0.000000000000000000, -1.000000000000000000 ) ) ;
#2494 = CARTESIAN_POINT ( 'NONE',  ( 0.08858267716535433989, 0.1456692913385826960, 0.06496062992125986590 ) ) ;
#2495 = DIRECTION ( 'NONE',  ( 1.734723475976804925E-15, -1.000000000000000000, 0.000000000000000000 ) ) ;
#2496 = AXIS2_PLACEMENT_3D ( 'NONE', #1742, #1724, #3103 ) ;
#2497 = AXIS2_PLACEMENT_3D ( 'NONE', #22, #3087, #59 ) ;
#2498 = CARTESIAN_POINT ( 'NONE',  ( -0.1614173228346456879, 0.02755905511811023584, 0.1023622047244094613 ) ) ;
#2499 = AXIS2_PLACEMENT_3D ( 'NONE', #2257, #343, #373 ) ;
#2500 = VERTEX_POINT ( 'NONE', #1872 ) ;
#2501 = CARTESIAN_POINT ( 'NONE',  ( 0.1614173228346456879, 0.007874015748031495954, -0.1023622047244094613 ) ) ;
#2502 = AXIS2_PLACEMENT_3D ( 'NONE', #737, #3213, #1557 ) ;
#2503 = CARTESIAN_POINT ( 'NONE',  ( 0.08858267716535433989, 0.1377952755905511861, -0.08858267716535433989 ) ) ;
#2504 = ORIENTED_EDGE ( 'NONE', *, *, #2875, .T. ) ;
#2505 = AXIS2_PLACEMENT_3D ( 'NONE', #2443, #3287, #1902 ) ;
#2506 = CARTESIAN_POINT ( 'NONE',  ( -0.1181102362204724532, 0.1377952755905511861, -0.1181102362204724532 ) ) ;
#2507 = SURFACE_SIDE_STYLE ('',( #99 ) ) ;
#2508 = AXIS2_PLACEMENT_3D ( 'NONE', #165, #2636, #705 ) ;
#2509 = ORIENTED_EDGE ( 'NONE', *, *, #1385, .T. ) ;
#2510 = EDGE_LOOP ( 'NONE', ( #2856, #209, #1569, #1528 ) ) ;
#2511 = EDGE_CURVE ( 'NONE', #2065, #2137, #795, .T. ) ;
#2512 = LINE ( 'NONE', #1147, #2736 ) ;
#2513 = CYLINDRICAL_SURFACE ( 'NONE', #2163, 0.02362204724409448092 ) ;
#2514 = CARTESIAN_POINT ( 'NONE',  ( -0.1181102362204724532, 0.03149606299212598381, -0.07480314960629921850 ) ) ;
#2515 = CARTESIAN_POINT ( 'NONE',  ( 0.1122047244094488277, 0.1299212598425196763, -0.1181102362204724532 ) ) ;
#2516 = ORIENTED_EDGE ( 'NONE', *, *, #3409, .F. ) ;
#2517 = SURFACE_SIDE_STYLE ('',( #2284 ) ) ;
#2518 = FACE_BOUND ( 'NONE', #2158, .T. ) ;
#2519 = EDGE_CURVE ( 'NONE', #991, #1868, #1620, .T. ) ;
#2520 = DIRECTION ( 'NONE',  ( 0.000000000000000000, 0.000000000000000000, -1.000000000000000000 ) ) ;
#2521 = EDGE_CURVE ( 'NONE', #3020, #2031, #3034, .T. ) ;
#2522 = ORIENTED_EDGE ( 'NONE', *, *, #2958, .T. ) ;
#2523 = FILL_AREA_STYLE_COLOUR ( '', #257 ) ;
#2524 = FACE_BOUND ( 'NONE', #1406, .T. ) ;
#2525 = ORIENTED_EDGE ( 'NONE', *, *, #577, .T. ) ;
#2526 = VERTEX_POINT ( 'NONE', #2162 ) ;
#2527 = CARTESIAN_POINT ( 'NONE',  ( -0.08858267716535433989, 0.1377952755905511861, -0.08858267716535433989 ) ) ;
#2528 = EDGE_CURVE ( 'NONE', #50, #855, #1656, .T. ) ;
#2529 = ADVANCED_FACE ( 'NONE', ( #508 ), #541, .F. ) ;
#2530 = LINE ( 'NONE', #2791, #2684 ) ;
#2531 = LINE ( 'NONE', #639, #488 ) ;
#2532 = DIRECTION ( 'NONE',  ( 0.000000000000000000, 0.000000000000000000, 1.000000000000000000 ) ) ;
#2533 = ADVANCED_FACE ( 'NONE', ( #3275 ), #3540, .F. ) ;
#2534 = EDGE_LOOP ( 'NONE', ( #3525, #2522, #1550, #1132, #1820, #240, #374, #1096 ) ) ;
#2535 = EDGE_CURVE ( 'NONE', #2289, #1695, #3548, .T. ) ;
#2536 = LINE ( 'NONE', #2010, #3147 ) ;
#2537 = DIRECTION ( 'NONE',  ( -1.734723475976804925E-15, 1.000000000000000000, 0.000000000000000000 ) ) ;
#2538 = CARTESIAN_POINT ( 'NONE',  ( 0.1614173228346456879, 0.007874015748031495954, 0.1023622047244094613 ) ) ;
#2539 = CARTESIAN_POINT ( 'NONE',  ( 0.08858267716535433989, 0.1823374350353732243, -0.07283464566929134798 ) ) ;
#2540 = ORIENTED_EDGE ( 'NONE', *, *, #2199, .T. ) ;
#2541 = ORIENTED_EDGE ( 'NONE', *, *, #2653, .F. ) ;
#2542 = ORIENTED_EDGE ( 'NONE', *, *, #1453, .F. ) ;
#2543 = EDGE_CURVE ( 'NONE', #2137, #883, #6, .T. ) ;
#2544 = PLANE ( 'NONE',  #3318 ) ;
#2545 = CARTESIAN_POINT ( 'NONE',  ( 0.1181102362204724532, 0.1377952755905511861, -0.1181102362204724532 ) ) ;
#2546 = CARTESIAN_POINT ( 'NONE',  ( -0.1653543307086614567, -0.003937007874015747977, 0.1023622047244094613 ) ) ;
#2547 = AXIS2_PLACEMENT_3D ( 'NONE', #344, #1434, #2532 ) ;
#2548 = VECTOR ( 'NONE', #2862, 39.37007874015748143 ) ;
#2549 = CARTESIAN_POINT ( 'NONE',  ( 0.1181102362204724532, 0.03937007874015747977, 0.1023622047244094613 ) ) ;
#2550 = AXIS2_PLACEMENT_3D ( 'NONE', #1800, #2907, #415 ) ;
#2551 = AXIS2_PLACEMENT_3D ( 'NONE', #2963, #1029, #2464 ) ;
#2552 = LINE ( 'NONE', #3345, #148 ) ;
#2553 = AXIS2_PLACEMENT_3D ( 'NONE', #3342, #2007, #1181 ) ;
#2554 = AXIS2_PLACEMENT_3D ( 'NONE', #521, #3517, #1601 ) ;
#2555 = LINE ( 'NONE', #3142, #1347 ) ;
#2556 = EDGE_CURVE ( 'NONE', #21, #2710, #2195, .T. ) ;
#2557 = CIRCLE ( 'NONE', #2094, 0.06521687339094880964 ) ;
#2558 = SURFACE_STYLE_USAGE ( .BOTH. , #3362 ) ;
#2559 = ORIENTED_EDGE ( 'NONE', *, *, #2004, .T. ) ;
#2560 = CARTESIAN_POINT ( 'NONE',  ( 0.1181102362204724532, 0.03149606299212598381, 0.1023622047244094613 ) ) ;
#2561 = CIRCLE ( 'NONE', #2499, 0.01574803149606299885 ) ;
#2562 = AXIS2_PLACEMENT_3D ( 'NONE', #103, #3503, #2373 ) ;
#2563 = ORIENTED_EDGE ( 'NONE', *, *, #1784, .T. ) ;
#2564 = EDGE_LOOP ( 'NONE', ( #2322, #2603 ) ) ;
#2565 = AXIS2_PLACEMENT_3D ( 'NONE', #1310, #1113, #1580 ) ;
#2566 = DIRECTION ( 'NONE',  ( 0.000000000000000000, 0.000000000000000000, 1.000000000000000000 ) ) ;
#2567 = CARTESIAN_POINT ( 'NONE',  ( 0.1181102362204724532, 0.03149606299212598381, 0.1023622047244094613 ) ) ;
#2568 = DIRECTION ( 'NONE',  ( 0.000000000000000000, 1.000000000000000000, 0.000000000000000000 ) ) ;
#2569 = VECTOR ( 'NONE', #152, 39.37007874015748143 ) ;
#2570 = EDGE_CURVE ( 'NONE', #919, #2526, #2857, .T. ) ;
#2571 = ORIENTED_EDGE ( 'NONE', *, *, #638, .F. ) ;
#2572 = CYLINDRICAL_SURFACE ( 'NONE', #881, 0.005905511811023620231 ) ;
#2573 = ORIENTED_EDGE ( 'NONE', *, *, #3522, .T. ) ;
#2574 = LENGTH_MEASURE_WITH_UNIT ( LENGTH_MEASURE( 0.02539999999999999897 ), #876 );
#2575 = CARTESIAN_POINT ( 'NONE',  ( -0.1535433070866141780, 0.02755905511811023584, -0.07480314960629921850 ) ) ;
#2576 = CARTESIAN_POINT ( 'NONE',  ( 0.1181102362204724532, 0.1299212598425196763, -0.1122047244094488277 ) ) ;
#2577 = EDGE_CURVE ( 'NONE', #1429, #1326, #1866, .T. ) ;
#2578 = ADVANCED_FACE ( 'NONE', ( #2691 ), #221, .F. ) ;
#2579 = ORIENTED_EDGE ( 'NONE', *, *, #2022, .T. ) ;
#2580 = CARTESIAN_POINT ( 'NONE',  ( 0.08858267716535433989, 0.1377952755905511861, -0.08858267716535433989 ) ) ;
#2581 = LENGTH_MEASURE_WITH_UNIT ( LENGTH_MEASURE( 0.02539999999999999897 ), #2354 );
#2582 = EDGE_CURVE ( 'NONE', #991, #743, #3383, .T. ) ;
#2583 = VERTEX_POINT ( 'NONE', #2576 ) ;
#2584 = LINE ( 'NONE', #3163, #2548 ) ;
#2585 = CARTESIAN_POINT ( 'NONE',  ( 0.1122047244094488277, 0.1299212598425196763, 0.1181102362204724532 ) ) ;
#2586 = DIRECTION ( 'NONE',  ( 0.000000000000000000, 1.000000000000000000, 0.000000000000000000 ) ) ;
#2587 = ORIENTED_EDGE ( 'NONE', *, *, #1319, .T. ) ;
#2588 = CARTESIAN_POINT ( 'NONE',  ( -0.1496062992125984370, 0.03937007874015747977, 0.1023622047244094613 ) ) ;
#2589 = ORIENTED_EDGE ( 'NONE', *, *, #1371, .T. ) ;
#2590 = CARTESIAN_POINT ( 'NONE',  ( -0.1968503937007874127, 0.003937007874015747977, -0.07480314960629921850 ) ) ;
#2591 = FACE_OUTER_BOUND ( 'NONE', #2697, .T. ) ;
#2592 = DIRECTION ( 'NONE',  ( 0.000000000000000000, 1.000000000000000000, 0.000000000000000000 ) ) ;
#2593 = ORIENTED_EDGE ( 'NONE', *, *, #2314, .T. ) ;
#2594 = DIRECTION ( 'NONE',  ( 0.000000000000000000, 0.000000000000000000, -1.000000000000000000 ) ) ;
#2595 = FILL_AREA_STYLE_COLOUR ( '', #1634 ) ;
#2596 = EDGE_LOOP ( 'NONE', ( #2312, #1574 ) ) ;
#2597 = DIRECTION ( 'NONE',  ( 0.000000000000000000, -1.000000000000000000, 0.000000000000000000 ) ) ;
#2598 = EDGE_CURVE ( 'NONE', #3508, #3242, #1405, .T. ) ;
#2599 = DIRECTION ( 'NONE',  ( 0.000000000000000000, -1.000000000000000000, 0.000000000000000000 ) ) ;
#2600 = ORIENTED_EDGE ( 'NONE', *, *, #2621, .F. ) ;
#2601 = CARTESIAN_POINT ( 'NONE',  ( -0.1122047244094488277, 0.1299212598425196763, 0.1122047244094488277 ) ) ;
#2602 = AXIS2_PLACEMENT_3D ( 'NONE', #1021, #2950, #1884 ) ;
#2603 = ORIENTED_EDGE ( 'NONE', *, *, #588, .T. ) ;
#2604 = DIRECTION ( 'NONE',  ( 0.000000000000000000, 0.000000000000000000, -1.000000000000000000 ) ) ;
#2605 = CARTESIAN_POINT ( 'NONE',  ( 0.1496062992125984370, 0.03149606299212598381, 0.1023622047244094613 ) ) ;
#2606 = AXIS2_PLACEMENT_3D ( 'NONE', #1739, #1720, #2009 ) ;
#2607 = STYLED_ITEM ( 'NONE', ( #757 ), #211 ) ;
#2608 = FACE_OUTER_BOUND ( 'NONE', #339, .T. ) ;
#2609 = VECTOR ( 'NONE', #2361, 39.37007874015748143 ) ;
#2610 = VECTOR ( 'NONE', #1426, 39.37007874015748143 ) ;
#2611 = VERTEX_POINT ( 'NONE', #592 ) ;
#2612 = DIRECTION ( 'NONE',  ( 0.000000000000000000, 0.000000000000000000, 1.000000000000000000 ) ) ;
#2613 = CARTESIAN_POINT ( 'NONE',  ( -0.1181102362204724532, 0.03149606299212598381, 0.1023622047244094613 ) ) ;
#2614 = VECTOR ( 'NONE', #427, 39.37007874015748143 ) ;
#2615 = AXIS2_PLACEMENT_3D ( 'NONE', #1488, #3119, #2349 ) ;
#2616 = VERTEX_POINT ( 'NONE', #1167 ) ;
#2617 = VECTOR ( 'NONE', #3077, 39.37007874015748143 ) ;
#2618 = DIRECTION ( 'NONE',  ( 0.000000000000000000, 0.000000000000000000, -1.000000000000000000 ) ) ;
#2619 = VECTOR ( 'NONE', #1641, 39.37007874015748143 ) ;
#2620 = CARTESIAN_POINT ( 'NONE',  ( -0.1653543307086614567, 0.007874015748031495954, 0.1023622047244094613 ) ) ;
#2621 = EDGE_CURVE ( 'NONE', #1065, #919, #3400, .T. ) ;
#2622 = VERTEX_POINT ( 'NONE', #904 ) ;
#2623 = ORIENTED_EDGE ( 'NONE', *, *, #3027, .F. ) ;
#2624 = AXIS2_PLACEMENT_3D ( 'NONE', #683, #3172, #2318 ) ;
#2625 = DIRECTION ( 'NONE',  ( 0.000000000000000000, 1.000000000000000000, 0.000000000000000000 ) ) ;
#2626 = CIRCLE ( 'NONE', #2105, 0.01181102362204724046 ) ;
#2627 = ORIENTED_EDGE ( 'NONE', *, *, #951, .T. ) ;
#2628 = DIRECTION ( 'NONE',  ( 0.000000000000000000, 1.000000000000000000, 0.000000000000000000 ) ) ;
#2629 = DIRECTION ( 'NONE',  ( 0.000000000000000000, 1.000000000000000000, 0.000000000000000000 ) ) ;
#2630 = MANIFOLD_SOLID_BREP ( 'NONE', #1627 ) ;
#2631 = CARTESIAN_POINT ( 'NONE',  ( -0.1122047244094488277, 0.1299212598425196763, 0.1181102362204724532 ) ) ;
#2632 = ORIENTED_EDGE ( 'NONE', *, *, #2144, .F. ) ;
#2633 = DIRECTION ( 'NONE',  ( 0.000000000000000000, 0.000000000000000000, 1.000000000000000000 ) ) ;
#2634 = ORIENTED_EDGE ( 'NONE', *, *, #1355, .F. ) ;
#2635 = FACE_OUTER_BOUND ( 'NONE', #1352, .T. ) ;
#2636 = DIRECTION ( 'NONE',  ( 0.000000000000000000, 0.000000000000000000, -1.000000000000000000 ) ) ;
#2637 = VERTEX_POINT ( 'NONE', #2029 ) ;
#2638 = CARTESIAN_POINT ( 'NONE',  ( 0.08858267716535433989, 0.1299212598425196763, 0.08858267716535433989 ) ) ;
#2639 = DIMENSIONAL_EXPONENTS ( 1.000000000000000000, 0.000000000000000000, 0.000000000000000000, 0.000000000000000000, 0.000000000000000000, 0.000000000000000000, 0.000000000000000000 ) ;
#2640 = EDGE_CURVE ( 'NONE', #1841, #2287, #1183, .T. ) ;
#2641 = EDGE_CURVE ( 'NONE', #2890, #2918, #1958, .T. ) ;
#2642 = ORIENTED_EDGE ( 'NONE', *, *, #2731, .F. ) ;
#2643 = DIRECTION ( 'NONE',  ( 0.000000000000000000, 0.000000000000000000, 1.000000000000000000 ) ) ;
#2644 = DIRECTION ( 'NONE',  ( 0.000000000000000000, 1.000000000000000000, 0.000000000000000000 ) ) ;
#2645 = ADVANCED_FACE ( 'NONE', ( #2819 ), #1188, .T. ) ;
#2646 = DIRECTION ( 'NONE',  ( 0.000000000000000000, 0.000000000000000000, 1.000000000000000000 ) ) ;
#2647 = UNCERTAINTY_MEASURE_WITH_UNIT (LENGTH_MEASURE( 1.000000000000000082E-05 ), #1152, 'distance_accuracy_value', 'NONE');
#2648 = VERTEX_POINT ( 'NONE', #645 ) ;
#2649 = PLANE ( 'NONE',  #654 ) ;
#2650 = DIRECTION ( 'NONE',  ( -1.000000000000000000, 1.016439536705159791E-16, 0.000000000000000000 ) ) ;
#2651 = ORIENTED_EDGE ( 'NONE', *, *, #1141, .F. ) ;
#2652 = FACE_OUTER_BOUND ( 'NONE', #832, .T. ) ;
#2653 = EDGE_CURVE ( 'NONE', #932, #1121, #3120, .T. ) ;
#2654 = ORIENTED_EDGE ( 'NONE', *, *, #2528, .F. ) ;
#2655 = ORIENTED_EDGE ( 'NONE', *, *, #1991, .T. ) ;
#2656 = DIRECTION ( 'NONE',  ( 0.000000000000000000, 0.000000000000000000, 1.000000000000000000 ) ) ;
#2657 = CARTESIAN_POINT ( 'NONE',  ( 0.1653543307086614567, 0.003937007874015747977, 0.07480314960629921850 ) ) ;
#2658 = EDGE_LOOP ( 'NONE', ( #2776, #2968, #452, #3262 ) ) ;
#2659 = CARTESIAN_POINT ( 'NONE',  ( 0.1653543307086614567, 0.007874015748031495954, -0.07480314960629921850 ) ) ;
#2660 = DIRECTION ( 'NONE',  ( 0.000000000000000000, 0.000000000000000000, -1.000000000000000000 ) ) ;
#2661 = VECTOR ( 'NONE', #453, 39.37007874015748143 ) ;
#2662 = LINE ( 'NONE', #2351, #2801 ) ;
#2663 = ORIENTED_EDGE ( 'NONE', *, *, #2679, .F. ) ;
#2664 = DIRECTION ( 'NONE',  ( 0.000000000000000000, 0.000000000000000000, 1.000000000000000000 ) ) ;
#2665 = VECTOR ( 'NONE', #3161, 39.37007874015748143 ) ;
#2666 = CIRCLE ( 'NONE', #1116, 0.02362204724409448092 ) ;
#2667 = VERTEX_POINT ( 'NONE', #630 ) ;
#2668 = FACE_OUTER_BOUND ( 'NONE', #2750, .T. ) ;
#2669 = VERTEX_POINT ( 'NONE', #310 ) ;
#2670 = CYLINDRICAL_SURFACE ( 'NONE', #996, 0.005905511811023620231 ) ;
#2671 = VECTOR ( 'NONE', #1710, 39.37007874015748143 ) ;
#2672 = AXIS2_PLACEMENT_3D ( 'NONE', #629, #1725, #2832 ) ;
#2673 = CARTESIAN_POINT ( 'NONE',  ( 0.08858267716535433989, 0.1377952755905511861, 0.08858267716535433989 ) ) ;
#2674 = VERTEX_POINT ( 'NONE', #1727 ) ;
#2675 = ORIENTED_EDGE ( 'NONE', *, *, #73, .F. ) ;
#2676 = AXIS2_PLACEMENT_3D ( 'NONE', #2503, #60, #2520 ) ;
#2677 = DIRECTION ( 'NONE',  ( 0.000000000000000000, 0.000000000000000000, -1.000000000000000000 ) ) ;
#2678 = ORIENTED_EDGE ( 'NONE', *, *, #1829, .F. ) ;
#2679 = EDGE_CURVE ( 'NONE', #1251, #1959, #3348, .T. ) ;
#2680 = DIRECTION ( 'NONE',  ( 0.000000000000000000, 0.000000000000000000, 1.000000000000000000 ) ) ;
#2681 = CARTESIAN_POINT ( 'NONE',  ( 0.1181102362204724532, 0.03937007874015747977, -0.07480314960629921850 ) ) ;
#2682 = AXIS2_PLACEMENT_3D ( 'NONE', #3, #1885, #1345 ) ;
#2683 = DIRECTION ( 'NONE',  ( 0.000000000000000000, 0.000000000000000000, 1.000000000000000000 ) ) ;
#2684 = VECTOR ( 'NONE', #895, 39.37007874015748143 ) ;
#2685 = DIRECTION ( 'NONE',  ( -1.000000000000000000, 0.000000000000000000, 0.000000000000000000 ) ) ;
#2686 = ORIENTED_EDGE ( 'NONE', *, *, #987, .F. ) ;
#2687 = AXIS2_PLACEMENT_3D ( 'NONE', #1549, #2127, #1591 ) ;
#2688 = CYLINDRICAL_SURFACE ( 'NONE', #1227, 0.003937007874015758385 ) ;
#2689 = ADVANCED_FACE ( 'NONE', ( #1454 ), #2855, .F. ) ;
#2690 = EDGE_CURVE ( 'NONE', #168, #1761, #2873, .T. ) ;
#2691 = FACE_OUTER_BOUND ( 'NONE', #1493, .T. ) ;
#2692 = ORIENTED_EDGE ( 'NONE', *, *, #987, .T. ) ;
#2693 = DIRECTION ( 'NONE',  ( 0.000000000000000000, -1.000000000000000000, 0.000000000000000000 ) ) ;
#2694 = ORIENTED_EDGE ( 'NONE', *, *, #1105, .T. ) ;
#2695 = ORIENTED_EDGE ( 'NONE', *, *, #2519, .T. ) ;
#2696 = CYLINDRICAL_SURFACE ( 'NONE', #2966, 0.005905511811023620231 ) ;
#2697 = EDGE_LOOP ( 'NONE', ( #2997, #3489, #3109, #1521 ) ) ;
#2698 = CARTESIAN_POINT ( 'NONE',  ( 0.000000000000000000, -0.07608622758978160483, 0.000000000000000000 ) ) ;
#2699 = DIRECTION ( 'NONE',  ( 1.000000000000000000, 0.000000000000000000, -7.228014483236699514E-17 ) ) ;
#2700 = FACE_OUTER_BOUND ( 'NONE', #2733, .T. ) ;
#2701 = EDGE_CURVE ( 'NONE', #3240, #1065, #2216, .T. ) ;
#2702 = FACE_OUTER_BOUND ( 'NONE', #890, .T. ) ;
#2703 = ORIENTED_EDGE ( 'NONE', *, *, #1805, .T. ) ;
#2704 = DIRECTION ( 'NONE',  ( 1.000000000000000000, 0.000000000000000000, 0.000000000000000000 ) ) ;
#2705 = PLANE ( 'NONE',  #1126 ) ;
#2706 = EDGE_LOOP ( 'NONE', ( #2770, #2915, #922, #2989 ) ) ;
#2707 = DIRECTION ( 'NONE',  ( 0.000000000000000000, 0.000000000000000000, -1.000000000000000000 ) ) ;
#2708 =( CONVERSION_BASED_UNIT ( 'INCH', #759 ) LENGTH_UNIT ( ) NAMED_UNIT ( #172 ) );
#2709 = ORIENTED_EDGE ( 'NONE', *, *, #1940, .T. ) ;
#2710 = VERTEX_POINT ( 'NONE', #1272 ) ;
#2711 = EDGE_CURVE ( 'NONE', #149, #2583, #1006, .T. ) ;
#2712 = DIRECTION ( 'NONE',  ( 0.000000000000000000, 0.000000000000000000, -1.000000000000000000 ) ) ;
#2713 = ORIENTED_EDGE ( 'NONE', *, *, #1478, .F. ) ;
#2714 = CARTESIAN_POINT ( 'NONE',  ( 0.1653543307086614567, 0.007874015748031495954, -0.1023622047244094613 ) ) ;
#2715 = CARTESIAN_POINT ( 'NONE',  ( -0.1122047244094488277, 0.1377952755905511861, 0.1122047244094488277 ) ) ;
#2716 = LINE ( 'NONE', #518, #1333 ) ;
#2717 = DIRECTION ( 'NONE',  ( 0.000000000000000000, 0.000000000000000000, 1.000000000000000000 ) ) ;
#2718 = EDGE_LOOP ( 'NONE', ( #2132, #2753 ) ) ;
#2719 = CARTESIAN_POINT ( 'NONE',  ( 0.08858267716535433989, 0.1377952755905511861, 0.08858267716535433989 ) ) ;
#2720 = CARTESIAN_POINT ( 'NONE',  ( 0.08858267716535433989, 0.1377952755905511861, -0.08858267716535433989 ) ) ;
#2721 = CIRCLE ( 'NONE', #2547, 0.01574803149606299191 ) ;
#2722 = EDGE_LOOP ( 'NONE', ( #726, #1443, #3507, #1480 ) ) ;
#2723 = DIRECTION ( 'NONE',  ( 0.000000000000000000, 1.000000000000000000, 0.000000000000000000 ) ) ;
#2724 = DIRECTION ( 'NONE',  ( 0.000000000000000000, -1.000000000000000000, 0.000000000000000000 ) ) ;
#2725 = VECTOR ( 'NONE', #1112, 39.37007874015748143 ) ;
#2726 = ORIENTED_EDGE ( 'NONE', *, *, #340, .T. ) ;
#2727 = CIRCLE ( 'NONE', #27, 0.01181102362204724046 ) ;
#2728 = AXIS2_PLACEMENT_3D ( 'NONE', #2081, #959, #2594 ) ;
#2729 = EDGE_LOOP ( 'NONE', ( #1209, #1816, #702, #546, #1177, #1079, #1018, #29, #301, #3040, #3467, #495 ) ) ;
#2730 = CIRCLE ( 'NONE', #3197, 0.01181102362204724046 ) ;
#2731 = EDGE_CURVE ( 'NONE', #3001, #455, #2662, .T. ) ;
#2732 = CARTESIAN_POINT ( 'NONE',  ( 0.1968503937007874127, 0.003937007874015747977, -0.07480314960629921850 ) ) ;
#2733 = EDGE_LOOP ( 'NONE', ( #2468, #2571, #997, #3169 ) ) ;
#2734 = DIRECTION ( 'NONE',  ( 0.000000000000000000, 0.000000000000000000, 1.000000000000000000 ) ) ;
#2735 = CARTESIAN_POINT ( 'NONE',  ( 0.000000000000000000, 0.2106299212598425064, 0.000000000000000000 ) ) ;
#2736 = VECTOR ( 'NONE', #871, 39.37007874015748143 ) ;
#2737 = DIRECTION ( 'NONE',  ( -1.000000000000000000, 0.000000000000000000, 0.000000000000000000 ) ) ;
#2738 = VECTOR ( 'NONE', #880, 39.37007874015748143 ) ;
#2739 = ADVANCED_FACE ( 'NONE', ( #1290 ), #192, .T. ) ;
#2740 = FACE_OUTER_BOUND ( 'NONE', #1263, .T. ) ;
#2741 = ORIENTED_EDGE ( 'NONE', *, *, #284, .T. ) ;
#2742 = CARTESIAN_POINT ( 'NONE',  ( -0.1496062992125984370, 0.02755905511811023584, 0.07480314960629921850 ) ) ;
#2743 = AXIS2_PLACEMENT_3D ( 'NONE', #1616, #1040, #2717 ) ;
#2744 = CARTESIAN_POINT ( 'NONE',  ( 0.1181102362204724532, 0.03149606299212598381, 0.1023622047244094613 ) ) ;
#2745 = VECTOR ( 'NONE', #3341, 39.37007874015748143 ) ;
#2746 = VERTEX_POINT ( 'NONE', #2366 ) ;
#2747 = DIRECTION ( 'NONE',  ( 1.000000000000000000, 0.000000000000000000, 0.000000000000000000 ) ) ;
#2748 = LINE ( 'NONE', #155, #995 ) ;
#2749 = EDGE_CURVE ( 'NONE', #1145, #252, #147, .T. ) ;
#2750 = EDGE_LOOP ( 'NONE', ( #226, #352, #3562, #2928 ) ) ;
#2751 = VERTEX_POINT ( 'NONE', #719 ) ;
#2752 = CYLINDRICAL_SURFACE ( 'NONE', #3022, 0.01574803149606299191 ) ;
#2753 = ORIENTED_EDGE ( 'NONE', *, *, #2853, .T. ) ;
#2754 = DIRECTION ( 'NONE',  ( -1.000000000000000000, -1.016439536705159791E-16, 0.000000000000000000 ) ) ;
#2755 = CARTESIAN_POINT ( 'NONE',  ( -0.08858267716535433989, 0.1377952755905511861, -0.07283464566929134798 ) ) ;
#2756 = DIRECTION ( 'NONE',  ( 0.000000000000000000, 0.000000000000000000, -1.000000000000000000 ) ) ;
#2757 = ADVANCED_FACE ( 'NONE', ( #2608 ), #2051, .T. ) ;
#2758 = EDGE_CURVE ( 'NONE', #2922, #2823, #985, .T. ) ;
#2759 = DIRECTION ( 'NONE',  ( 1.000000000000000000, -1.016439536705159791E-16, 0.000000000000000000 ) ) ;
#2760 = EDGE_LOOP ( 'NONE', ( #2244, #582, #1554, #2540 ) ) ;
#2761 = LINE ( 'NONE', #1163, #2908 ) ;
#2762 = ADVANCED_FACE ( 'NONE', ( #431 ), #1526, .T. ) ;
#2763 = ADVANCED_FACE ( 'NONE', ( #1768 ), #3451, .T. ) ;
#2764 = DIRECTION ( 'NONE',  ( 1.000000000000000000, 0.000000000000000000, 0.000000000000000000 ) ) ;
#2765 = ORIENTED_EDGE ( 'NONE', *, *, #770, .T. ) ;
#2766 = CARTESIAN_POINT ( 'NONE',  ( 0.000000000000000000, 0.1377952755905511861, 0.000000000000000000 ) ) ;
#2767 = VERTEX_POINT ( 'NONE', #970 ) ;
#2768 = ORIENTED_EDGE ( 'NONE', *, *, #2367, .T. ) ;
#2769 = CYLINDRICAL_SURFACE ( 'NONE', #3380, 0.01574803149606299885 ) ;
#2770 = ORIENTED_EDGE ( 'NONE', *, *, #3070, .T. ) ;
#2771 = CARTESIAN_POINT ( 'NONE',  ( -0.1968503937007874127, -0.003937007874015747977, 0.1023622047244094613 ) ) ;
#2772 = CARTESIAN_POINT ( 'NONE',  ( 0.1181102362204724532, 0.03149606299212598381, 0.07480314960629921850 ) ) ;
#2773 = CARTESIAN_POINT ( 'NONE',  ( 0.1181102362204724532, 0.03937007874015747977, -0.1023622047244094613 ) ) ;
#2774 = VERTEX_POINT ( 'NONE', #2631 ) ;
#2775 = CARTESIAN_POINT ( 'NONE',  ( 0.1535433070866141780, 0.02755905511811023584, 0.1023622047244094613 ) ) ;
#2776 = ORIENTED_EDGE ( 'NONE', *, *, #2484, .T. ) ;
#2777 = CARTESIAN_POINT ( 'NONE',  ( 0.1181102362204724532, 0.03937007874015747977, -0.1023622047244094613 ) ) ;
#2778 = FILL_AREA_STYLE ('',( #1204 ) ) ;
#2779 = EDGE_CURVE ( 'NONE', #797, #1604, #2804, .T. ) ;
#2780 = EDGE_LOOP ( 'NONE', ( #1934, #2422 ) ) ;
#2781 = CARTESIAN_POINT ( 'NONE',  ( 0.1122047244094488277, 0.1299212598425196763, -0.1122047244094488277 ) ) ;
#2782 = DIRECTION ( 'NONE',  ( 1.000000000000000000, 0.000000000000000000, 0.000000000000000000 ) ) ;
#2783 = ORIENTED_EDGE ( 'NONE', *, *, #2942, .F. ) ;
#2784 = ORIENTED_EDGE ( 'NONE', *, *, #2983, .F. ) ;
#2785 = CIRCLE ( 'NONE', #1165, 0.005905511811023620231 ) ;
#2786 = CIRCLE ( 'NONE', #2551, 0.01574803149606299191 ) ;
#2787 = LINE ( 'NONE', #817, #1755 ) ;
#2788 = VECTOR ( 'NONE', #1783, 39.37007874015748143 ) ;
#2789 = CIRCLE ( 'NONE', #2492, 0.01574803149606299885 ) ;
#2790 = EDGE_CURVE ( 'NONE', #3511, #678, #1218, .T. ) ;
#2791 = CARTESIAN_POINT ( 'NONE',  ( -0.1535433070866141780, 0.02755905511811023584, 0.1023622047244094613 ) ) ;
#2792 = LINE ( 'NONE', #2494, #370 ) ;
#2793 = DIRECTION ( 'NONE',  ( 1.016439536705159791E-16, -1.000000000000000000, 0.000000000000000000 ) ) ;
#2794 = CIRCLE ( 'NONE', #3257, 0.005905511811023620231 ) ;
#2795 = AXIS2_PLACEMENT_3D ( 'NONE', #1008, #2445, #739 ) ;
#2796 = ADVANCED_FACE ( 'NONE', ( #3158 ), #2063, .T. ) ;
#2797 = CARTESIAN_POINT ( 'NONE',  ( 0.08858267716535433989, 0.1377952755905511861, 0.08858267716535433989 ) ) ;
#2798 = DIRECTION ( 'NONE',  ( 1.000000000000000000, 0.000000000000000000, 0.000000000000000000 ) ) ;
#2799 = VECTOR ( 'NONE', #3493, 39.37007874015748143 ) ;
#2800 = PLANE ( 'NONE',  #2497 ) ;
#2801 = VECTOR ( 'NONE', #124, 39.37007874015748143 ) ;
#2802 = PRESENTATION_STYLE_ASSIGNMENT (( #2558 ) ) ;
#2803 = VERTEX_POINT ( 'NONE', #956 ) ;
#2804 = CIRCLE ( 'NONE', #725, 0.01574803149606299885 ) ;
#2805 = DIRECTION ( 'NONE',  ( 0.000000000000000000, -1.000000000000000000, 0.000000000000000000 ) ) ;
#2806 = DIRECTION ( 'NONE',  ( 0.000000000000000000, -1.000000000000000000, 0.000000000000000000 ) ) ;
#2807 = EDGE_CURVE ( 'NONE', #1462, #797, #1780, .T. ) ;
#2808 = CIRCLE ( 'NONE', #1707, 0.01574803149606299885 ) ;
#2809 = ORIENTED_EDGE ( 'NONE', *, *, #1976, .T. ) ;
#2810 = ORIENTED_EDGE ( 'NONE', *, *, #420, .T. ) ;
#2811 = EDGE_CURVE ( 'NONE', #1695, #168, #448, .T. ) ;
#2812 = LINE ( 'NONE', #548, #3143 ) ;
#2813 = PLANE ( 'NONE',  #3035 ) ;
#2814 = DIRECTION ( 'NONE',  ( -1.734723475976804925E-15, -1.000000000000000000, 0.000000000000000000 ) ) ;
#2815 = CARTESIAN_POINT ( 'NONE',  ( 0.08858267716535433989, 0.1299212598425196763, -0.07283464566929134798 ) ) ;
#2816 = VERTEX_POINT ( 'NONE', #173 ) ;
#2817 = LINE ( 'NONE', #2097, #1571 ) ;
#2818 = CARTESIAN_POINT ( 'NONE',  ( -0.1653543307086614567, -0.003937007874015747977, -0.07480314960629921850 ) ) ;
#2819 = FACE_OUTER_BOUND ( 'NONE', #1909, .T. ) ;
#2820 = VERTEX_POINT ( 'NONE', #556 ) ;
#2821 = SURFACE_SIDE_STYLE ('',( #25 ) ) ;
#2822 = LINE ( 'NONE', #1124, #1511 ) ;
#2823 = VERTEX_POINT ( 'NONE', #3558 ) ;
#2824 = ORIENTED_EDGE ( 'NONE', *, *, #1548, .F. ) ;
#2825 = DIRECTION ( 'NONE',  ( 0.000000000000000000, 1.000000000000000000, 0.000000000000000000 ) ) ;
#2826 = LINE ( 'NONE', #3393, #1242 ) ;
#2827 = EDGE_CURVE ( 'NONE', #2360, #3265, #3247, .T. ) ;
#2828 = CARTESIAN_POINT ( 'NONE',  ( -0.1535433070866141780, 0.02755905511811023584, 0.1023622047244094613 ) ) ;
#2829 = LINE ( 'NONE', #1184, #1686 ) ;
#2830 = CARTESIAN_POINT ( 'NONE',  ( 0.1496062992125984370, 0.03149606299212598381, -0.1023622047244094613 ) ) ;
#2831 = CARTESIAN_POINT ( 'NONE',  ( 0.1968503937007874127, -0.003937007874015747977, -0.07480314960629921850 ) ) ;
#2832 = DIRECTION ( 'NONE',  ( 0.000000000000000000, 0.000000000000000000, 1.000000000000000000 ) ) ;
#2833 = DIRECTION ( 'NONE',  ( 0.000000000000000000, -1.000000000000000000, 0.000000000000000000 ) ) ;
#2834 = EDGE_LOOP ( 'NONE', ( #3535, #1962, #2401, #2412 ) ) ;
#2835 = LINE ( 'NONE', #1696, #1564 ) ;
#2836 = ADVANCED_FACE ( 'NONE', ( #771 ), #217, .T. ) ;
#2837 = EDGE_LOOP ( 'NONE', ( #1835, #338, #1109, #536 ) ) ;
#2838 = DIRECTION ( 'NONE',  ( -1.000000000000000000, 0.000000000000000000, 0.000000000000000000 ) ) ;
#2839 = CYLINDRICAL_SURFACE ( 'NONE', #1066, 0.01181102362204724046 ) ;
#2840 = CYLINDRICAL_SURFACE ( 'NONE', #1817, 0.01181102362204724046 ) ;
#2841 = PLANE ( 'NONE',  #1350 ) ;
#2842 = VECTOR ( 'NONE', #1394, 39.37007874015748143 ) ;
#2843 = VERTEX_POINT ( 'NONE', #3271 ) ;
#2844 = CARTESIAN_POINT ( 'NONE',  ( -0.08858267716535433989, 0.1377952755905511861, -0.1043307086614173457 ) ) ;
#2845 = ADVANCED_FACE ( 'NONE', ( #2702 ), #3304, .T. ) ;
#2846 = AXIS2_PLACEMENT_3D ( 'NONE', #973, #2068, #3176 ) ;
#2847 = MECHANICAL_DESIGN_GEOMETRIC_PRESENTATION_REPRESENTATION (  '', ( #2607 ), #3313 ) ;
#2848 = DIRECTION ( 'NONE',  ( 0.000000000000000000, -0.9989685402102994605, -0.04540766091864990167 ) ) ;
#2849 = DIRECTION ( 'NONE',  ( 0.000000000000000000, 0.000000000000000000, -1.000000000000000000 ) ) ;
#2850 = VECTOR ( 'NONE', #1393, 39.37007874015748143 ) ;
#2851 = AXIS2_PLACEMENT_3D ( 'NONE', #2923, #1243, #2633 ) ;
#2852 = CARTESIAN_POINT ( 'NONE',  ( 0.08858267716535433989, 0.1377952755905511861, -0.1122047244094488277 ) ) ;
#2853 = EDGE_CURVE ( 'NONE', #3020, #186, #2387, .T. ) ;
#2854 = AXIS2_PLACEMENT_3D ( 'NONE', #3151, #2566, #2393 ) ;
#2855 = PLANE ( 'NONE',  #435 ) ;
#2856 = ORIENTED_EDGE ( 'NONE', *, *, #3544, .F. ) ;
#2857 = CIRCLE ( 'NONE', #2098, 0.06889763779527559306 ) ;
#2858 = CARTESIAN_POINT ( 'NONE',  ( 0.1496062992125984370, 0.03937007874015747977, 0.1023622047244094613 ) ) ;
#2859 = EDGE_CURVE ( 'NONE', #3390, #3265, #3231, .T. ) ;
#2860 = AXIS2_PLACEMENT_3D ( 'NONE', #412, #1240, #3462 ) ;
#2861 = ORIENTED_EDGE ( 'NONE', *, *, #2901, .F. ) ;
#2862 = DIRECTION ( 'NONE',  ( 0.000000000000000000, 0.000000000000000000, 1.000000000000000000 ) ) ;
#2863 = VECTOR ( 'NONE', #3373, 39.37007874015748143 ) ;
#2864 = DIRECTION ( 'NONE',  ( 0.000000000000000000, 0.000000000000000000, 1.000000000000000000 ) ) ;
#2865 = PLANE ( 'NONE',  #846 ) ;
#2866 = VERTEX_POINT ( 'NONE', #3515 ) ;
#2867 =( GEOMETRIC_REPRESENTATION_CONTEXT ( 3 ) GLOBAL_UNCERTAINTY_ASSIGNED_CONTEXT ( ( #2936 ) ) GLOBAL_UNIT_ASSIGNED_CONTEXT ( ( #2708, #2397, #1356 ) ) REPRESENTATION_CONTEXT ( 'NONE', 'WORKASPACE' ) );
#2868 = EDGE_LOOP ( 'NONE', ( #1194, #485, #2525, #948 ) ) ;
#2869 = DIRECTION ( 'NONE',  ( 0.000000000000000000, 0.000000000000000000, -1.000000000000000000 ) ) ;
#2870 = ORIENTED_EDGE ( 'NONE', *, *, #3544, .T. ) ;
#2871 = DIRECTION ( 'NONE',  ( 1.016439536705159791E-16, -1.000000000000000000, 0.000000000000000000 ) ) ;
#2872 = LINE ( 'NONE', #3461, #2425 ) ;
#2873 = LINE ( 'NONE', #3191, #3485 ) ;
#2874 = ORIENTED_EDGE ( 'NONE', *, *, #3522, .F. ) ;
#2875 = EDGE_CURVE ( 'NONE', #1205, #1621, #233, .T. ) ;
#2876 = DIRECTION ( 'NONE',  ( 0.000000000000000000, 0.000000000000000000, -1.000000000000000000 ) ) ;
#2877 = EDGE_LOOP ( 'NONE', ( #3175, #2177, #208, #2809 ) ) ;
#2878 = DIRECTION ( 'NONE',  ( 0.000000000000000000, -1.000000000000000000, 0.000000000000000000 ) ) ;
#2879 = DIRECTION ( 'NONE',  ( 0.000000000000000000, 0.000000000000000000, -1.000000000000000000 ) ) ;
#2880 = PLANE ( 'NONE',  #2508 ) ;
#2881 = ORIENTED_EDGE ( 'NONE', *, *, #1038, .T. ) ;
#2882 = DIRECTION ( 'NONE',  ( 0.000000000000000000, 0.000000000000000000, 1.000000000000000000 ) ) ;
#2883 = CARTESIAN_POINT ( 'NONE',  ( -0.08858267716535433989, 0.1377952755905511861, 0.06496062992125986590 ) ) ;
#2884 = CARTESIAN_POINT ( 'NONE',  ( 0.1653543307086614567, 0.007874015748031495954, 0.1023622047244094613 ) ) ;
#2885 = CARTESIAN_POINT ( 'NONE',  ( 0.08858267716535433989, 0.1823374350353732243, 0.1043307086614173457 ) ) ;
#2886 = ORIENTED_EDGE ( 'NONE', *, *, #3166, .T. ) ;
#2887 =( NAMED_UNIT ( * ) PLANE_ANGLE_UNIT ( ) SI_UNIT ( $, .RADIAN. ) );
#2888 = SURFACE_SIDE_STYLE ('',( #1531 ) ) ;
#2889 = EDGE_CURVE ( 'NONE', #788, #2362, #3268, .T. ) ;
#2890 = VERTEX_POINT ( 'NONE', #1325 ) ;
#2891 = DIRECTION ( 'NONE',  ( 0.000000000000000000, -1.000000000000000000, 0.000000000000000000 ) ) ;
#2892 = DIRECTION ( 'NONE',  ( -1.000000000000000000, 0.000000000000000000, 0.000000000000000000 ) ) ;
#2893 = ORIENTED_EDGE ( 'NONE', *, *, #7, .T. ) ;
#2894 = DIRECTION ( 'NONE',  ( 0.000000000000000000, -1.000000000000000000, 0.000000000000000000 ) ) ;
#2895 = AXIS2_PLACEMENT_3D ( 'NONE', #1556, #2683, #3531 ) ;
#2896 = ORIENTED_EDGE ( 'NONE', *, *, #929, .T. ) ;
#2897 = CARTESIAN_POINT ( 'NONE',  ( 0.1968503937007874127, -0.003937007874015747977, 0.1023622047244094613 ) ) ;
#2898 = CARTESIAN_POINT ( 'NONE',  ( -0.1653543307086614567, 0.007874015748031495954, 0.1023622047244094613 ) ) ;
#2899 = AXIS2_PLACEMENT_3D ( 'NONE', #1016, #2917, #3279 ) ;
#2900 = VECTOR ( 'NONE', #1122, 39.37007874015748143 ) ;
#2901 = EDGE_CURVE ( 'NONE', #1906, #2167, #2993, .T. ) ;
#2902 = DIRECTION ( 'NONE',  ( 0.000000000000000000, -1.000000000000000000, 0.000000000000000000 ) ) ;
#2903 = AXIS2_PLACEMENT_3D ( 'NONE', #3403, #1427, #3365 ) ;
#2904 = AXIS2_PLACEMENT_3D ( 'NONE', #2580, #2032, #2906 ) ;
#2905 = ORIENTED_EDGE ( 'NONE', *, *, #3093, .T. ) ;
#2906 = DIRECTION ( 'NONE',  ( 0.000000000000000000, 0.000000000000000000, 1.000000000000000000 ) ) ;
#2907 = DIRECTION ( 'NONE',  ( 1.000000000000000000, 0.000000000000000000, 0.000000000000000000 ) ) ;
#2908 = VECTOR ( 'NONE', #826, 39.37007874015748143 ) ;
#2909 = ORIENTED_EDGE ( 'NONE', *, *, #2853, .F. ) ;
#2910 = VECTOR ( 'NONE', #3374, 39.37007874015748143 ) ;
#2911 = FACE_BOUND ( 'NONE', #507, .T. ) ;
#2912 = ADVANCED_FACE ( 'NONE', ( #535 ), #1058, .T. ) ;
#2913 = CIRCLE ( 'NONE', #379, 0.07283464566929134798 ) ;
#2914 = CARTESIAN_POINT ( 'NONE',  ( -0.08858267716535433989, 0.1377952755905511861, 0.08858267716535433989 ) ) ;
#2915 = ORIENTED_EDGE ( 'NONE', *, *, #3283, .F. ) ;
#2916 = CIRCLE ( 'NONE', #2331, 0.02362204724409448092 ) ;
#2917 = DIRECTION ( 'NONE',  ( 0.000000000000000000, 0.000000000000000000, -1.000000000000000000 ) ) ;
#2918 = VERTEX_POINT ( 'NONE', #1636 ) ;
#2919 = LINE ( 'NONE', #2897, #3196 ) ;
#2920 = FACE_OUTER_BOUND ( 'NONE', #3017, .T. ) ;
#2921 = DIRECTION ( 'NONE',  ( 0.000000000000000000, -1.000000000000000000, 0.000000000000000000 ) ) ;
#2922 = VERTEX_POINT ( 'NONE', #20 ) ;
#2923 = CARTESIAN_POINT ( 'NONE',  ( 0.08858267716535433989, 0.1377952755905511861, 0.08858267716535433989 ) ) ;
#2924 = PLANE ( 'NONE',  #1173 ) ;
#2925 = VERTEX_POINT ( 'NONE', #751 ) ;
#2926 = CARTESIAN_POINT ( 'NONE',  ( 0.000000000000000000, 0.1299212598425196763, 0.000000000000000000 ) ) ;
#2927 = CARTESIAN_POINT ( 'NONE',  ( -0.1614173228346456879, 0.02755905511811023584, -0.1023622047244094613 ) ) ;
#2928 = ORIENTED_EDGE ( 'NONE', *, *, #908, .T. ) ;
#2929 = DIRECTION ( 'NONE',  ( -1.000000000000000000, 0.000000000000000000, 7.228014483236699514E-17 ) ) ;
#2930 = EDGE_CURVE ( 'NONE', #2146, #2019, #840, .T. ) ;
#2931 = CARTESIAN_POINT ( 'NONE',  ( -0.08858267716535433989, 0.1823374350353732243, -0.08858267716535433989 ) ) ;
#2932 = ORIENTED_EDGE ( 'NONE', *, *, #1334, .T. ) ;
#2933 = CARTESIAN_POINT ( 'NONE',  ( 0.1496062992125984370, 0.02755905511811023584, 0.1023622047244094613 ) ) ;
#2934 = LINE ( 'NONE', #2976, #2079 ) ;
#2935 = CARTESIAN_POINT ( 'NONE',  ( 0.1653543307086614567, -0.003937007874015747977, 0.1023622047244094613 ) ) ;
#2936 = UNCERTAINTY_MEASURE_WITH_UNIT (LENGTH_MEASURE( 1.000000000000000082E-05 ), #2708, 'distance_accuracy_value', 'NONE');
#2937 = ORIENTED_EDGE ( 'NONE', *, *, #717, .T. ) ;
#2938 = CARTESIAN_POINT ( 'NONE',  ( 0.1535433070866141780, 0.02755905511811023584, 0.07480314960629921850 ) ) ;
#2939 = CARTESIAN_POINT ( 'NONE',  ( -0.1535433070866141780, 0.02755905511811023584, -0.1023622047244094613 ) ) ;
#2940 = ORIENTED_EDGE ( 'NONE', *, *, #1365, .T. ) ;
#2941 = CARTESIAN_POINT ( 'NONE',  ( -0.1181102362204724532, 0.03149606299212598381, -0.1023622047244094613 ) ) ;
#2942 = EDGE_CURVE ( 'NONE', #186, #3020, #2044, .T. ) ;
#2943 = DIRECTION ( 'NONE',  ( 0.000000000000000000, 0.000000000000000000, 1.000000000000000000 ) ) ;
#2944 = ORIENTED_EDGE ( 'NONE', *, *, #2889, .T. ) ;
#2945 = EDGE_LOOP ( 'NONE', ( #760, #197, #3452, #3205 ) ) ;
#2946 = DIRECTION ( 'NONE',  ( 0.000000000000000000, 0.000000000000000000, -1.000000000000000000 ) ) ;
#2947 = ORIENTED_EDGE ( 'NONE', *, *, #2170, .T. ) ;
#2948 = DIRECTION ( 'NONE',  ( 0.000000000000000000, 0.000000000000000000, -1.000000000000000000 ) ) ;
#2949 = FACE_OUTER_BOUND ( 'NONE', #1070, .T. ) ;
#2950 = DIRECTION ( 'NONE',  ( 0.000000000000000000, 1.000000000000000000, 0.000000000000000000 ) ) ;
#2951 = ADVANCED_FACE ( 'NONE', ( #2740 ), #482, .T. ) ;
#2952 = ADVANCED_FACE ( 'NONE', ( #2136 ), #251, .F. ) ;
#2953 = VECTOR ( 'NONE', #1225, 39.37007874015748143 ) ;
#2954 = DIRECTION ( 'NONE',  ( 0.000000000000000000, 0.000000000000000000, 1.000000000000000000 ) ) ;
#2955 = ORIENTED_EDGE ( 'NONE', *, *, #2582, .F. ) ;
#2956 = CIRCLE ( 'NONE', #3423, 0.01574803149606299191 ) ;
#2957 = DIRECTION ( 'NONE',  ( -0.000000000000000000, -1.000000000000000000, -0.000000000000000000 ) ) ;
#2958 = EDGE_CURVE ( 'NONE', #1561, #3096, #3325, .T. ) ;
#2959 = AXIS2_PLACEMENT_3D ( 'NONE', #2483, #1409, #1960 ) ;
#2960 = VECTOR ( 'NONE', #1618, 39.37007874015748143 ) ;
#2961 = LINE ( 'NONE', #676, #3545 ) ;
#2962 = ORIENTED_EDGE ( 'NONE', *, *, #730, .T. ) ;
#2963 = CARTESIAN_POINT ( 'NONE',  ( -0.08858267716535433989, 0.1377952755905511861, -0.08858267716535433989 ) ) ;
#2964 = VECTOR ( 'NONE', #2628, 39.37007874015748143 ) ;
#2965 = CIRCLE ( 'NONE', #879, 0.01181102362204724046 ) ;
#2966 = AXIS2_PLACEMENT_3D ( 'NONE', #2434, #3527, #1320 ) ;
#2967 = ORIENTED_EDGE ( 'NONE', *, *, #827, .T. ) ;
#2968 = ORIENTED_EDGE ( 'NONE', *, *, #2168, .T. ) ;
#2969 = DIMENSIONAL_EXPONENTS ( 1.000000000000000000, 0.000000000000000000, 0.000000000000000000, 0.000000000000000000, 0.000000000000000000, 0.000000000000000000, 0.000000000000000000 ) ;
#2970 = VECTOR ( 'NONE', #1675, 39.37007874015748143 ) ;
#2971 = FACE_OUTER_BOUND ( 'NONE', #3546, .T. ) ;
#2972 = ORIENTED_EDGE ( 'NONE', *, *, #2465, .T. ) ;
#2973 = PLANE ( 'NONE',  #1187 ) ;
#2974 = CARTESIAN_POINT ( 'NONE',  ( -0.1181102362204724532, 0.03149606299212598381, -0.1023622047244094613 ) ) ;
#2975 = VECTOR ( 'NONE', #2685, 39.37007874015748143 ) ;
#2976 = CARTESIAN_POINT ( 'NONE',  ( -0.1181102362204724532, 0.03937007874015747977, -0.07480314960629921850 ) ) ;
#2977 = AXIS2_PLACEMENT_3D ( 'NONE', #747, #2436, #3551 ) ;
#2978 = CARTESIAN_POINT ( 'NONE',  ( -0.1181102362204724532, 0.03937007874015747977, -0.1023622047244094613 ) ) ;
#2979 = ORIENTED_EDGE ( 'NONE', *, *, #1805, .F. ) ;
#2980 = DIRECTION ( 'NONE',  ( -0.000000000000000000, -1.000000000000000000, -0.000000000000000000 ) ) ;
#2981 = ORIENTED_EDGE ( 'NONE', *, *, #1090, .T. ) ;
#2982 = CARTESIAN_POINT ( 'NONE',  ( 0.000000000000000000, 0.1299212598425196763, 0.000000000000000000 ) ) ;
#2983 = EDGE_CURVE ( 'NONE', #2526, #919, #493, .T. ) ;
#2984 = ORIENTED_EDGE ( 'NONE', *, *, #1189, .T. ) ;
#2985 = CARTESIAN_POINT ( 'NONE',  ( -0.1122047244094488277, 0.1377952755905511861, -0.1122047244094488277 ) ) ;
#2986 = ORIENTED_EDGE ( 'NONE', *, *, #3291, .F. ) ;
#2987 = ORIENTED_EDGE ( 'NONE', *, *, #1869, .T. ) ;
#2988 = CYLINDRICAL_SURFACE ( 'NONE', #199, 0.01574803149606299885 ) ;
#2989 = ORIENTED_EDGE ( 'NONE', *, *, #2268, .T. ) ;
#2990 = DIRECTION ( 'NONE',  ( 1.000000000000000000, -1.734723475976804925E-15, 0.000000000000000000 ) ) ;
#2991 = CARTESIAN_POINT ( 'NONE',  ( 7.264292880048914851E-18, 0.2106299212598425064, -0.05931745287789588761 ) ) ;
#2992 = DIRECTION ( 'NONE',  ( 0.000000000000000000, 0.000000000000000000, -1.000000000000000000 ) ) ;
#2993 = LINE ( 'NONE', #519, #3090 ) ;
#2994 = ORIENTED_EDGE ( 'NONE', *, *, #2901, .T. ) ;
#2995 = CARTESIAN_POINT ( 'NONE',  ( 0.000000000000000000, 0.2165354330708661457, 0.000000000000000000 ) ) ;
#2996 = CARTESIAN_POINT ( 'NONE',  ( -0.1181102362204724532, 0.000000000000000000, -0.1181102362204724532 ) ) ;
#2997 = ORIENTED_EDGE ( 'NONE', *, *, #661, .T. ) ;
#2998 = PLANE ( 'NONE',  #1223 ) ;
#2999 = CARTESIAN_POINT ( 'NONE',  ( -0.08858267716535433989, 0.1456692913385826960, -0.08858267716535433989 ) ) ;
#3000 = EDGE_CURVE ( 'NONE', #547, #2669, #2536, .T. ) ;
#3001 = VERTEX_POINT ( 'NONE', #2245 ) ;
#3002 = ORIENTED_EDGE ( 'NONE', *, *, #302, .T. ) ;
#3003 = EDGE_CURVE ( 'NONE', #2304, #2107, #863, .T. ) ;
#3004 = DIRECTION ( 'NONE',  ( 1.000000000000000000, 0.000000000000000000, 0.000000000000000000 ) ) ;
#3005 = ORIENTED_EDGE ( 'NONE', *, *, #1473, .F. ) ;
#3006 = DIRECTION ( 'NONE',  ( 0.000000000000000000, -1.000000000000000000, 0.000000000000000000 ) ) ;
#3007 = CARTESIAN_POINT ( 'NONE',  ( -0.1181102362204724532, 0.03937007874015747977, -0.1023622047244094613 ) ) ;
#3008 = DIRECTION ( 'NONE',  ( 0.000000000000000000, 0.000000000000000000, 1.000000000000000000 ) ) ;
#3009 = ORIENTED_EDGE ( 'NONE', *, *, #2306, .F. ) ;
#3010 = CARTESIAN_POINT ( 'NONE',  ( 0.000000000000000000, 0.1377952755905511861, 0.07283464566929134798 ) ) ;
#3011 = EDGE_CURVE ( 'NONE', #3508, #1235, #1583, .T. ) ;
#3012 = CARTESIAN_POINT ( 'NONE',  ( 0.1496062992125984370, 0.03937007874015747977, -0.1023622047244094613 ) ) ;
#3013 = VECTOR ( 'NONE', #1233, 39.37007874015748143 ) ;
#3014 = ORIENTED_EDGE ( 'NONE', *, *, #1926, .F. ) ;
#3015 = DIRECTION ( 'NONE',  ( 0.000000000000000000, 0.000000000000000000, -1.000000000000000000 ) ) ;
#3016 = VECTOR ( 'NONE', #1374, 39.37007874015748143 ) ;
#3017 = EDGE_LOOP ( 'NONE', ( #1011, #2116, #2184, #3481 ) ) ;
#3018 = VECTOR ( 'NONE', #502, 39.37007874015748143 ) ;
#3019 = AXIS2_PLACEMENT_3D ( 'NONE', #2781, #2805, #3364 ) ;
#3020 = VERTEX_POINT ( 'NONE', #346 ) ;
#3021 = EDGE_CURVE ( 'NONE', #3096, #2414, #42, .T. ) ;
#3022 = AXIS2_PLACEMENT_3D ( 'NONE', #2489, #1963, #35 ) ;
#3023 = PLANE ( 'NONE',  #1003 ) ;
#3024 = DIRECTION ( 'NONE',  ( 0.000000000000000000, 1.000000000000000000, 0.000000000000000000 ) ) ;
#3025 = ADVANCED_FACE ( 'NONE', ( #2283 ), #1941, .T. ) ;
#3026 = DIRECTION ( 'NONE',  ( 0.000000000000000000, 1.000000000000000000, 0.000000000000000000 ) ) ;
#3027 = EDGE_CURVE ( 'NONE', #409, #883, #1703, .T. ) ;
#3028 = STYLED_ITEM ( 'NONE', ( #2802 ), #2630 ) ;
#3029 = DIRECTION ( 'NONE',  ( 0.000000000000000000, 0.000000000000000000, 1.000000000000000000 ) ) ;
#3030 = VECTOR ( 'NONE', #616, 39.37007874015748143 ) ;
#3031 = DIRECTION ( 'NONE',  ( 0.000000000000000000, 0.000000000000000000, 1.000000000000000000 ) ) ;
#3032 = ORIENTED_EDGE ( 'NONE', *, *, #783, .T. ) ;
#3033 = CARTESIAN_POINT ( 'NONE',  ( -0.08858267716535433989, 0.1823374350353732243, -0.08858267716535433989 ) ) ;
#3034 = LINE ( 'NONE', #1905, #3263 ) ;
#3035 = AXIS2_PLACEMENT_3D ( 'NONE', #637, #1431, #1718 ) ;
#3036 = ORIENTED_EDGE ( 'NONE', *, *, #816, .F. ) ;
#3037 = PLANE ( 'NONE',  #1459 ) ;
#3038 = DIRECTION ( 'NONE',  ( 1.000000000000000000, -1.016439536705159791E-16, 0.000000000000000000 ) ) ;
#3039 = EDGE_LOOP ( 'NONE', ( #1961, #1808, #490, #2164 ) ) ;
#3040 = ORIENTED_EDGE ( 'NONE', *, *, #2749, .T. ) ;
#3041 = CARTESIAN_POINT ( 'NONE',  ( -0.08858267716535433989, 0.1377952755905511861, -0.08858267716535433989 ) ) ;
#3042 = ORIENTED_EDGE ( 'NONE', *, *, #2465, .F. ) ;
#3043 = CARTESIAN_POINT ( 'NONE',  ( 0.1535433070866141780, 0.02755905511811023584, -0.1023622047244094613 ) ) ;
#3044 = DIRECTION ( 'NONE',  ( -1.734723475976804925E-15, -1.000000000000000000, 0.000000000000000000 ) ) ;
#3045 = DIRECTION ( 'NONE',  ( 1.000000000000000000, 0.000000000000000000, 0.000000000000000000 ) ) ;
#3046 = ORIENTED_EDGE ( 'NONE', *, *, #1411, .T. ) ;
#3047 = DIRECTION ( 'NONE',  ( 0.000000000000000000, 0.000000000000000000, 1.000000000000000000 ) ) ;
#3048 = ORIENTED_EDGE ( 'NONE', *, *, #82, .T. ) ;
#3049 = DIRECTION ( 'NONE',  ( 0.000000000000000000, 0.000000000000000000, -1.000000000000000000 ) ) ;
#3050 = DIRECTION ( 'NONE',  ( 1.000000000000000000, 0.000000000000000000, 0.000000000000000000 ) ) ;
#3051 = ORIENTED_EDGE ( 'NONE', *, *, #839, .F. ) ;
#3052 = DIRECTION ( 'NONE',  ( 0.000000000000000000, 1.000000000000000000, 0.000000000000000000 ) ) ;
#3053 = DIRECTION ( 'NONE',  ( 0.000000000000000000, -1.000000000000000000, 0.000000000000000000 ) ) ;
#3054 = EDGE_CURVE ( 'NONE', #88, #2226, #3118, .T. ) ;
#3055 = ORIENTED_EDGE ( 'NONE', *, *, #3409, .T. ) ;
#3056 = ORIENTED_EDGE ( 'NONE', *, *, #54, .F. ) ;
#3057 = EDGE_CURVE ( 'NONE', #1722, #12, #2916, .T. ) ;
#3058 = CARTESIAN_POINT ( 'NONE',  ( -0.08858267716535433989, 0.1377952755905511861, -0.06496062992125986590 ) ) ;
#3059 = EDGE_LOOP ( 'NONE', ( #222, #744, #2481, #3056 ) ) ;
#3060 = CARTESIAN_POINT ( 'NONE',  ( 0.08858267716535433989, 0.1299212598425196763, -0.08858267716535433989 ) ) ;
#3061 = CARTESIAN_POINT ( 'NONE',  ( -0.1968503937007874127, -0.003937007874015747977, -0.1023622047244094613 ) ) ;
#3062 = DIRECTION ( 'NONE',  ( 0.000000000000000000, -1.000000000000000000, 0.000000000000000000 ) ) ;
#3063 = DIRECTION ( 'NONE',  ( 0.000000000000000000, 1.000000000000000000, 0.000000000000000000 ) ) ;
#3064 = CARTESIAN_POINT ( 'NONE',  ( -0.1181102362204724532, 0.03937007874015747977, -0.07480314960629921850 ) ) ;
#3065 = EDGE_CURVE ( 'NONE', #3240, #2526, #2552, .T. ) ;
#3066 = DIRECTION ( 'NONE',  ( 0.000000000000000000, 1.000000000000000000, 0.000000000000000000 ) ) ;
#3067 = CARTESIAN_POINT ( 'NONE',  ( -0.1181102362204724532, 0.03937007874015747977, -0.1023622047244094613 ) ) ;
#3068 = EDGE_LOOP ( 'NONE', ( #800, #1732, #1086, #1657 ) ) ;
#3069 =( NAMED_UNIT ( * ) PLANE_ANGLE_UNIT ( ) SI_UNIT ( $, .RADIAN. ) );
#3070 = EDGE_CURVE ( 'NONE', #3528, #2113, #330, .T. ) ;
#3071 = FACE_OUTER_BOUND ( 'NONE', #1536, .T. ) ;
#3072 = AXIS2_PLACEMENT_3D ( 'NONE', #3501, #1024, #1349 ) ;
#3073 = CLOSED_SHELL ( 'NONE', ( #2308, #33, #2757, #2460, #2260, #2156, #2479, #318, #1274, #1728, #236, #935, #1301, #2355 ) ) ;
#3074 = ORIENTED_EDGE ( 'NONE', *, *, #3201, .T. ) ;
#3075 = ORIENTED_EDGE ( 'NONE', *, *, #2036, .F. ) ;
#3076 = AXIS2_PLACEMENT_3D ( 'NONE', #2381, #798, #1085 ) ;
#3077 = DIRECTION ( 'NONE',  ( 0.000000000000000000, 1.000000000000000000, 0.000000000000000000 ) ) ;
#3078 = STYLED_ITEM ( 'NONE', ( #2269 ), #315 ) ;
#3079 = DIRECTION ( 'NONE',  ( 0.000000000000000000, 1.000000000000000000, 0.000000000000000000 ) ) ;
#3080 = DIRECTION ( 'NONE',  ( 1.734723475976804925E-15, -1.000000000000000000, 0.000000000000000000 ) ) ;
#3081 = EDGE_CURVE ( 'NONE', #1868, #1977, #3326, .T. ) ;
#3082 = FACE_OUTER_BOUND ( 'NONE', #47, .T. ) ;
#3083 = AXIS2_PLACEMENT_3D ( 'NONE', #1340, #551, #1076 ) ;
#3084 = VERTEX_POINT ( 'NONE', #574 ) ;
#3085 = DIRECTION ( 'NONE',  ( -1.000000000000000000, -1.734723475976804925E-15, 0.000000000000000000 ) ) ;
#3086 = CIRCLE ( 'NONE', #833, 0.01574803149606299885 ) ;
#3087 = DIRECTION ( 'NONE',  ( -0.000000000000000000, 1.000000000000000000, 0.000000000000000000 ) ) ;
#3088 = DIRECTION ( 'NONE',  ( 0.000000000000000000, 0.000000000000000000, 1.000000000000000000 ) ) ;
#3089 = EDGE_LOOP ( 'NONE', ( #63, #1796, #1922, #1729 ) ) ;
#3090 = VECTOR ( 'NONE', #807, 39.37007874015748143 ) ;
#3091 = CARTESIAN_POINT ( 'NONE',  ( -0.1614173228346456879, 0.02755905511811023584, 0.1023622047244094613 ) ) ;
#3092 = FACE_BOUND ( 'NONE', #2018, .T. ) ;
#3093 = EDGE_CURVE ( 'NONE', #3001, #788, #1670, .T. ) ;
#3094 = AXIS2_PLACEMENT_3D ( 'NONE', #440, #2042, #2292 ) ;
#3095 = VERTEX_POINT ( 'NONE', #1397 ) ;
#3096 = VERTEX_POINT ( 'NONE', #2363 ) ;
#3097 = CARTESIAN_POINT ( 'NONE',  ( 0.08858267716535433989, 0.1299212598425196763, -0.07283464566929134798 ) ) ;
#3098 = FACE_OUTER_BOUND ( 'NONE', #3059, .T. ) ;
#3099 = LINE ( 'NONE', #55, #1864 ) ;
#3100 = FACE_OUTER_BOUND ( 'NONE', #1789, .T. ) ;
#3101 = ORIENTED_EDGE ( 'NONE', *, *, #1829, .T. ) ;
#3102 = DIRECTION ( 'NONE',  ( 0.000000000000000000, 0.000000000000000000, 1.000000000000000000 ) ) ;
#3103 = DIRECTION ( 'NONE',  ( 1.000000000000000000, 0.000000000000000000, 0.000000000000000000 ) ) ;
#3104 = DIRECTION ( 'NONE',  ( 0.000000000000000000, -1.000000000000000000, 0.000000000000000000 ) ) ;
#3105 =( NAMED_UNIT ( * ) SI_UNIT ( $, .STERADIAN. ) SOLID_ANGLE_UNIT ( ) );
#3106 = ORIENTED_EDGE ( 'NONE', *, *, #3331, .T. ) ;
#3107 = DIRECTION ( 'NONE',  ( 0.000000000000000000, 0.000000000000000000, 1.000000000000000000 ) ) ;
#3108 = DIRECTION ( 'NONE',  ( -1.000000000000000000, 0.000000000000000000, 0.000000000000000000 ) ) ;
#3109 = ORIENTED_EDGE ( 'NONE', *, *, #1492, .F. ) ;
#3110 = ORIENTED_EDGE ( 'NONE', *, *, #1823, .F. ) ;
#3111 = ADVANCED_FACE ( 'NONE', ( #3474 ), #531, .F. ) ;
#3112 = CARTESIAN_POINT ( 'NONE',  ( -0.1496062992125984370, 0.02755905511811023584, -0.1023622047244094613 ) ) ;
#3113 = DIRECTION ( 'NONE',  ( -1.734723475976804925E-15, -1.000000000000000000, 0.000000000000000000 ) ) ;
#3114 = CARTESIAN_POINT ( 'NONE',  ( -0.1181102362204724532, 0.1299212598425196763, -0.1122047244094488277 ) ) ;
#3115 = ORIENTED_EDGE ( 'NONE', *, *, #181, .T. ) ;
#3116 = CARTESIAN_POINT ( 'NONE',  ( 0.1653543307086614567, -0.003937007874015747977, -0.07480314960629921850 ) ) ;
#3117 = ADVANCED_FACE ( 'NONE', ( #803 ), #2385, .T. ) ;
#3118 = LINE ( 'NONE', #360, #436 ) ;
#3119 = DIRECTION ( 'NONE',  ( 0.000000000000000000, 1.000000000000000000, 0.000000000000000000 ) ) ;
#3120 = LINE ( 'NONE', #2539, #3203 ) ;
#3121 = ADVANCED_FACE ( 'NONE', ( #1630 ), #2402, .F. ) ;
#3122 = ORIENTED_EDGE ( 'NONE', *, *, #156, .F. ) ;
#3123 = SURFACE_STYLE_FILL_AREA ( #1751 ) ;
#3124 = EDGE_CURVE ( 'NONE', #3095, #174, #1354, .T. ) ;
#3125 = CARTESIAN_POINT ( 'NONE',  ( -0.1496062992125984370, 0.02755905511811023584, -0.07480314960629921850 ) ) ;
#3126 = ORIENTED_EDGE ( 'NONE', *, *, #2521, .F. ) ;
#3127 = CARTESIAN_POINT ( 'NONE',  ( 0.1968503937007874127, -0.003937007874015747977, 0.1023622047244094613 ) ) ;
#3128 = PRODUCT_DEFINITION ( 'UNKNOWN', '', #1073, #193 ) ;
#3129 = EDGE_CURVE ( 'NONE', #2065, #1373, #478, .T. ) ;
#3130 = LINE ( 'NONE', #2276, #3259 ) ;
#3131 = EDGE_CURVE ( 'NONE', #3500, #2823, #1036, .T. ) ;
#3132 = CARTESIAN_POINT ( 'NONE',  ( 0.1496062992125984370, 0.02755905511811023584, 0.1023622047244094613 ) ) ;
#3133 = VECTOR ( 'NONE', #1677, 39.37007874015748143 ) ;
#3134 = ORIENTED_EDGE ( 'NONE', *, *, #2306, .T. ) ;
#3135 = CARTESIAN_POINT ( 'NONE',  ( 0.1181102362204724532, 0.1299212598425196763, 0.1122047244094488277 ) ) ;
#3136 = VECTOR ( 'NONE', #2806, 39.37007874015748143 ) ;
#3137 = ADVANCED_FACE ( 'NONE', ( #766 ), #1882, .F. ) ;
#3138 = ORIENTED_EDGE ( 'NONE', *, *, #908, .F. ) ;
#3139 = FACE_OUTER_BOUND ( 'NONE', #157, .T. ) ;
#3140 = AXIS2_PLACEMENT_3D ( 'NONE', #608, #2568, #2229 ) ;
#3141 = VECTOR ( 'NONE', #277, 39.37007874015748143 ) ;
#3142 = CARTESIAN_POINT ( 'NONE',  ( -0.1181102362204724532, 0.1377952755905511861, -0.1181102362204724532 ) ) ;
#3143 = VECTOR ( 'NONE', #1663, 39.37007874015748143 ) ;
#3144 = ORIENTED_EDGE ( 'NONE', *, *, #2811, .T. ) ;
#3145 = MECHANICAL_DESIGN_GEOMETRIC_PRESENTATION_REPRESENTATION (  '', ( #3028 ), #2040 ) ;
#3146 = FILL_AREA_STYLE ('',( #2595 ) ) ;
#3147 = VECTOR ( 'NONE', #1723, 39.37007874015748143 ) ;
#3148 = ORIENTED_EDGE ( 'NONE', *, *, #619, .T. ) ;
#3149 = CARTESIAN_POINT ( 'NONE',  ( -0.1122047244094488277, 0.1299212598425196763, 0.1181102362204724532 ) ) ;
#3150 = VECTOR ( 'NONE', #2754, 39.37007874015748143 ) ;
#3151 = CARTESIAN_POINT ( 'NONE',  ( 0.1653543307086614567, 0.007874015748031495954, 0.07480314960629921850 ) ) ;
#3152 = LINE ( 'NONE', #1534, #2221 ) ;
#3153 = ORIENTED_EDGE ( 'NONE', *, *, #2875, .F. ) ;
#3154 = CARTESIAN_POINT ( 'NONE',  ( -0.08858267716535433989, 0.1456692913385826960, -0.06496062992125986590 ) ) ;
#3155 = LINE ( 'NONE', #1778, #30 ) ;
#3156 = DIRECTION ( 'NONE',  ( -1.734723475976804925E-15, 1.000000000000000000, 0.000000000000000000 ) ) ;
#3157 = ADVANCED_FACE ( 'NONE', ( #550 ), #3243, .F. ) ;
#3158 = FACE_OUTER_BOUND ( 'NONE', #1285, .T. ) ;
#3159 = ORIENTED_EDGE ( 'NONE', *, *, #1610, .F. ) ;
#3160 =( LENGTH_UNIT ( ) NAMED_UNIT ( * ) SI_UNIT ( $, .METRE. ) );
#3161 = DIRECTION ( 'NONE',  ( 1.000000000000000000, 0.000000000000000000, 0.000000000000000000 ) ) ;
#3162 = ORIENTED_EDGE ( 'NONE', *, *, #2790, .F. ) ;
#3163 = CARTESIAN_POINT ( 'NONE',  ( 0.1968503937007874127, -0.003937007874015747977, -0.1023622047244094613 ) ) ;
#3164 = ADVANCED_FACE ( 'NONE', ( #2133 ), #1053, .F. ) ;
#3165 = CARTESIAN_POINT ( 'NONE',  ( 0.1122047244094488277, 0.1299212598425196763, -0.1181102362204724532 ) ) ;
#3166 = EDGE_CURVE ( 'NONE', #1543, #2767, #1862, .T. ) ;
#3167 = ORIENTED_EDGE ( 'NONE', *, *, #3340, .F. ) ;
#3168 = LINE ( 'NONE', #2059, #2259 ) ;
#3169 = ORIENTED_EDGE ( 'NONE', *, *, #3434, .T. ) ;
#3170 = CARTESIAN_POINT ( 'NONE',  ( 0.1653543307086614567, -0.003937007874015747977, -0.1023622047244094613 ) ) ;
#3171 = DIRECTION ( 'NONE',  ( 0.000000000000000000, 0.000000000000000000, -1.000000000000000000 ) ) ;
#3172 = DIRECTION ( 'NONE',  ( 0.000000000000000000, -1.000000000000000000, 0.000000000000000000 ) ) ;
#3173 = EDGE_CURVE ( 'NONE', #547, #1415, #3301, .T. ) ;
#3174 = ADVANCED_FACE ( 'NONE', ( #2117, #1322 ), #2973, .F. ) ;
#3175 = ORIENTED_EDGE ( 'NONE', *, *, #555, .F. ) ;
#3176 = DIRECTION ( 'NONE',  ( 0.000000000000000000, 0.000000000000000000, 1.000000000000000000 ) ) ;
#3177 = EDGE_CURVE ( 'NONE', #684, #88, #387, .T. ) ;
#3178 = ORIENTED_EDGE ( 'NONE', *, *, #2570, .T. ) ;
#3179 = DIRECTION ( 'NONE',  ( 0.000000000000000000, 1.000000000000000000, 0.000000000000000000 ) ) ;
#3180 = LINE ( 'NONE', #2310, #1764 ) ;
#3181 = ORIENTED_EDGE ( 'NONE', *, *, #1090, .F. ) ;
#3182 = DIRECTION ( 'NONE',  ( 0.000000000000000000, 0.000000000000000000, 1.000000000000000000 ) ) ;
#3183 = EDGE_CURVE ( 'NONE', #799, #2500, #1135, .T. ) ;
#3184 = AXIS2_PLACEMENT_3D ( 'NONE', #2404, #447, #2135 ) ;
#3185 = EDGE_LOOP ( 'NONE', ( #3167, #1376, #706, #856 ) ) ;
#3186 = AXIS2_PLACEMENT_3D ( 'NONE', #3127, #674, #404 ) ;
#3187 = DIRECTION ( 'NONE',  ( 0.000000000000000000, 0.000000000000000000, -1.000000000000000000 ) ) ;
#3188 = DIRECTION ( 'NONE',  ( 1.000000000000000000, 0.000000000000000000, 0.000000000000000000 ) ) ;
#3189 = MECHANICAL_DESIGN_GEOMETRIC_PRESENTATION_REPRESENTATION (  '', ( #1629 ), #1689 ) ;
#3190 = AXIS2_PLACEMENT_3D ( 'NONE', #2410, #239, #2426 ) ;
#3191 = CARTESIAN_POINT ( 'NONE',  ( -0.1653543307086614567, 0.003937007874015747977, -0.07480314960629921850 ) ) ;
#3192 = VECTOR ( 'NONE', #1955, 39.37007874015748143 ) ;
#3193 = VECTOR ( 'NONE', #3453, 39.37007874015748143 ) ;
#3194 = ORIENTED_EDGE ( 'NONE', *, *, #1881, .T. ) ;
#3195 = CYLINDRICAL_SURFACE ( 'NONE', #1856, 0.02362204724409448092 ) ;
#3196 = VECTOR ( 'NONE', #1216, 39.37007874015748143 ) ;
#3197 = AXIS2_PLACEMENT_3D ( 'NONE', #216, #749, #2155 ) ;
#3198 = EDGE_LOOP ( 'NONE', ( #3126, #2783, #773, #3363 ) ) ;
#3199 = AXIS2_PLACEMENT_3D ( 'NONE', #2041, #2879, #1758 ) ;
#3200 = FACE_BOUND ( 'NONE', #3309, .T. ) ;
#3201 = EDGE_CURVE ( 'NONE', #3541, #2289, #2188, .T. ) ;
#3202 = EDGE_CURVE ( 'NONE', #811, #2866, #958, .T. ) ;
#3203 = VECTOR ( 'NONE', #74, 39.37007874015748143 ) ;
#3204 = DIRECTION ( 'NONE',  ( 0.000000000000000000, 0.000000000000000000, -1.000000000000000000 ) ) ;
#3205 = ORIENTED_EDGE ( 'NONE', *, *, #3124, .F. ) ;
#3206 = VECTOR ( 'NONE', #306, 39.37007874015748143 ) ;
#3207 = CARTESIAN_POINT ( 'NONE',  ( -0.08858267716535433989, 0.1456692913385826960, -0.1122047244094488277 ) ) ;
#3208 = CARTESIAN_POINT ( 'NONE',  ( -0.08858267716535433989, 0.1823374350353732243, 0.07283464566929134798 ) ) ;
#3209 = ORIENTED_EDGE ( 'NONE', *, *, #2711, .T. ) ;
#3210 = CARTESIAN_POINT ( 'NONE',  ( -0.1181102362204724532, 0.03937007874015747977, 0.1023622047244094613 ) ) ;
#3211 = DIRECTION ( 'NONE',  ( 0.000000000000000000, 0.000000000000000000, 1.000000000000000000 ) ) ;
#3212 = AXIS2_PLACEMENT_3D ( 'NONE', #1316, #3260, #1875 ) ;
#3213 = DIRECTION ( 'NONE',  ( -0.000000000000000000, -1.000000000000000000, -0.000000000000000000 ) ) ;
#3214 = ORIENTED_EDGE ( 'NONE', *, *, #942, .F. ) ;
#3215 = DIRECTION ( 'NONE',  ( 0.000000000000000000, 0.000000000000000000, -1.000000000000000000 ) ) ;
#3216 = EDGE_CURVE ( 'NONE', #1949, #2583, #1075, .T. ) ;
#3217 = DIRECTION ( 'NONE',  ( 0.000000000000000000, 0.000000000000000000, -1.000000000000000000 ) ) ;
#3218 = ORIENTED_EDGE ( 'NONE', *, *, #2420, .T. ) ;
#3219 = CARTESIAN_POINT ( 'NONE',  ( -0.08858267716535433989, 0.1377952755905511861, 0.07283464566929134798 ) ) ;
#3220 = EDGE_CURVE ( 'NONE', #61, #1712, #2047, .T. ) ;
#3221 = VERTEX_POINT ( 'NONE', #568 ) ;
#3222 = EDGE_CURVE ( 'NONE', #1695, #1592, #303, .T. ) ;
#3223 = ORIENTED_EDGE ( 'NONE', *, *, #813, .T. ) ;
#3224 = DIMENSIONAL_EXPONENTS ( 1.000000000000000000, 0.000000000000000000, 0.000000000000000000, 0.000000000000000000, 0.000000000000000000, 0.000000000000000000, 0.000000000000000000 ) ;
#3225 = DIRECTION ( 'NONE',  ( 0.000000000000000000, 0.000000000000000000, -1.000000000000000000 ) ) ;
#3226 = ORIENTED_EDGE ( 'NONE', *, *, #3129, .F. ) ;
#3227 = DIRECTION ( 'NONE',  ( -1.734723475976804925E-15, -1.000000000000000000, 0.000000000000000000 ) ) ;
#3228 = CARTESIAN_POINT ( 'NONE',  ( -0.08858267716535433989, 0.1377952755905511861, 0.07283464566929134798 ) ) ;
#3229 = EDGE_CURVE ( 'NONE', #1326, #2273, #2530, .T. ) ;
#3230 = CARTESIAN_POINT ( 'NONE',  ( 0.1968503937007874127, 0.003937007874015747977, 0.1023622047244094613 ) ) ;
#3231 = LINE ( 'NONE', #1368, #2975 ) ;
#3232 = ORIENTED_EDGE ( 'NONE', *, *, #1793, .T. ) ;
#3233 = DIRECTION ( 'NONE',  ( 0.000000000000000000, 0.000000000000000000, 1.000000000000000000 ) ) ;
#3234 = ORIENTED_EDGE ( 'NONE', *, *, #355, .T. ) ;
#3235 = CARTESIAN_POINT ( 'NONE',  ( 0.1614173228346456879, 0.02755905511811023584, 0.07480314960629921850 ) ) ;
#3236 = EDGE_LOOP ( 'NONE', ( #3153, #557, #2347, #363 ) ) ;
#3237 = DIRECTION ( 'NONE',  ( 0.000000000000000000, 0.000000000000000000, 1.000000000000000000 ) ) ;
#3238 = DIRECTION ( 'NONE',  ( 0.000000000000000000, 1.000000000000000000, 0.000000000000000000 ) ) ;
#3239 = ORIENTED_EDGE ( 'NONE', *, *, #2224, .F. ) ;
#3240 = VERTEX_POINT ( 'NONE', #1987 ) ;
#3241 = FACE_OUTER_BOUND ( 'NONE', #2718, .T. ) ;
#3242 = VERTEX_POINT ( 'NONE', #66 ) ;
#3243 = PLANE ( 'NONE',  #271 ) ;
#3244 = FACE_OUTER_BOUND ( 'NONE', #1303, .T. ) ;
#3245 = DIRECTION ( 'NONE',  ( 0.000000000000000000, 0.000000000000000000, 1.000000000000000000 ) ) ;
#3246 = EDGE_CURVE ( 'NONE', #2925, #1087, #356, .T. ) ;
#3247 = LINE ( 'NONE', #2192, #2275 ) ;
#3248 = EDGE_LOOP ( 'NONE', ( #3218, #1588, #1250, #868 ) ) ;
#3249 = VECTOR ( 'NONE', #626, 39.37007874015748143 ) ;
#3250 = VECTOR ( 'NONE', #1315, 39.37007874015748143 ) ;
#3251 = FACE_OUTER_BOUND ( 'NONE', #2213, .T. ) ;
#3252 = AXIS2_PLACEMENT_3D ( 'NONE', #112, #2353, #3465 ) ;
#3253 = ORIENTED_EDGE ( 'NONE', *, *, #2180, .T. ) ;
#3254 = LINE ( 'NONE', #3292, #1757 ) ;
#3255 = ORIENTED_EDGE ( 'NONE', *, *, #3312, .F. ) ;
#3256 = FACE_OUTER_BOUND ( 'NONE', #3089, .T. ) ;
#3257 = AXIS2_PLACEMENT_3D ( 'NONE', #2991, #2189, #215 ) ;
#3258 = CIRCLE ( 'NONE', #3072, 0.003937007874015758385 ) ;
#3259 = VECTOR ( 'NONE', #469, 39.37007874015748143 ) ;
#3260 = DIRECTION ( 'NONE',  ( 0.000000000000000000, 0.000000000000000000, 1.000000000000000000 ) ) ;
#3261 = ORIENTED_EDGE ( 'NONE', *, *, #1129, .T. ) ;
#3262 = ORIENTED_EDGE ( 'NONE', *, *, #1366, .T. ) ;
#3263 = VECTOR ( 'NONE', #1384, 39.37007874015748143 ) ;
#3264 = CARTESIAN_POINT ( 'NONE',  ( -0.08858267716535433989, 0.1823374350353732243, 0.1043307086614173457 ) ) ;
#3265 = VERTEX_POINT ( 'NONE', #1665 ) ;
#3266 = DIRECTION ( 'NONE',  ( 0.000000000000000000, 0.000000000000000000, 1.000000000000000000 ) ) ;
#3267 = CARTESIAN_POINT ( 'NONE',  ( 0.1181102362204724532, 0.03937007874015747977, 0.1023622047244094613 ) ) ;
#3268 = CIRCLE ( 'NONE', #1293, 0.01181102362204724046 ) ;
#3269 = DIRECTION ( 'NONE',  ( 0.000000000000000000, 0.000000000000000000, 1.000000000000000000 ) ) ;
#3270 = CIRCLE ( 'NONE', #1932, 0.01574803149606299191 ) ;
#3271 = CARTESIAN_POINT ( 'NONE',  ( -0.1653543307086614567, -0.003937007874015747977, -0.1023622047244094613 ) ) ;
#3272 = ORIENTED_EDGE ( 'NONE', *, *, #2144, .T. ) ;
#3273 = ADVANCED_FACE ( 'NONE', ( #3098 ), #2513, .T. ) ;
#3274 = LINE ( 'NONE', #1851, #2030 ) ;
#3275 = FACE_OUTER_BOUND ( 'NONE', #2092, .T. ) ;
#3276 = ORIENTED_EDGE ( 'NONE', *, *, #2199, .F. ) ;
#3277 = CARTESIAN_POINT ( 'NONE',  ( -0.08858267716535433989, 0.1377952755905511861, -0.1043307086614173457 ) ) ;
#3278 = EDGE_CURVE ( 'NONE', #1326, #1224, #2826, .T. ) ;
#3279 = DIRECTION ( 'NONE',  ( -1.000000000000000000, 0.000000000000000000, 0.000000000000000000 ) ) ;
#3280 = VERTEX_POINT ( 'NONE', #607 ) ;
#3281 = EDGE_LOOP ( 'NONE', ( #2541, #631, #2290, #1895 ) ) ;
#3282 = CARTESIAN_POINT ( 'NONE',  ( 0.1535433070866141780, 0.02755905511811023584, 0.07480314960629921850 ) ) ;
#3283 = EDGE_CURVE ( 'NONE', #2226, #2113, #342, .T. ) ;
#3284 = DIRECTION ( 'NONE',  ( 0.000000000000000000, -1.000000000000000000, 0.000000000000000000 ) ) ;
#3285 = DIRECTION ( 'NONE',  ( 0.000000000000000000, 1.000000000000000000, 0.000000000000000000 ) ) ;
#3286 = DIRECTION ( 'NONE',  ( -1.000000000000000000, 0.000000000000000000, 0.000000000000000000 ) ) ;
#3287 = DIRECTION ( 'NONE',  ( 0.000000000000000000, -1.000000000000000000, 0.000000000000000000 ) ) ;
#3288 = EDGE_LOOP ( 'NONE', ( #425, #11, #1996, #3110 ) ) ;
#3289 = DIRECTION ( 'NONE',  ( 0.000000000000000000, 1.000000000000000000, 0.000000000000000000 ) ) ;
#3290 = EDGE_CURVE ( 'NONE', #2287, #1841, #1298, .T. ) ;
#3291 = EDGE_CURVE ( 'NONE', #1121, #1660, #3270, .T. ) ;
#3292 = CARTESIAN_POINT ( 'NONE',  ( -0.1181102362204724532, 0.1299212598425196763, 0.1181102362204724532 ) ) ;
#3293 = ORIENTED_EDGE ( 'NONE', *, *, #1453, .T. ) ;
#3294 = FILL_AREA_STYLE ('',( #1046 ) ) ;
#3295 = CARTESIAN_POINT ( 'NONE',  ( 0.08858267716535433989, 0.1377952755905511861, 0.07283464566929134798 ) ) ;
#3296 = ADVANCED_FACE ( 'NONE', ( #1180 ), #2813, .F. ) ;
#3297 = ORIENTED_EDGE ( 'NONE', *, *, #2180, .F. ) ;
#3298 = ORIENTED_EDGE ( 'NONE', *, *, #1501, .T. ) ;
#3299 = DIRECTION ( 'NONE',  ( 0.000000000000000000, -1.000000000000000000, 0.000000000000000000 ) ) ;
#3300 = EDGE_LOOP ( 'NONE', ( #2196, #1992, #3074, #914 ) ) ;
#3301 = LINE ( 'NONE', #3569, #382 ) ;
#3302 = DIRECTION ( 'NONE',  ( -1.000000000000000000, 0.000000000000000000, 0.000000000000000000 ) ) ;
#3303 = DIRECTION ( 'NONE',  ( 0.000000000000000000, -1.000000000000000000, 0.000000000000000000 ) ) ;
#3304 = PLANE ( 'NONE',  #781 ) ;
#3305 = ORIENTED_EDGE ( 'NONE', *, *, #1246, .F. ) ;
#3306 = DIRECTION ( 'NONE',  ( 1.000000000000000000, 0.000000000000000000, 0.000000000000000000 ) ) ;
#3307 = DIRECTION ( 'NONE',  ( 0.000000000000000000, 0.000000000000000000, -1.000000000000000000 ) ) ;
#3308 = VECTOR ( 'NONE', #2495, 39.37007874015748143 ) ;
#3309 = EDGE_LOOP ( 'NONE', ( #971, #1595 ) ) ;
#3310 = CARTESIAN_POINT ( 'NONE',  ( 0.1614173228346456879, 0.02755905511811023584, -0.07480314960629921850 ) ) ;
#3311 = DIRECTION ( 'NONE',  ( 0.000000000000000000, 0.000000000000000000, -1.000000000000000000 ) ) ;
#3312 = EDGE_CURVE ( 'NONE', #1959, #2452, #1392, .T. ) ;
#3313 =( GEOMETRIC_REPRESENTATION_CONTEXT ( 3 ) GLOBAL_UNCERTAINTY_ASSIGNED_CONTEXT ( ( #698 ) ) GLOBAL_UNIT_ASSIGNED_CONTEXT ( ( #1892, #524, #2450 ) ) REPRESENTATION_CONTEXT ( 'NONE', 'WORKASPACE' ) );
#3314 = EDGE_LOOP ( 'NONE', ( #3504, #640 ) ) ;
#3315 = CIRCLE ( 'NONE', #2432, 0.005905511811023620231 ) ;
#3316 = CIRCLE ( 'NONE', #2904, 0.01574803149606299191 ) ;
#3317 = VERTEX_POINT ( 'NONE', #1952 ) ;
#3318 = AXIS2_PLACEMENT_3D ( 'NONE', #1159, #3354, #1391 ) ;
#3319 = DIRECTION ( 'NONE',  ( -1.000000000000000000, -1.016439536705159791E-16, 0.000000000000000000 ) ) ;
#3320 = ORIENTED_EDGE ( 'NONE', *, *, #974, .T. ) ;
#3321 = CARTESIAN_POINT ( 'NONE',  ( 0.1122047244094488277, 0.1377952755905511861, -0.1181102362204724532 ) ) ;
#3322 = LINE ( 'NONE', #3412, #1806 ) ;
#3323 = VECTOR ( 'NONE', #1179, 39.37007874015748143 ) ;
#3324 = CARTESIAN_POINT ( 'NONE',  ( -0.1496062992125984370, 0.03149606299212598381, -0.07480314960629921850 ) ) ;
#3325 = CIRCLE ( 'NONE', #2505, 0.005905511811023620231 ) ;
#3326 = LINE ( 'NONE', #848, #1525 ) ;
#3327 = EDGE_LOOP ( 'NONE', ( #128, #2302 ) ) ;
#3328 = LINE ( 'NONE', #878, #3141 ) ;
#3329 = AXIS2_PLACEMENT_3D ( 'NONE', #117, #105, #1787 ) ;
#3330 = DIRECTION ( 'NONE',  ( 0.000000000000000000, 0.000000000000000000, -1.000000000000000000 ) ) ;
#3331 = EDGE_CURVE ( 'NONE', #474, #1546, #1160, .T. ) ;
#3332 = ORIENTED_EDGE ( 'NONE', *, *, #2711, .F. ) ;
#3333 = FILL_AREA_STYLE ('',( #2523 ) ) ;
#3334 = LINE ( 'NONE', #2017, #3477 ) ;
#3335 = VERTEX_POINT ( 'NONE', #3321 ) ;
#3336 = EDGE_LOOP ( 'NONE', ( #213, #823, #2417, #2125, #3036, #1175, #988, #1254, #2509, #2587, #2962, #1049 ) ) ;
#3337 = CARTESIAN_POINT ( 'NONE',  ( -0.1181102362204724532, 0.03937007874015747977, -0.1023622047244094613 ) ) ;
#3338 = ORIENTED_EDGE ( 'NONE', *, *, #1396, .F. ) ;
#3339 = EDGE_CURVE ( 'NONE', #2280, #560, #2256, .T. ) ;
#3340 = EDGE_CURVE ( 'NONE', #2583, #3390, #1648, .T. ) ;
#3341 = DIRECTION ( 'NONE',  ( 0.000000000000000000, 1.000000000000000000, 0.000000000000000000 ) ) ;
#3342 = CARTESIAN_POINT ( 'NONE',  ( 0.1653543307086614567, 0.007874015748031495954, 0.07480314960629921850 ) ) ;
#3343 = FACE_BOUND ( 'NONE', #2449, .T. ) ;
#3344 = EDGE_CURVE ( 'NONE', #678, #1969, #274, .T. ) ;
#3345 = CARTESIAN_POINT ( 'NONE',  ( 0.000000000000000000, 0.2165354330708661457, -0.06496062992125985203 ) ) ;
#3346 = SURFACE_STYLE_USAGE ( .BOTH. , #2517 ) ;
#3347 = LINE ( 'NONE', #2538, #3366 ) ;
#3348 = LINE ( 'NONE', #865, #1643 ) ;
#3349 = ORIENTED_EDGE ( 'NONE', *, *, #2215, .F. ) ;
#3350 = CARTESIAN_POINT ( 'NONE',  ( 0.1181102362204724532, 0.03937007874015747977, 0.1023622047244094613 ) ) ;
#3351 = EDGE_CURVE ( 'NONE', #139, #3528, #2389, .T. ) ;
#3352 = VERTEX_POINT ( 'NONE', #2227 ) ;
#3353 = ORIENTED_EDGE ( 'NONE', *, *, #588, .F. ) ;
#3354 = DIRECTION ( 'NONE',  ( -1.000000000000000000, -1.734723475976804925E-15, 0.000000000000000000 ) ) ;
#3355 = DIRECTION ( 'NONE',  ( 0.000000000000000000, 0.000000000000000000, -1.000000000000000000 ) ) ;
#3356 = DIRECTION ( 'NONE',  ( 0.000000000000000000, 0.000000000000000000, -1.000000000000000000 ) ) ;
#3357 = CARTESIAN_POINT ( 'NONE',  ( 0.08858267716535433989, 0.1456692913385826960, -0.08858267716535433989 ) ) ;
#3358 = ORIENTED_EDGE ( 'NONE', *, *, #3389, .F. ) ;
#3359 = CARTESIAN_POINT ( 'NONE',  ( 0.1968503937007874127, -0.003937007874015747977, -0.07480314960629921850 ) ) ;
#3360 = CARTESIAN_POINT ( 'NONE',  ( 0.1181102362204724532, 0.03937007874015747977, -0.07480314960629921850 ) ) ;
#3361 = EDGE_CURVE ( 'NONE', #743, #3541, #100, .T. ) ;
#3362 = SURFACE_SIDE_STYLE ('',( #1694 ) ) ;
#3363 = ORIENTED_EDGE ( 'NONE', *, *, #886, .T. ) ;
#3364 = DIRECTION ( 'NONE',  ( 0.000000000000000000, 0.000000000000000000, 1.000000000000000000 ) ) ;
#3365 = DIRECTION ( 'NONE',  ( 1.000000000000000000, 0.000000000000000000, 0.000000000000000000 ) ) ;
#3366 = VECTOR ( 'NONE', #1424, 39.37007874015748143 ) ;
#3367 = CLOSED_SHELL ( 'NONE', ( #1257, #2951, #2763, #620, #1208, #3273, #1410, #2100, #2762, #164, #2130, #2102, #1417, #1512, #2912, #1344, #2114, #381, #2203, #2300, #1367, #2089, #1894, #3296, #1098, #2248, #2296, #611, #459, #3174, #2111, #3025, #2333, #3397 ) ) ;
#3368 = ORIENTED_EDGE ( 'NONE', *, *, #732, .T. ) ;
#3369 = ORIENTED_EDGE ( 'NONE', *, *, #196, .T. ) ;
#3370 = AXIS2_PLACEMENT_3D ( 'NONE', #768, #1271, #3211 ) ;
#3371 = DIRECTION ( 'NONE',  ( 0.000000000000000000, 0.000000000000000000, 1.000000000000000000 ) ) ;
#3372 = MECHANICAL_DESIGN_GEOMETRIC_PRESENTATION_REPRESENTATION (  '', ( #1401 ), #1056 ) ;
#3373 = DIRECTION ( 'NONE',  ( 0.000000000000000000, 1.000000000000000000, 0.000000000000000000 ) ) ;
#3374 = DIRECTION ( 'NONE',  ( 0.000000000000000000, 0.000000000000000000, -1.000000000000000000 ) ) ;
#3375 = EDGE_CURVE ( 'NONE', #1224, #1886, #2626, .T. ) ;
#3376 = DIRECTION ( 'NONE',  ( 0.000000000000000000, 1.000000000000000000, 0.000000000000000000 ) ) ;
#3377 = AXIS2_PLACEMENT_3D ( 'NONE', #410, #2118, #2061 ) ;
#3378 = VECTOR ( 'NONE', #429, 39.37007874015748143 ) ;
#3379 = CARTESIAN_POINT ( 'NONE',  ( -0.1122047244094488277, 0.000000000000000000, 0.1122047244094488277 ) ) ;
#3380 = AXIS2_PLACEMENT_3D ( 'NONE', #1682, #3299, #341 ) ;
#3381 = DIRECTION ( 'NONE',  ( 0.000000000000000000, 1.000000000000000000, 0.000000000000000000 ) ) ;
#3382 = PRESENTATION_LAYER_ASSIGNMENT (  '', '', ( #3028 ) ) ;
#3383 = LINE ( 'NONE', #3067, #3030 ) ;
#3384 = ADVANCED_FACE ( 'NONE', ( #2057 ), #2880, .F. ) ;
#3385 = ORIENTED_EDGE ( 'NONE', *, *, #2749, .F. ) ;
#3386 = AXIS2_PLACEMENT_3D ( 'NONE', #1613, #3006, #2948 ) ;
#3387 = DIRECTION ( 'NONE',  ( -0.000000000000000000, 1.000000000000000000, 0.000000000000000000 ) ) ;
#3388 = VECTOR ( 'NONE', #1445, 39.37007874015748143 ) ;
#3389 = EDGE_CURVE ( 'NONE', #1785, #1959, #2329, .T. ) ;
#3390 = VERTEX_POINT ( 'NONE', #3165 ) ;
#3391 = ORIENTED_EDGE ( 'NONE', *, *, #1878, .F. ) ;
#3392 = DIRECTION ( 'NONE',  ( 0.000000000000000000, -1.000000000000000000, 0.000000000000000000 ) ) ;
#3393 = CARTESIAN_POINT ( 'NONE',  ( -0.1535433070866141780, 0.02755905511811023584, 0.1023622047244094613 ) ) ;
#3394 = DIRECTION ( 'NONE',  ( 1.000000000000000000, -1.016439536705159791E-16, 0.000000000000000000 ) ) ;
#3395 = ORIENTED_EDGE ( 'NONE', *, *, #2653, .T. ) ;
#3396 = LINE ( 'NONE', #3154, #993 ) ;
#3397 = ADVANCED_FACE ( 'NONE', ( #391 ), #994, .T. ) ;
#3398 = LINE ( 'NONE', #3359, #3192 ) ;
#3399 = CARTESIAN_POINT ( 'NONE',  ( -0.08858267716535433989, 0.1299212598425196763, -0.08858267716535433989 ) ) ;
#3400 = LINE ( 'NONE', #1140, #39 ) ;
#3401 = EDGE_LOOP ( 'NONE', ( #307, #3435, #505, #2932 ) ) ;
#3402 = PLANE ( 'NONE',  #1174 ) ;
#3403 = CARTESIAN_POINT ( 'NONE',  ( -0.1653543307086614567, 0.007874015748031495954, -0.07480314960629921850 ) ) ;
#3404 = EDGE_CURVE ( 'NONE', #1539, #3001, #554, .T. ) ;
#3405 = EDGE_CURVE ( 'NONE', #684, #139, #3180, .T. ) ;
#3406 = EDGE_CURVE ( 'NONE', #2222, #229, #1807, .T. ) ;
#3407 = ORIENTED_EDGE ( 'NONE', *, *, #1699, .F. ) ;
#3408 = ORIENTED_EDGE ( 'NONE', *, *, #2827, .F. ) ;
#3409 = EDGE_CURVE ( 'NONE', #119, #234, #3443, .T. ) ;
#3410 = CARTESIAN_POINT ( 'NONE',  ( 0.000000000000000000, 0.1377952755905511861, 0.000000000000000000 ) ) ;
#3411 = DIRECTION ( 'NONE',  ( -1.000000000000000000, 0.000000000000000000, 0.000000000000000000 ) ) ;
#3412 = CARTESIAN_POINT ( 'NONE',  ( 0.1968503937007874127, -0.003937007874015747977, 0.07480314960629921850 ) ) ;
#3413 = ORIENTED_EDGE ( 'NONE', *, *, #3404, .T. ) ;
#3414 = DIRECTION ( 'NONE',  ( 0.000000000000000000, 0.000000000000000000, -1.000000000000000000 ) ) ;
#3415 = DIRECTION ( 'NONE',  ( 0.000000000000000000, -1.000000000000000000, 0.000000000000000000 ) ) ;
#3416 = DIRECTION ( 'NONE',  ( -1.000000000000000000, 0.000000000000000000, 0.000000000000000000 ) ) ;
#3417 = ORIENTED_EDGE ( 'NONE', *, *, #2066, .T. ) ;
#3418 = DIRECTION ( 'NONE',  ( -1.000000000000000000, 1.016439536705159791E-16, 0.000000000000000000 ) ) ;
#3419 = ORIENTED_EDGE ( 'NONE', *, *, #571, .F. ) ;
#3420 = FACE_BOUND ( 'NONE', #699, .T. ) ;
#3421 = DIRECTION ( 'NONE',  ( -1.016439536705159791E-16, -1.000000000000000000, 0.000000000000000000 ) ) ;
#3422 = CARTESIAN_POINT ( 'NONE',  ( -0.1181102362204724532, 0.03149606299212598381, 0.1023622047244094613 ) ) ;
#3423 = AXIS2_PLACEMENT_3D ( 'NONE', #641, #3376, #2045 ) ;
#3424 = AXIS2_PLACEMENT_3D ( 'NONE', #2926, #1210, #492 ) ;
#3425 = ORIENTED_EDGE ( 'NONE', *, *, #1385, .F. ) ;
#3426 = CARTESIAN_POINT ( 'NONE',  ( 0.08858267716535433989, 0.1377952755905511861, 0.07283464566929134798 ) ) ;
#3427 = AXIS2_PLACEMENT_3D ( 'NONE', #2451, #2929, #3564 ) ;
#3428 = ORIENTED_EDGE ( 'NONE', *, *, #156, .T. ) ;
#3429 = DIRECTION ( 'NONE',  ( 0.000000000000000000, -1.000000000000000000, 0.000000000000000000 ) ) ;
#3430 = CIRCLE ( 'NONE', #1859, 0.01181102362204724046 ) ;
#3431 = VECTOR ( 'NONE', #2421, 39.37007874015748143 ) ;
#3432 = FACE_OUTER_BOUND ( 'NONE', #634, .T. ) ;
#3433 = VECTOR ( 'NONE', #3510, 39.37007874015748143 ) ;
#3434 = EDGE_CURVE ( 'NONE', #1715, #2181, #3152, .T. ) ;
#3435 = ORIENTED_EDGE ( 'NONE', *, *, #2374, .F. ) ;
#3436 = CARTESIAN_POINT ( 'NONE',  ( -0.1181102362204724532, 0.03149606299212598381, -0.07480314960629921850 ) ) ;
#3437 = AXIS2_PLACEMENT_3D ( 'NONE', #2480, #1372, #2462 ) ;
#3438 = DIRECTION ( 'NONE',  ( 0.000000000000000000, -1.000000000000000000, 0.000000000000000000 ) ) ;
#3439 = EDGE_CURVE ( 'NONE', #1660, #1121, #671, .T. ) ;
#3440 = AXIS2_PLACEMENT_3D ( 'NONE', #2797, #3063, #1993 ) ;
#3441 = EDGE_LOOP ( 'NONE', ( #2311, #1908 ) ) ;
#3442 = CARTESIAN_POINT ( 'NONE',  ( 0.000000000000000000, -0.07608622758978160483, 0.000000000000000000 ) ) ;
#3443 = CIRCLE ( 'NONE', #2448, 0.01574803149606299885 ) ;
#3444 = FACE_OUTER_BOUND ( 'NONE', #2729, .T. ) ;
#3445 = ORIENTED_EDGE ( 'NONE', *, *, #796, .F. ) ;
#3446 = LINE ( 'NONE', #965, #3249 ) ;
#3447 = ADVANCED_FACE ( 'NONE', ( #3444 ), #2865, .T. ) ;
#3448 = ORIENTED_EDGE ( 'NONE', *, *, #783, .F. ) ;
#3449 = CARTESIAN_POINT ( 'NONE',  ( -0.1496062992125984370, 0.03149606299212598381, 0.1023622047244094613 ) ) ;
#3450 = DIRECTION ( 'NONE',  ( 0.000000000000000000, 0.000000000000000000, 1.000000000000000000 ) ) ;
#3451 = CYLINDRICAL_SURFACE ( 'NONE', #2860, 0.01574803149606299191 ) ;
#3452 = ORIENTED_EDGE ( 'NONE', *, *, #1258, .T. ) ;
#3453 = DIRECTION ( 'NONE',  ( 0.000000000000000000, 0.000000000000000000, 1.000000000000000000 ) ) ;
#3454 = EDGE_LOOP ( 'NONE', ( #1811, #947, #2003, #3032 ) ) ;
#3455 = CARTESIAN_POINT ( 'NONE',  ( -0.1181102362204724532, 0.03937007874015747977, 0.1023622047244094613 ) ) ;
#3456 = DIRECTION ( 'NONE',  ( 0.000000000000000000, 0.000000000000000000, -1.000000000000000000 ) ) ;
#3457 = ORIENTED_EDGE ( 'NONE', *, *, #2577, .T. ) ;
#3458 = LINE ( 'NONE', #281, #3538 ) ;
#3459 = ORIENTED_EDGE ( 'NONE', *, *, #2262, .T. ) ;
#3460 = PLANE ( 'NONE',  #3377 ) ;
#3461 = CARTESIAN_POINT ( 'NONE',  ( -0.1968503937007874127, -0.003937007874015747977, 0.1023622047244094613 ) ) ;
#3462 = DIRECTION ( 'NONE',  ( 0.000000000000000000, 0.000000000000000000, -1.000000000000000000 ) ) ;
#3463 = ORIENTED_EDGE ( 'NONE', *, *, #571, .T. ) ;
#3464 = ADVANCED_FACE ( 'NONE', ( #690 ), #2840, .T. ) ;
#3465 = DIRECTION ( 'NONE',  ( 0.000000000000000000, 0.000000000000000000, -1.000000000000000000 ) ) ;
#3466 = FILL_AREA_STYLE ('',( #1262 ) ) ;
#3467 = ORIENTED_EDGE ( 'NONE', *, *, #593, .T. ) ;
#3468 = FACE_OUTER_BOUND ( 'NONE', #3454, .T. ) ;
#3469 = CARTESIAN_POINT ( 'NONE',  ( -0.1653543307086614567, 0.007874015748031495954, 0.1023622047244094613 ) ) ;
#3470 = ORIENTED_EDGE ( 'NONE', *, *, #1353, .T. ) ;
#3471 = DIRECTION ( 'NONE',  ( 0.000000000000000000, 1.000000000000000000, 0.000000000000000000 ) ) ;
#3472 = AXIS2_PLACEMENT_3D ( 'NONE', #1685, #2793, #2242 ) ;
#3473 = ORIENTED_EDGE ( 'NONE', *, *, #196, .F. ) ;
#3474 = FACE_OUTER_BOUND ( 'NONE', #761, .T. ) ;
#3475 = CARTESIAN_POINT ( 'NONE',  ( -0.08858267716535433989, 0.1377952755905511861, -0.1122047244094488277 ) ) ;
#3476 = CARTESIAN_POINT ( 'NONE',  ( 8.437527159479795937E-18, 0.1299212598425196763, 0.06889763779527559306 ) ) ;
#3477 = VECTOR ( 'NONE', #649, 39.37007874015748143 ) ;
#3478 = DIRECTION ( 'NONE',  ( -1.016439536705159791E-16, -1.000000000000000000, 0.000000000000000000 ) ) ;
#3479 = UNCERTAINTY_MEASURE_WITH_UNIT (LENGTH_MEASURE( 1.000000000000000082E-05 ), #46, 'distance_accuracy_value', 'NONE');
#3480 = AXIS2_PLACEMENT_3D ( 'NONE', #1555, #748, #1828 ) ;
#3481 = ORIENTED_EDGE ( 'NONE', *, *, #974, .F. ) ;
#3482 = CARTESIAN_POINT ( 'NONE',  ( 0.1535433070866141780, 0.007874015748031495954, -0.1023622047244094613 ) ) ;
#3483 = LINE ( 'NONE', #489, #1005 ) ;
#3484 = ORIENTED_EDGE ( 'NONE', *, *, #3405, .F. ) ;
#3485 = VECTOR ( 'NONE', #669, 39.37007874015748143 ) ;
#3486 = CARTESIAN_POINT ( 'NONE',  ( -0.1496062992125984370, 0.02755905511811023584, 0.1023622047244094613 ) ) ;
#3487 = EDGE_CURVE ( 'NONE', #12, #1722, #333, .T. ) ;
#3488 = ORIENTED_EDGE ( 'NONE', *, *, #1265, .F. ) ;
#3489 = ORIENTED_EDGE ( 'NONE', *, *, #2556, .F. ) ;
#3490 = VECTOR ( 'NONE', #3024, 39.37007874015748143 ) ;
#3491 = DIRECTION ( 'NONE',  ( 1.000000000000000000, -1.016439536705159791E-16, 0.000000000000000000 ) ) ;
#3492 = ADVANCED_FACE ( 'NONE', ( #963 ), #1495, .F. ) ;
#3493 = DIRECTION ( 'NONE',  ( 1.734723475976804925E-15, -1.000000000000000000, 0.000000000000000000 ) ) ;
#3494 = AXIS2_PLACEMENT_3D ( 'NONE', #2714, #1091, #2153 ) ;
#3495 = CARTESIAN_POINT ( 'NONE',  ( 0.1181102362204724532, 0.1377952755905511861, -0.1181102362204724532 ) ) ;
#3496 = FACE_OUTER_BOUND ( 'NONE', #3288, .T. ) ;
#3497 = CARTESIAN_POINT ( 'NONE',  ( -0.1181102362204724532, 0.1299212598425196763, 0.1122047244094488277 ) ) ;
#3498 = DIMENSIONAL_EXPONENTS ( 1.000000000000000000, 0.000000000000000000, 0.000000000000000000, 0.000000000000000000, 0.000000000000000000, 0.000000000000000000, 0.000000000000000000 ) ;
#3499 = DIRECTION ( 'NONE',  ( -1.000000000000000000, 1.016439536705159791E-16, 0.000000000000000000 ) ) ;
#3500 = VERTEX_POINT ( 'NONE', #421 ) ;
#3501 = CARTESIAN_POINT ( 'NONE',  ( -0.1653543307086614567, 0.007874015748031495954, -0.07480314960629921850 ) ) ;
#3502 = ORIENTED_EDGE ( 'NONE', *, *, #2484, .F. ) ;
#3503 = DIRECTION ( 'NONE',  ( 0.000000000000000000, 0.000000000000000000, 1.000000000000000000 ) ) ;
#3504 = ORIENTED_EDGE ( 'NONE', *, *, #359, .F. ) ;
#3505 = CARTESIAN_POINT ( 'NONE',  ( 0.1181102362204724532, 0.1299212598425196763, 0.1122047244094488277 ) ) ;
#3506 = ADVANCED_FACE ( 'NONE', ( #2021 ), #1213, .T. ) ;
#3507 = ORIENTED_EDGE ( 'NONE', *, *, #2640, .F. ) ;
#3508 = VERTEX_POINT ( 'NONE', #133 ) ;
#3509 = EDGE_CURVE ( 'NONE', #1087, #746, #1516, .T. ) ;
#3510 = DIRECTION ( 'NONE',  ( 0.000000000000000000, -1.000000000000000000, 0.000000000000000000 ) ) ;
#3511 = VERTEX_POINT ( 'NONE', #1249 ) ;
#3512 = DIRECTION ( 'NONE',  ( 0.000000000000000000, 1.000000000000000000, 0.000000000000000000 ) ) ;
#3513 = CARTESIAN_POINT ( 'NONE',  ( -0.1181102362204724532, 0.000000000000000000, -0.1181102362204724532 ) ) ;
#3514 = CYLINDRICAL_SURFACE ( 'NONE', #2895, 0.003937007874015758385 ) ;
#3515 = CARTESIAN_POINT ( 'NONE',  ( 0.08858267716535433989, 0.1377952755905511861, -0.06496062992125986590 ) ) ;
#3516 = ORIENTED_EDGE ( 'NONE', *, *, #1246, .T. ) ;
#3517 = DIRECTION ( 'NONE',  ( 0.000000000000000000, -1.000000000000000000, 0.000000000000000000 ) ) ;
#3518 = EDGE_LOOP ( 'NONE', ( #1382, #2267, #1680, #2627 ) ) ;
#3519 = CARTESIAN_POINT ( 'NONE',  ( 0.1653543307086614567, 0.007874015748031495954, 0.1023622047244094613 ) ) ;
#3520 = ORIENTED_EDGE ( 'NONE', *, *, #2889, .F. ) ;
#3521 = CARTESIAN_POINT ( 'NONE',  ( 0.08858267716535433989, 0.1456692913385826960, 0.06496062992125986590 ) ) ;
#3522 = EDGE_CURVE ( 'NONE', #1373, #102, #210, .T. ) ;
#3523 = APPLICATION_PROTOCOL_DEFINITION ( 'draft international standard', 'automotive_design', 1998, #426 ) ;
#3524 = EDGE_LOOP ( 'NONE', ( #1838, #1612, #470, #1984, #2955, #2695, #101, #283, #1765, #153, #388, #1232 ) ) ;
#3525 = ORIENTED_EDGE ( 'NONE', *, *, #296, .F. ) ;
#3526 = ADVANCED_FACE ( 'NONE', ( #472 ), #2334, .T. ) ;
#3527 = DIRECTION ( 'NONE',  ( 0.000000000000000000, -1.000000000000000000, 0.000000000000000000 ) ) ;
#3528 = VERTEX_POINT ( 'NONE', #1607 ) ;
#3529 = CARTESIAN_POINT ( 'NONE',  ( 0.1122047244094488277, 0.1377952755905511861, 0.1181102362204724532 ) ) ;
#3530 = CARTESIAN_POINT ( 'NONE',  ( 0.1653543307086614567, 0.007874015748031495954, -0.1023622047244094613 ) ) ;
#3531 = DIRECTION ( 'NONE',  ( 1.000000000000000000, 0.000000000000000000, 0.000000000000000000 ) ) ;
#3532 = VECTOR ( 'NONE', #1370, 39.37007874015748143 ) ;
#3533 = CLOSED_SHELL ( 'NONE', ( #2689, #1527, #418, #1910, #854, #2396, #2796, #1586, #1057, #2836, #1672, #877, #2739, #3111 ) ) ;
#3534 = DIRECTION ( 'NONE',  ( 0.000000000000000000, 1.000000000000000000, 0.000000000000000000 ) ) ;
#3535 = ORIENTED_EDGE ( 'NONE', *, *, #758, .F. ) ;
#3536 = VECTOR ( 'NONE', #928, 39.37007874015748143 ) ;
#3537 = DIRECTION ( 'NONE',  ( 0.000000000000000000, 1.000000000000000000, 0.000000000000000000 ) ) ;
#3538 = VECTOR ( 'NONE', #2724, 39.37007874015748143 ) ;
#3539 = VECTOR ( 'NONE', #648, 39.37007874015748143 ) ;
#3540 = PLANE ( 'NONE',  #835 ) ;
#3541 = VERTEX_POINT ( 'NONE', #2927 ) ;
#3542 = CARTESIAN_POINT ( 'NONE',  ( -0.1653543307086614567, 0.003937007874015747977, -0.07480314960629921850 ) ) ;
#3543 = AXIS2_PLACEMENT_3D ( 'NONE', #2735, #1362, #270 ) ;
#3544 = EDGE_CURVE ( 'NONE', #1462, #1375, #2808, .T. ) ;
#3545 = VECTOR ( 'NONE', #390, 39.37007874015748143 ) ;
#3546 = EDGE_LOOP ( 'NONE', ( #3148, #1602, #1581, #1299 ) ) ;
#3547 = ORIENTED_EDGE ( 'NONE', *, *, #1889, .T. ) ;
#3548 = CIRCLE ( 'NONE', #3437, 0.003937007874015758385 ) ;
#3549 = LINE ( 'NONE', #3282, #2799 ) ;
#3550 = EDGE_LOOP ( 'NONE', ( #2335, #64, #2709, #858 ) ) ;
#3551 = DIRECTION ( 'NONE',  ( 0.000000000000000000, 0.000000000000000000, 1.000000000000000000 ) ) ;
#3552 = DIRECTION ( 'NONE',  ( 0.000000000000000000, 0.000000000000000000, -1.000000000000000000 ) ) ;
#3553 = AXIS2_PLACEMENT_3D ( 'NONE', #3495, #818, #2418 ) ;
#3554 = DIRECTION ( 'NONE',  ( -1.000000000000000000, 0.000000000000000000, 0.000000000000000000 ) ) ;
#3555 = EDGE_CURVE ( 'NONE', #2616, #2384, #1590, .T. ) ;
#3556 = EDGE_CURVE ( 'NONE', #3084, #910, #207, .T. ) ;
#3557 = AXIS2_PLACEMENT_3D ( 'NONE', #1110, #843, #1133 ) ;
#3558 = CARTESIAN_POINT ( 'NONE',  ( 0.1122047244094488277, 0.1377952755905511861, 0.1181102362204724532 ) ) ;
#3559 = ORIENTED_EDGE ( 'NONE', *, *, #1412, .F. ) ;
#3560 = FACE_OUTER_BOUND ( 'NONE', #2780, .T. ) ;
#3561 = CARTESIAN_POINT ( 'NONE',  ( -0.1181102362204724532, 0.03937007874015747977, -0.1023622047244094613 ) ) ;
#3562 = ORIENTED_EDGE ( 'NONE', *, *, #1295, .T. ) ;
#3563 = SURFACE_STYLE_USAGE ( .BOTH. , #1083 ) ;
#3564 = DIRECTION ( 'NONE',  ( 0.000000000000000000, 1.000000000000000000, 0.000000000000000000 ) ) ;
#3565 = ORIENTED_EDGE ( 'NONE', *, *, #104, .F. ) ;
#3566 = ORIENTED_EDGE ( 'NONE', *, *, #2641, .T. ) ;
#3567 = DIRECTION ( 'NONE',  ( -1.000000000000000000, 0.000000000000000000, 0.000000000000000000 ) ) ;
#3568 = VERTEX_POINT ( 'NONE', #1302 ) ;
#3569 = CARTESIAN_POINT ( 'NONE',  ( -0.1181102362204724532, 0.03937007874015747977, 0.07480314960629921850 ) ) ;
ENDSEC;
END-ISO-10303-21;
