ISO-10303-21;
HEADER;
FILE_DESCRIPTION (( 'STEP AP214' ),
    '1' );
FILE_NAME ('SX1276IMLTRT.STEP',
    '2023-09-21T15:19:14',
    ( '' ),
    ( '' ),
    'SwSTEP 2.0',
    'SolidWorks 2021',
    '' );
FILE_SCHEMA (( 'AUTOMOTIVE_DESIGN' ));
ENDSEC;

DATA;
#1 = DIRECTION ( 'NONE',  ( 0.000000000000000000, 0.000000000000000000, 1.000000000000000000 ) ) ;
#3 = ORIENTED_EDGE ( 'NONE', *, *, #8260, .F. ) ;
#2 = VECTOR ( 'NONE', #7967, 1000.000000000000000 ) ;
#4 = LINE ( 'NONE', #9034, #1786 ) ;
#5 = AXIS2_PLACEMENT_3D ( 'NONE', #7143, #7899, #3245 ) ;
#6 = FACE_OUTER_BOUND ( 'NONE', #5865, .T. ) ;
#7 = ORIENTED_EDGE ( 'NONE', *, *, #9279, .F. ) ;
#8 = EDGE_CURVE ( 'NONE', #6275, #2293, #8851, .T. ) ;
#9 = ORIENTED_EDGE ( 'NONE', *, *, #6116, .T. ) ;
#10 = CIRCLE ( 'NONE', #9572, 0.1499999999999999667 ) ;
#11 = DIRECTION ( 'NONE',  ( 0.000000000000000000, 0.000000000000000000, 1.000000000000000000 ) ) ;
#12 = DIRECTION ( 'NONE',  ( 0.000000000000000000, -1.000000000000000000, 0.000000000000000000 ) ) ;
#13 = DIRECTION ( 'NONE',  ( -0.000000000000000000, -1.000000000000000000, -0.000000000000000000 ) ) ;
#14 = FACE_OUTER_BOUND ( 'NONE', #1990, .T. ) ;
#15 = VERTEX_POINT ( 'NONE', #5000 ) ;
#16 = CIRCLE ( 'NONE', #9420, 0.1499999999999999667 ) ;
#17 = CARTESIAN_POINT ( 'NONE',  ( -1.949999999999999956, 0.2000000000000000111, -2.750000000000000000 ) ) ;
#18 = DIRECTION ( 'NONE',  ( 0.000000000000000000, 0.000000000000000000, 1.000000000000000000 ) ) ;
#19 = DIRECTION ( 'NONE',  ( 0.000000000000000000, 1.000000000000000000, -0.000000000000000000 ) ) ;
#20 = EDGE_CURVE ( 'NONE', #8031, #3652, #8150, .T. ) ;
#21 = EDGE_LOOP ( 'NONE', ( #3624, #8448, #7875, #8422 ) ) ;
#22 = DIRECTION ( 'NONE',  ( 0.000000000000000000, -0.000000000000000000, -1.000000000000000000 ) ) ;
#23 = ADVANCED_FACE ( 'NONE', ( #7296 ), #8950, .T. ) ;
#24 = EDGE_CURVE ( 'NONE', #7783, #567, #451, .T. ) ;
#25 = CARTESIAN_POINT ( 'NONE',  ( -2.750000000000000000, 0.000000000000000000, 6.505213034913026604E-16 ) ) ;
#26 = VERTEX_POINT ( 'NONE', #9597 ) ;
#27 = CARTESIAN_POINT ( 'NONE',  ( 3.000000000000000000, 0.05000000000000000278, -3.000000000000000000 ) ) ;
#28 = VECTOR ( 'NONE', #2763, 1000.000000000000000 ) ;
#29 = ORIENTED_EDGE ( 'NONE', *, *, #8282, .F. ) ;
#30 = DIRECTION ( 'NONE',  ( -0.000000000000000000, 0.000000000000000000, 1.000000000000000000 ) ) ;
#31 = EDGE_LOOP ( 'NONE', ( #4608, #8097, #6927, #9746 ) ) ;
#32 = VECTOR ( 'NONE', #5144, 1000.000000000000000 ) ;
#33 = ORIENTED_EDGE ( 'NONE', *, *, #4364, .T. ) ;
#34 = AXIS2_PLACEMENT_3D ( 'NONE', #2165, #3711, #8577 ) ;
#35 = CARTESIAN_POINT ( 'NONE',  ( -1.449999999999999956, 0.7000000000000003997, 3.000000000000000000 ) ) ;
#36 = EDGE_CURVE ( 'NONE', #3171, #7734, #3472, .T. ) ;
#37 = CARTESIAN_POINT ( 'NONE',  ( 0.6500000000000000222, 0.1999999999999999833, 2.750000000000000000 ) ) ;
#38 = CARTESIAN_POINT ( 'NONE',  ( -2.750000000000000000, 0.1999999999999999833, -1.299999999999999378 ) ) ;
#39 = CARTESIAN_POINT ( 'NONE',  ( 0.1499999999999999667, 0.2000000000000000111, -2.750000000000000000 ) ) ;
#40 = EDGE_LOOP ( 'NONE', ( #29, #3208, #1139, #4536 ) ) ;
#41 = AXIS2_PLACEMENT_3D ( 'NONE', #2253, #501, #9689 ) ;
#42 = VECTOR ( 'NONE', #2081, 1000.000000000000000 ) ;
#43 = EDGE_LOOP ( 'NONE', ( #1182, #2292, #8677, #8120 ) ) ;
#44 = CARTESIAN_POINT ( 'NONE',  ( 2.750000000000000000, 0.1999999999999999833, 0.5000000000000008882 ) ) ;
#45 = DIRECTION ( 'NONE',  ( 0.000000000000000000, -1.000000000000000000, 0.000000000000000000 ) ) ;
#46 = VERTEX_POINT ( 'NONE', #7349 ) ;
#47 = ORIENTED_EDGE ( 'NONE', *, *, #36, .F. ) ;
#48 = LINE ( 'NONE', #7582, #6212 ) ;
#49 = DIRECTION ( 'NONE',  ( -1.000000000000000000, 0.000000000000000000, 1.734723475976805714E-15 ) ) ;
#50 = EDGE_CURVE ( 'NONE', #4857, #5364, #7200, .T. ) ;
#51 = ORIENTED_EDGE ( 'NONE', *, *, #8496, .T. ) ;
#52 = VECTOR ( 'NONE', #5314, 1000.000000000000000 ) ;
#53 = FACE_OUTER_BOUND ( 'NONE', #7870, .T. ) ;
#54 = EDGE_CURVE ( 'NONE', #7549, #2938, #5696, .T. ) ;
#55 = ORIENTED_EDGE ( 'NONE', *, *, #7458, .T. ) ;
#56 = FACE_OUTER_BOUND ( 'NONE', #5265, .T. ) ;
#57 = AXIS2_PLACEMENT_3D ( 'NONE', #4442, #8431, #7488 ) ;
#58 = LINE ( 'NONE', #9283, #4046 ) ;
#59 = ORIENTED_EDGE ( 'NONE', *, *, #316, .F. ) ;
#60 = ORIENTED_EDGE ( 'NONE', *, *, #5462, .T. ) ;
#61 = VECTOR ( 'NONE', #8000, 1000.000000000000000 ) ;
#62 = CARTESIAN_POINT ( 'NONE',  ( -3.000000000000000000, 0.7000000000000000666, -1.149999999999999467 ) ) ;
#63 = DIRECTION ( 'NONE',  ( 0.000000000000000000, 0.000000000000000000, -1.000000000000000000 ) ) ;
#64 = PLANE ( 'NONE',  #1311 ) ;
#65 = LINE ( 'NONE', #6947, #4510 ) ;
#66 = VERTEX_POINT ( 'NONE', #8100 ) ;
#67 = EDGE_CURVE ( 'NONE', #8482, #593, #2675, .T. ) ;
#68 = SURFACE_STYLE_FILL_AREA ( #6092 ) ;
#69 = DIRECTION ( 'NONE',  ( 0.000000000000000000, 0.000000000000000000, 1.000000000000000000 ) ) ;
#70 = DIRECTION ( 'NONE',  ( 1.000000000000000000, 0.000000000000000000, 0.000000000000000000 ) ) ;
#71 = LINE ( 'NONE', #8456, #2829 ) ;
#72 = VERTEX_POINT ( 'NONE', #1257 ) ;
#73 = CARTESIAN_POINT ( 'NONE',  ( -1.949999999999999956, 0.2000000000000000111, 2.750000000000000000 ) ) ;
#74 = MANIFOLD_SOLID_BREP ( 'LPattern4[1]', #6458 ) ;
#75 = ORIENTED_EDGE ( 'NONE', *, *, #473, .T. ) ;
#76 = EDGE_CURVE ( 'NONE', #2588, #6988, #406, .T. ) ;
#77 = ORIENTED_EDGE ( 'NONE', *, *, #2105, .T. ) ;
#78 = CARTESIAN_POINT ( 'NONE',  ( -1.949999999999999956, 0.000000000000000000, -2.750000000000000000 ) ) ;
#79 = VERTEX_POINT ( 'NONE', #1913 ) ;
#80 = EDGE_CURVE ( 'NONE', #9026, #4666, #1078, .T. ) ;
#81 = LINE ( 'NONE', #6963, #7660 ) ;
#82 = FACE_OUTER_BOUND ( 'NONE', #9705, .T. ) ;
#83 = DIRECTION ( 'NONE',  ( 1.000000000000000000, -0.000000000000000000, -0.000000000000000000 ) ) ;
#84 = DIRECTION ( 'NONE',  ( 0.000000000000000000, 0.000000000000000000, -1.000000000000000000 ) ) ;
#85 = VERTEX_POINT ( 'NONE', #8799 ) ;
#86 = MANIFOLD_SOLID_BREP ( 'LPattern4[12]', #2968 ) ;
#87 = ORIENTED_EDGE ( 'NONE', *, *, #9052, .F. ) ;
#88 = EDGE_CURVE ( 'NONE', #5283, #1712, #2405, .T. ) ;
#89 = LINE ( 'NONE', #8379, #6992 ) ;
#90 = EDGE_CURVE ( 'NONE', #3739, #755, #5056, .T. ) ;
#91 = DIRECTION ( 'NONE',  ( 0.000000000000000000, 0.000000000000000000, 1.000000000000000000 ) ) ;
#92 = VERTEX_POINT ( 'NONE', #7703 ) ;
#93 = ORIENTED_EDGE ( 'NONE', *, *, #3361, .F. ) ;
#94 = DIRECTION ( 'NONE',  ( 0.000000000000000000, -1.000000000000000000, 0.000000000000000000 ) ) ;
#95 = DIRECTION ( 'NONE',  ( -1.000000000000000000, 0.000000000000000000, 7.228014483236695816E-17 ) ) ;
#96 = ORIENTED_EDGE ( 'NONE', *, *, #3437, .T. ) ;
#97 = CARTESIAN_POINT ( 'NONE',  ( -2.224999999999986766, 0.05000000000000000278, -2.225000000000014744 ) ) ;
#98 =( NAMED_UNIT ( * ) PLANE_ANGLE_UNIT ( ) SI_UNIT ( $, .RADIAN. ) );
#99 = EDGE_CURVE ( 'NONE', #389, #4916, #864, .T. ) ;
#100 = ORIENTED_EDGE ( 'NONE', *, *, #3026, .F. ) ;
#101 = DIRECTION ( 'NONE',  ( -1.000000000000000000, 0.000000000000000000, 0.000000000000000000 ) ) ;
#102 = CARTESIAN_POINT ( 'NONE',  ( -3.000000000000000000, 0.000000000000000000, -0.4999999999999995559 ) ) ;
#103 = VERTEX_POINT ( 'NONE', #5446 ) ;
#104 = ORIENTED_EDGE ( 'NONE', *, *, #4405, .T. ) ;
#105 = MANIFOLD_SOLID_BREP ( 'Chamfer3', #7755 ) ;
#106 = CARTESIAN_POINT ( 'NONE',  ( 1.300000000000000044, 0.000000000000000000, 2.599999999999999645 ) ) ;
#107 = DIRECTION ( 'NONE',  ( -0.000000000000000000, -1.000000000000000000, 0.000000000000000000 ) ) ;
#108 = LINE ( 'NONE', #7700, #529 ) ;
#109 = ORIENTED_EDGE ( 'NONE', *, *, #825, .T. ) ;
#110 = DIRECTION ( 'NONE',  ( 0.000000000000000000, 0.000000000000000000, -1.000000000000000000 ) ) ;
#111 = CYLINDRICAL_SURFACE ( 'NONE', #7605, 0.1499999999999999667 ) ;
#112 = CARTESIAN_POINT ( 'NONE',  ( -2.399999999999999911, 0.05000000000000000278, 0.000000000000000000 ) ) ;
#113 = AXIS2_PLACEMENT_3D ( 'NONE', #2315, #4607, #9197 ) ;
#114 = EDGE_CURVE ( 'NONE', #8081, #3575, #1619, .T. ) ;
#115 = CARTESIAN_POINT ( 'NONE',  ( 0.000000000000000000, 0.05000000000000000278, -1.799999999999999600 ) ) ;
#116 = VERTEX_POINT ( 'NONE', #7049 ) ;
#117 = CARTESIAN_POINT ( 'NONE',  ( -2.750000000000000000, 0.1999999999999999833, 2.100000000000000089 ) ) ;
#118 = MANIFOLD_SOLID_BREP ( 'LPattern4[7]', #3803 ) ;
#119 = ORIENTED_EDGE ( 'NONE', *, *, #2879, .T. ) ;
#120 = CARTESIAN_POINT ( 'NONE',  ( -3.000000000000000000, 0.1999999999999999833, -1.149999999999999467 ) ) ;
#121 = VECTOR ( 'NONE', #3766, 1000.000000000000000 ) ;
#122 = DIRECTION ( 'NONE',  ( 1.000000000000000000, 0.000000000000000000, 1.734723475976805714E-15 ) ) ;
#123 = ORIENTED_EDGE ( 'NONE', *, *, #520, .T. ) ;
#124 = PLANE ( 'NONE',  #1445 ) ;
#125 = ADVANCED_FACE ( 'NONE', ( #4851 ), #161, .T. ) ;
#126 = DIRECTION ( 'NONE',  ( 1.000000000000000000, 0.000000000000000000, -1.734723475976805714E-15 ) ) ;
#127 = DIRECTION ( 'NONE',  ( -1.000000000000000000, 0.000000000000000000, -0.000000000000000000 ) ) ;
#128 = DIRECTION ( 'NONE',  ( 0.000000000000000000, -1.000000000000000000, 0.000000000000000000 ) ) ;
#129 = DIRECTION ( 'NONE',  ( 0.000000000000000000, 1.000000000000000000, 0.000000000000000000 ) ) ;
#130 = ADVANCED_FACE ( 'NONE', ( #7292 ), #7243, .F. ) ;
#131 = VERTEX_POINT ( 'NONE', #254 ) ;
#132 = ORIENTED_EDGE ( 'NONE', *, *, #24, .F. ) ;
#133 = DIRECTION ( 'NONE',  ( 1.734723475976805517E-15, 0.000000000000000000, 1.000000000000000000 ) ) ;
#134 = SURFACE_SIDE_STYLE ('',( #8424 ) ) ;
#135 = ORIENTED_EDGE ( 'NONE', *, *, #7289, .F. ) ;
#136 = ORIENTED_EDGE ( 'NONE', *, *, #5883, .T. ) ;
#137 = CARTESIAN_POINT ( 'NONE',  ( 0.7999999999999999334, 0.7000000000000003997, -2.750000000000000000 ) ) ;
#138 = DIRECTION ( 'NONE',  ( -1.000000000000000000, 0.000000000000000000, 0.000000000000000000 ) ) ;
#139 = EDGE_LOOP ( 'NONE', ( #4646, #9573, #2415, #5618 ) ) ;
#140 = DIRECTION ( 'NONE',  ( 0.000000000000000000, -1.000000000000000000, 0.000000000000000000 ) ) ;
#141 = ADVANCED_FACE ( 'NONE', ( #4154 ), #4205, .T. ) ;
#142 = FACE_OUTER_BOUND ( 'NONE', #6439, .T. ) ;
#143 = EDGE_CURVE ( 'NONE', #7206, #2091, #448, .T. ) ;
#144 = EDGE_CURVE ( 'NONE', #6881, #8228, #4107, .T. ) ;
#145 = VECTOR ( 'NONE', #6928, 1000.000000000000000 ) ;
#146 = ORIENTED_EDGE ( 'NONE', *, *, #9406, .T. ) ;
#147 = PLANE ( 'NONE',  #677 ) ;
#148 = CARTESIAN_POINT ( 'NONE',  ( 1.300000000000000044, 0.2000000000000000111, 2.750000000000000000 ) ) ;
#149 = ORIENTED_EDGE ( 'NONE', *, *, #6983, .T. ) ;
#150 = ORIENTED_EDGE ( 'NONE', *, *, #2105, .F. ) ;
#151 = VECTOR ( 'NONE', #734, 1000.000000000000000 ) ;
#152 = CIRCLE ( 'NONE', #5727, 0.1499999999999997446 ) ;
#153 = MECHANICAL_DESIGN_GEOMETRIC_PRESENTATION_REPRESENTATION (  '', ( #8759 ), #1432 ) ;
#154 = CARTESIAN_POINT ( 'NONE',  ( 1.449999999999999956, 0.1999999999999999833, -3.000000000000000000 ) ) ;
#155 = DIRECTION ( 'NONE',  ( 0.000000000000000000, 0.000000000000000000, -1.000000000000000000 ) ) ;
#156 = EDGE_CURVE ( 'NONE', #9384, #1380, #4996, .T. ) ;
#157 =( LENGTH_UNIT ( ) NAMED_UNIT ( * ) SI_UNIT ( .MILLI., .METRE. ) );
#158 = ORIENTED_EDGE ( 'NONE', *, *, #3765, .T. ) ;
#159 = AXIS2_PLACEMENT_3D ( 'NONE', #1329, #7416, #3724 ) ;
#160 = VECTOR ( 'NONE', #3383, 1000.000000000000000 ) ;
#161 = CYLINDRICAL_SURFACE ( 'NONE', #7537, 0.1499999999999999667 ) ;
#162 = CARTESIAN_POINT ( 'NONE',  ( 1.149999999999999467, 0.000000000000000000, -2.750000000000000000 ) ) ;
#163 = CARTESIAN_POINT ( 'NONE',  ( -0.1499999999999999667, 0.000000000000000000, 3.000000000000000000 ) ) ;
#164 = DIRECTION ( 'NONE',  ( 0.000000000000000000, 0.000000000000000000, -1.000000000000000000 ) ) ;
#165 = VERTEX_POINT ( 'NONE', #5039 ) ;
#166 = EDGE_CURVE ( 'NONE', #9819, #3188, #299, .T. ) ;
#167 = DIRECTION ( 'NONE',  ( 0.000000000000000000, -0.000000000000000000, 1.000000000000000000 ) ) ;
#168 = ORIENTED_EDGE ( 'NONE', *, *, #9168, .T. ) ;
#169 = DIRECTION ( 'NONE',  ( 0.000000000000000000, 0.000000000000000000, -1.000000000000000000 ) ) ;
#170 = EDGE_CURVE ( 'NONE', #2726, #2902, #1800, .T. ) ;
#171 = DIRECTION ( 'NONE',  ( 0.000000000000000000, 0.000000000000000000, -1.000000000000000000 ) ) ;
#172 = ORIENTED_EDGE ( 'NONE', *, *, #6433, .T. ) ;
#173 = CARTESIAN_POINT ( 'NONE',  ( 2.100000000000000089, 0.2000000000000000111, -3.000000000000000000 ) ) ;
#174 = CARTESIAN_POINT ( 'NONE',  ( 1.949999999999999956, 0.7000000000000006217, 2.600000000000000089 ) ) ;
#175 = LINE ( 'NONE', #3169, #5139 ) ;
#176 = AXIS2_PLACEMENT_3D ( 'NONE', #7304, #1217, #9752 ) ;
#177 = CARTESIAN_POINT ( 'NONE',  ( 3.000000000000000000, 0.7000000000000000666, -1.799999999999999600 ) ) ;
#178 = EDGE_LOOP ( 'NONE', ( #5431, #2552, #3493, #3660 ) ) ;
#179 = EDGE_CURVE ( 'NONE', #2332, #3564, #3500, .T. ) ;
#180 = CARTESIAN_POINT ( 'NONE',  ( 3.000000000000000000, 0.05000000000000000278, -3.000000000000000000 ) ) ;
#181 = ORIENTED_EDGE ( 'NONE', *, *, #5256, .F. ) ;
#182 = CARTESIAN_POINT ( 'NONE',  ( 2.100000000000000089, 0.2000000000000005107, 3.000000000000000000 ) ) ;
#183 = CIRCLE ( 'NONE', #6553, 0.1499999999999999667 ) ;
#184 = ORIENTED_EDGE ( 'NONE', *, *, #9605, .F. ) ;
#185 = ORIENTED_EDGE ( 'NONE', *, *, #6170, .T. ) ;
#186 = DIRECTION ( 'NONE',  ( 0.000000000000000000, -1.000000000000000000, 0.000000000000000000 ) ) ;
#187 = DIRECTION ( 'NONE',  ( 0.000000000000000000, -1.000000000000000000, 0.000000000000000000 ) ) ;
#188 = EDGE_LOOP ( 'NONE', ( #8460, #5961, #3192, #3210 ) ) ;
#189 = LINE ( 'NONE', #4834, #4636 ) ;
#190 = VECTOR ( 'NONE', #1406, 1000.000000000000000 ) ;
#191 = DIRECTION ( 'NONE',  ( 1.000000000000000000, -0.000000000000000000, -0.000000000000000000 ) ) ;
#192 = AXIS2_PLACEMENT_3D ( 'NONE', #6499, #2522, #7872 ) ;
#193 = ORIENTED_EDGE ( 'NONE', *, *, #8329, .T. ) ;
#194 = LINE ( 'NONE', #6129, #1969 ) ;
#195 = EDGE_CURVE ( 'NONE', #8848, #6026, #6383, .T. ) ;
#196 = VECTOR ( 'NONE', #2803, 1000.000000000000000 ) ;
#197 = CARTESIAN_POINT ( 'NONE',  ( -0.8000000000000003775, 0.2000000000000000111, 2.750000000000000000 ) ) ;
#198 = EDGE_LOOP ( 'NONE', ( #7939, #1244, #2831, #5913, #7320 ) ) ;
#199 = EDGE_LOOP ( 'NONE', ( #5074, #8125, #1930, #7398 ) ) ;
#200 = VECTOR ( 'NONE', #6913, 1000.000000000000000 ) ;
#201 = VECTOR ( 'NONE', #3858, 1000.000000000000000 ) ;
#202 = CARTESIAN_POINT ( 'NONE',  ( 2.750000000000000000, 0.7000000000000000666, 1.150000000000000799 ) ) ;
#203 = DIRECTION ( 'NONE',  ( -0.000000000000000000, -1.000000000000000000, -0.000000000000000000 ) ) ;
#204 = LINE ( 'NONE', #3295, #9777 ) ;
#205 = EDGE_LOOP ( 'NONE', ( #8900, #3086, #1707, #1314 ) ) ;
#206 = VECTOR ( 'NONE', #9132, 1000.000000000000000 ) ;
#207 = FILL_AREA_STYLE ('',( #9341 ) ) ;
#208 = VECTOR ( 'NONE', #6747, 1000.000000000000000 ) ;
#209 = CARTESIAN_POINT ( 'NONE',  ( 1.949999999999999956, 0.2000000000000000111, -2.750000000000000000 ) ) ;
#210 = ADVANCED_FACE ( 'NONE', ( #8739 ), #1961, .F. ) ;
#211 = DIRECTION ( 'NONE',  ( 0.000000000000000000, 0.000000000000000000, 1.000000000000000000 ) ) ;
#212 = ADVANCED_FACE ( 'NONE', ( #9393 ), #8796, .F. ) ;
#213 = EDGE_CURVE ( 'NONE', #6938, #6244, #8096, .T. ) ;
#214 = DIRECTION ( 'NONE',  ( 0.000000000000000000, -1.000000000000000000, 0.000000000000000000 ) ) ;
#215 = EDGE_LOOP ( 'NONE', ( #7422, #7828, #3477, #5995 ) ) ;
#216 = DIRECTION ( 'NONE',  ( 0.000000000000000000, 1.000000000000000000, -0.000000000000000000 ) ) ;
#217 = DIRECTION ( 'NONE',  ( 0.000000000000000000, -1.000000000000000000, 0.000000000000000000 ) ) ;
#218 = VERTEX_POINT ( 'NONE', #2012 ) ;
#219 = DIRECTION ( 'NONE',  ( 0.000000000000000000, 0.000000000000000000, -1.000000000000000000 ) ) ;
#220 = CARTESIAN_POINT ( 'NONE',  ( 1.149999999999999467, 0.1999999999999999833, 2.750000000000000000 ) ) ;
#221 = VECTOR ( 'NONE', #3542, 1000.000000000000000 ) ;
#222 = ORIENTED_EDGE ( 'NONE', *, *, #8015, .T. ) ;
#223 = EDGE_CURVE ( 'NONE', #3188, #1414, #5649, .T. ) ;
#224 = DIRECTION ( 'NONE',  ( 0.000000000000000000, -0.000000000000000000, 1.000000000000000000 ) ) ;
#225 = CARTESIAN_POINT ( 'NONE',  ( -3.000000000000000000, 0.000000000000000000, 0.8000000000000003775 ) ) ;
#226 = CARTESIAN_POINT ( 'NONE',  ( -0.7999999999999999334, 0.04999999999999969746, 3.000000000000000000 ) ) ;
#227 = DIRECTION ( 'NONE',  ( 1.734723475976805714E-15, 0.000000000000000000, 1.000000000000000000 ) ) ;
#228 = LINE ( 'NONE', #4627, #7651 ) ;
#229 = ORIENTED_EDGE ( 'NONE', *, *, #6072, .F. ) ;
#230 = DIRECTION ( 'NONE',  ( 0.000000000000000000, 0.000000000000000000, 1.000000000000000000 ) ) ;
#231 = VERTEX_POINT ( 'NONE', #6330 ) ;
#232 = CARTESIAN_POINT ( 'NONE',  ( 1.949999999999999956, 0.000000000000000000, 2.599999999999999645 ) ) ;
#233 = PRESENTATION_STYLE_ASSIGNMENT (( #7077 ) ) ;
#234 = ORIENTED_EDGE ( 'NONE', *, *, #4290, .T. ) ;
#235 = EDGE_LOOP ( 'NONE', ( #47, #7110, #8420, #9680 ) ) ;
#236 = DIRECTION ( 'NONE',  ( 0.000000000000000000, 0.000000000000000000, -1.000000000000000000 ) ) ;
#237 = DIRECTION ( 'NONE',  ( -0.000000000000000000, -1.000000000000000000, -0.000000000000000000 ) ) ;
#238 = EDGE_CURVE ( 'NONE', #2051, #1994, #1639, .T. ) ;
#239 = CARTESIAN_POINT ( 'NONE',  ( -8.673617379884126191E-16, 0.05000000000000000278, 0.5000000000000056621 ) ) ;
#240 = ORIENTED_EDGE ( 'NONE', *, *, #5750, .F. ) ;
#241 = DIRECTION ( 'NONE',  ( -1.000000000000000000, 0.000000000000000000, -1.734723475976805517E-15 ) ) ;
#242 = DIRECTION ( 'NONE',  ( 0.000000000000000000, -1.000000000000000000, 0.000000000000000000 ) ) ;
#243 = ORIENTED_EDGE ( 'NONE', *, *, #2409, .T. ) ;
#244 = DIRECTION ( 'NONE',  ( 0.000000000000000000, 0.000000000000000000, 1.000000000000000000 ) ) ;
#245 = CARTESIAN_POINT ( 'NONE',  ( -1.949999999999999956, 0.000000000000000000, 2.750000000000000000 ) ) ;
#246 = VERTEX_POINT ( 'NONE', #8195 ) ;
#247 = ORIENTED_EDGE ( 'NONE', *, *, #887, .F. ) ;
#248 = PLANE ( 'NONE',  #1465 ) ;
#249 = DIRECTION ( 'NONE',  ( 0.000000000000000000, 0.000000000000000000, -1.000000000000000000 ) ) ;
#250 = EDGE_CURVE ( 'NONE', #3143, #8478, #8988, .T. ) ;
#251 = CARTESIAN_POINT ( 'NONE',  ( 1.449999999999999956, 0.1999999999999999833, -3.000000000000000000 ) ) ;
#252 = ADVANCED_FACE ( 'NONE', ( #6636 ), #9032, .F. ) ;
#253 = ORIENTED_EDGE ( 'NONE', *, *, #5736, .T. ) ;
#254 = CARTESIAN_POINT ( 'NONE',  ( -2.750000000000000000, 0.1999999999999999833, 0.5000000000000008882 ) ) ;
#255 = DIRECTION ( 'NONE',  ( 1.734723475976805714E-15, -0.000000000000000000, 1.000000000000000000 ) ) ;
#256 = DIRECTION ( 'NONE',  ( -0.000000000000000000, -1.000000000000000000, -0.000000000000000000 ) ) ;
#258 = AXIS2_PLACEMENT_3D ( 'NONE', #3664, #6093, #8303 ) ;
#257 = CARTESIAN_POINT ( 'NONE',  ( 1.449999999999999956, 0.2000000000000000111, -3.000000000000000000 ) ) ;
#259 = VERTEX_POINT ( 'NONE', #9795 ) ;
#260 = CARTESIAN_POINT ( 'NONE',  ( 2.750000000000000000, 0.000000000000000000, -1.299999999999999378 ) ) ;
#261 = EDGE_CURVE ( 'NONE', #8045, #5243, #8172, .T. ) ;
#262 = ORIENTED_EDGE ( 'NONE', *, *, #2490, .T. ) ;
#263 = CARTESIAN_POINT ( 'NONE',  ( -3.000000000000000000, 0.000000000000000000, 2.100000000000000089 ) ) ;
#264 = AXIS2_PLACEMENT_3D ( 'NONE', #7799, #255, #6332 ) ;
#265 = LINE ( 'NONE', #4118, #400 ) ;
#266 = ORIENTED_EDGE ( 'NONE', *, *, #5067, .T. ) ;
#267 = PLANE ( 'NONE',  #3522 ) ;
#268 = DIRECTION ( 'NONE',  ( -0.000000000000000000, -1.000000000000000000, -0.000000000000000000 ) ) ;
#269 = VERTEX_POINT ( 'NONE', #5291 ) ;
#270 = DIRECTION ( 'NONE',  ( 0.000000000000000000, -1.000000000000000000, 0.000000000000000000 ) ) ;
#271 = CIRCLE ( 'NONE', #9677, 0.1499999999999999667 ) ;
#272 = LINE ( 'NONE', #1130, #1633 ) ;
#273 = ADVANCED_FACE ( 'NONE', ( #1403 ), #1354, .T. ) ;
#274 = VERTEX_POINT ( 'NONE', #8895 ) ;
#275 = CARTESIAN_POINT ( 'NONE',  ( -2.100000000000000089, 0.2000000000000000111, -2.750000000000000000 ) ) ;
#276 = ORIENTED_EDGE ( 'NONE', *, *, #3566, .T. ) ;
#277 = CARTESIAN_POINT ( 'NONE',  ( -3.000000000000000000, 0.1999999999999999833, 1.450000000000000400 ) ) ;
#278 = DIRECTION ( 'NONE',  ( 0.000000000000000000, 0.000000000000000000, -1.000000000000000000 ) ) ;
#279 = ORIENTED_EDGE ( 'NONE', *, *, #7709, .F. ) ;
#280 = ORIENTED_EDGE ( 'NONE', *, *, #3592, .T. ) ;
#281 = CARTESIAN_POINT ( 'NONE',  ( -2.299999999999998490, 6.988225099390855455, 2.299999999999999378 ) ) ;
#282 = DIRECTION ( 'NONE',  ( -0.000000000000000000, -1.000000000000000000, -0.000000000000000000 ) ) ;
#283 = FACE_OUTER_BOUND ( 'NONE', #9849, .T. ) ;
#284 = ORIENTED_EDGE ( 'NONE', *, *, #2886, .T. ) ;
#285 = PLANE ( 'NONE',  #8618 ) ;
#286 =( NAMED_UNIT ( * ) SI_UNIT ( $, .STERADIAN. ) SOLID_ANGLE_UNIT ( ) );
#287 = EDGE_CURVE ( 'NONE', #9830, #6832, #8341, .T. ) ;
#288 = ORIENTED_EDGE ( 'NONE', *, *, #4456, .T. ) ;
#289 = CARTESIAN_POINT ( 'NONE',  ( 3.000000000000000000, 0.7000000000000000666, 0.5000000000000004441 ) ) ;
#290 = DIRECTION ( 'NONE',  ( 0.000000000000000000, -1.000000000000000000, 0.000000000000000000 ) ) ;
#291 = ORIENTED_EDGE ( 'NONE', *, *, #9406, .F. ) ;
#292 = EDGE_LOOP ( 'NONE', ( #6586, #912, #7000, #6392 ) ) ;
#293 = DIRECTION ( 'NONE',  ( 0.000000000000000000, 0.000000000000000000, 1.000000000000000000 ) ) ;
#294 = DIRECTION ( 'NONE',  ( -1.000000000000000000, 0.000000000000000000, 0.000000000000000000 ) ) ;
#295 = DIRECTION ( 'NONE',  ( 0.000000000000000000, 0.000000000000000000, -1.000000000000000000 ) ) ;
#296 = AXIS2_PLACEMENT_3D ( 'NONE', #2379, #5376, #2289 ) ;
#297 = CARTESIAN_POINT ( 'NONE',  ( -3.000000000000000000, 0.1999999999999999833, 1.150000000000000355 ) ) ;
#298 = ORIENTED_EDGE ( 'NONE', *, *, #1338, .F. ) ;
#299 = LINE ( 'NONE', #1207, #5137 ) ;
#300 = EDGE_CURVE ( 'NONE', #8968, #6471, #5933, .T. ) ;
#301 = VECTOR ( 'NONE', #3944, 1000.000000000000000 ) ;
#302 = LINE ( 'NONE', #9500, #7360 ) ;
#303 = VECTOR ( 'NONE', #4393, 1000.000000000000000 ) ;
#304 = CIRCLE ( 'NONE', #9557, 0.1499999999999997446 ) ;
#305 = LINE ( 'NONE', #3354, #9068 ) ;
#306 = LINE ( 'NONE', #1671, #5375 ) ;
#307 = ORIENTED_EDGE ( 'NONE', *, *, #5839, .T. ) ;
#308 = CIRCLE ( 'NONE', #3018, 0.09999999999999982514 ) ;
#309 = LINE ( 'NONE', #7859, #7058 ) ;
#310 = CIRCLE ( 'NONE', #8602, 0.1499999999999997446 ) ;
#311 = ORIENTED_EDGE ( 'NONE', *, *, #7737, .T. ) ;
#312 = CARTESIAN_POINT ( 'NONE',  ( -1.300000000000000044, 0.1999999999999999833, -2.750000000000000000 ) ) ;
#313 = CARTESIAN_POINT ( 'NONE',  ( 1.300000000000000044, 0.1999999999999999833, -2.750000000000000000 ) ) ;
#314 = EDGE_LOOP ( 'NONE', ( #9473, #9719, #6574, #6341 ) ) ;
#315 = VECTOR ( 'NONE', #3956, 1000.000000000000000 ) ;
#316 = EDGE_CURVE ( 'NONE', #5063, #8521, #4509, .T. ) ;
#317 = CARTESIAN_POINT ( 'NONE',  ( 3.000000000000000000, 0.000000000000000000, -0.1499999999999995226 ) ) ;
#318 = VECTOR ( 'NONE', #9209, 1000.000000000000000 ) ;
#319 = ADVANCED_FACE ( 'NONE', ( #8144 ), #1511, .F. ) ;
#320 = ADVANCED_FACE ( 'NONE', ( #7544 ), #3702, .F. ) ;
#321 = DIRECTION ( 'NONE',  ( 0.000000000000000000, 0.000000000000000000, -1.000000000000000000 ) ) ;
#322 = VERTEX_POINT ( 'NONE', #3602 ) ;
#323 = DIRECTION ( 'NONE',  ( 0.000000000000000000, -1.000000000000000000, 0.000000000000000000 ) ) ;
#324 = DIRECTION ( 'NONE',  ( 0.000000000000000000, -1.000000000000000000, 0.000000000000000000 ) ) ;
#325 =( NAMED_UNIT ( * ) SI_UNIT ( $, .STERADIAN. ) SOLID_ANGLE_UNIT ( ) );
#326 = VERTEX_POINT ( 'NONE', #4396 ) ;
#327 = AXIS2_PLACEMENT_3D ( 'NONE', #3794, #6074, #600 ) ;
#328 = LINE ( 'NONE', #1787, #8073 ) ;
#329 = ORIENTED_EDGE ( 'NONE', *, *, #8217, .F. ) ;
#330 = FACE_OUTER_BOUND ( 'NONE', #4922, .T. ) ;
#331 = EDGE_CURVE ( 'NONE', #2396, #7079, #6788, .T. ) ;
#332 = EDGE_LOOP ( 'NONE', ( #8640, #3607, #9554, #3677 ) ) ;
#333 = VERTEX_POINT ( 'NONE', #8288 ) ;
#334 = ADVANCED_FACE ( 'NONE', ( #2847 ), #6744, .F. ) ;
#335 = DIRECTION ( 'NONE',  ( 1.000000000000000000, -0.000000000000000000, -7.228014483236695816E-17 ) ) ;
#336 = DIRECTION ( 'NONE',  ( 0.000000000000000000, -1.000000000000000000, 0.000000000000000000 ) ) ;
#337 = PLANE ( 'NONE',  #1147 ) ;
#338 = ORIENTED_EDGE ( 'NONE', *, *, #2647, .T. ) ;
#339 = CARTESIAN_POINT ( 'NONE',  ( 2.100000000000000089, 0.000000000000000000, 2.750000000000000000 ) ) ;
#340 = CARTESIAN_POINT ( 'NONE',  ( 2.750000000000000000, 0.000000000000000000, -1.299999999999999378 ) ) ;
#341 = AXIS2_PLACEMENT_3D ( 'NONE', #4453, #2262, #2211 ) ;
#342 = LINE ( 'NONE', #6469, #2594 ) ;
#343 = CARTESIAN_POINT ( 'NONE',  ( -2.100000000000000089, 0.2000000000000000111, 3.000000000000000000 ) ) ;
#344 = VERTEX_POINT ( 'NONE', #9742 ) ;
#345 = ORIENTED_EDGE ( 'NONE', *, *, #6495, .T. ) ;
#346 = ADVANCED_FACE ( 'NONE', ( #5885 ), #8945, .F. ) ;
#347 = DIRECTION ( 'NONE',  ( 1.734723475976805714E-15, 0.000000000000000000, -1.000000000000000000 ) ) ;
#348 = FACE_OUTER_BOUND ( 'NONE', #332, .T. ) ;
#349 = VECTOR ( 'NONE', #4914, 1000.000000000000000 ) ;
#350 = CARTESIAN_POINT ( 'NONE',  ( -2.399999999999999911, 0.1999999999999996503, -2.050000000000004263 ) ) ;
#351 = EDGE_CURVE ( 'NONE', #1849, #6911, #3871, .T. ) ;
#352 = FILL_AREA_STYLE_COLOUR ( '', #6577 ) ;
#353 = DIRECTION ( 'NONE',  ( 1.000000000000000000, 0.000000000000000000, 0.000000000000000000 ) ) ;
#354 = VECTOR ( 'NONE', #2608, 1000.000000000000000 ) ;
#355 = DIRECTION ( 'NONE',  ( -0.000000000000000000, -1.000000000000000000, -0.000000000000000000 ) ) ;
#356 = AXIS2_PLACEMENT_3D ( 'NONE', #7621, #9165, #3077 ) ;
#357 = CARTESIAN_POINT ( 'NONE',  ( 2.750000000000000000, 0.000000000000000000, -0.7999999999999990452 ) ) ;
#358 =( NAMED_UNIT ( * ) SI_UNIT ( $, .STERADIAN. ) SOLID_ANGLE_UNIT ( ) );
#359 = CARTESIAN_POINT ( 'NONE',  ( -3.000000000000000000, 0.7000000000000000666, -1.799999999999999600 ) ) ;
#360 = LINE ( 'NONE', #6387, #1880 ) ;
#361 = VERTEX_POINT ( 'NONE', #7489 ) ;
#362 = EDGE_CURVE ( 'NONE', #131, #259, #9837, .T. ) ;
#363 = CARTESIAN_POINT ( 'NONE',  ( 2.750000000000000000, 0.05000000000000002359, 0.5000000000000008882 ) ) ;
#364 = AXIS2_PLACEMENT_3D ( 'NONE', #9199, #723, #2413 ) ;
#365 =( NAMED_UNIT ( * ) SI_UNIT ( $, .STERADIAN. ) SOLID_ANGLE_UNIT ( ) );
#366 = ORIENTED_EDGE ( 'NONE', *, *, #6921, .T. ) ;
#367 = FACE_OUTER_BOUND ( 'NONE', #3729, .T. ) ;
#368 = AXIS2_PLACEMENT_3D ( 'NONE', #7347, #7949, #4158 ) ;
#369 = CARTESIAN_POINT ( 'NONE',  ( 3.000000000000000000, 0.05000000000000000278, 3.000000000000000000 ) ) ;
#370 = MECHANICAL_DESIGN_GEOMETRIC_PRESENTATION_REPRESENTATION (  '', ( #2285 ), #7866 ) ;
#371 = DIRECTION ( 'NONE',  ( -1.000000000000000000, 0.000000000000000000, 0.000000000000000000 ) ) ;
#372 = PLANE ( 'NONE',  #6154 ) ;
#373 = ORIENTED_EDGE ( 'NONE', *, *, #7903, .T. ) ;
#374 = DIRECTION ( 'NONE',  ( 0.000000000000000000, 1.000000000000000000, 0.000000000000000000 ) ) ;
#375 = DIRECTION ( 'NONE',  ( 1.000000000000000000, -0.000000000000000000, -0.000000000000000000 ) ) ;
#376 =( NAMED_UNIT ( * ) PLANE_ANGLE_UNIT ( ) SI_UNIT ( $, .RADIAN. ) );
#377 = STYLED_ITEM ( 'NONE', ( #4190 ), #6704 ) ;
#378 = ORIENTED_EDGE ( 'NONE', *, *, #8266, .T. ) ;
#379 = EDGE_CURVE ( 'NONE', #5640, #6159, #9642, .T. ) ;
#380 = CARTESIAN_POINT ( 'NONE',  ( 0.4999999999999995559, 0.7000000000000003997, 2.750000000000000000 ) ) ;
#381 = ORIENTED_EDGE ( 'NONE', *, *, #9169, .T. ) ;
#382 = CARTESIAN_POINT ( 'NONE',  ( 1.149999999999999467, 0.2000000000000000111, -2.750000000000000000 ) ) ;
#383 = FACE_OUTER_BOUND ( 'NONE', #5192, .T. ) ;
#384 = EDGE_LOOP ( 'NONE', ( #6197, #3653, #51, #1284 ) ) ;
#385 = ORIENTED_EDGE ( 'NONE', *, *, #8245, .F. ) ;
#386 = DIRECTION ( 'NONE',  ( 0.000000000000000000, -0.000000000000000000, 1.000000000000000000 ) ) ;
#387 = LINE ( 'NONE', #4277, #4937 ) ;
#388 = FACE_OUTER_BOUND ( 'NONE', #8426, .T. ) ;
#389 = VERTEX_POINT ( 'NONE', #3983 ) ;
#390 = CARTESIAN_POINT ( 'NONE',  ( -3.000000000000000000, 0.000000000000000000, -1.149999999999999467 ) ) ;
#391 = ADVANCED_FACE ( 'NONE', ( #7922 ), #8522, .F. ) ;
#392 = EDGE_CURVE ( 'NONE', #79, #7956, #4245, .T. ) ;
#393 = LINE ( 'NONE', #3391, #8114 ) ;
#394 = DIRECTION ( 'NONE',  ( -0.000000000000000000, -1.000000000000000000, -0.000000000000000000 ) ) ;
#395 = ORIENTED_EDGE ( 'NONE', *, *, #603, .F. ) ;
#396 = ORIENTED_EDGE ( 'NONE', *, *, #7618, .T. ) ;
#397 = FACE_OUTER_BOUND ( 'NONE', #4680, .T. ) ;
#398 = DIRECTION ( 'NONE',  ( -1.000000000000000000, 0.000000000000000000, 0.000000000000000000 ) ) ;
#399 = CARTESIAN_POINT ( 'NONE',  ( 2.750000000000000000, 0.1999999999999999833, 1.450000000000000400 ) ) ;
#400 = VECTOR ( 'NONE', #6149, 1000.000000000000000 ) ;
#401 = DIRECTION ( 'NONE',  ( 0.000000000000000000, -0.000000000000000000, 1.000000000000000000 ) ) ;
#402 = EDGE_CURVE ( 'NONE', #4285, #7908, #4873, .T. ) ;
#403 = DIRECTION ( 'NONE',  ( 0.000000000000000000, 0.000000000000000000, -1.000000000000000000 ) ) ;
#404 = CARTESIAN_POINT ( 'NONE',  ( 0.7999999999999999334, 0.1999999999999999833, 3.000000000000000000 ) ) ;
#405 = LINE ( 'NONE', #2708, #2771 ) ;
#406 = LINE ( 'NONE', #8745, #9846 ) ;
#407 = CARTESIAN_POINT ( 'NONE',  ( 2.399999999999999911, 6.988225099390855455, 2.299999999999999378 ) ) ;
#408 = LINE ( 'NONE', #3459, #1790 ) ;
#409 = EDGE_LOOP ( 'NONE', ( #9751, #4796, #4841, #8090 ) ) ;
#410 = DIRECTION ( 'NONE',  ( 0.000000000000000000, 0.000000000000000000, -1.000000000000000000 ) ) ;
#411 = EDGE_LOOP ( 'NONE', ( #4770, #6540, #5409, #3849 ) ) ;
#412 = CARTESIAN_POINT ( 'NONE',  ( -2.750000000000000000, 0.7000000000000000666, -0.7999999999999990452 ) ) ;
#413 = ADVANCED_FACE ( 'NONE', ( #4723 ), #7827, .T. ) ;
#414 = AXIS2_PLACEMENT_3D ( 'NONE', #9519, #2035, #5858 ) ;
#415 = CARTESIAN_POINT ( 'NONE',  ( 0.8000000000000001554, 0.000000000000000000, 2.750000000000000000 ) ) ;
#416 = DIRECTION ( 'NONE',  ( -1.000000000000000000, 0.000000000000000000, 0.000000000000000000 ) ) ;
#417 = VERTEX_POINT ( 'NONE', #4870 ) ;
#418 = CARTESIAN_POINT ( 'NONE',  ( -2.049999999999996714, 6.988225099390855455, -2.400000000000000355 ) ) ;
#419 = CARTESIAN_POINT ( 'NONE',  ( 1.149999999999999467, 0.2000000000000005107, -3.000000000000000000 ) ) ;
#420 = EDGE_LOOP ( 'NONE', ( #5134, #3590, #9257, #7369 ) ) ;
#421 = DIRECTION ( 'NONE',  ( 0.000000000000000000, 0.000000000000000000, 1.000000000000000000 ) ) ;
#422 = ORIENTED_EDGE ( 'NONE', *, *, #813, .F. ) ;
#423 = EDGE_CURVE ( 'NONE', #231, #6615, #7588, .T. ) ;
#424 = DIRECTION ( 'NONE',  ( 0.000000000000000000, 0.000000000000000000, -1.000000000000000000 ) ) ;
#425 = SURFACE_STYLE_FILL_AREA ( #6560 ) ;
#426 = VECTOR ( 'NONE', #4170, 1000.000000000000000 ) ;
#427 = ORIENTED_EDGE ( 'NONE', *, *, #144, .T. ) ;
#428 = VERTEX_POINT ( 'NONE', #1082 ) ;
#429 = DIRECTION ( 'NONE',  ( -0.000000000000000000, -0.000000000000000000, -1.000000000000000000 ) ) ;
#430 = EDGE_CURVE ( 'NONE', #3695, #1607, #4563, .T. ) ;
#431 = CARTESIAN_POINT ( 'NONE',  ( -0.5000000000000000000, 0.1999999999999999833, -3.000000000000000000 ) ) ;
#432 = CARTESIAN_POINT ( 'NONE',  ( 2.299999999999999822, 6.988225099390855455, -2.399999999999999911 ) ) ;
#433 = VERTEX_POINT ( 'NONE', #2430 ) ;
#434 = CARTESIAN_POINT ( 'NONE',  ( 2.750000000000000000, 0.05000000000000002359, 1.950000000000000622 ) ) ;
#435 = CARTESIAN_POINT ( 'NONE',  ( -1.149999999999999911, 0.1999999999999999833, 3.000000000000000000 ) ) ;
#436 = AXIS2_PLACEMENT_3D ( 'NONE', #5652, #7757, #4065 ) ;
#437 = LINE ( 'NONE', #7330, #779 ) ;
#438 = CARTESIAN_POINT ( 'NONE',  ( -0.8000000000000003775, 0.2000000000000000111, -2.750000000000000000 ) ) ;
#439 = ORIENTED_EDGE ( 'NONE', *, *, #8702, .T. ) ;
#440 = ORIENTED_EDGE ( 'NONE', *, *, #8755, .T. ) ;
#441 = CARTESIAN_POINT ( 'NONE',  ( -2.750000000000000000, 0.000000000000000000, -1.449999999999999067 ) ) ;
#442 = EDGE_CURVE ( 'NONE', #533, #6292, #8621, .T. ) ;
#443 = LINE ( 'NONE', #8092, #6345 ) ;
#444 = EDGE_CURVE ( 'NONE', #4666, #4857, #328, .T. ) ;
#445 = ADVANCED_FACE ( 'NONE', ( #3320 ), #5669, .T. ) ;
#446 = DIRECTION ( 'NONE',  ( 0.000000000000000000, 0.000000000000000000, 1.000000000000000000 ) ) ;
#447 = DIRECTION ( 'NONE',  ( -0.000000000000000000, -1.000000000000000000, -0.000000000000000000 ) ) ;
#448 = LINE ( 'NONE', #4944, #9764 ) ;
#449 = DIRECTION ( 'NONE',  ( 0.000000000000000000, 0.000000000000000000, -1.000000000000000000 ) ) ;
#450 = DIRECTION ( 'NONE',  ( 0.000000000000000000, 0.000000000000000000, -1.000000000000000000 ) ) ;
#451 = LINE ( 'NONE', #3507, #9688 ) ;
#452 = EDGE_CURVE ( 'NONE', #7908, #8572, #6836, .T. ) ;
#453 = VECTOR ( 'NONE', #1344, 1000.000000000000000 ) ;
#454 = CARTESIAN_POINT ( 'NONE',  ( -3.000000000000000000, 0.7000000000000000666, 2.100000000000000089 ) ) ;
#455 = EDGE_CURVE ( 'NONE', #4030, #7206, #4081, .T. ) ;
#456 = DIRECTION ( 'NONE',  ( 0.000000000000000000, -1.000000000000000000, 0.000000000000000000 ) ) ;
#457 = ORIENTED_EDGE ( 'NONE', *, *, #8257, .F. ) ;
#458 = LINE ( 'NONE', #3513, #9130 ) ;
#459 = PRODUCT_CONTEXT ( 'NONE', #8062, 'mechanical' ) ;
#460 = ORIENTED_EDGE ( 'NONE', *, *, #5366, .F. ) ;
#461 = DIRECTION ( 'NONE',  ( 1.000000000000000000, -0.000000000000000000, 0.000000000000000000 ) ) ;
#462 = AXIS2_PLACEMENT_3D ( 'NONE', #3665, #766, #9853 ) ;
#463 = DIRECTION ( 'NONE',  ( -0.000000000000000000, -1.000000000000000000, -0.000000000000000000 ) ) ;
#464 = ADVANCED_FACE ( 'NONE', ( #7121 ), #1733, .T. ) ;
#465 = VECTOR ( 'NONE', #9627, 1000.000000000000000 ) ;
#466 = VECTOR ( 'NONE', #2975, 1000.000000000000000 ) ;
#467 = AXIS2_PLACEMENT_3D ( 'NONE', #9876, #5181, #545 ) ;
#468 = LINE ( 'NONE', #3523, #5531 ) ;
#469 = EDGE_LOOP ( 'NONE', ( #5765, #7567, #109, #1797 ) ) ;
#470 = LINE ( 'NONE', #5709, #1280 ) ;
#471 = DIRECTION ( 'NONE',  ( -0.000000000000000000, -1.000000000000000000, 0.000000000000000000 ) ) ;
#472 = DIRECTION ( 'NONE',  ( -1.000000000000000000, 0.000000000000000000, 7.228014483236695816E-17 ) ) ;
#473 = EDGE_CURVE ( 'NONE', #6159, #741, #5036, .T. ) ;
#474 = ORIENTED_EDGE ( 'NONE', *, *, #3960, .T. ) ;
#475 = AXIS2_PLACEMENT_3D ( 'NONE', #5855, #5208, #5263 ) ;
#476 = LINE ( 'NONE', #8917, #5194 ) ;
#478 = ORIENTED_EDGE ( 'NONE', *, *, #9695, .F. ) ;
#477 = VECTOR ( 'NONE', #5369, 1000.000000000000000 ) ;
#479 = VECTOR ( 'NONE', #3634, 1000.000000000000000 ) ;
#480 = SURFACE_STYLE_USAGE ( .BOTH. , #1993 ) ;
#481 = ORIENTED_EDGE ( 'NONE', *, *, #24, .T. ) ;
#482 = EDGE_LOOP ( 'NONE', ( #9284, #7831, #746, #1355 ) ) ;
#483 = LINE ( 'NONE', #5024, #3838 ) ;
#484 = CARTESIAN_POINT ( 'NONE',  ( -1.149999999999999689, 0.1999999999999999833, 2.750000000000000000 ) ) ;
#485 = CARTESIAN_POINT ( 'NONE',  ( 1.799999999999999600, 0.04999999999999999584, -2.750000000000000000 ) ) ;
#486 = EDGE_LOOP ( 'NONE', ( #4973, #8647, #6373, #1533 ) ) ;
#487 = LINE ( 'NONE', #7183, #2866 ) ;
#488 = ADVANCED_FACE ( 'NONE', ( #5619 ), #8718, .T. ) ;
#489 =( LENGTH_UNIT ( ) NAMED_UNIT ( * ) SI_UNIT ( .MILLI., .METRE. ) );
#490 = VECTOR ( 'NONE', #4342, 1000.000000000000000 ) ;
#491 = ORIENTED_EDGE ( 'NONE', *, *, #7903, .F. ) ;
#492 = LINE ( 'NONE', #6322, #9549 ) ;
#493 = LINE ( 'NONE', #9634, #3731 ) ;
#494 = VERTEX_POINT ( 'NONE', #1691 ) ;
#495 = VERTEX_POINT ( 'NONE', #3373 ) ;
#496 = DIRECTION ( 'NONE',  ( -0.000000000000000000, -1.000000000000000000, -0.000000000000000000 ) ) ;
#497 = DIRECTION ( 'NONE',  ( 0.000000000000000000, 0.000000000000000000, -1.000000000000000000 ) ) ;
#498 = CYLINDRICAL_SURFACE ( 'NONE', #7341, 0.2000000000000000944 ) ;
#499 = DIRECTION ( 'NONE',  ( 0.000000000000000000, -1.000000000000000000, 0.000000000000000000 ) ) ;
#500 = VECTOR ( 'NONE', #1166, 1000.000000000000000 ) ;
#501 = DIRECTION ( 'NONE',  ( 0.000000000000000000, -1.000000000000000000, 0.000000000000000000 ) ) ;
#502 = ADVANCED_FACE ( 'NONE', ( #3221 ), #7773, .F. ) ;
#503 = VECTOR ( 'NONE', #7147, 1000.000000000000000 ) ;
#504 = ORIENTED_EDGE ( 'NONE', *, *, #1737, .T. ) ;
#505 = LINE ( 'NONE', #3557, #6389 ) ;
#506 = CARTESIAN_POINT ( 'NONE',  ( 0.6500000000000000222, 0.04999999999999999584, 2.750000000000000000 ) ) ;
#507 = VERTEX_POINT ( 'NONE', #5713 ) ;
#508 = DIRECTION ( 'NONE',  ( 0.000000000000000000, 0.000000000000000000, -1.000000000000000000 ) ) ;
#509 = CIRCLE ( 'NONE', #8002, 0.1499999999999999667 ) ;
#510 = DIRECTION ( 'NONE',  ( 1.000000000000000000, 0.000000000000000000, -0.000000000000000000 ) ) ;
#511 = CARTESIAN_POINT ( 'NONE',  ( -2.750000000000000000, 0.7000000000000000666, 1.800000000000000711 ) ) ;
#512 = ORIENTED_EDGE ( 'NONE', *, *, #6294, .F. ) ;
#513 = DIRECTION ( 'NONE',  ( -1.000000000000000000, 0.000000000000000000, -1.734723475976805714E-15 ) ) ;
#514 = VERTEX_POINT ( 'NONE', #7264 ) ;
#515 = DIRECTION ( 'NONE',  ( 1.000000000000000000, 0.000000000000000000, -1.734723475976805714E-15 ) ) ;
#516 = CIRCLE ( 'NONE', #9759, 0.1499999999999999667 ) ;
#517 = ADVANCED_FACE ( 'NONE', ( #8866 ), #1227, .F. ) ;
#518 = ADVANCED_FACE ( 'NONE', ( #528 ), #2731, .F. ) ;
#519 = DIRECTION ( 'NONE',  ( 1.734723475976805517E-15, 0.000000000000000000, -1.000000000000000000 ) ) ;
#520 = EDGE_CURVE ( 'NONE', #5459, #1034, #7368, .T. ) ;
#521 = CIRCLE ( 'NONE', #5936, 0.2000000000000000944 ) ;
#522 = CARTESIAN_POINT ( 'NONE',  ( 0.6500000000000000222, 0.000000000000000000, -2.750000000000000000 ) ) ;
#523 = ORIENTED_EDGE ( 'NONE', *, *, #4910, .F. ) ;
#524 = LINE ( 'NONE', #8446, #5578 ) ;
#525 = LINE ( 'NONE', #2822, #8491 ) ;
#526 = VERTEX_POINT ( 'NONE', #1989 ) ;
#527 = EDGE_CURVE ( 'NONE', #2391, #1641, #4968, .T. ) ;
#528 = FACE_OUTER_BOUND ( 'NONE', #5572, .T. ) ;
#529 = VECTOR ( 'NONE', #2402, 1000.000000000000000 ) ;
#530 = ORIENTED_EDGE ( 'NONE', *, *, #143, .F. ) ;
#531 = AXIS2_PLACEMENT_3D ( 'NONE', #3559, #6588, #450 ) ;
#532 = PRESENTATION_STYLE_ASSIGNMENT (( #6614 ) ) ;
#533 = VERTEX_POINT ( 'NONE', #8115 ) ;
#534 = VERTEX_POINT ( 'NONE', #5117 ) ;
#535 = DIRECTION ( 'NONE',  ( 1.734723475976805517E-15, 0.000000000000000000, -1.000000000000000000 ) ) ;
#536 = LINE ( 'NONE', #7472, #7972 ) ;
#537 = FACE_OUTER_BOUND ( 'NONE', #3099, .T. ) ;
#538 = ORIENTED_EDGE ( 'NONE', *, *, #1853, .F. ) ;
#539 = STYLED_ITEM ( 'NONE', ( #8238 ), #6613 ) ;
#540 = DIRECTION ( 'NONE',  ( 1.000000000000000000, 0.000000000000000000, 1.734723475976805517E-15 ) ) ;
#541 = ORIENTED_EDGE ( 'NONE', *, *, #7560, .F. ) ;
#542 = ADVANCED_FACE ( 'NONE', ( #7220 ), #9712, .T. ) ;
#543 = FACE_OUTER_BOUND ( 'NONE', #3321, .T. ) ;
#544 = CIRCLE ( 'NONE', #1988, 0.1499999999999999667 ) ;
#545 = DIRECTION ( 'NONE',  ( 0.000000000000000000, 0.000000000000000000, -1.000000000000000000 ) ) ;
#546 = ORIENTED_EDGE ( 'NONE', *, *, #4440, .T. ) ;
#547 = EDGE_CURVE ( 'NONE', #7443, #8873, #2873, .T. ) ;
#548 = ORIENTED_EDGE ( 'NONE', *, *, #5366, .T. ) ;
#549 = AXIS2_PLACEMENT_3D ( 'NONE', #3879, #6768, #2179 ) ;
#550 = CARTESIAN_POINT ( 'NONE',  ( 2.299999999999999822, 0.1999999999999996503, 2.299999999999999378 ) ) ;
#551 = CARTESIAN_POINT ( 'NONE',  ( -2.750000000000000000, 0.000000000000000000, 0.8000000000000003775 ) ) ;
#552 = DIRECTION ( 'NONE',  ( 0.000000000000000000, 1.000000000000000000, 0.000000000000000000 ) ) ;
#553 = LINE ( 'NONE', #6633, #6416 ) ;
#554 = DIRECTION ( 'NONE',  ( 0.000000000000000000, -0.000000000000000000, 1.000000000000000000 ) ) ;
#555 = CIRCLE ( 'NONE', #9637, 0.09999999999999982514 ) ;
#556 = ORIENTED_EDGE ( 'NONE', *, *, #9498, .F. ) ;
#557 = DIRECTION ( 'NONE',  ( -1.000000000000000000, 0.000000000000000000, -0.000000000000000000 ) ) ;
#558 = DIRECTION ( 'NONE',  ( 0.000000000000000000, 0.000000000000000000, 1.000000000000000000 ) ) ;
#559 = VERTEX_POINT ( 'NONE', #4269 ) ;
#560 = EDGE_CURVE ( 'NONE', #6388, #1034, #7971, .T. ) ;
#561 = CARTESIAN_POINT ( 'NONE',  ( -2.750000000000000000, 0.1999999999999999833, 0.5000000000000008882 ) ) ;
#562 = CARTESIAN_POINT ( 'NONE',  ( 0.4999999999999997780, 0.1999999999999999833, -2.750000000000000000 ) ) ;
#563 = CARTESIAN_POINT ( 'NONE',  ( 3.000000000000000000, 0.1999999999999999833, 1.450000000000000400 ) ) ;
#564 = EDGE_CURVE ( 'NONE', #269, #6610, #1279, .T. ) ;
#565 = EDGE_LOOP ( 'NONE', ( #2807, #775, #373, #8343 ) ) ;
#566 = LINE ( 'NONE', #7502, #1965 ) ;
#567 = VERTEX_POINT ( 'NONE', #3476 ) ;
#568 = CARTESIAN_POINT ( 'NONE',  ( 3.000000000000000000, 0.05000000000000000278, 3.000000000000000000 ) ) ;
#569 = FACE_OUTER_BOUND ( 'NONE', #7122, .T. ) ;
#570 = LINE ( 'NONE', #3618, #3946 ) ;
#571 = EDGE_CURVE ( 'NONE', #6988, #1138, #476, .T. ) ;
#572 = ORIENTED_EDGE ( 'NONE', *, *, #7409, .F. ) ;
#573 = DIRECTION ( 'NONE',  ( 0.000000000000000000, 1.000000000000000000, 0.000000000000000000 ) ) ;
#574 = DIRECTION ( 'NONE',  ( 0.000000000000000000, 0.000000000000000000, -1.000000000000000000 ) ) ;
#576 = EDGE_CURVE ( 'NONE', #8176, #5065, #6611, .T. ) ;
#575 = VECTOR ( 'NONE', #2084, 1000.000000000000000 ) ;
#577 = SURFACE_STYLE_FILL_AREA ( #8914 ) ;
#578 = VERTEX_POINT ( 'NONE', #5015 ) ;
#579 = CARTESIAN_POINT ( 'NONE',  ( 0.1499999999999999667, 0.7000000000000003997, -3.000000000000000000 ) ) ;
#580 = ORIENTED_EDGE ( 'NONE', *, *, #9196, .F. ) ;
#581 = UNCERTAINTY_MEASURE_WITH_UNIT (LENGTH_MEASURE( 1.000000000000000082E-05 ), #8174, 'distance_accuracy_value', 'NONE');
#582 = CLOSED_SHELL ( 'NONE', ( #8943, #334, #1333, #7161, #4512, #5553, #212, #5803, #7695, #7985, #3869, #8531, #3275, #5085, #616, #4497, #8556, #6127, #986, #8681, #3633, #319, #4605, #5658, #3730, #5390, #2765, #6181, #2956, #4846, #7139, #1683, #4526, #5929, #9180, #1262, #9423, #4374, #5272, #1903, #2030, #1581, #1212, #2748, #6876, #2178, #9805, #8869, #8454, #6359, #320, #674, #2219, #7222, #5827, #2617, #7786, #6517, #3537, #9042, #5269, #3701, #5511, #3837, #1561, #6946, #1419, #9643, #9425, #2895, #4010, #4249, #5654, #5116, #9860, #9699, #1060, #2630, #3997, #9850, #8548, #4908, #3963, #4064, #6608, #2503, #8941, #6663, #5212, #4515, #4105, #9838, #3142, #9824, #9729, #2154, #9248, #2705, #5057, #1158, #5150, #6102, #4882, #2157, #1045, #628, #7359, #3252, #6252, #4303, #8694, #4740, #1865, #1803, #3873, #1467, #2223, #8692, #4061, #130, #273, #8388, #3490, #3289, #7469, #8441, #3347, #3234, #5089, #1934, #7371, #2008, #5399, #5239, #6045, #2252, #1750 ) ) ;
#583 = CARTESIAN_POINT ( 'NONE',  ( -3.000000000000000000, 0.1999999999999999833, 0.1500000000000003830 ) ) ;
#584 = ORIENTED_EDGE ( 'NONE', *, *, #1523, .T. ) ;
#585 = VERTEX_POINT ( 'NONE', #6504 ) ;
#586 = CARTESIAN_POINT ( 'NONE',  ( 0.000000000000000000, 0.2000000000000000111, 2.599999999999999645 ) ) ;
#587 = EDGE_CURVE ( 'NONE', #6159, #4018, #8170, .T. ) ;
#588 = DIRECTION ( 'NONE',  ( 1.000000000000000000, 0.000000000000000000, 1.734723475976805714E-15 ) ) ;
#589 = ADVANCED_FACE ( 'NONE', ( #7419 ), #8071, .F. ) ;
#590 = DIRECTION ( 'NONE',  ( -0.000000000000000000, -1.000000000000000000, -0.000000000000000000 ) ) ;
#591 = VERTEX_POINT ( 'NONE', #9568 ) ;
#592 = CARTESIAN_POINT ( 'NONE',  ( 1.449999999999999956, 0.000000000000000000, -3.000000000000000000 ) ) ;
#593 = VERTEX_POINT ( 'NONE', #1885 ) ;
#594 = DIRECTION ( 'NONE',  ( 1.000000000000000000, -0.000000000000000000, -0.000000000000000000 ) ) ;
#595 = LINE ( 'NONE', #7434, #9403 ) ;
#596 = ORIENTED_EDGE ( 'NONE', *, *, #2606, .F. ) ;
#597 = VERTEX_POINT ( 'NONE', #4918 ) ;
#598 = CARTESIAN_POINT ( 'NONE',  ( -0.1500000000000003830, 0.2000000000000000111, 2.750000000000000000 ) ) ;
#599 = DIRECTION ( 'NONE',  ( 0.000000000000000000, -1.000000000000000000, 0.000000000000000000 ) ) ;
#600 = DIRECTION ( 'NONE',  ( 0.000000000000000000, 0.000000000000000000, -1.000000000000000000 ) ) ;
#601 = VECTOR ( 'NONE', #9048, 1000.000000000000000 ) ;
#602 = LINE ( 'NONE', #4347, #8498 ) ;
#603 = EDGE_CURVE ( 'NONE', #6230, #5311, #5764, .T. ) ;
#604 = CARTESIAN_POINT ( 'NONE',  ( 1.300000000000000044, 0.04999999999999999584, 2.750000000000000000 ) ) ;
#605 = ORIENTED_EDGE ( 'NONE', *, *, #2518, .T. ) ;
#606 = CARTESIAN_POINT ( 'NONE',  ( 2.299999999999999822, 6.988225099390855455, 2.299999999999999378 ) ) ;
#607 = DIRECTION ( 'NONE',  ( -0.000000000000000000, 0.000000000000000000, -1.000000000000000000 ) ) ;
#608 = ORIENTED_EDGE ( 'NONE', *, *, #2126, .F. ) ;
#609 = EDGE_LOOP ( 'NONE', ( #7006, #1405, #8904, #6926 ) ) ;
#610 = VECTOR ( 'NONE', #110, 1000.000000000000000 ) ;
#611 = LINE ( 'NONE', #807, #201 ) ;
#612 = DIRECTION ( 'NONE',  ( 0.000000000000000000, 0.000000000000000000, -1.000000000000000000 ) ) ;
#613 = CARTESIAN_POINT ( 'NONE',  ( -2.750000000000000000, 0.7000000000000000666, -2.099999999999999201 ) ) ;
#614 = VERTEX_POINT ( 'NONE', #6556 ) ;
#615 = CARTESIAN_POINT ( 'NONE',  ( -0.6500000000000000222, 0.2000000000000000111, 2.750000000000000000 ) ) ;
#616 = ADVANCED_FACE ( 'NONE', ( #9615 ), #2781, .T. ) ;
#617 = CLOSED_SHELL ( 'NONE', ( #946, #502, #7511, #6763, #5610, #690 ) ) ;
#618 = DIRECTION ( 'NONE',  ( -0.000000000000000000, -1.000000000000000000, -0.000000000000000000 ) ) ;
#619 = DIRECTION ( 'NONE',  ( -0.000000000000000000, -1.000000000000000000, -0.000000000000000000 ) ) ;
#620 = PLANE ( 'NONE',  #9845 ) ;
#621 = ORIENTED_EDGE ( 'NONE', *, *, #8315, .F. ) ;
#622 = LINE ( 'NONE', #4415, #7530 ) ;
#623 = FILL_AREA_STYLE ('',( #6658 ) ) ;
#624 = VECTOR ( 'NONE', #9678, 1000.000000000000000 ) ;
#625 = ORIENTED_EDGE ( 'NONE', *, *, #4050, .F. ) ;
#626 = CARTESIAN_POINT ( 'NONE',  ( -2.299999999999998490, 0.1999999999999996503, 2.299999999999999378 ) ) ;
#627 = ORIENTED_EDGE ( 'NONE', *, *, #8161, .F. ) ;
#628 = ADVANCED_FACE ( 'NONE', ( #2970 ), #6918, .T. ) ;
#629 = AXIS2_PLACEMENT_3D ( 'NONE', #6967, #4764, #84 ) ;
#630 = EDGE_CURVE ( 'NONE', #6915, #8478, #896, .T. ) ;
#631 = VECTOR ( 'NONE', #398, 1000.000000000000000 ) ;
#632 = VECTOR ( 'NONE', #8967, 1000.000000000000000 ) ;
#633 = DIRECTION ( 'NONE',  ( 0.000000000000000000, 1.000000000000000000, 0.000000000000000000 ) ) ;
#634 = ORIENTED_EDGE ( 'NONE', *, *, #7054, .F. ) ;
#635 = ORIENTED_EDGE ( 'NONE', *, *, #7623, .F. ) ;
#636 = CARTESIAN_POINT ( 'NONE',  ( 0.6500000000000000222, 0.2000000000000000111, 2.750000000000000000 ) ) ;
#637 = DIRECTION ( 'NONE',  ( 0.000000000000000000, 1.000000000000000000, 0.000000000000000000 ) ) ;
#638 = DIRECTION ( 'NONE',  ( 0.000000000000000000, -1.000000000000000000, 0.000000000000000000 ) ) ;
#639 = VERTEX_POINT ( 'NONE', #774 ) ;
#640 = FACE_OUTER_BOUND ( 'NONE', #1064, .T. ) ;
#641 = ORIENTED_EDGE ( 'NONE', *, *, #8508, .T. ) ;
#642 = AXIS2_PLACEMENT_3D ( 'NONE', #5274, #687, #3778 ) ;
#643 = STYLED_ITEM ( 'NONE', ( #9717 ), #3353 ) ;
#644 = ORIENTED_EDGE ( 'NONE', *, *, #6445, .T. ) ;
#645 = EDGE_CURVE ( 'NONE', #7521, #218, #3117, .T. ) ;
#646 = PLANE ( 'NONE',  #4921 ) ;
#647 = ADVANCED_FACE ( 'NONE', ( #6001 ), #4569, .F. ) ;
#648 =( NAMED_UNIT ( * ) PLANE_ANGLE_UNIT ( ) SI_UNIT ( $, .RADIAN. ) );
#649 = ORIENTED_EDGE ( 'NONE', *, *, #1098, .F. ) ;
#650 = VERTEX_POINT ( 'NONE', #3016 ) ;
#651 = VECTOR ( 'NONE', #270, 1000.000000000000000 ) ;
#652 = DIRECTION ( 'NONE',  ( -0.000000000000000000, -1.000000000000000000, -0.000000000000000000 ) ) ;
#653 = CARTESIAN_POINT ( 'NONE',  ( 1.799999999999999600, 0.2000000000000000111, -2.750000000000000000 ) ) ;
#654 = VECTOR ( 'NONE', #1504, 1000.000000000000000 ) ;
#655 = DIRECTION ( 'NONE',  ( 0.000000000000000000, 1.000000000000000000, -0.000000000000000000 ) ) ;
#656 = SURFACE_SIDE_STYLE ('',( #1402 ) ) ;
#657 = UNCERTAINTY_MEASURE_WITH_UNIT (LENGTH_MEASURE( 1.000000000000000082E-05 ), #5997, 'distance_accuracy_value', 'NONE');
#658 = CIRCLE ( 'NONE', #7825, 0.1499999999999997446 ) ;
#659 = CARTESIAN_POINT ( 'NONE',  ( -2.750000000000000000, 0.7000000000000000666, 0.5000000000000008882 ) ) ;
#660 = EDGE_CURVE ( 'NONE', #9105, #1371, #4420, .T. ) ;
#661 = ORIENTED_EDGE ( 'NONE', *, *, #4427, .T. ) ;
#662 = CYLINDRICAL_SURFACE ( 'NONE', #3541, 0.1499999999999997446 ) ;
#663 = DIRECTION ( 'NONE',  ( 0.000000000000000000, 0.000000000000000000, 1.000000000000000000 ) ) ;
#664 = EDGE_LOOP ( 'NONE', ( #8933, #6655, #2927, #6100 ) ) ;
#665 = ORIENTED_EDGE ( 'NONE', *, *, #1534, .F. ) ;
#666 = PLANE ( 'NONE',  #2759 ) ;
#667 = CIRCLE ( 'NONE', #4511, 0.1499999999999999667 ) ;
#668 = DIRECTION ( 'NONE',  ( 0.000000000000000000, 1.000000000000000000, 0.000000000000000000 ) ) ;
#669 = FACE_OUTER_BOUND ( 'NONE', #884, .T. ) ;
#670 = VERTEX_POINT ( 'NONE', #1578 ) ;
#671 = CARTESIAN_POINT ( 'NONE',  ( -1.450000000000000178, 0.1999999999999999833, -2.750000000000000000 ) ) ;
#672 = VECTOR ( 'NONE', #2142, 1000.000000000000000 ) ;
#673 = FACE_OUTER_BOUND ( 'NONE', #1038, .T. ) ;
#674 = ADVANCED_FACE ( 'NONE', ( #3070 ), #8218, .F. ) ;
#675 = LINE ( 'NONE', #9812, #601 ) ;
#676 = ORIENTED_EDGE ( 'NONE', *, *, #6286, .T. ) ;
#677 = AXIS2_PLACEMENT_3D ( 'NONE', #6227, #101, #244 ) ;
#678 = DIRECTION ( 'NONE',  ( -0.000000000000000000, -1.000000000000000000, -0.000000000000000000 ) ) ;
#679 = AXIS2_PLACEMENT_3D ( 'NONE', #1838, #227, #5710 ) ;
#680 =( NAMED_UNIT ( * ) PLANE_ANGLE_UNIT ( ) SI_UNIT ( $, .RADIAN. ) );
#681 = VERTEX_POINT ( 'NONE', #6712 ) ;
#682 = CARTESIAN_POINT ( 'NONE',  ( 0.000000000000000000, 0.7000000000000003997, 2.750000000000000000 ) ) ;
#683 = ORIENTED_EDGE ( 'NONE', *, *, #4653, .T. ) ;
#684 = ORIENTED_EDGE ( 'NONE', *, *, #2353, .F. ) ;
#685 = ADVANCED_FACE ( 'NONE', ( #5959 ), #2228, .F. ) ;
#686 = DIRECTION ( 'NONE',  ( 1.000000000000000000, 0.000000000000000000, 0.000000000000000000 ) ) ;
#687 = DIRECTION ( 'NONE',  ( 0.000000000000000000, -1.000000000000000000, 0.000000000000000000 ) ) ;
#688 = FACE_OUTER_BOUND ( 'NONE', #9057, .T. ) ;
#689 = DIRECTION ( 'NONE',  ( -1.000000000000000000, 0.000000000000000000, -0.000000000000000000 ) ) ;
#690 = ADVANCED_FACE ( 'NONE', ( #6814 ), #5266, .F. ) ;
#691 = STYLED_ITEM ( 'NONE', ( #1906 ), #6493 ) ;
#692 = ORIENTED_EDGE ( 'NONE', *, *, #7100, .T. ) ;
#693 = VECTOR ( 'NONE', #899, 1000.000000000000000 ) ;
#694 = ORIENTED_EDGE ( 'NONE', *, *, #3317, .T. ) ;
#695 = CARTESIAN_POINT ( 'NONE',  ( -3.000000000000000000, 0.7000000000000000666, 0.8000000000000003775 ) ) ;
#696 = PRESENTATION_STYLE_ASSIGNMENT (( #6826 ) ) ;
#697 = ORIENTED_EDGE ( 'NONE', *, *, #8843, .T. ) ;
#698 = ORIENTED_EDGE ( 'NONE', *, *, #4440, .F. ) ;
#699 = AXIS2_PLACEMENT_3D ( 'NONE', #2177, #6568, #1480 ) ;
#700 = CARTESIAN_POINT ( 'NONE',  ( 2.750000000000000000, 0.7000000000000000666, -0.1499999999999990785 ) ) ;
#701 = CARTESIAN_POINT ( 'NONE',  ( 2.299999999999999822, 0.1999999999999996503, -2.399999999999999911 ) ) ;
#702 = VECTOR ( 'NONE', #7137, 1000.000000000000000 ) ;
#703 = LINE ( 'NONE', #4541, #2559 ) ;
#704 = VECTOR ( 'NONE', #3824, 1000.000000000000000 ) ;
#705 = FILL_AREA_STYLE ('',( #3902 ) ) ;
#706 = EDGE_CURVE ( 'NONE', #5420, #4015, #555, .T. ) ;
#707 = AXIS2_PLACEMENT_3D ( 'NONE', #4956, #1121, #7207 ) ;
#708 = CARTESIAN_POINT ( 'NONE',  ( -0.8000000000000003775, 0.000000000000000000, -2.750000000000000000 ) ) ;
#709 = ORIENTED_EDGE ( 'NONE', *, *, #6232, .F. ) ;
#710 = PLANE ( 'NONE',  #4024 ) ;
#711 = PLANE ( 'NONE',  #2443 ) ;
#712 = ORIENTED_EDGE ( 'NONE', *, *, #1367, .F. ) ;
#713 = VERTEX_POINT ( 'NONE', #8413 ) ;
#714 = FACE_OUTER_BOUND ( 'NONE', #5374, .T. ) ;
#715 = CARTESIAN_POINT ( 'NONE',  ( 2.750000000000000000, 0.000000000000000000, 0.8000000000000003775 ) ) ;
#716 = EDGE_CURVE ( 'NONE', #7140, #495, #2935, .T. ) ;
#717 = CARTESIAN_POINT ( 'NONE',  ( -0.7999999999999999334, 0.7000000000000003997, -3.000000000000000000 ) ) ;
#718 = ORIENTED_EDGE ( 'NONE', *, *, #5447, .F. ) ;
#719 = FACE_OUTER_BOUND ( 'NONE', #6014, .T. ) ;
#720 = DIRECTION ( 'NONE',  ( 0.000000000000000000, 1.000000000000000000, 0.000000000000000000 ) ) ;
#721 = FACE_OUTER_BOUND ( 'NONE', #9206, .T. ) ;
#722 = ORIENTED_EDGE ( 'NONE', *, *, #8884, .F. ) ;
#723 = DIRECTION ( 'NONE',  ( 0.000000000000000000, -1.000000000000000000, 0.000000000000000000 ) ) ;
#724 =( NAMED_UNIT ( * ) SI_UNIT ( $, .STERADIAN. ) SOLID_ANGLE_UNIT ( ) );
#725 = ORIENTED_EDGE ( 'NONE', *, *, #5488, .T. ) ;
#726 = EDGE_CURVE ( 'NONE', #3359, #5859, #8367, .T. ) ;
#727 = CARTESIAN_POINT ( 'NONE',  ( -1.800000000000000044, 0.2000000000000000111, -2.750000000000000000 ) ) ;
#728 = EDGE_LOOP ( 'NONE', ( #5027, #1132, #939, #9842, #1809, #2007, #1002, #8930 ) ) ;
#729 = CARTESIAN_POINT ( 'NONE',  ( -1.949999999999999956, 0.2000000000000000111, -2.750000000000000000 ) ) ;
#730 = VERTEX_POINT ( 'NONE', #1483 ) ;
#731 = DIRECTION ( 'NONE',  ( 0.000000000000000000, 0.000000000000000000, -1.000000000000000000 ) ) ;
#732 = PLANE ( 'NONE',  #6519 ) ;
#733 = DIRECTION ( 'NONE',  ( 0.000000000000000000, 0.000000000000000000, 1.000000000000000000 ) ) ;
#734 = DIRECTION ( 'NONE',  ( 0.000000000000000000, 0.000000000000000000, -1.000000000000000000 ) ) ;
#735 = ORIENTED_EDGE ( 'NONE', *, *, #1008, .T. ) ;
#736 = EDGE_CURVE ( 'NONE', #5065, #4127, #5214, .T. ) ;
#737 = VECTOR ( 'NONE', #1330, 1000.000000000000000 ) ;
#738 = ORIENTED_EDGE ( 'NONE', *, *, #1111, .T. ) ;
#739 = CARTESIAN_POINT ( 'NONE',  ( -0.1500000000000003830, 0.04999999999999999584, 2.750000000000000000 ) ) ;
#740 = CARTESIAN_POINT ( 'NONE',  ( 2.100000000000000089, 0.2000000000000000111, 2.750000000000000000 ) ) ;
#741 = VERTEX_POINT ( 'NONE', #727 ) ;
#742 = EDGE_LOOP ( 'NONE', ( #7300, #8377, #5004, #4188 ) ) ;
#743 = VECTOR ( 'NONE', #2312, 1000.000000000000000 ) ;
#744 = DIRECTION ( 'NONE',  ( 0.000000000000000000, 0.000000000000000000, -1.000000000000000000 ) ) ;
#745 = DIRECTION ( 'NONE',  ( 0.000000000000000000, 0.000000000000000000, 1.000000000000000000 ) ) ;
#746 = ORIENTED_EDGE ( 'NONE', *, *, #8012, .T. ) ;
#747 = CARTESIAN_POINT ( 'NONE',  ( -1.450000000000005063, 0.05000000000000000278, 2.515349040166376598E-15 ) ) ;
#748 = AXIS2_PLACEMENT_3D ( 'NONE', #209, #8593, #6906 ) ;
#749 = DIRECTION ( 'NONE',  ( 0.000000000000000000, 0.000000000000000000, -1.000000000000000000 ) ) ;
#750 = ORIENTED_EDGE ( 'NONE', *, *, #9495, .T. ) ;
#751 = CARTESIAN_POINT ( 'NONE',  ( -2.750000000000000000, 0.000000000000000000, 0.1500000000000003830 ) ) ;
#752 = ADVANCED_FACE ( 'NONE', ( #9106 ), #7518, .T. ) ;
#753 = CARTESIAN_POINT ( 'NONE',  ( -0.6500000000000000222, 0.000000000000000000, 2.750000000000000000 ) ) ;
#754 = EDGE_LOOP ( 'NONE', ( #2583, #1391, #9348, #7374, #7923 ) ) ;
#755 = VERTEX_POINT ( 'NONE', #7568 ) ;
#756 = EDGE_CURVE ( 'NONE', #814, #274, #7887, .T. ) ;
#757 = EDGE_CURVE ( 'NONE', #1889, #8289, #6340, .T. ) ;
#758 = LINE ( 'NONE', #2117, #7996 ) ;
#759 = VECTOR ( 'NONE', #3976, 1000.000000000000000 ) ;
#760 = DIRECTION ( 'NONE',  ( 0.000000000000000000, 0.000000000000000000, 1.000000000000000000 ) ) ;
#761 = DIRECTION ( 'NONE',  ( -0.000000000000000000, -1.000000000000000000, -0.000000000000000000 ) ) ;
#762 = CARTESIAN_POINT ( 'NONE',  ( -2.100000000000000089, 0.000000000000000000, 3.000000000000000000 ) ) ;
#763 = VERTEX_POINT ( 'NONE', #9308 ) ;
#764 = CARTESIAN_POINT ( 'NONE',  ( 2.750000000000000000, 0.7000000000000000666, 0.6500000000000005773 ) ) ;
#765 = ADVANCED_FACE ( 'NONE', ( #7763 ), #1775, .T. ) ;
#766 = DIRECTION ( 'NONE',  ( -0.000000000000000000, -1.000000000000000000, -0.000000000000000000 ) ) ;
#767 = CARTESIAN_POINT ( 'NONE',  ( 2.100000000000000089, 0.1999999999999999833, 3.000000000000000000 ) ) ;
#768 = ORIENTED_EDGE ( 'NONE', *, *, #8208, .F. ) ;
#769 = DIRECTION ( 'NONE',  ( -0.000000000000000000, -1.000000000000000000, -0.000000000000000000 ) ) ;
#770 = DIRECTION ( 'NONE',  ( 0.000000000000000000, -0.000000000000000000, -1.000000000000000000 ) ) ;
#771 = ORIENTED_EDGE ( 'NONE', *, *, #958, .F. ) ;
#772 = DIRECTION ( 'NONE',  ( 1.000000000000000000, -0.000000000000000000, 1.734723475976805714E-15 ) ) ;
#773 = VERTEX_POINT ( 'NONE', #1679 ) ;
#774 = CARTESIAN_POINT ( 'NONE',  ( 3.000000000000000000, 0.04999999999999969746, 0.5000000000000004441 ) ) ;
#775 = ORIENTED_EDGE ( 'NONE', *, *, #8660, .T. ) ;
#776 = EDGE_CURVE ( 'NONE', #597, #4379, #4376, .T. ) ;
#777 = ORIENTED_EDGE ( 'NONE', *, *, #5488, .F. ) ;
#778 = DIRECTION ( 'NONE',  ( 0.000000000000000000, -1.000000000000000000, 0.000000000000000000 ) ) ;
#779 = VECTOR ( 'NONE', #7235, 1000.000000000000000 ) ;
#780 = DIRECTION ( 'NONE',  ( 0.000000000000000000, 0.000000000000000000, -1.000000000000000000 ) ) ;
#781 = DIRECTION ( 'NONE',  ( 1.000000000000000000, 0.000000000000000000, 0.000000000000000000 ) ) ;
#782 = DIRECTION ( 'NONE',  ( -0.000000000000000000, -1.000000000000000000, -0.000000000000000000 ) ) ;
#783 = EDGE_LOOP ( 'NONE', ( #1332, #8552, #3021, #8312 ) ) ;
#785 = VERTEX_POINT ( 'NONE', #3212 ) ;
#784 = VECTOR ( 'NONE', #1858, 1000.000000000000000 ) ;
#786 = VECTOR ( 'NONE', #5496, 1000.000000000000000 ) ;
#787 = DIRECTION ( 'NONE',  ( -0.000000000000000000, -0.000000000000000000, 1.000000000000000000 ) ) ;
#788 = DIRECTION ( 'NONE',  ( 0.000000000000000000, 0.000000000000000000, -1.000000000000000000 ) ) ;
#789 = EDGE_LOOP ( 'NONE', ( #9419, #5835, #8526, #3074 ) ) ;
#790 = ORIENTED_EDGE ( 'NONE', *, *, #571, .T. ) ;
#791 = PLANE ( 'NONE',  #2876 ) ;
#792 = LINE ( 'NONE', #8576, #3011 ) ;
#793 = EDGE_CURVE ( 'NONE', #8061, #7531, #5463, .T. ) ;
#794 = AXIS2_PLACEMENT_3D ( 'NONE', #1540, #4577, #7622 ) ;
#795 = ORIENTED_EDGE ( 'NONE', *, *, #7432, .F. ) ;
#796 = VECTOR ( 'NONE', #282, 1000.000000000000000 ) ;
#797 = CARTESIAN_POINT ( 'NONE',  ( 0.1499999999999999667, 0.05000000000000000278, 0.000000000000000000 ) ) ;
#798 = AXIS2_PLACEMENT_3D ( 'NONE', #843, #3893, #91 ) ;
#799 =( NAMED_UNIT ( * ) PLANE_ANGLE_UNIT ( ) SI_UNIT ( $, .RADIAN. ) );
#800 = VERTEX_POINT ( 'NONE', #4809 ) ;
#801 = CARTESIAN_POINT ( 'NONE',  ( 3.000000000000000000, 0.7000000000000000666, 0.8000000000000003775 ) ) ;
#802 = AXIS2_PLACEMENT_3D ( 'NONE', #5538, #6284, #8587 ) ;
#803 = CARTESIAN_POINT ( 'NONE',  ( -3.000000000000000000, 0.1999999999999999833, 0.1500000000000003830 ) ) ;
#804 = VERTEX_POINT ( 'NONE', #7062 ) ;
#805 = ORIENTED_EDGE ( 'NONE', *, *, #4990, .F. ) ;
#806 = VECTOR ( 'NONE', #6070, 1000.000000000000000 ) ;
#807 = CARTESIAN_POINT ( 'NONE',  ( -0.1499999999999999667, 0.2000000000000000111, -3.000000000000000000 ) ) ;
#808 = ADVANCED_FACE ( 'NONE', ( #5408 ), #4713, .F. ) ;
#809 = DIRECTION ( 'NONE',  ( -0.000000000000000000, -1.000000000000000000, -0.000000000000000000 ) ) ;
#810 = DIRECTION ( 'NONE',  ( 0.000000000000000000, -0.000000000000000000, 1.000000000000000000 ) ) ;
#811 = CARTESIAN_POINT ( 'NONE',  ( -0.1499999999999999667, 0.04999999999999969746, 3.000000000000000000 ) ) ;
#812 = VECTOR ( 'NONE', #4691, 1000.000000000000000 ) ;
#813 = EDGE_CURVE ( 'NONE', #4537, #4660, #9798, .T. ) ;
#814 = VERTEX_POINT ( 'NONE', #220 ) ;
#815 = VECTOR ( 'NONE', #3744, 1000.000000000000000 ) ;
#816 = PLANE ( 'NONE',  #3779 ) ;
#817 = CARTESIAN_POINT ( 'NONE',  ( -3.000000000000000000, 0.7000000000000000666, 0.1500000000000003830 ) ) ;
#818 = CARTESIAN_POINT ( 'NONE',  ( -3.122502256758260264E-15, 0.05000000000000000278, 1.800000000000005596 ) ) ;
#819 = ORIENTED_EDGE ( 'NONE', *, *, #7287, .T. ) ;
#820 = LINE ( 'NONE', #7712, #5457 ) ;
#821 = FILL_AREA_STYLE_COLOUR ( '', #6020 ) ;
#822 = EDGE_CURVE ( 'NONE', #1953, #3940, #8462, .T. ) ;
#823 = VERTEX_POINT ( 'NONE', #6250 ) ;
#824 = DIRECTION ( 'NONE',  ( 0.000000000000000000, 1.000000000000000000, 0.000000000000000000 ) ) ;
#825 = EDGE_CURVE ( 'NONE', #741, #5128, #876, .T. ) ;
#826 = EDGE_CURVE ( 'NONE', #8697, #1725, #3923, .T. ) ;
#827 = CIRCLE ( 'NONE', #9262, 0.1499999999999997446 ) ;
#828 = ORIENTED_EDGE ( 'NONE', *, *, #9409, .T. ) ;
#829 = DIRECTION ( 'NONE',  ( 0.000000000000000000, 0.000000000000000000, -1.000000000000000000 ) ) ;
#830 = ORIENTED_EDGE ( 'NONE', *, *, #1294, .T. ) ;
#831 = AXIS2_PLACEMENT_3D ( 'NONE', #4298, #7344, #7293 ) ;
#832 = DIRECTION ( 'NONE',  ( 0.000000000000000000, -0.000000000000000000, 1.000000000000000000 ) ) ;
#833 = AXIS2_PLACEMENT_3D ( 'NONE', #6274, #668, #9326 ) ;
#834 = FACE_OUTER_BOUND ( 'NONE', #5523, .T. ) ;
#835 = DIRECTION ( 'NONE',  ( 0.000000000000000000, 0.000000000000000000, -1.000000000000000000 ) ) ;
#836 = DIRECTION ( 'NONE',  ( 0.000000000000000000, 1.000000000000000000, -0.000000000000000000 ) ) ;
#837 = CARTESIAN_POINT ( 'NONE',  ( -3.000000000000000000, 0.7000000000000000666, 1.150000000000000355 ) ) ;
#838 = EDGE_CURVE ( 'NONE', #4894, #9490, #5505, .T. ) ;
#839 = ORIENTED_EDGE ( 'NONE', *, *, #8923, .F. ) ;
#840 = CIRCLE ( 'NONE', #1958, 0.1499999999999999667 ) ;
#841 = ORIENTED_EDGE ( 'NONE', *, *, #4896, .F. ) ;
#842 = LINE ( 'NONE', #8423, #145 ) ;
#843 = CARTESIAN_POINT ( 'NONE',  ( -0.6500000000000000222, 0.000000000000000000, -2.750000000000000000 ) ) ;
#844 = ORIENTED_EDGE ( 'NONE', *, *, #5202, .T. ) ;
#845 = EDGE_LOOP ( 'NONE', ( #3288, #7088, #8814, #4534 ) ) ;
#846 = CARTESIAN_POINT ( 'NONE',  ( 3.000000000000000000, 0.7000000000000000666, -1.799999999999999600 ) ) ;
#847 = CARTESIAN_POINT ( 'NONE',  ( -2.750000000000000000, 0.1999999999999999833, 0.5000000000000008882 ) ) ;
#848 = VERTEX_POINT ( 'NONE', #1070 ) ;
#849 = VECTOR ( 'NONE', #3158, 1000.000000000000000 ) ;
#850 = DIRECTION ( 'NONE',  ( 0.000000000000000000, -1.000000000000000000, 0.000000000000000000 ) ) ;
#851 = SURFACE_SIDE_STYLE ('',( #8339 ) ) ;
#852 = ORIENTED_EDGE ( 'NONE', *, *, #8, .F. ) ;
#853 = DIRECTION ( 'NONE',  ( -1.000000000000000000, 0.000000000000000000, 1.734723475976805714E-15 ) ) ;
#854 = AXIS2_PLACEMENT_3D ( 'NONE', #5444, #8495, #6135 ) ;
#855 = CARTESIAN_POINT ( 'NONE',  ( -1.300000000000000044, 0.2000000000000000111, -2.750000000000000000 ) ) ;
#856 = ORIENTED_EDGE ( 'NONE', *, *, #2595, .T. ) ;
#857 = VERTEX_POINT ( 'NONE', #3162 ) ;
#858 = AXIS2_PLACEMENT_3D ( 'NONE', #245, #7789, #4840 ) ;
#859 = CARTESIAN_POINT ( 'NONE',  ( 2.750000000000000000, 0.000000000000000000, -1.149999999999999467 ) ) ;
#860 = CYLINDRICAL_SURFACE ( 'NONE', #4153, 0.1499999999999999667 ) ;
#861 = CARTESIAN_POINT ( 'NONE',  ( -1.800000000000000044, 0.7000000000000003997, -3.000000000000000000 ) ) ;
#862 = AXIS2_PLACEMENT_3D ( 'NONE', #9433, #242, #8580 ) ;
#863 = ORIENTED_EDGE ( 'NONE', *, *, #8208, .T. ) ;
#864 = LINE ( 'NONE', #4702, #610 ) ;
#865 = EDGE_CURVE ( 'NONE', #8658, #2726, #265, .T. ) ;
#866 = LINE ( 'NONE', #9246, #2499 ) ;
#867 = DIRECTION ( 'NONE',  ( 0.000000000000000000, 0.000000000000000000, 1.000000000000000000 ) ) ;
#868 = AXIS2_PLACEMENT_3D ( 'NONE', #312, #2512, #4907 ) ;
#869 = EDGE_CURVE ( 'NONE', #4602, #8188, #9354, .T. ) ;
#870 = LINE ( 'NONE', #767, #2666 ) ;
#871 = ORIENTED_EDGE ( 'NONE', *, *, #8633, .T. ) ;
#872 = DIRECTION ( 'NONE',  ( 0.000000000000000000, 0.000000000000000000, -1.000000000000000000 ) ) ;
#873 = SURFACE_STYLE_USAGE ( .BOTH. , #4664 ) ;
#874 = ORIENTED_EDGE ( 'NONE', *, *, #3935, .F. ) ;
#875 = FACE_OUTER_BOUND ( 'NONE', #9037, .T. ) ;
#876 = LINE ( 'NONE', #6298, #4230 ) ;
#877 = EDGE_LOOP ( 'NONE', ( #4936, #55, #4402, #635 ) ) ;
#878 = FILL_AREA_STYLE_COLOUR ( '', #4148 ) ;
#879 = EDGE_CURVE ( 'NONE', #7048, #2849, #8554, .T. ) ;
#880 = LINE ( 'NONE', #9163, #4630 ) ;
#881 = FACE_OUTER_BOUND ( 'NONE', #6748, .T. ) ;
#882 = DIRECTION ( 'NONE',  ( 0.000000000000000000, 0.000000000000000000, 1.000000000000000000 ) ) ;
#883 = CARTESIAN_POINT ( 'NONE',  ( -0.6500000000000000222, 0.2000000000000000111, 2.750000000000000000 ) ) ;
#884 = EDGE_LOOP ( 'NONE', ( #1020, #5719, #8007, #3118 ) ) ;
#885 = ORIENTED_EDGE ( 'NONE', *, *, #1672, .T. ) ;
#886 = FACE_OUTER_BOUND ( 'NONE', #2378, .T. ) ;
#887 = EDGE_CURVE ( 'NONE', #6789, #713, #2513, .T. ) ;
#888 = ORIENTED_EDGE ( 'NONE', *, *, #4568, .T. ) ;
#889 = ORIENTED_EDGE ( 'NONE', *, *, #2562, .F. ) ;
#890 = EDGE_CURVE ( 'NONE', #8176, #9147, #8606, .T. ) ;
#891 = CARTESIAN_POINT ( 'NONE',  ( 3.000000000000000000, 0.7000000000000000666, -1.799999999999999600 ) ) ;
#892 = CARTESIAN_POINT ( 'NONE',  ( 1.949999999999999956, 0.2000000000000000111, 2.750000000000000000 ) ) ;
#893 = VERTEX_POINT ( 'NONE', #2566 ) ;
#894 = CARTESIAN_POINT ( 'NONE',  ( 3.000000000000000000, 0.1999999999999999833, -1.799999999999999600 ) ) ;
#895 = FACE_OUTER_BOUND ( 'NONE', #3183, .T. ) ;
#896 = CIRCLE ( 'NONE', #7267, 0.1499999999999997446 ) ;
#897 = ORIENTED_EDGE ( 'NONE', *, *, #8716, .T. ) ;
#898 = CARTESIAN_POINT ( 'NONE',  ( -1.449999999999999956, 0.04999999999999969746, 3.000000000000000000 ) ) ;
#899 = DIRECTION ( 'NONE',  ( -1.000000000000000000, 0.000000000000000000, 0.000000000000000000 ) ) ;
#900 = ORIENTED_EDGE ( 'NONE', *, *, #8436, .F. ) ;
#901 = ORIENTED_EDGE ( 'NONE', *, *, #6662, .T. ) ;
#902 = EDGE_CURVE ( 'NONE', #6610, #5678, #8064, .T. ) ;
#903 = LINE ( 'NONE', #8445, #9715 ) ;
#904 = DIRECTION ( 'NONE',  ( 0.000000000000000000, 1.000000000000000000, -0.000000000000000000 ) ) ;
#905 = EDGE_CURVE ( 'NONE', #4379, #514, #8512, .T. ) ;
#906 = VERTEX_POINT ( 'NONE', #5755 ) ;
#907 = APPLICATION_CONTEXT ( 'automotive_design' ) ;
#908 = CARTESIAN_POINT ( 'NONE',  ( 2.750000000000000000, 0.7000000000000000666, 0.5000000000000008882 ) ) ;
#909 = FACE_OUTER_BOUND ( 'NONE', #3468, .T. ) ;
#910 = VECTOR ( 'NONE', #9512, 1000.000000000000000 ) ;
#911 = CARTESIAN_POINT ( 'NONE',  ( -3.000000000000000000, 0.1999999999999999833, 0.8000000000000003775 ) ) ;
#912 = ORIENTED_EDGE ( 'NONE', *, *, #1799, .F. ) ;
#913 = EDGE_CURVE ( 'NONE', #1051, #4709, #3757, .T. ) ;
#914 = CARTESIAN_POINT ( 'NONE',  ( 2.750000000000000000, 0.000000000000000000, -1.449999999999999067 ) ) ;
#915 = FACE_OUTER_BOUND ( 'NONE', #7680, .T. ) ;
#916 = ORIENTED_EDGE ( 'NONE', *, *, #473, .F. ) ;
#917 = DIRECTION ( 'NONE',  ( 0.000000000000000000, 0.000000000000000000, 1.000000000000000000 ) ) ;
#918 = AXIS2_PLACEMENT_3D ( 'NONE', #6594, #3610, #7450 ) ;
#919 =( GEOMETRIC_REPRESENTATION_CONTEXT ( 3 ) GLOBAL_UNCERTAINTY_ASSIGNED_CONTEXT ( ( #7372 ) ) GLOBAL_UNIT_ASSIGNED_CONTEXT ( ( #2808, #5149, #358 ) ) REPRESENTATION_CONTEXT ( 'NONE', 'WORKASPACE' ) );
#920 = CARTESIAN_POINT ( 'NONE',  ( 1.149999999999999467, 0.1999999999999999833, -2.750000000000000000 ) ) ;
#921 = ORIENTED_EDGE ( 'NONE', *, *, #7633, .T. ) ;
#922 =( LENGTH_UNIT ( ) NAMED_UNIT ( * ) SI_UNIT ( .MILLI., .METRE. ) );
#923 = DIRECTION ( 'NONE',  ( 0.000000000000000000, -1.000000000000000000, 0.000000000000000000 ) ) ;
#924 = LINE ( 'NONE', #1729, #7808 ) ;
#925 = CARTESIAN_POINT ( 'NONE',  ( 0.1499999999999999667, 0.2000000000000000111, 3.000000000000000000 ) ) ;
#926 = FILL_AREA_STYLE_COLOUR ( '', #7001 ) ;
#927 = ORIENTED_EDGE ( 'NONE', *, *, #1950, .F. ) ;
#928 = EDGE_CURVE ( 'NONE', #4567, #79, #3466, .T. ) ;
#929 = CARTESIAN_POINT ( 'NONE',  ( -0.5000000000000000000, 0.7000000000000003997, -3.000000000000000000 ) ) ;
#930 = ORIENTED_EDGE ( 'NONE', *, *, #8896, .T. ) ;
#931 = DIRECTION ( 'NONE',  ( 0.000000000000000000, -1.000000000000000000, 0.000000000000000000 ) ) ;
#932 = PRESENTATION_LAYER_ASSIGNMENT (  '', '', ( #5075 ) ) ;
#933 = VECTOR ( 'NONE', #1394, 1000.000000000000000 ) ;
#934 = DIRECTION ( 'NONE',  ( 0.000000000000000000, 0.000000000000000000, -1.000000000000000000 ) ) ;
#935 = ORIENTED_EDGE ( 'NONE', *, *, #2826, .F. ) ;
#936 = VERTEX_POINT ( 'NONE', #3519 ) ;
#937 = DIRECTION ( 'NONE',  ( 1.000000000000000000, -0.000000000000000000, -7.228014483236695816E-17 ) ) ;
#938 = DIRECTION ( 'NONE',  ( -1.000000000000000000, 0.000000000000000000, 0.000000000000000000 ) ) ;
#939 = ORIENTED_EDGE ( 'NONE', *, *, #3570, .T. ) ;
#940 = LINE ( 'NONE', #6169, #9714 ) ;
#941 = VECTOR ( 'NONE', #599, 1000.000000000000000 ) ;
#942 = EDGE_CURVE ( 'NONE', #681, #3256, #5659, .T. ) ;
#943 = UNCERTAINTY_MEASURE_WITH_UNIT (LENGTH_MEASURE( 1.000000000000000082E-05 ), #3258, 'distance_accuracy_value', 'NONE');
#944 = VECTOR ( 'NONE', #256, 1000.000000000000000 ) ;
#945 = EDGE_CURVE ( 'NONE', #7662, #259, #5179, .T. ) ;
#946 = ADVANCED_FACE ( 'NONE', ( #2025 ), #4218, .F. ) ;
#947 = ORIENTED_EDGE ( 'NONE', *, *, #3811, .F. ) ;
#948 = CARTESIAN_POINT ( 'NONE',  ( -3.000000000000000000, 0.2000000000000005107, 2.100000000000000089 ) ) ;
#949 = CARTESIAN_POINT ( 'NONE',  ( -0.5000000000000000000, 0.2000000000000000111, 3.000000000000000000 ) ) ;
#950 = ORIENTED_EDGE ( 'NONE', *, *, #6294, .T. ) ;
#951 = VERTEX_POINT ( 'NONE', #2721 ) ;
#952 = VECTOR ( 'NONE', #5072, 1000.000000000000000 ) ;
#953 = AXIS2_PLACEMENT_3D ( 'NONE', #1795, #4041, #4830 ) ;
#954 = LINE ( 'NONE', #8586, #7159 ) ;
#955 = CARTESIAN_POINT ( 'NONE',  ( -0.6500000000000000222, 0.2000000000000000111, -2.750000000000000000 ) ) ;
#956 = DIRECTION ( 'NONE',  ( 0.000000000000000000, -1.000000000000000000, 0.000000000000000000 ) ) ;
#957 = ORIENTED_EDGE ( 'NONE', *, *, #1131, .F. ) ;
#958 = EDGE_CURVE ( 'NONE', #165, #9620, #6444, .T. ) ;
#959 = PRESENTATION_LAYER_ASSIGNMENT (  '', '', ( #1442 ) ) ;
#960 = VECTOR ( 'NONE', #7748, 1000.000000000000000 ) ;
#961 = VECTOR ( 'NONE', #1487, 1000.000000000000000 ) ;
#962 = DIRECTION ( 'NONE',  ( -1.000000000000000000, 0.000000000000000000, -9.035018104045871927E-17 ) ) ;
#963 = AXIS2_PLACEMENT_3D ( 'NONE', #7832, #9373, #7884 ) ;
#964 = LINE ( 'NONE', #8099, #1749 ) ;
#965 = AXIS2_PLACEMENT_3D ( 'NONE', #4345, #7392, #8049 ) ;
#966 = CARTESIAN_POINT ( 'NONE',  ( 0.1499999999999999667, 0.04999999999999999584, -2.750000000000000000 ) ) ;
#967 = ORIENTED_EDGE ( 'NONE', *, *, #7946, .F. ) ;
#968 = VECTOR ( 'NONE', #7158, 1000.000000000000000 ) ;
#969 = DIRECTION ( 'NONE',  ( -0.000000000000000000, -1.000000000000000000, -0.000000000000000000 ) ) ;
#970 =( NAMED_UNIT ( * ) PLANE_ANGLE_UNIT ( ) SI_UNIT ( $, .RADIAN. ) );
#971 = ORIENTED_EDGE ( 'NONE', *, *, #6860, .F. ) ;
#972 = CARTESIAN_POINT ( 'NONE',  ( 3.000000000000000000, 0.7000000000000000666, -0.4999999999999995559 ) ) ;
#973 = ADVANCED_FACE ( 'NONE', ( #5009 ), #5802, .T. ) ;
#974 = DIRECTION ( 'NONE',  ( 1.000000000000000000, -0.000000000000000000, 1.807003620809174385E-16 ) ) ;
#975 = ORIENTED_EDGE ( 'NONE', *, *, #2865, .F. ) ;
#976 = EDGE_CURVE ( 'NONE', #218, #2149, #1268, .T. ) ;
#977 = CARTESIAN_POINT ( 'NONE',  ( -2.299999999999999822, 0.1999999999999996503, 2.399999999999999467 ) ) ;
#978 = CARTESIAN_POINT ( 'NONE',  ( -1.949999999999999956, 0.04999999999999999584, 2.599999999999999645 ) ) ;
#979 = CARTESIAN_POINT ( 'NONE',  ( -1.949999999999999956, 0.2000000000000000111, -2.750000000000000000 ) ) ;
#980 = CARTESIAN_POINT ( 'NONE',  ( -0.6500000000000000222, 0.2000000000000000111, 2.600000000000000089 ) ) ;
#981 = AXIS2_PLACEMENT_3D ( 'NONE', #8735, #8791, #1955 ) ;
#982 = DIRECTION ( 'NONE',  ( 0.000000000000000000, 1.000000000000000000, 0.000000000000000000 ) ) ;
#983 = ORIENTED_EDGE ( 'NONE', *, *, #8357, .T. ) ;
#984 = DIRECTION ( 'NONE',  ( 0.000000000000000000, -1.000000000000000000, 0.000000000000000000 ) ) ;
#985 = VERTEX_POINT ( 'NONE', #8065 ) ;
#986 = ADVANCED_FACE ( 'NONE', ( #1926 ), #8108, .T. ) ;
#987 = FACE_OUTER_BOUND ( 'NONE', #1050, .T. ) ;
#988 = AXIS2_PLACEMENT_3D ( 'NONE', #2587, #5576, #9376 ) ;
#989 = EDGE_LOOP ( 'NONE', ( #795, #8384, #1755, #6975, #8175 ) ) ;
#990 = ORIENTED_EDGE ( 'NONE', *, *, #156, .F. ) ;
#991 = CARTESIAN_POINT ( 'NONE',  ( 2.299999999999999822, 0.05000000000000000278, 2.400000000000000355 ) ) ;
#992 = EDGE_CURVE ( 'NONE', #5826, #3143, #3571, .T. ) ;
#993 = CARTESIAN_POINT ( 'NONE',  ( -0.4999999999999997780, 0.7000000000000003997, 2.750000000000000000 ) ) ;
#994 = DIRECTION ( 'NONE',  ( 0.000000000000000000, -0.000000000000000000, -1.000000000000000000 ) ) ;
#995 = ORIENTED_EDGE ( 'NONE', *, *, #587, .T. ) ;
#996 = DIRECTION ( 'NONE',  ( -0.7071067811865519026, -0.000000000000000000, 0.7071067811865431318 ) ) ;
#997 = AXIS2_PLACEMENT_3D ( 'NONE', #2159, #6790, #5190 ) ;
#998 = VECTOR ( 'NONE', #4124, 1000.000000000000000 ) ;
#999 = EDGE_LOOP ( 'NONE', ( #6082, #460, #3193, #5378, #7745 ) ) ;
#1000 = DIRECTION ( 'NONE',  ( -0.000000000000000000, -1.000000000000000000, -0.000000000000000000 ) ) ;
#1001 = CARTESIAN_POINT ( 'NONE',  ( 2.299999999999999822, 0.000000000000000000, -2.399999999999999911 ) ) ;
#1002 = ORIENTED_EDGE ( 'NONE', *, *, #2196, .T. ) ;
#1003 = VERTEX_POINT ( 'NONE', #9461 ) ;
#1004 = AXIS2_PLACEMENT_3D ( 'NONE', #260, #216, #2614 ) ;
#1005 = ADVANCED_FACE ( 'NONE', ( #4909 ), #8811, .F. ) ;
#1006 = AXIS2_PLACEMENT_3D ( 'NONE', #4505, #6085, #11 ) ;
#1007 = CARTESIAN_POINT ( 'NONE',  ( 3.000000000000000000, 0.1999999999999999833, -0.7999999999999994893 ) ) ;
#1008 = EDGE_CURVE ( 'NONE', #7531, #6902, #5849, .T. ) ;
#1009 = CARTESIAN_POINT ( 'NONE',  ( -1.149999999999999911, 0.1999999999999999833, 3.000000000000000000 ) ) ;
#1010 = LINE ( 'NONE', #9446, #2607 ) ;
#1011 = ORIENTED_EDGE ( 'NONE', *, *, #7968, .F. ) ;
#1012 = VECTOR ( 'NONE', #956, 1000.000000000000000 ) ;
#1013 = CARTESIAN_POINT ( 'NONE',  ( 2.750000000000000000, 0.000000000000000000, -1.949999999999999289 ) ) ;
#1014 = VECTOR ( 'NONE', #6940, 1000.000000000000000 ) ;
#1015 = CARTESIAN_POINT ( 'NONE',  ( 2.750000000000000000, 0.7000000000000000666, 1.950000000000000622 ) ) ;
#1016 = CARTESIAN_POINT ( 'NONE',  ( 1.799999999999999600, 0.2000000000000000111, 2.750000000000000000 ) ) ;
#1017 = EDGE_CURVE ( 'NONE', #5683, #9770, #5107, .T. ) ;
#1018 = STYLED_ITEM ( 'NONE', ( #3438 ), #6714 ) ;
#1019 = DIRECTION ( 'NONE',  ( 0.000000000000000000, -1.000000000000000000, 0.000000000000000000 ) ) ;
#1020 = ORIENTED_EDGE ( 'NONE', *, *, #3578, .F. ) ;
#1021 = DIRECTION ( 'NONE',  ( 1.734723475976805714E-15, 0.000000000000000000, -1.000000000000000000 ) ) ;
#1022 = ORIENTED_EDGE ( 'NONE', *, *, #7839, .T. ) ;
#1023 = LINE ( 'NONE', #1922, #9633 ) ;
#1024 = DIRECTION ( 'NONE',  ( -0.000000000000000000, -0.000000000000000000, -1.000000000000000000 ) ) ;
#1025 = VECTOR ( 'NONE', #7007, 1000.000000000000000 ) ;
#1026 = VERTEX_POINT ( 'NONE', #7210 ) ;
#1027 = FACE_OUTER_BOUND ( 'NONE', #8393, .T. ) ;
#1028 = DIRECTION ( 'NONE',  ( -1.000000000000000000, 0.000000000000000000, -0.000000000000000000 ) ) ;
#1029 = ORIENTED_EDGE ( 'NONE', *, *, #6211, .T. ) ;
#1030 = DIRECTION ( 'NONE',  ( 1.000000000000000000, 0.000000000000000000, -7.228014483236694583E-17 ) ) ;
#1031 = LINE ( 'NONE', #7116, #4344 ) ;
#1032 = CARTESIAN_POINT ( 'NONE',  ( -2.399999999999999911, 0.000000000000000000, 2.299999999999998934 ) ) ;
#1033 = EDGE_CURVE ( 'NONE', #2258, #3237, #7411, .T. ) ;
#1034 = VERTEX_POINT ( 'NONE', #5704 ) ;
#1035 = CARTESIAN_POINT ( 'NONE',  ( 3.000000000000000000, 0.7000000000000000666, -1.149999999999999467 ) ) ;
#1036 = ORIENTED_EDGE ( 'NONE', *, *, #928, .T. ) ;
#1037 = CARTESIAN_POINT ( 'NONE',  ( -0.1500000000000003830, 0.7000000000000003997, 2.750000000000000000 ) ) ;
#1038 = EDGE_LOOP ( 'NONE', ( #6454, #935, #3069, #927 ) ) ;
#1039 = ORIENTED_EDGE ( 'NONE', *, *, #9392, .T. ) ;
#1040 = LINE ( 'NONE', #9428, #7505 ) ;
#1041 = CARTESIAN_POINT ( 'NONE',  ( -0.5000000000000000000, 0.05000000000000000278, 0.000000000000000000 ) ) ;
#1042 = DIRECTION ( 'NONE',  ( 0.000000000000000000, 1.000000000000000000, 0.000000000000000000 ) ) ;
#1043 = ORIENTED_EDGE ( 'NONE', *, *, #3795, .F. ) ;
#1044 = LINE ( 'NONE', #97, #8440 ) ;
#1045 = ADVANCED_FACE ( 'NONE', ( #8754 ), #4957, .T. ) ;
#1046 = CYLINDRICAL_SURFACE ( 'NONE', #862, 0.1499999999999997446 ) ;
#1047 = ORIENTED_EDGE ( 'NONE', *, *, #5911, .F. ) ;
#1048 = CARTESIAN_POINT ( 'NONE',  ( 3.000000000000000000, 0.7000000000000000666, 1.150000000000000355 ) ) ;
#1049 = DIRECTION ( 'NONE',  ( -0.000000000000000000, -0.000000000000000000, 1.000000000000000000 ) ) ;
#1050 = EDGE_LOOP ( 'NONE', ( #1954, #3015, #9185, #3895 ) ) ;
#1051 = VERTEX_POINT ( 'NONE', #415 ) ;
#1052 = CARTESIAN_POINT ( 'NONE',  ( -3.000000000000000000, 0.05000000000000000278, 3.000000000000000444 ) ) ;
#1053 = FACE_OUTER_BOUND ( 'NONE', #6762, .T. ) ;
#1054 = LINE ( 'NONE', #3911, #6855 ) ;
#1055 = FACE_OUTER_BOUND ( 'NONE', #6511, .T. ) ;
#1056 = VERTEX_POINT ( 'NONE', #8253 ) ;
#1057 = DIRECTION ( 'NONE',  ( -0.000000000000000000, -1.000000000000000000, -0.000000000000000000 ) ) ;
#1058 = CARTESIAN_POINT ( 'NONE',  ( -0.8000000000000051514, 0.05000000000000000278, 1.387778780781453170E-15 ) ) ;
#1059 = EDGE_CURVE ( 'NONE', #7060, #7467, #5158, .T. ) ;
#1060 = ADVANCED_FACE ( 'NONE', ( #719 ), #1416, .T. ) ;
#1061 = DIRECTION ( 'NONE',  ( 1.000000000000000000, -0.000000000000000000, -7.228014483236695816E-17 ) ) ;
#1063 = VECTOR ( 'NONE', #618, 1000.000000000000000 ) ;
#1062 = LINE ( 'NONE', #4111, #8730 ) ;
#1064 = EDGE_LOOP ( 'NONE', ( #3703, #2852 ) ) ;
#1065 = CARTESIAN_POINT ( 'NONE',  ( -2.750000000000000000, 0.1999999999999999833, -1.299999999999999378 ) ) ;
#1066 = VERTEX_POINT ( 'NONE', #3716 ) ;
#1067 = DIRECTION ( 'NONE',  ( 0.000000000000000000, 0.000000000000000000, -1.000000000000000000 ) ) ;
#1068 = EDGE_CURVE ( 'NONE', #1138, #1773, #6852, .T. ) ;
#1069 = AXIS2_PLACEMENT_3D ( 'NONE', #8560, #6256, #6399 ) ;
#1070 = CARTESIAN_POINT ( 'NONE',  ( -3.000000000000000000, 0.04999999999999969746, 1.450000000000000400 ) ) ;
#1071 = EDGE_LOOP ( 'NONE', ( #4424, #5489, #2050, #3271 ) ) ;
#1072 = CARTESIAN_POINT ( 'NONE',  ( -1.800000000000000044, 0.7000000000000003997, -3.000000000000000000 ) ) ;
#1073 = CARTESIAN_POINT ( 'NONE',  ( -2.750000000000000000, 0.1999999999999999833, -0.1499999999999990785 ) ) ;
#1074 = ORIENTED_EDGE ( 'NONE', *, *, #4649, .T. ) ;
#1075 = CARTESIAN_POINT ( 'NONE',  ( 1.449999999999999956, 0.7000000000000003997, -3.000000000000000000 ) ) ;
#1076 = AXIS2_PLACEMENT_3D ( 'NONE', #7103, #1823, #7149 ) ;
#1077 = CARTESIAN_POINT ( 'NONE',  ( -1.149999999999999911, 0.2000000000000000111, 3.000000000000000000 ) ) ;
#1078 = CIRCLE ( 'NONE', #5377, 0.1499999999999997446 ) ;
#1079 = PRESENTATION_STYLE_ASSIGNMENT (( #7920 ) ) ;
#1080 = VERTEX_POINT ( 'NONE', #4513 ) ;
#1081 = EDGE_CURVE ( 'NONE', #8163, #9280, #8083, .T. ) ;
#1082 = CARTESIAN_POINT ( 'NONE',  ( -3.000000000000000000, 0.05000000000000000278, 3.000000000000000444 ) ) ;
#1083 = EDGE_LOOP ( 'NONE', ( #4407, #572, #6716, #6680 ) ) ;
#1084 = CARTESIAN_POINT ( 'NONE',  ( -2.750000000000000000, 0.1999999999999999833, -1.449999999999999067 ) ) ;
#1085 = UNCERTAINTY_MEASURE_WITH_UNIT (LENGTH_MEASURE( 1.000000000000000082E-05 ), #8543, 'distance_accuracy_value', 'NONE');
#1086 = SURFACE_STYLE_USAGE ( .BOTH. , #7925 ) ;
#1087 = EDGE_LOOP ( 'NONE', ( #4786, #1770, #9775, #1632 ) ) ;
#1088 = ORIENTED_EDGE ( 'NONE', *, *, #7458, .F. ) ;
#1089 = LINE ( 'NONE', #9575, #4467 ) ;
#1090 = CARTESIAN_POINT ( 'NONE',  ( 3.000000000000000000, 0.1999999999999999833, -0.4999999999999995559 ) ) ;
#1091 = DIRECTION ( 'NONE',  ( 1.000000000000000000, 0.000000000000000000, 0.000000000000000000 ) ) ;
#1092 = VERTEX_POINT ( 'NONE', #671 ) ;
#1093 = LINE ( 'NONE', #9483, #5091 ) ;
#1094 = CARTESIAN_POINT ( 'NONE',  ( 0.7999999999999999334, 0.2000000000000000111, -3.000000000000000000 ) ) ;
#1095 = PLANE ( 'NONE',  #8588 ) ;
#1096 = DIRECTION ( 'NONE',  ( -0.000000000000000000, -1.000000000000000000, 0.000000000000000000 ) ) ;
#1097 = ORIENTED_EDGE ( 'NONE', *, *, #7350, .T. ) ;
#1098 = EDGE_CURVE ( 'NONE', #4602, #8973, #3775, .T. ) ;
#1099 = EDGE_LOOP ( 'NONE', ( #3985, #1638, #9668, #975 ) ) ;
#1100 = CARTESIAN_POINT ( 'NONE',  ( -2.100000000000000089, 0.7000000000000003997, -2.750000000000000000 ) ) ;
#1101 = DIRECTION ( 'NONE',  ( 1.000000000000000000, -0.000000000000000000, 0.000000000000000000 ) ) ;
#1102 =( GEOMETRIC_REPRESENTATION_CONTEXT ( 3 ) GLOBAL_UNCERTAINTY_ASSIGNED_CONTEXT ( ( #7543 ) ) GLOBAL_UNIT_ASSIGNED_CONTEXT ( ( #6247, #3967, #7003 ) ) REPRESENTATION_CONTEXT ( 'NONE', 'WORKASPACE' ) );
#1103 = CARTESIAN_POINT ( 'NONE',  ( -1.149999999999999911, 0.1999999999999999833, -3.000000000000000000 ) ) ;
#1104 = VECTOR ( 'NONE', #9069, 1000.000000000000000 ) ;
#1105 = CARTESIAN_POINT ( 'NONE',  ( -1.149999999999999689, 0.2000000000000000111, 2.750000000000000000 ) ) ;
#1106 = VECTOR ( 'NONE', #1798, 1000.000000000000000 ) ;
#1107 = DIRECTION ( 'NONE',  ( 0.000000000000000000, 0.000000000000000000, -1.000000000000000000 ) ) ;
#1108 = AXIS2_PLACEMENT_3D ( 'NONE', #6990, #4741, #3148 ) ;
#1109 = AXIS2_PLACEMENT_3D ( 'NONE', #3379, #2632, #3480 ) ;
#1110 = DIRECTION ( 'NONE',  ( 0.000000000000000000, 0.000000000000000000, -1.000000000000000000 ) ) ;
#1111 = EDGE_CURVE ( 'NONE', #8279, #6230, #4557, .T. ) ;
#1112 = DIRECTION ( 'NONE',  ( 0.000000000000000000, 0.000000000000000000, 1.000000000000000000 ) ) ;
#1113 = CARTESIAN_POINT ( 'NONE',  ( 1.149999999999999467, 0.04999999999999999584, -2.750000000000000000 ) ) ;
#1114 = EDGE_CURVE ( 'NONE', #433, #6148, #4460, .T. ) ;
#1115 = ORIENTED_EDGE ( 'NONE', *, *, #5019, .F. ) ;
#1116 = AXIS2_PLACEMENT_3D ( 'NONE', #7934, #8082, #5820 ) ;
#1117 = DIRECTION ( 'NONE',  ( 0.000000000000000000, 1.000000000000000000, -0.000000000000000000 ) ) ;
#1118 = AXIS2_PLACEMENT_3D ( 'NONE', #3135, #138, #9273 ) ;
#1119 = MECHANICAL_DESIGN_GEOMETRIC_PRESENTATION_REPRESENTATION (  '', ( #5733 ), #8771 ) ;
#1120 = ORIENTED_EDGE ( 'NONE', *, *, #9223, .T. ) ;
#1121 = DIRECTION ( 'NONE',  ( 0.000000000000000000, 1.000000000000000000, 0.000000000000000000 ) ) ;
#1122 = CARTESIAN_POINT ( 'NONE',  ( -0.6500000000000000222, 0.000000000000000000, -2.750000000000000000 ) ) ;
#1123 = AXIS2_PLACEMENT_3D ( 'NONE', #979, #4027, #6303 ) ;
#1124 = FACE_OUTER_BOUND ( 'NONE', #7135, .T. ) ;
#1125 = LINE ( 'NONE', #4815, #9195 ) ;
#1126 = ADVANCED_FACE ( 'NONE', ( #7506 ), #6758, .T. ) ;
#1127 = ORIENTED_EDGE ( 'NONE', *, *, #6502, .T. ) ;
#1128 = CARTESIAN_POINT ( 'NONE',  ( 2.299999999999999822, 0.05000000000000143219, 2.400000000000000355 ) ) ;
#1129 = EDGE_CURVE ( 'NONE', #9743, #6426, #3763, .T. ) ;
#1130 = CARTESIAN_POINT ( 'NONE',  ( -2.750000000000000000, 0.7000000000000000666, 0.8000000000000003775 ) ) ;
#1131 = EDGE_CURVE ( 'NONE', #4380, #5660, #6705, .T. ) ;
#1132 = ORIENTED_EDGE ( 'NONE', *, *, #8107, .T. ) ;
#1133 = VECTOR ( 'NONE', #5725, 1000.000000000000000 ) ;
#1134 = CARTESIAN_POINT ( 'NONE',  ( 2.750000000000000000, 0.1999999999999999833, -0.1499999999999990785 ) ) ;
#1135 = ORIENTED_EDGE ( 'NONE', *, *, #9707, .T. ) ;
#1136 = PLANE ( 'NONE',  #7312 ) ;
#1137 =( LENGTH_UNIT ( ) NAMED_UNIT ( * ) SI_UNIT ( .MILLI., .METRE. ) );
#1138 = VERTEX_POINT ( 'NONE', #3057 ) ;
#1139 = ORIENTED_EDGE ( 'NONE', *, *, #9387, .F. ) ;
#1140 = CARTESIAN_POINT ( 'NONE',  ( -2.750000000000000000, 0.1999999999999999833, -0.7999999999999990452 ) ) ;
#1141 = CARTESIAN_POINT ( 'NONE',  ( 0.000000000000000000, 0.1999999999999999833, 2.599999999999999645 ) ) ;
#1142 = EDGE_CURVE ( 'NONE', #2732, #2382, #5991, .T. ) ;
#1143 = CARTESIAN_POINT ( 'NONE',  ( -2.750000000000000000, 0.05000000000000002359, 0.1500000000000003830 ) ) ;
#1144 = ORIENTED_EDGE ( 'NONE', *, *, #6718, .F. ) ;
#1145 = DIRECTION ( 'NONE',  ( 0.000000000000000000, 0.000000000000000000, 1.000000000000000000 ) ) ;
#1146 = CARTESIAN_POINT ( 'NONE',  ( -1.800000000000000044, 0.05000000000000000278, 0.000000000000000000 ) ) ;
#1147 = AXIS2_PLACEMENT_3D ( 'NONE', #5677, #3485, #8726 ) ;
#1148 = DIRECTION ( 'NONE',  ( 1.000000000000000000, 0.000000000000000000, 1.734723475976805714E-15 ) ) ;
#1149 = FACE_OUTER_BOUND ( 'NONE', #4132, .T. ) ;
#1150 = VERTEX_POINT ( 'NONE', #6040 ) ;
#1151 = EDGE_LOOP ( 'NONE', ( #5980, #4270, #3968, #9285, #7790 ) ) ;
#1152 = DIRECTION ( 'NONE',  ( -0.000000000000000000, -1.000000000000000000, -0.000000000000000000 ) ) ;
#1153 = FACE_OUTER_BOUND ( 'NONE', #5176, .T. ) ;
#1154 = AXIS2_PLACEMENT_3D ( 'NONE', #3853, #2392, #4002 ) ;
#1155 = ADVANCED_FACE ( 'NONE', ( #5354 ), #8358, .F. ) ;
#1156 = AXIS2_PLACEMENT_3D ( 'NONE', #1179, #1881, #7966 ) ;
#1157 = CARTESIAN_POINT ( 'NONE',  ( 3.000000000000000000, 0.000000000000000000, -1.799999999999999600 ) ) ;
#1158 = ADVANCED_FACE ( 'NONE', ( #569 ), #3616, .F. ) ;
#1159 = CARTESIAN_POINT ( 'NONE',  ( -2.750000000000000000, 0.1999999999999999833, -1.949999999999999289 ) ) ;
#1160 = AXIS2_PLACEMENT_3D ( 'NONE', #8698, #1863, #4895 ) ;
#1161 = LINE ( 'NONE', #1909, #6884 ) ;
#1162 = VECTOR ( 'NONE', #1917, 1000.000000000000000 ) ;
#1163 = DIRECTION ( 'NONE',  ( -0.000000000000000000, -1.000000000000000000, -0.000000000000000000 ) ) ;
#1164 = DIRECTION ( 'NONE',  ( -0.000000000000000000, -0.000000000000000000, 1.000000000000000000 ) ) ;
#1165 = VECTOR ( 'NONE', #8582, 1000.000000000000000 ) ;
#1166 = DIRECTION ( 'NONE',  ( -0.000000000000000000, 1.000000000000000000, -0.000000000000000000 ) ) ;
#1167 = DIRECTION ( 'NONE',  ( -0.000000000000000000, -1.000000000000000000, 0.000000000000000000 ) ) ;
#1168 = ORIENTED_EDGE ( 'NONE', *, *, #9307, .F. ) ;
#1169 = CARTESIAN_POINT ( 'NONE',  ( 1.449999999999999956, 0.000000000000000000, -2.750000000000000000 ) ) ;
#1170 = ORIENTED_EDGE ( 'NONE', *, *, #7291, .F. ) ;
#1171 = DIRECTION ( 'NONE',  ( 0.000000000000000000, 0.000000000000000000, 1.000000000000000000 ) ) ;
#1172 = ADVANCED_FACE ( 'NONE', ( #9703 ), #2124, .F. ) ;
#1173 = AXIS2_PLACEMENT_3D ( 'NONE', #1407, #2206, #7495 ) ;
#1174 = DIRECTION ( 'NONE',  ( 1.734723475976805714E-15, 0.000000000000000000, 1.000000000000000000 ) ) ;
#1175 = EDGE_CURVE ( 'NONE', #1184, #9083, #4410, .T. ) ;
#1176 = LINE ( 'NONE', #9414, #7769 ) ;
#1177 = VERTEX_POINT ( 'NONE', #2913 ) ;
#1178 = CARTESIAN_POINT ( 'NONE',  ( 1.450000000000000178, 0.04999999999999999584, 2.750000000000000000 ) ) ;
#1179 = CARTESIAN_POINT ( 'NONE',  ( -1.300000000000000044, 0.000000000000000000, -2.750000000000000000 ) ) ;
#1180 = PRESENTATION_STYLE_ASSIGNMENT (( #5617 ) ) ;
#1181 = VECTOR ( 'NONE', #5657, 1000.000000000000000 ) ;
#1182 = ORIENTED_EDGE ( 'NONE', *, *, #813, .T. ) ;
#1183 = DIRECTION ( 'NONE',  ( 0.000000000000000000, -0.000000000000000000, 1.000000000000000000 ) ) ;
#1184 = VERTEX_POINT ( 'NONE', #9001 ) ;
#1185 = ADVANCED_FACE ( 'NONE', ( #2170 ), #6950, .T. ) ;
#1186 = DIRECTION ( 'NONE',  ( -0.000000000000000000, -1.000000000000000000, -0.000000000000000000 ) ) ;
#1187 = EDGE_CURVE ( 'NONE', #2391, #3482, #2504, .T. ) ;
#1188 = SURFACE_STYLE_FILL_AREA ( #4181 ) ;
#1189 = ORIENTED_EDGE ( 'NONE', *, *, #7798, .T. ) ;
#1190 = ORIENTED_EDGE ( 'NONE', *, *, #8843, .F. ) ;
#1191 = CARTESIAN_POINT ( 'NONE',  ( -2.100000000000000089, 0.05000000000000000278, 3.000000000000000444 ) ) ;
#1192 = PLANE ( 'NONE',  #1444 ) ;
#1193 = CARTESIAN_POINT ( 'NONE',  ( 2.750000000000000000, 0.7000000000000000666, 1.800000000000000711 ) ) ;
#1194 = VERTEX_POINT ( 'NONE', #3298 ) ;
#1195 = LINE ( 'NONE', #4280, #5886 ) ;
#1196 = SURFACE_STYLE_USAGE ( .BOTH. , #2743 ) ;
#1197 = EDGE_CURVE ( 'NONE', #6817, #1832, #866, .T. ) ;
#1198 = FACE_OUTER_BOUND ( 'NONE', #8839, .T. ) ;
#1199 = CARTESIAN_POINT ( 'NONE',  ( -1.149999999999999911, 0.7000000000000003997, -3.000000000000000000 ) ) ;
#1200 = ORIENTED_EDGE ( 'NONE', *, *, #3377, .T. ) ;
#1201 = ORIENTED_EDGE ( 'NONE', *, *, #8752, .F. ) ;
#1202 = LINE ( 'NONE', #441, #7358 ) ;
#1203 = DIRECTION ( 'NONE',  ( 0.000000000000000000, -1.000000000000000000, 0.000000000000000000 ) ) ;
#1204 = CARTESIAN_POINT ( 'NONE',  ( -2.750000000000000000, 0.000000000000000000, 1.450000000000000400 ) ) ;
#1205 = VECTOR ( 'NONE', #9608, 1000.000000000000000 ) ;
#1206 = FACE_OUTER_BOUND ( 'NONE', #9036, .T. ) ;
#1207 = CARTESIAN_POINT ( 'NONE',  ( -1.800000000000000044, 0.1999999999999999833, -3.000000000000000000 ) ) ;
#1208 = LINE ( 'NONE', #3351, #503 ) ;
#1209 = LINE ( 'NONE', #5793, #8978 ) ;
#1210 = ORIENTED_EDGE ( 'NONE', *, *, #6740, .T. ) ;
#1211 = CARTESIAN_POINT ( 'NONE',  ( 2.399999999999999911, 0.05000000000000000278, 0.000000000000000000 ) ) ;
#1212 = ADVANCED_FACE ( 'NONE', ( #9193 ), #5495, .F. ) ;
#1213 = DIRECTION ( 'NONE',  ( 0.000000000000000000, 1.000000000000000000, 0.000000000000000000 ) ) ;
#1214 = ORIENTED_EDGE ( 'NONE', *, *, #5284, .F. ) ;
#1215 = CARTESIAN_POINT ( 'NONE',  ( -2.750000000000000000, 0.7000000000000000666, -2.099999999999999201 ) ) ;
#1216 = ORIENTED_EDGE ( 'NONE', *, *, #4473, .F. ) ;
#1217 = DIRECTION ( 'NONE',  ( 1.000000000000000000, 0.000000000000000000, -1.734723475976805714E-15 ) ) ;
#1218 = VECTOR ( 'NONE', #4227, 1000.000000000000000 ) ;
#1219 = DIRECTION ( 'NONE',  ( -1.734723475976805517E-15, -0.000000000000000000, 1.000000000000000000 ) ) ;
#1220 = EDGE_CURVE ( 'NONE', #5674, #8969, #8501, .T. ) ;
#1221 = LINE ( 'NONE', #2078, #8893 ) ;
#1222 = ORIENTED_EDGE ( 'NONE', *, *, #8329, .F. ) ;
#1223 = CARTESIAN_POINT ( 'NONE',  ( -0.8000000000000003775, 0.000000000000000000, 2.750000000000000000 ) ) ;
#1224 = DIRECTION ( 'NONE',  ( -0.000000000000000000, -1.000000000000000000, -0.000000000000000000 ) ) ;
#1225 = FILL_AREA_STYLE_COLOUR ( '', #3666 ) ;
#1226 = VECTOR ( 'NONE', #1714, 1000.000000000000000 ) ;
#1227 = PLANE ( 'NONE',  #5508 ) ;
#1228 = ORIENTED_EDGE ( 'NONE', *, *, #5668, .F. ) ;
#1229 = SURFACE_SIDE_STYLE ('',( #425 ) ) ;
#1230 = AXIS2_PLACEMENT_3D ( 'NONE', #4075, #1835, #321 ) ;
#1231 = VERTEX_POINT ( 'NONE', #4060 ) ;
#1232 = VERTEX_POINT ( 'NONE', #1669 ) ;
#1233 = EDGE_CURVE ( 'NONE', #2310, #5439, #4798, .T. ) ;
#1234 = DIRECTION ( 'NONE',  ( 0.000000000000000000, -0.000000000000000000, -1.000000000000000000 ) ) ;
#1235 = CARTESIAN_POINT ( 'NONE',  ( -2.399999999999999911, 0.05000000000000000278, 2.299999999999998934 ) ) ;
#1236 = DIRECTION ( 'NONE',  ( 0.000000000000000000, 0.000000000000000000, -1.000000000000000000 ) ) ;
#1237 = ORIENTED_EDGE ( 'NONE', *, *, #20, .T. ) ;
#1238 = CARTESIAN_POINT ( 'NONE',  ( -3.000000000000000000, 0.1999999999999999833, -0.7999999999999994893 ) ) ;
#1239 = ADVANCED_FACE ( 'NONE', ( #7753 ), #5397, .F. ) ;
#1240 = LINE ( 'NONE', #435, #3572 ) ;
#1241 = ORIENTED_EDGE ( 'NONE', *, *, #8315, .T. ) ;
#1242 = PLANE ( 'NONE',  #8916 ) ;
#1243 = PLANE ( 'NONE',  #9790 ) ;
#1244 = ORIENTED_EDGE ( 'NONE', *, *, #1920, .F. ) ;
#1245 = ORIENTED_EDGE ( 'NONE', *, *, #67, .T. ) ;
#1246 = CARTESIAN_POINT ( 'NONE',  ( -2.538461538461538769, 0.9000000000000000222, -2.338461538461539035 ) ) ;
#1247 = CARTESIAN_POINT ( 'NONE',  ( 0.000000000000000000, 0.000000000000000000, 2.750000000000000000 ) ) ;
#1248 = CARTESIAN_POINT ( 'NONE',  ( -1.149999999999999911, 0.000000000000000000, 3.000000000000000000 ) ) ;
#1249 = EDGE_CURVE ( 'NONE', #7563, #7282, #9394, .T. ) ;
#1250 = ADVANCED_FACE ( 'NONE', ( #8452 ), #2556, .F. ) ;
#1251 = DIRECTION ( 'NONE',  ( 1.000000000000000000, -0.000000000000000000, 0.000000000000000000 ) ) ;
#1252 = EDGE_CURVE ( 'NONE', #7891, #1545, #8651, .T. ) ;
#1253 = CARTESIAN_POINT ( 'NONE',  ( 3.000000000000000000, 0.05000000000000000278, 3.000000000000000000 ) ) ;
#1254 = EDGE_LOOP ( 'NONE', ( #2274, #1228, #8171, #2356, #8617 ) ) ;
#1255 = DIRECTION ( 'NONE',  ( 0.000000000000000000, -1.000000000000000000, 0.000000000000000000 ) ) ;
#1256 = DIRECTION ( 'NONE',  ( 0.000000000000000000, 1.000000000000000000, 0.000000000000000000 ) ) ;
#1257 = CARTESIAN_POINT ( 'NONE',  ( -3.000000000000000000, 0.04999999999999969746, -0.4999999999999995559 ) ) ;
#1258 = VECTOR ( 'NONE', #4142, 1000.000000000000000 ) ;
#1259 = DIRECTION ( 'NONE',  ( 0.000000000000000000, -0.000000000000000000, 1.000000000000000000 ) ) ;
#1260 = DIRECTION ( 'NONE',  ( 0.000000000000000000, 0.000000000000000000, 1.000000000000000000 ) ) ;
#1261 = VERTEX_POINT ( 'NONE', #7705 ) ;
#1262 = ADVANCED_FACE ( 'NONE', ( #1621 ), #111, .F. ) ;
#1263 = DIRECTION ( 'NONE',  ( -1.000000000000000000, 0.000000000000000000, -0.000000000000000000 ) ) ;
#1264 = EDGE_LOOP ( 'NONE', ( #93, #3993, #9796, #8529 ) ) ;
#1265 = CARTESIAN_POINT ( 'NONE',  ( 2.100000000000000089, 0.2000000000000000111, -3.000000000000000000 ) ) ;
#1266 = VECTOR ( 'NONE', #3181, 1000.000000000000000 ) ;
#1267 = AXIS2_PLACEMENT_3D ( 'NONE', #5993, #9755, #5355 ) ;
#1268 = LINE ( 'NONE', #8908, #1685 ) ;
#1269 = MECHANICAL_DESIGN_GEOMETRIC_PRESENTATION_REPRESENTATION (  '', ( #9560 ), #8608 ) ;
#1270 = AXIS2_PLACEMENT_3D ( 'NONE', #5964, #5220, #4528 ) ;
#1271 = CIRCLE ( 'NONE', #2547, 0.1499999999999999667 ) ;
#1272 = DIRECTION ( 'NONE',  ( 0.000000000000000000, -0.000000000000000000, -1.000000000000000000 ) ) ;
#1273 = ORIENTED_EDGE ( 'NONE', *, *, #838, .F. ) ;
#1274 = DIRECTION ( 'NONE',  ( 0.000000000000000000, 0.000000000000000000, -1.000000000000000000 ) ) ;
#1275 = LINE ( 'NONE', #4320, #3388 ) ;
#1276 = DIRECTION ( 'NONE',  ( 0.000000000000000000, 0.000000000000000000, -1.000000000000000000 ) ) ;
#1277 = ADVANCED_FACE ( 'NONE', ( #7655 ), #816, .F. ) ;
#1278 =( GEOMETRIC_REPRESENTATION_CONTEXT ( 3 ) GLOBAL_UNCERTAINTY_ASSIGNED_CONTEXT ( ( #8432 ) ) GLOBAL_UNIT_ASSIGNED_CONTEXT ( ( #8764, #1883, #6554 ) ) REPRESENTATION_CONTEXT ( 'NONE', 'WORKASPACE' ) );
#1279 = LINE ( 'NONE', #4324, #1542 ) ;
#1281 = EDGE_LOOP ( 'NONE', ( #3381, #7910, #3, #967 ) ) ;
#1280 = VECTOR ( 'NONE', #4267, 1000.000000000000000 ) ;
#1282 = AXIS2_PLACEMENT_3D ( 'NONE', #9479, #7127, #236 ) ;
#1283 = SURFACE_STYLE_FILL_AREA ( #8872 ) ;
#1284 = ORIENTED_EDGE ( 'NONE', *, *, #3439, .T. ) ;
#1285 = ORIENTED_EDGE ( 'NONE', *, *, #5990, .F. ) ;
#1286 = DIRECTION ( 'NONE',  ( 0.000000000000000000, -1.000000000000000000, 0.000000000000000000 ) ) ;
#1287 = CARTESIAN_POINT ( 'NONE',  ( 3.000000000000000000, 0.1999999999999999833, 0.8000000000000003775 ) ) ;
#1288 = LINE ( 'NONE', #5818, #6234 ) ;
#1289 = ORIENTED_EDGE ( 'NONE', *, *, #4703, .T. ) ;
#1290 = AXIS2_PLACEMENT_3D ( 'NONE', #955, #6991, #155 ) ;
#1291 = CARTESIAN_POINT ( 'NONE',  ( 1.450000000000000178, 0.2000000000000000111, 2.750000000000000000 ) ) ;
#1292 = VECTOR ( 'NONE', #9028, 1000.000000000000000 ) ;
#1293 = ORIENTED_EDGE ( 'NONE', *, *, #7196, .F. ) ;
#1294 = EDGE_CURVE ( 'NONE', #8380, #4602, #3154, .T. ) ;
#1295 = CYLINDRICAL_SURFACE ( 'NONE', #3970, 0.1499999999999999667 ) ;
#1296 =( LENGTH_UNIT ( ) NAMED_UNIT ( * ) SI_UNIT ( .MILLI., .METRE. ) );
#1297 = ORIENTED_EDGE ( 'NONE', *, *, #7429, .F. ) ;
#1298 = EDGE_LOOP ( 'NONE', ( #9477, #9800, #6362, #181 ) ) ;
#1299 = CARTESIAN_POINT ( 'NONE',  ( -1.149999999999999911, 0.05000000000000000278, 0.000000000000000000 ) ) ;
#1300 = CARTESIAN_POINT ( 'NONE',  ( -2.399999999999999911, 6.988225099390855455, -2.049999999999999822 ) ) ;
#1301 = DIRECTION ( 'NONE',  ( 0.000000000000000000, 0.000000000000000000, 1.000000000000000000 ) ) ;
#1302 = DIRECTION ( 'NONE',  ( -1.000000000000000000, 0.000000000000000000, 0.000000000000000000 ) ) ;
#1303 = VECTOR ( 'NONE', #4949, 1000.000000000000000 ) ;
#1304 = DIRECTION ( 'NONE',  ( 0.000000000000000000, 1.000000000000000000, 0.000000000000000000 ) ) ;
#1305 = ORIENTED_EDGE ( 'NONE', *, *, #2169, .F. ) ;
#1306 = CARTESIAN_POINT ( 'NONE',  ( -2.750000000000000000, 0.1999999999999999833, -0.1499999999999990785 ) ) ;
#1307 = EDGE_CURVE ( 'NONE', #4660, #72, #4012, .T. ) ;
#1308 = LINE ( 'NONE', #6436, #6912 ) ;
#1309 = EDGE_LOOP ( 'NONE', ( #4145, #1624, #4859, #9863 ) ) ;
#1310 = EDGE_CURVE ( 'NONE', #7125, #6745, #6995, .T. ) ;
#1311 = AXIS2_PLACEMENT_3D ( 'NONE', #6800, #5301, #810 ) ;
#1312 = DIRECTION ( 'NONE',  ( 0.000000000000000000, 0.000000000000000000, -1.000000000000000000 ) ) ;
#1313 = CARTESIAN_POINT ( 'NONE',  ( -2.299999999999999822, 0.1999999999999996503, 2.299999999999998934 ) ) ;
#1314 = ORIENTED_EDGE ( 'NONE', *, *, #8633, .F. ) ;
#1315 = CARTESIAN_POINT ( 'NONE',  ( -2.750000000000000000, 0.7000000000000000666, -1.449999999999999067 ) ) ;
#1316 = VERTEX_POINT ( 'NONE', #9296 ) ;
#1317 = VECTOR ( 'NONE', #9499, 1000.000000000000000 ) ;
#1318 = LINE ( 'NONE', #5200, #8815 ) ;
#1319 = VECTOR ( 'NONE', #5324, 1000.000000000000000 ) ;
#1320 = DIRECTION ( 'NONE',  ( 1.000000000000000000, 0.000000000000000000, 1.734723475976805517E-15 ) ) ;
#1321 = CIRCLE ( 'NONE', #9288, 0.1499999999999999667 ) ;
#1322 = ADVANCED_FACE ( 'NONE', ( #2458 ), #7051, .T. ) ;
#1323 = ADVANCED_FACE ( 'NONE', ( #5692 ), #4156, .F. ) ;
#1324 = VECTOR ( 'NONE', #7105, 1000.000000000000000 ) ;
#1325 = CARTESIAN_POINT ( 'NONE',  ( 1.300000000000000044, 0.000000000000000000, -2.750000000000000000 ) ) ;
#1326 = ORIENTED_EDGE ( 'NONE', *, *, #5979, .T. ) ;
#1327 = CARTESIAN_POINT ( 'NONE',  ( -1.800000000000000044, 0.2000000000000000111, 3.000000000000000000 ) ) ;
#1328 = DIRECTION ( 'NONE',  ( 0.000000000000000000, -0.000000000000000000, 1.000000000000000000 ) ) ;
#1329 = CARTESIAN_POINT ( 'NONE',  ( 0.000000000000000000, 0.2000000000000000111, 2.750000000000000000 ) ) ;
#1330 = DIRECTION ( 'NONE',  ( 0.000000000000000000, -1.000000000000000000, 0.000000000000000000 ) ) ;
#1331 = VECTOR ( 'NONE', #3345, 1000.000000000000000 ) ;
#1332 = ORIENTED_EDGE ( 'NONE', *, *, #1735, .F. ) ;
#1333 = ADVANCED_FACE ( 'NONE', ( #7198 ), #8898, .F. ) ;
#1334 = VERTEX_POINT ( 'NONE', #3454 ) ;
#1335 = VERTEX_POINT ( 'NONE', #8849 ) ;
#1336 = CARTESIAN_POINT ( 'NONE',  ( 2.750000000000000000, 0.000000000000000000, 1.800000000000000711 ) ) ;
#1337 = LINE ( 'NONE', #6819, #6851 ) ;
#1338 = EDGE_CURVE ( 'NONE', #8831, #2980, #2655, .T. ) ;
#1339 = DIRECTION ( 'NONE',  ( 0.000000000000000000, 0.000000000000000000, 1.000000000000000000 ) ) ;
#1340 = ORIENTED_EDGE ( 'NONE', *, *, #9109, .F. ) ;
#1341 = COLOUR_RGB ( '',0.7921568627450980005, 0.8196078431372548767, 0.9333333333333333481 ) ;
#1342 = DIRECTION ( 'NONE',  ( 0.000000000000000000, -1.000000000000000000, 0.000000000000000000 ) ) ;
#1343 = ORIENTED_EDGE ( 'NONE', *, *, #716, .T. ) ;
#1344 = DIRECTION ( 'NONE',  ( -0.000000000000000000, -1.000000000000000000, -0.000000000000000000 ) ) ;
#1345 = MECHANICAL_DESIGN_GEOMETRIC_PRESENTATION_REPRESENTATION (  '', ( #1510 ), #5479 ) ;
#1346 = SURFACE_STYLE_USAGE ( .BOTH. , #6067 ) ;
#1347 = ORIENTED_EDGE ( 'NONE', *, *, #9577, .T. ) ;
#1348 = ORIENTED_EDGE ( 'NONE', *, *, #6969, .F. ) ;
#1349 = CARTESIAN_POINT ( 'NONE',  ( 0.000000000000000000, 0.2000000000000000111, -2.750000000000000000 ) ) ;
#1350 = CARTESIAN_POINT ( 'NONE',  ( -1.387778780781434631E-15, 0.05000000000000000278, -0.7999999999999942712 ) ) ;
#1351 = EDGE_CURVE ( 'NONE', #6471, #2501, #4852, .T. ) ;
#1352 = CYLINDRICAL_SURFACE ( 'NONE', #8463, 0.1499999999999999667 ) ;
#1353 = PLANE ( 'NONE',  #8821 ) ;
#1354 = PLANE ( 'NONE',  #5927 ) ;
#1355 = ORIENTED_EDGE ( 'NONE', *, *, #4579, .T. ) ;
#1356 = DIRECTION ( 'NONE',  ( -1.000000000000000000, 0.000000000000000000, 0.000000000000000000 ) ) ;
#1357 = PLANE ( 'NONE',  #3081 ) ;
#1358 = EDGE_LOOP ( 'NONE', ( #6295, #7716, #5857, #6672 ) ) ;
#1359 = CARTESIAN_POINT ( 'NONE',  ( -3.000000000000000000, 0.000000000000000000, -0.4999999999999995559 ) ) ;
#1360 = DIRECTION ( 'NONE',  ( -0.000000000000000000, -1.000000000000000000, -0.000000000000000000 ) ) ;
#1361 = LINE ( 'NONE', #9650, #3470 ) ;
#1362 = CARTESIAN_POINT ( 'NONE',  ( -2.750000000000000000, 0.000000000000000000, -1.299999999999999378 ) ) ;
#1363 = EDGE_CURVE ( 'NONE', #2501, #7576, #302, .T. ) ;
#1364 = ORIENTED_EDGE ( 'NONE', *, *, #2265, .F. ) ;
#1365 = LINE ( 'NONE', #1265, #2110 ) ;
#1366 = EDGE_CURVE ( 'NONE', #8347, #2496, #5792, .T. ) ;
#1367 = EDGE_CURVE ( 'NONE', #1150, #5168, #8741, .T. ) ;
#1368 = DIRECTION ( 'NONE',  ( 0.000000000000000000, 0.000000000000000000, 1.000000000000000000 ) ) ;
#1369 = CARTESIAN_POINT ( 'NONE',  ( -2.100000000000000089, 0.04999999999999999584, 2.750000000000000000 ) ) ;
#1370 = CARTESIAN_POINT ( 'NONE',  ( 2.100000000000000089, 0.2000000000000000111, 3.000000000000000000 ) ) ;
#1371 = VERTEX_POINT ( 'NONE', #9543 ) ;
#1372 = DIRECTION ( 'NONE',  ( 0.000000000000000000, -1.000000000000000000, 0.000000000000000000 ) ) ;
#1373 = AXIS2_PLACEMENT_3D ( 'NONE', #2525, #7169, #5518 ) ;
#1374 = PLANE ( 'NONE',  #475 ) ;
#1375 = CLOSED_SHELL ( 'NONE', ( #2963, #1620, #1992, #6077, #6404, #1948, #1660 ) ) ;
#1376 = ADVANCED_FACE ( 'NONE', ( #5043 ), #6482, .T. ) ;
#1377 = EDGE_CURVE ( 'NONE', #3482, #3296, #1161, .T. ) ;
#1378 = ORIENTED_EDGE ( 'NONE', *, *, #2937, .T. ) ;
#1379 = DIRECTION ( 'NONE',  ( -1.000000000000000000, 0.000000000000000000, -0.000000000000000000 ) ) ;
#1380 = VERTEX_POINT ( 'NONE', #3405 ) ;
#1381 = CLOSED_SHELL ( 'NONE', ( #9181, #589, #6661, #3903, #6797, #2300 ) ) ;
#1382 = PRESENTATION_STYLE_ASSIGNMENT (( #1086 ) ) ;
#1383 = ORIENTED_EDGE ( 'NONE', *, *, #2828, .T. ) ;
#1384 = EDGE_LOOP ( 'NONE', ( #5924, #4236, #5229, #4837 ) ) ;
#1385 = DIRECTION ( 'NONE',  ( 1.000000000000000000, -0.000000000000000000, -0.000000000000000000 ) ) ;
#1386 = CARTESIAN_POINT ( 'NONE',  ( -2.750000000000000000, 0.7000000000000000666, 2.100000000000000089 ) ) ;
#1387 = DIRECTION ( 'NONE',  ( 0.000000000000000000, 0.000000000000000000, 1.000000000000000000 ) ) ;
#1388 = VERTEX_POINT ( 'NONE', #8052 ) ;
#1389 = LINE ( 'NONE', #5127, #2703 ) ;
#1390 = EDGE_CURVE ( 'NONE', #9270, #165, #4207, .T. ) ;
#1391 = ORIENTED_EDGE ( 'NONE', *, *, #560, .F. ) ;
#1392 = ORIENTED_EDGE ( 'NONE', *, *, #4597, .F. ) ;
#1393 = VECTOR ( 'NONE', #6496, 1000.000000000000000 ) ;
#1394 = DIRECTION ( 'NONE',  ( -1.734723475976805517E-15, -0.000000000000000000, 1.000000000000000000 ) ) ;
#1395 = SURFACE_STYLE_FILL_AREA ( #3788 ) ;
#1396 = ORIENTED_EDGE ( 'NONE', *, *, #5017, .F. ) ;
#1397 = VERTEX_POINT ( 'NONE', #7948 ) ;
#1398 = DIRECTION ( 'NONE',  ( 0.000000000000000000, 0.000000000000000000, -1.000000000000000000 ) ) ;
#1399 = CARTESIAN_POINT ( 'NONE',  ( 2.100000000000000089, 0.7000000000000006217, 3.000000000000000000 ) ) ;
#1400 = DIRECTION ( 'NONE',  ( -0.000000000000000000, -1.000000000000000000, -0.000000000000000000 ) ) ;
#1401 = AXIS2_PLACEMENT_3D ( 'NONE', #2560, #214, #164 ) ;
#1402 = SURFACE_STYLE_FILL_AREA ( #705 ) ;
#1403 = FACE_OUTER_BOUND ( 'NONE', #6954, .T. ) ;
#1404 = EDGE_CURVE ( 'NONE', #389, #8116, #1208, .T. ) ;
#1405 = ORIENTED_EDGE ( 'NONE', *, *, #8909, .F. ) ;
#1406 = DIRECTION ( 'NONE',  ( 0.000000000000000000, 0.000000000000000000, 1.000000000000000000 ) ) ;
#1407 = CARTESIAN_POINT ( 'NONE',  ( -3.000000000000000000, 0.7000000000000000666, 2.100000000000000089 ) ) ;
#1408 = ORIENTED_EDGE ( 'NONE', *, *, #736, .T. ) ;
#1409 = VERTEX_POINT ( 'NONE', #9451 ) ;
#1410 = STYLED_ITEM ( 'NONE', ( #3201 ), #105 ) ;
#1411 = DIRECTION ( 'NONE',  ( 0.000000000000000000, -1.000000000000000000, 0.000000000000000000 ) ) ;
#1412 = PLANE ( 'NONE',  #341 ) ;
#1413 = DIRECTION ( 'NONE',  ( 0.000000000000000000, 0.000000000000000000, 1.000000000000000000 ) ) ;
#1414 = VERTEX_POINT ( 'NONE', #4108 ) ;
#1415 = DIRECTION ( 'NONE',  ( -0.000000000000000000, -0.000000000000000000, -1.000000000000000000 ) ) ;
#1416 = PLANE ( 'NONE',  #258 ) ;
#1417 = AXIS2_PLACEMENT_3D ( 'NONE', #6161, #3936, #6215 ) ;
#1418 = FACE_OUTER_BOUND ( 'NONE', #6778, .T. ) ;
#1419 = ADVANCED_FACE ( 'NONE', ( #4251 ), #8098, .T. ) ;
#1420 = DIRECTION ( 'NONE',  ( 0.000000000000000000, -1.000000000000000000, 0.000000000000000000 ) ) ;
#1421 = VERTEX_POINT ( 'NONE', #3502 ) ;
#1422 = DIRECTION ( 'NONE',  ( -0.000000000000000000, -1.000000000000000000, -0.000000000000000000 ) ) ;
#1423 =( NAMED_UNIT ( * ) PLANE_ANGLE_UNIT ( ) SI_UNIT ( $, .RADIAN. ) );
#1424 = AXIS2_PLACEMENT_3D ( 'NONE', #202, #5490, #6283 ) ;
#1425 = AXIS2_PLACEMENT_3D ( 'NONE', #1736, #2433, #7026 ) ;
#1426 = LINE ( 'NONE', #1146, #4687 ) ;
#1427 = EDGE_LOOP ( 'NONE', ( #2664, #8607, #8723, #9380, #6523, #4112, #4354, #8005 ) ) ;
#1428 = CARTESIAN_POINT ( 'NONE',  ( 3.000000000000000000, 0.7000000000000000666, 0.1500000000000003830 ) ) ;
#1429 = ORIENTED_EDGE ( 'NONE', *, *, #756, .F. ) ;
#1430 = VECTOR ( 'NONE', #7728, 1000.000000000000000 ) ;
#1431 = VECTOR ( 'NONE', #2944, 1000.000000000000000 ) ;
#1432 =( GEOMETRIC_REPRESENTATION_CONTEXT ( 3 ) GLOBAL_UNCERTAINTY_ASSIGNED_CONTEXT ( ( #9665 ) ) GLOBAL_UNIT_ASSIGNED_CONTEXT ( ( #8824, #3428, #4826 ) ) REPRESENTATION_CONTEXT ( 'NONE', 'WORKASPACE' ) );
#1433 = EDGE_CURVE ( 'NONE', #103, #79, #505, .T. ) ;
#1434 = DIRECTION ( 'NONE',  ( 0.000000000000000000, -0.000000000000000000, -1.000000000000000000 ) ) ;
#1435 = ORIENTED_EDGE ( 'NONE', *, *, #4766, .T. ) ;
#1436 = EDGE_CURVE ( 'NONE', #9879, #7038, #5836, .T. ) ;
#1437 = CARTESIAN_POINT ( 'NONE',  ( 2.750000000000000000, 0.7000000000000000666, 1.300000000000000488 ) ) ;
#1438 = DIRECTION ( 'NONE',  ( 0.000000000000000000, 1.000000000000000000, 0.000000000000000000 ) ) ;
#1439 = LINE ( 'NONE', #9822, #6719 ) ;
#1440 = ORIENTED_EDGE ( 'NONE', *, *, #2621, .T. ) ;
#1441 = DIRECTION ( 'NONE',  ( 0.000000000000000000, 0.000000000000000000, -1.000000000000000000 ) ) ;
#1442 = STYLED_ITEM ( 'NONE', ( #3010 ), #9857 ) ;
#1443 = ORIENTED_EDGE ( 'NONE', *, *, #1033, .F. ) ;
#1444 = AXIS2_PLACEMENT_3D ( 'NONE', #9576, #1847, #7322 ) ;
#1445 = AXIS2_PLACEMENT_3D ( 'NONE', #1535, #6254, #832 ) ;
#1446 = VECTOR ( 'NONE', #3327, 1000.000000000000000 ) ;
#1447 = ORIENTED_EDGE ( 'NONE', *, *, #2650, .F. ) ;
#1448 = CARTESIAN_POINT ( 'NONE',  ( 0.7999999999999999334, 0.2000000000000000111, -3.000000000000000000 ) ) ;
#1449 = ORIENTED_EDGE ( 'NONE', *, *, #3617, .F. ) ;
#1450 = ORIENTED_EDGE ( 'NONE', *, *, #1981, .F. ) ;
#1451 = EDGE_CURVE ( 'NONE', #8678, #6124, #5602, .T. ) ;
#1452 = AXIS2_PLACEMENT_3D ( 'NONE', #1710, #107, #7848 ) ;
#1453 = LINE ( 'NONE', #6017, #3194 ) ;
#1454 = PLANE ( 'NONE',  #7004 ) ;
#1455 = VECTOR ( 'NONE', #2943, 1000.000000000000000 ) ;
#1456 = CARTESIAN_POINT ( 'NONE',  ( 1.300000000000000044, 0.04999999999999999584, -2.750000000000000000 ) ) ;
#1457 = CARTESIAN_POINT ( 'NONE',  ( -2.100000000000000089, 0.000000000000000000, -2.750000000000000000 ) ) ;
#1458 = CARTESIAN_POINT ( 'NONE',  ( -2.750000000000000000, 0.000000000000000000, -1.949999999999999289 ) ) ;
#1459 = EDGE_LOOP ( 'NONE', ( #4358, #2162, #222, #2735 ) ) ;
#1460 = FACE_OUTER_BOUND ( 'NONE', #3174, .T. ) ;
#1461 = LINE ( 'NONE', #5295, #2130 ) ;
#1462 = ORIENTED_EDGE ( 'NONE', *, *, #9298, .T. ) ;
#1463 = VERTEX_POINT ( 'NONE', #8344 ) ;
#1464 = CARTESIAN_POINT ( 'NONE',  ( -3.000000000000000000, 0.7000000000000000666, 0.8000000000000003775 ) ) ;
#1465 = AXIS2_PLACEMENT_3D ( 'NONE', #3291, #8642, #2710 ) ;
#1466 = CARTESIAN_POINT ( 'NONE',  ( -1.149999999999999911, 0.1999999999999999833, -3.000000000000000000 ) ) ;
#1467 = ADVANCED_FACE ( 'NONE', ( #2205 ), #662, .F. ) ;
#1468 = DIRECTION ( 'NONE',  ( -1.000000000000000000, 0.000000000000000000, -0.000000000000000000 ) ) ;
#1469 = ORIENTED_EDGE ( 'NONE', *, *, #8599, .T. ) ;
#1470 = CARTESIAN_POINT ( 'NONE',  ( -0.4999999999999997780, 0.2000000000000000111, 2.750000000000000000 ) ) ;
#1471 = VECTOR ( 'NONE', #638, 1000.000000000000000 ) ;
#1472 = CARTESIAN_POINT ( 'NONE',  ( 3.000000000000000000, 0.1999999999999999833, 1.450000000000000400 ) ) ;
#1473 = DIRECTION ( 'NONE',  ( 0.000000000000000000, 1.000000000000000000, -0.000000000000000000 ) ) ;
#1474 = ORIENTED_EDGE ( 'NONE', *, *, #8070, .T. ) ;
#1475 = VECTOR ( 'NONE', #5888, 1000.000000000000000 ) ;
#1476 = EDGE_CURVE ( 'NONE', #2902, #2189, #3704, .T. ) ;
#1477 = DIRECTION ( 'NONE',  ( -0.000000000000000000, -1.000000000000000000, -0.000000000000000000 ) ) ;
#1478 = VECTOR ( 'NONE', #2834, 1000.000000000000000 ) ;
#1479 = CYLINDRICAL_SURFACE ( 'NONE', #6201, 0.1499999999999997446 ) ;
#1480 = DIRECTION ( 'NONE',  ( 0.000000000000000000, 0.000000000000000000, -1.000000000000000000 ) ) ;
#1481 = EDGE_CURVE ( 'NONE', #1414, #231, #4, .T. ) ;
#1482 = ORIENTED_EDGE ( 'NONE', *, *, #9277, .T. ) ;
#1483 = CARTESIAN_POINT ( 'NONE',  ( -2.750000000000000000, 0.05000000000000002359, 2.100000000000000089 ) ) ;
#1484 = VERTEX_POINT ( 'NONE', #7492 ) ;
#1485 = AXIS2_PLACEMENT_3D ( 'NONE', #4662, #769, #872 ) ;
#1486 = VECTOR ( 'NONE', #2259, 1000.000000000000000 ) ;
#1487 = DIRECTION ( 'NONE',  ( 1.000000000000000000, -0.000000000000000000, 0.000000000000000000 ) ) ;
#1488 = ORIENTED_EDGE ( 'NONE', *, *, #4288, .T. ) ;
#1489 = CARTESIAN_POINT ( 'NONE',  ( 3.000000000000000000, 0.05000000000000000278, 3.000000000000000000 ) ) ;
#1490 = DIRECTION ( 'NONE',  ( 0.000000000000000000, 1.000000000000000000, 0.000000000000000000 ) ) ;
#1491 = PLANE ( 'NONE',  #6394 ) ;
#1492 = CARTESIAN_POINT ( 'NONE',  ( -3.000000000000000000, 0.000000000000000000, 1.800000000000000488 ) ) ;
#1493 = PRESENTATION_LAYER_ASSIGNMENT (  '', '', ( #2285 ) ) ;
#1494 = ORIENTED_EDGE ( 'NONE', *, *, #6689, .T. ) ;
#1495 = EDGE_CURVE ( 'NONE', #6176, #1316, #2900, .T. ) ;
#1496 = AXIS2_PLACEMENT_3D ( 'NONE', #6130, #6894, #6175 ) ;
#1497 = EDGE_CURVE ( 'NONE', #8658, #7881, #1513, .T. ) ;
#1498 = VERTEX_POINT ( 'NONE', #8242 ) ;
#1499 = LINE ( 'NONE', #7384, #5870 ) ;
#1500 = DIRECTION ( 'NONE',  ( 1.734723475976805517E-15, 0.000000000000000000, 1.000000000000000000 ) ) ;
#1501 = ORIENTED_EDGE ( 'NONE', *, *, #1367, .T. ) ;
#1502 = ORIENTED_EDGE ( 'NONE', *, *, #5635, .T. ) ;
#1503 = AXIS2_PLACEMENT_3D ( 'NONE', #2342, #2946, #4494 ) ;
#1504 = DIRECTION ( 'NONE',  ( 0.000000000000000000, 0.000000000000000000, -1.000000000000000000 ) ) ;
#1505 = CARTESIAN_POINT ( 'NONE',  ( 3.000000000000000000, 0.7000000000000000666, 2.100000000000000089 ) ) ;
#1506 = VECTOR ( 'NONE', #2692, 1000.000000000000000 ) ;
#1507 = VERTEX_POINT ( 'NONE', #5241 ) ;
#1508 = DIRECTION ( 'NONE',  ( -1.734723475976805517E-15, 0.000000000000000000, -1.000000000000000000 ) ) ;
#1509 = EDGE_CURVE ( 'NONE', #131, #1498, #4547, .T. ) ;
#1510 = STYLED_ITEM ( 'NONE', ( #9485 ), #6737 ) ;
#1511 = PLANE ( 'NONE',  #9119 ) ;
#1512 = VERTEX_POINT ( 'NONE', #751 ) ;
#1513 = LINE ( 'NONE', #2113, #8638 ) ;
#1514 = CARTESIAN_POINT ( 'NONE',  ( -1.799999999999999822, 0.000000000000000000, 2.750000000000000000 ) ) ;
#1515 = EDGE_LOOP ( 'NONE', ( #2318, #3933, #9520, #3772 ) ) ;
#1516 = ORIENTED_EDGE ( 'NONE', *, *, #6890, .T. ) ;
#1517 = DIRECTION ( 'NONE',  ( -1.000000000000000000, 0.000000000000000000, 1.734723475976805714E-15 ) ) ;
#1518 = FACE_OUTER_BOUND ( 'NONE', #9383, .T. ) ;
#1519 = CARTESIAN_POINT ( 'NONE',  ( -0.5000000000000000000, 0.7000000000000003997, -3.000000000000000000 ) ) ;
#1520 = LINE ( 'NONE', #717, #9292 ) ;
#1521 = AXIS2_PLACEMENT_3D ( 'NONE', #8313, #7463, #9009 ) ;
#1522 = VERTEX_POINT ( 'NONE', #1306 ) ;
#1523 = EDGE_CURVE ( 'NONE', #8521, #8228, #6024, .T. ) ;
#1524 = DIRECTION ( 'NONE',  ( 0.000000000000000000, 0.000000000000000000, -1.000000000000000000 ) ) ;
#1525 = DIRECTION ( 'NONE',  ( 0.000000000000000000, 0.000000000000000000, 1.000000000000000000 ) ) ;
#1526 = EDGE_CURVE ( 'NONE', #5899, #2412, #2059, .T. ) ;
#1527 = DIRECTION ( 'NONE',  ( 1.000000000000000000, -0.000000000000000000, 1.734723475976805714E-15 ) ) ;
#1528 = EDGE_LOOP ( 'NONE', ( #4549, #4635, #8216, #2023 ) ) ;
#1529 = CARTESIAN_POINT ( 'NONE',  ( -1.149999999999999911, 0.7000000000000003997, -2.750000000000000000 ) ) ;
#1530 = LINE ( 'NONE', #8461, #5647 ) ;
#1531 = ORIENTED_EDGE ( 'NONE', *, *, #9589, .T. ) ;
#1532 = DIRECTION ( 'NONE',  ( 0.000000000000000000, 0.000000000000000000, -1.000000000000000000 ) ) ;
#1533 = ORIENTED_EDGE ( 'NONE', *, *, #4532, .F. ) ;
#1534 = EDGE_CURVE ( 'NONE', #2310, #8121, #1957, .T. ) ;
#1535 = CARTESIAN_POINT ( 'NONE',  ( -1.949999999999999956, 0.2000000000000000111, -2.750000000000000000 ) ) ;
#1536 = ORIENTED_EDGE ( 'NONE', *, *, #6982, .F. ) ;
#1537 = CARTESIAN_POINT ( 'NONE',  ( -1.949999999999999956, 0.2000000000000000111, 2.750000000000000000 ) ) ;
#1538 = CARTESIAN_POINT ( 'NONE',  ( 3.000000000000000000, 0.05000000000000000278, -3.000000000000000000 ) ) ;
#1539 = LINE ( 'NONE', #7574, #4504 ) ;
#1540 = CARTESIAN_POINT ( 'NONE',  ( -2.750000000000000000, 0.05000000000000002359, 1.300000000000000488 ) ) ;
#1541 = ORIENTED_EDGE ( 'NONE', *, *, #3809, .T. ) ;
#1542 = VECTOR ( 'NONE', #421, 1000.000000000000000 ) ;
#1543 = ORIENTED_EDGE ( 'NONE', *, *, #3603, .T. ) ;
#1544 = DIRECTION ( 'NONE',  ( 0.000000000000000000, 1.000000000000000000, 0.000000000000000000 ) ) ;
#1545 = VERTEX_POINT ( 'NONE', #6079 ) ;
#1546 = VERTEX_POINT ( 'NONE', #5935 ) ;
#1547 = CARTESIAN_POINT ( 'NONE',  ( 0.6500000000000000222, 0.1999999999999999833, -2.750000000000000000 ) ) ;
#1548 = EDGE_CURVE ( 'NONE', #7171, #7526, #3605, .T. ) ;
#1549 = LINE ( 'NONE', #1350, #2538 ) ;
#1550 = ORIENTED_EDGE ( 'NONE', *, *, #7166, .T. ) ;
#1551 = CARTESIAN_POINT ( 'NONE',  ( -1.300000000000000044, 0.7000000000000003997, 2.750000000000000000 ) ) ;
#1552 = CARTESIAN_POINT ( 'NONE',  ( -0.5000000000000000000, 0.1999999999999999833, 3.000000000000000000 ) ) ;
#1553 = ORIENTED_EDGE ( 'NONE', *, *, #9335, .T. ) ;
#1554 = PLANE ( 'NONE',  #8008 ) ;
#1555 = FACE_OUTER_BOUND ( 'NONE', #3460, .T. ) ;
#1556 = ORIENTED_EDGE ( 'NONE', *, *, #4961, .T. ) ;
#1557 = ORIENTED_EDGE ( 'NONE', *, *, #9792, .F. ) ;
#1558 = EDGE_CURVE ( 'NONE', #2435, #1388, #8198, .T. ) ;
#1559 = LINE ( 'NONE', #62, #7678 ) ;
#1560 = AXIS2_PLACEMENT_3D ( 'NONE', #7412, #8109, #1272 ) ;
#1561 = ADVANCED_FACE ( 'NONE', ( #6838 ), #710, .T. ) ;
#1562 = VECTOR ( 'NONE', #5045, 1000.000000000000000 ) ;
#1563 = EDGE_CURVE ( 'NONE', #8918, #1463, #9276, .T. ) ;
#1564 = DIRECTION ( 'NONE',  ( 0.000000000000000000, 0.000000000000000000, -1.000000000000000000 ) ) ;
#1565 = CARTESIAN_POINT ( 'NONE',  ( 2.750000000000000000, 0.05000000000000002359, -0.4999999999999995559 ) ) ;
#1566 = CARTESIAN_POINT ( 'NONE',  ( -1.949999999999999956, 0.2000000000000000111, 2.750000000000000000 ) ) ;
#1567 = ORIENTED_EDGE ( 'NONE', *, *, #4184, .F. ) ;
#1568 = SURFACE_SIDE_STYLE ('',( #2457 ) ) ;
#1569 = DIRECTION ( 'NONE',  ( 1.000000000000000000, 0.000000000000000000, -1.734723475976805714E-15 ) ) ;
#1570 = CARTESIAN_POINT ( 'NONE',  ( -1.300000000000000044, 0.1999999999999999833, 2.599999999999999645 ) ) ;
#1571 = ADVANCED_FACE ( 'NONE', ( #1460 ), #4445, .T. ) ;
#1572 = LINE ( 'NONE', #1623, #5370 ) ;
#1573 = VERTEX_POINT ( 'NONE', #4351 ) ;
#1574 = LINE ( 'NONE', #9102, #849 ) ;
#1575 = ORIENTED_EDGE ( 'NONE', *, *, #4214, .F. ) ;
#1576 = LINE ( 'NONE', #4615, #1831 ) ;
#1577 = ORIENTED_EDGE ( 'NONE', *, *, #2669, .T. ) ;
#1578 = CARTESIAN_POINT ( 'NONE',  ( -3.000000000000000000, 0.000000000000000000, 0.5000000000000004441 ) ) ;
#1579 = ORIENTED_EDGE ( 'NONE', *, *, #7482, .T. ) ;
#1580 = FACE_OUTER_BOUND ( 'NONE', #1281, .T. ) ;
#1581 = ADVANCED_FACE ( 'NONE', ( #4499 ), #8990, .T. ) ;
#1582 = DIRECTION ( 'NONE',  ( 0.000000000000000000, -0.000000000000000000, 1.000000000000000000 ) ) ;
#1583 = AXIS2_PLACEMENT_3D ( 'NONE', #2125, #7173, #3376 ) ;
#1584 = PLANE ( 'NONE',  #3827 ) ;
#1585 = DIRECTION ( 'NONE',  ( 0.000000000000000000, 1.000000000000000000, 0.000000000000000000 ) ) ;
#1586 = CARTESIAN_POINT ( 'NONE',  ( -1.450000000000000400, 0.000000000000000000, -2.750000000000000000 ) ) ;
#1587 = ADVANCED_FACE ( 'NONE', ( #5981 ), #9840, .T. ) ;
#1588 = ORIENTED_EDGE ( 'NONE', *, *, #5815, .T. ) ;
#1589 = VECTOR ( 'NONE', #9494, 1000.000000000000000 ) ;
#1591 = VERTEX_POINT ( 'NONE', #8487 ) ;
#1590 = CIRCLE ( 'NONE', #7317, 0.09999999999999982514 ) ;
#1592 = COLOUR_RGB ( '',0.2509803921568627416, 0.2509803921568627416, 0.2509803921568627416 ) ;
#1593 = FACE_OUTER_BOUND ( 'NONE', #7742, .T. ) ;
#1594 = DIRECTION ( 'NONE',  ( -1.000000000000000000, 0.000000000000000000, 0.000000000000000000 ) ) ;
#1595 = EDGE_LOOP ( 'NONE', ( #5629, #8689, #2579, #4076 ) ) ;
#1596 = ORIENTED_EDGE ( 'NONE', *, *, #3644, .T. ) ;
#1597 = LINE ( 'NONE', #6829, #2718 ) ;
#1598 = CARTESIAN_POINT ( 'NONE',  ( 1.300000000000000044, 0.000000000000000000, 2.750000000000000000 ) ) ;
#1599 = VECTOR ( 'NONE', #3124, 1000.000000000000000 ) ;
#1600 = ORIENTED_EDGE ( 'NONE', *, *, #8326, .F. ) ;
#1601 = VECTOR ( 'NONE', #6513, 1000.000000000000000 ) ;
#1602 = CARTESIAN_POINT ( 'NONE',  ( 0.1500000000000001887, 0.1999999999999999833, 2.750000000000000000 ) ) ;
#1603 = PRESENTATION_LAYER_ASSIGNMENT (  '', '', ( #5890 ) ) ;
#1604 = ADVANCED_FACE ( 'NONE', ( #7089 ), #8536, .T. ) ;
#1605 = LINE ( 'NONE', #4642, #4211 ) ;
#1606 = ADVANCED_FACE ( 'NONE', ( #56 ), #147, .F. ) ;
#1607 = VERTEX_POINT ( 'NONE', #3285 ) ;
#1608 = CARTESIAN_POINT ( 'NONE',  ( 1.149999999999999467, 0.1999999999999999833, 2.750000000000000000 ) ) ;
#1609 = VECTOR ( 'NONE', #2672, 1000.000000000000000 ) ;
#1610 = LINE ( 'NONE', #4645, #1014 ) ;
#1611 = ORIENTED_EDGE ( 'NONE', *, *, #8953, .T. ) ;
#1612 = ORIENTED_EDGE ( 'NONE', *, *, #9294, .T. ) ;
#1613 = VECTOR ( 'NONE', #937, 1000.000000000000000 ) ;
#1614 = CARTESIAN_POINT ( 'NONE',  ( 1.300000000000000044, 0.000000000000000000, 2.750000000000000000 ) ) ;
#1615 = CARTESIAN_POINT ( 'NONE',  ( 3.000000000000000000, 0.000000000000000000, 2.100000000000000089 ) ) ;
#1616 = CARTESIAN_POINT ( 'NONE',  ( -0.6500000000000000222, 0.2000000000000000111, 2.750000000000000000 ) ) ;
#1617 = VECTOR ( 'NONE', #1701, 1000.000000000000000 ) ;
#1618 = ORIENTED_EDGE ( 'NONE', *, *, #1868, .F. ) ;
#1619 = LINE ( 'NONE', #4747, #7297 ) ;
#1620 = ADVANCED_FACE ( 'NONE', ( #2302 ), #9229, .T. ) ;
#1621 = FACE_OUTER_BOUND ( 'NONE', #292, .T. ) ;
#1622 = CARTESIAN_POINT ( 'NONE',  ( -3.000000000000000000, 0.7000000000000000666, -1.149999999999999467 ) ) ;
#1623 = CARTESIAN_POINT ( 'NONE',  ( 3.000000000000000000, 0.1999999999999999833, 0.8000000000000003775 ) ) ;
#1624 = ORIENTED_EDGE ( 'NONE', *, *, #4593, .F. ) ;
#1625 = FACE_OUTER_BOUND ( 'NONE', #7386, .T. ) ;
#1626 = DIRECTION ( 'NONE',  ( 0.000000000000000000, 1.000000000000000000, 0.000000000000000000 ) ) ;
#1627 = ORIENTED_EDGE ( 'NONE', *, *, #2277, .F. ) ;
#1628 = DIRECTION ( 'NONE',  ( 1.000000000000000000, -0.000000000000000000, 0.000000000000000000 ) ) ;
#1629 = VECTOR ( 'NONE', #4506, 1000.000000000000000 ) ;
#1630 = EDGE_CURVE ( 'NONE', #3721, #2280, #5386, .T. ) ;
#1631 = CARTESIAN_POINT ( 'NONE',  ( -2.750000000000000000, 0.7000000000000000666, 0.5000000000000008882 ) ) ;
#1632 = ORIENTED_EDGE ( 'NONE', *, *, #2452, .T. ) ;
#1633 = VECTOR ( 'NONE', #2572, 1000.000000000000000 ) ;
#1634 = CARTESIAN_POINT ( 'NONE',  ( 1.300000000000000044, 0.2000000000000000111, 2.750000000000000000 ) ) ;
#1635 = LINE ( 'NONE', #174, #5252 ) ;
#1636 = PLANE ( 'NONE',  #1804 ) ;
#1637 = LINE ( 'NONE', #39, #1599 ) ;
#1638 = ORIENTED_EDGE ( 'NONE', *, *, #5635, .F. ) ;
#1639 = CIRCLE ( 'NONE', #1160, 0.1499999999999997446 ) ;
#1640 = AXIS2_PLACEMENT_3D ( 'NONE', #4805, #3612, #8954 ) ;
#1641 = VERTEX_POINT ( 'NONE', #898 ) ;
#1642 = CARTESIAN_POINT ( 'NONE',  ( -2.750000000000000000, 0.1999999999999999833, -1.449999999999999067 ) ) ;
#1643 = CYLINDRICAL_SURFACE ( 'NONE', #3986, 0.1499999999999997446 ) ;
#1644 = EDGE_LOOP ( 'NONE', ( #6217, #7028, #3511, #158 ) ) ;
#1645 = EDGE_CURVE ( 'NONE', #1380, #1849, #6279, .T. ) ;
#1646 = EDGE_LOOP ( 'NONE', ( #4816, #4875, #2286, #3481 ) ) ;
#1647 = CARTESIAN_POINT ( 'NONE',  ( 3.000000000000000000, 0.1999999999999999833, -1.799999999999999600 ) ) ;
#1648 = LINE ( 'NONE', #7082, #1266 ) ;
#1649 = ORIENTED_EDGE ( 'NONE', *, *, #958, .T. ) ;
#1650 = AXIS2_PLACEMENT_3D ( 'NONE', #8855, #1973, #1263 ) ;
#1651 = CARTESIAN_POINT ( 'NONE',  ( 3.000000000000000000, 0.2000000000000005107, -1.449999999999999956 ) ) ;
#1652 = AXIS2_PLACEMENT_3D ( 'NONE', #6694, #2901, #6025 ) ;
#1653 = SURFACE_STYLE_USAGE ( .BOTH. , #8484 ) ;
#1654 = UNCERTAINTY_MEASURE_WITH_UNIT (LENGTH_MEASURE( 1.000000000000000082E-05 ), #4395, 'distance_accuracy_value', 'NONE');
#1655 = EDGE_LOOP ( 'NONE', ( #6251, #1115, #9167, #8077 ) ) ;
#1656 = CARTESIAN_POINT ( 'NONE',  ( -2.750000000000000000, 0.7000000000000000666, -1.299999999999999378 ) ) ;
#1657 = VECTOR ( 'NONE', #7900, 1000.000000000000000 ) ;
#1658 = CARTESIAN_POINT ( 'NONE',  ( -2.750000000000000000, 0.1999999999999999833, -0.7999999999999990452 ) ) ;
#1659 = ORIENTED_EDGE ( 'NONE', *, *, #6635, .F. ) ;
#1660 = ADVANCED_FACE ( 'NONE', ( #8390 ), #1554, .F. ) ;
#1661 = ORIENTED_EDGE ( 'NONE', *, *, #1726, .T. ) ;
#1662 =( GEOMETRIC_REPRESENTATION_CONTEXT ( 3 ) GLOBAL_UNCERTAINTY_ASSIGNED_CONTEXT ( ( #1991 ) ) GLOBAL_UNIT_ASSIGNED_CONTEXT ( ( #3595, #648, #7579 ) ) REPRESENTATION_CONTEXT ( 'NONE', 'WORKASPACE' ) );
#1663 = CARTESIAN_POINT ( 'NONE',  ( -3.000000000000000000, 0.000000000000000000, -2.099999999999999645 ) ) ;
#1664 = CARTESIAN_POINT ( 'NONE',  ( 2.750000000000000000, 0.1999999999999999833, -0.1499999999999990785 ) ) ;
#1665 = LINE ( 'NONE', #9807, #3079 ) ;
#1666 = MECHANICAL_DESIGN_GEOMETRIC_PRESENTATION_REPRESENTATION (  '', ( #539 ), #4049 ) ;
#1667 = ORIENTED_EDGE ( 'NONE', *, *, #5740, .F. ) ;
#1668 = AXIS2_PLACEMENT_3D ( 'NONE', #4617, #2922, #6053 ) ;
#1669 = CARTESIAN_POINT ( 'NONE',  ( 1.449999999999999956, 0.000000000000000000, 3.000000000000000000 ) ) ;
#1670 = CARTESIAN_POINT ( 'NONE',  ( -2.750000000000000000, 0.1999999999999999833, 1.800000000000000711 ) ) ;
#1671 = CARTESIAN_POINT ( 'NONE',  ( -2.049999999999999378, 0.05000000000000000278, -2.400000000000000355 ) ) ;
#1672 = EDGE_CURVE ( 'NONE', #1026, #3213, #3705, .T. ) ;
#1673 = ORIENTED_EDGE ( 'NONE', *, *, #4855, .F. ) ;
#1674 = LINE ( 'NONE', #4562, #9766 ) ;
#1675 = EDGE_CURVE ( 'NONE', #2820, #804, #9771, .T. ) ;
#1676 = EDGE_CURVE ( 'NONE', #4177, #8581, #194, .T. ) ;
#1677 = ORIENTED_EDGE ( 'NONE', *, *, #7906, .T. ) ;
#1678 = FACE_OUTER_BOUND ( 'NONE', #4827, .T. ) ;
#1679 = CARTESIAN_POINT ( 'NONE',  ( 3.000000000000000000, 0.04999999999999969746, -0.4999999999999995559 ) ) ;
#1680 = ORIENTED_EDGE ( 'NONE', *, *, #7876, .T. ) ;
#1681 = PRESENTATION_STYLE_ASSIGNMENT (( #8466 ) ) ;
#1682 = FACE_OUTER_BOUND ( 'NONE', #235, .T. ) ;
#1683 = ADVANCED_FACE ( 'NONE', ( #2492 ), #7640, .F. ) ;
#1684 = CARTESIAN_POINT ( 'NONE',  ( -3.000000000000000000, 0.000000000000000000, -1.799999999999999600 ) ) ;
#1685 = VECTOR ( 'NONE', #3362, 1000.000000000000000 ) ;
#1686 = EDGE_CURVE ( 'NONE', #4127, #814, #3238, .T. ) ;
#1687 = PLANE ( 'NONE',  #9120 ) ;
#1688 = EDGE_CURVE ( 'NONE', #8425, #8831, #4644, .T. ) ;
#1689 = FACE_OUTER_BOUND ( 'NONE', #188, .T. ) ;
#1690 = ORIENTED_EDGE ( 'NONE', *, *, #7666, .F. ) ;
#1691 = CARTESIAN_POINT ( 'NONE',  ( 3.000000000000000000, 0.1999999999999999833, 0.5000000000000004441 ) ) ;
#1692 = VERTEX_POINT ( 'NONE', #3906 ) ;
#1693 = DIRECTION ( 'NONE',  ( 0.000000000000000000, 0.000000000000000000, 1.000000000000000000 ) ) ;
#1694 = DIRECTION ( 'NONE',  ( -0.000000000000000000, -1.000000000000000000, -0.000000000000000000 ) ) ;
#1695 = ORIENTED_EDGE ( 'NONE', *, *, #5705, .F. ) ;
#1696 = VERTEX_POINT ( 'NONE', #948 ) ;
#1697 = DIRECTION ( 'NONE',  ( -1.000000000000000000, 0.000000000000000000, 0.000000000000000000 ) ) ;
#1698 = FACE_OUTER_BOUND ( 'NONE', #8331, .T. ) ;
#1699 = EDGE_CURVE ( 'NONE', #1463, #9318, #1321, .T. ) ;
#1700 = ORIENTED_EDGE ( 'NONE', *, *, #2689, .F. ) ;
#1701 = DIRECTION ( 'NONE',  ( -1.000000000000000000, 0.000000000000000000, 0.000000000000000000 ) ) ;
#1702 =( NAMED_UNIT ( * ) PLANE_ANGLE_UNIT ( ) SI_UNIT ( $, .RADIAN. ) );
#1703 = AXIS2_PLACEMENT_3D ( 'NONE', #8023, #2678, #1183 ) ;
#1704 = ORIENTED_EDGE ( 'NONE', *, *, #6015, .T. ) ;
#1705 = CARTESIAN_POINT ( 'NONE',  ( -3.000000000000000000, 0.04999999999999969746, 0.1500000000000003830 ) ) ;
#1706 = LINE ( 'NONE', #7744, #693 ) ;
#1707 = ORIENTED_EDGE ( 'NONE', *, *, #4336, .F. ) ;
#1708 = ORIENTED_EDGE ( 'NONE', *, *, #6635, .T. ) ;
#1709 = DIRECTION ( 'NONE',  ( 0.000000000000000000, 0.000000000000000000, -1.000000000000000000 ) ) ;
#1710 = CARTESIAN_POINT ( 'NONE',  ( -2.299999999999998490, 0.000000000000000000, 2.299999999999999378 ) ) ;
#1711 = CARTESIAN_POINT ( 'NONE',  ( -1.949999999999999956, 0.2000000000000000111, 2.750000000000000000 ) ) ;
#1712 = VERTEX_POINT ( 'NONE', #1705 ) ;
#1713 = EDGE_CURVE ( 'NONE', #4285, #7042, #4736, .T. ) ;
#1714 = DIRECTION ( 'NONE',  ( -1.000000000000000000, 0.000000000000000000, 1.734723475976805714E-15 ) ) ;
#1715 = DIRECTION ( 'NONE',  ( -0.000000000000000000, 0.000000000000000000, 1.000000000000000000 ) ) ;
#1716 = AXIS2_PLACEMENT_3D ( 'NONE', #7160, #1929, #3313 ) ;
#1717 = DIRECTION ( 'NONE',  ( 0.000000000000000000, -0.000000000000000000, 1.000000000000000000 ) ) ;
#1718 = VERTEX_POINT ( 'NONE', #7788 ) ;
#1719 = DIRECTION ( 'NONE',  ( -1.734723475976805517E-15, -0.000000000000000000, 1.000000000000000000 ) ) ;
#1720 = CARTESIAN_POINT ( 'NONE',  ( 1.149999999999999467, 0.2000000000000000111, 2.750000000000000000 ) ) ;
#1721 = ORIENTED_EDGE ( 'NONE', *, *, #4102, .T. ) ;
#1722 = DIRECTION ( 'NONE',  ( 0.000000000000000000, -1.000000000000000000, 0.000000000000000000 ) ) ;
#1723 = AXIS2_PLACEMENT_3D ( 'NONE', #3356, #3964, #7907 ) ;
#1724 = DIRECTION ( 'NONE',  ( 0.000000000000000000, -1.000000000000000000, 0.000000000000000000 ) ) ;
#1725 = VERTEX_POINT ( 'NONE', #1752 ) ;
#1726 = EDGE_CURVE ( 'NONE', #2613, #2348, #4787, .T. ) ;
#1727 = DIRECTION ( 'NONE',  ( -0.000000000000000000, -0.000000000000000000, -1.000000000000000000 ) ) ;
#1728 = CARTESIAN_POINT ( 'NONE',  ( 3.000000000000000000, 0.000000000000000000, 0.8000000000000003775 ) ) ;
#1729 = CARTESIAN_POINT ( 'NONE',  ( 0.7999999999999999334, 0.7000000000000003997, -3.000000000000000000 ) ) ;
#1730 = CARTESIAN_POINT ( 'NONE',  ( 1.300000000000000044, 0.2000000000000000111, 2.750000000000000000 ) ) ;
#1731 = LINE ( 'NONE', #837, #5410 ) ;
#1732 = ORIENTED_EDGE ( 'NONE', *, *, #3671, .T. ) ;
#1733 = PLANE ( 'NONE',  #9826 ) ;
#1734 = VERTEX_POINT ( 'NONE', #2745 ) ;
#1735 = EDGE_CURVE ( 'NONE', #1335, #7079, #342, .T. ) ;
#1736 = CARTESIAN_POINT ( 'NONE',  ( 0.6500000000000000222, 0.7000000000000003997, 2.750000000000000000 ) ) ;
#1737 = EDGE_CURVE ( 'NONE', #3533, #8678, #8785, .T. ) ;
#1738 =( GEOMETRIC_REPRESENTATION_CONTEXT ( 3 ) GLOBAL_UNCERTAINTY_ASSIGNED_CONTEXT ( ( #943 ) ) GLOBAL_UNIT_ASSIGNED_CONTEXT ( ( #3258, #9350, #3817 ) ) REPRESENTATION_CONTEXT ( 'NONE', 'WORKASPACE' ) );
#1739 = VECTOR ( 'NONE', #1186, 1000.000000000000000 ) ;
#1740 = EDGE_LOOP ( 'NONE', ( #3793, #3147, #5120, #921 ) ) ;
#1741 = ORIENTED_EDGE ( 'NONE', *, *, #5884, .F. ) ;
#1742 = PLANE ( 'NONE',  #963 ) ;
#1743 = CARTESIAN_POINT ( 'NONE',  ( 0.8000000000000001554, 0.2000000000000000111, 2.750000000000000000 ) ) ;
#1744 = CARTESIAN_POINT ( 'NONE',  ( 2.750000000000000000, 0.000000000000000000, 1.300000000000000488 ) ) ;
#1745 = ORIENTED_EDGE ( 'NONE', *, *, #9852, .T. ) ;
#1746 = DIRECTION ( 'NONE',  ( 0.000000000000000000, -0.000000000000000000, 1.000000000000000000 ) ) ;
#1747 = SURFACE_STYLE_FILL_AREA ( #5634 ) ;
#1748 = AXIS2_PLACEMENT_3D ( 'NONE', #2957, #2210, #7551 ) ;
#1749 = VECTOR ( 'NONE', #9453, 1000.000000000000000 ) ;
#1750 = ADVANCED_FACE ( 'NONE', ( #8835 ), #8087, .T. ) ;
#1751 = EDGE_LOOP ( 'NONE', ( #3033, #8641, #9701, #7 ) ) ;
#1752 = CARTESIAN_POINT ( 'NONE',  ( 2.750000000000000000, 0.000000000000000000, 1.800000000000000711 ) ) ;
#1753 = CARTESIAN_POINT ( 'NONE',  ( 2.750000000000000000, 0.05000000000000002359, -1.799999999999999600 ) ) ;
#1754 = ORIENTED_EDGE ( 'NONE', *, *, #9682, .F. ) ;
#1755 = ORIENTED_EDGE ( 'NONE', *, *, #8508, .F. ) ;
#1756 = CIRCLE ( 'NONE', #7326, 0.1499999999999997446 ) ;
#1757 = VECTOR ( 'NONE', #7930, 1000.000000000000000 ) ;
#1758 = DIRECTION ( 'NONE',  ( 1.000000000000000000, -0.000000000000000000, 0.000000000000000000 ) ) ;
#1759 = DIRECTION ( 'NONE',  ( 0.000000000000000000, 1.000000000000000000, 0.000000000000000000 ) ) ;
#1760 = LINE ( 'NONE', #4104, #1331 ) ;
#1761 = ORIENTED_EDGE ( 'NONE', *, *, #6000, .F. ) ;
#1762 = VECTOR ( 'NONE', #9706, 1000.000000000000000 ) ;
#1763 = EDGE_CURVE ( 'NONE', #494, #8969, #2004, .T. ) ;
#1764 = DIRECTION ( 'NONE',  ( 0.000000000000000000, 0.000000000000000000, -1.000000000000000000 ) ) ;
#1765 = VECTOR ( 'NONE', #7030, 1000.000000000000000 ) ;
#1766 = LINE ( 'NONE', #6240, #5558 ) ;
#1767 = EDGE_CURVE ( 'NONE', #9781, #5283, #3335, .T. ) ;
#1768 = VECTOR ( 'NONE', #446, 1000.000000000000000 ) ;
#1769 = CARTESIAN_POINT ( 'NONE',  ( -1.949999999999999956, 0.2000000000000000111, -2.750000000000000000 ) ) ;
#1770 = ORIENTED_EDGE ( 'NONE', *, *, #5763, .F. ) ;
#1771 = MECHANICAL_DESIGN_GEOMETRIC_PRESENTATION_REPRESENTATION (  '', ( #2389 ), #7345 ) ;
#1772 = DIRECTION ( 'NONE',  ( 0.000000000000000000, 1.000000000000000000, 0.000000000000000000 ) ) ;
#1773 = VERTEX_POINT ( 'NONE', #8042 ) ;
#1774 = LINE ( 'NONE', #263, #6270 ) ;
#1775 = PLANE ( 'NONE',  #8199 ) ;
#1776 = ORIENTED_EDGE ( 'NONE', *, *, #90, .T. ) ;
#1777 = DIRECTION ( 'NONE',  ( -0.000000000000000000, -1.000000000000000000, -0.000000000000000000 ) ) ;
#1778 = ADVANCED_FACE ( 'NONE', ( #1852 ), #6370, .F. ) ;
#1779 = CARTESIAN_POINT ( 'NONE',  ( -3.000000000000000000, 0.04999999999999969746, -0.1499999999999995226 ) ) ;
#1780 = ORIENTED_EDGE ( 'NONE', *, *, #7837, .F. ) ;
#1781 = DIRECTION ( 'NONE',  ( 0.000000000000000000, -1.000000000000000000, 0.000000000000000000 ) ) ;
#1782 = CARTESIAN_POINT ( 'NONE',  ( -3.000000000000000000, 0.1999999999999999833, 1.150000000000000355 ) ) ;
#1783 = VECTOR ( 'NONE', #5641, 1000.000000000000000 ) ;
#1784 = CARTESIAN_POINT ( 'NONE',  ( -0.6500000000000000222, 0.2000000000000000111, 2.599999999999999645 ) ) ;
#1785 = ORIENTED_EDGE ( 'NONE', *, *, #287, .F. ) ;
#1786 = VECTOR ( 'NONE', #1356, 1000.000000000000000 ) ;
#1787 = CARTESIAN_POINT ( 'NONE',  ( -2.750000000000000000, 0.000000000000000000, 1.150000000000000799 ) ) ;
#1788 = EDGE_LOOP ( 'NONE', ( #2584, #7978, #7324, #3707 ) ) ;
#1789 = DIRECTION ( 'NONE',  ( 0.000000000000000000, -1.000000000000000000, 0.000000000000000000 ) ) ;
#1790 = VECTOR ( 'NONE', #6488, 1000.000000000000000 ) ;
#1791 = CARTESIAN_POINT ( 'NONE',  ( -1.300000000000000044, 0.04999999999999999584, 2.599999999999999645 ) ) ;
#1792 = ORIENTED_EDGE ( 'NONE', *, *, #5435, .T. ) ;
#1793 = VERTEX_POINT ( 'NONE', #5030 ) ;
#1794 = FACE_OUTER_BOUND ( 'NONE', #8180, .T. ) ;
#1795 = CARTESIAN_POINT ( 'NONE',  ( 2.750000000000000000, 0.1999999999999999833, -0.6499999999999993561 ) ) ;
#1796 = CARTESIAN_POINT ( 'NONE',  ( -1.149999999999999911, 0.000000000000000000, -2.750000000000000000 ) ) ;
#1797 = ORIENTED_EDGE ( 'NONE', *, *, #8139, .T. ) ;
#1798 = DIRECTION ( 'NONE',  ( 0.000000000000000000, 0.000000000000000000, -1.000000000000000000 ) ) ;
#1799 = EDGE_CURVE ( 'NONE', #1056, #8712, #1951, .T. ) ;
#1800 = CIRCLE ( 'NONE', #9449, 0.1499999999999997446 ) ;
#1801 =( LENGTH_UNIT ( ) NAMED_UNIT ( * ) SI_UNIT ( .MILLI., .METRE. ) );
#1802 = EDGE_CURVE ( 'NONE', #8380, #7464, #4983, .T. ) ;
#1803 = ADVANCED_FACE ( 'NONE', ( #1198 ), #1242, .T. ) ;
#1804 = AXIS2_PLACEMENT_3D ( 'NONE', #4676, #7726, #6402 ) ;
#1805 = VECTOR ( 'NONE', #5779, 1000.000000000000000 ) ;
#1806 = ORIENTED_EDGE ( 'NONE', *, *, #9238, .T. ) ;
#1807 = DIRECTION ( 'NONE',  ( -0.000000000000000000, -1.000000000000000000, -0.000000000000000000 ) ) ;
#1808 = DIRECTION ( 'NONE',  ( 0.000000000000000000, 0.000000000000000000, 1.000000000000000000 ) ) ;
#1809 = ORIENTED_EDGE ( 'NONE', *, *, #5527, .T. ) ;
#1810 = ORIENTED_EDGE ( 'NONE', *, *, #5284, .T. ) ;
#1811 = CIRCLE ( 'NONE', #7382, 0.1499999999999997446 ) ;
#1812 = DIRECTION ( 'NONE',  ( 1.000000000000000000, -0.000000000000000000, 0.000000000000000000 ) ) ;
#1813 = CARTESIAN_POINT ( 'NONE',  ( -3.000000000000000000, 0.000000000000000000, -0.7999999999999994893 ) ) ;
#1814 = CARTESIAN_POINT ( 'NONE',  ( 2.750000000000000000, 0.1999999999999999833, -0.4999999999999995559 ) ) ;
#1815 = EDGE_CURVE ( 'NONE', #591, #3071, #437, .T. ) ;
#1816 = CARTESIAN_POINT ( 'NONE',  ( -2.299999999999998490, 6.988225099390855455, 2.399999999999999467 ) ) ;
#1817 = ORIENTED_EDGE ( 'NONE', *, *, #5681, .T. ) ;
#1818 = VECTOR ( 'NONE', #2604, 1000.000000000000000 ) ;
#1819 = VECTOR ( 'NONE', #1163, 1000.000000000000000 ) ;
#1820 = DIRECTION ( 'NONE',  ( 0.000000000000000000, -1.000000000000000000, 0.000000000000000000 ) ) ;
#1821 = DIRECTION ( 'NONE',  ( 0.000000000000000000, -1.000000000000000000, 0.000000000000000000 ) ) ;
#1822 = PRESENTATION_LAYER_ASSIGNMENT (  '', '', ( #1018 ) ) ;
#1823 = DIRECTION ( 'NONE',  ( 0.000000000000000000, 1.000000000000000000, 0.000000000000000000 ) ) ;
#1824 = EDGE_LOOP ( 'NONE', ( #8826, #311, #1900, #9585 ) ) ;
#1825 = LINE ( 'NONE', #3412, #1162 ) ;
#1826 = AXIS2_PLACEMENT_3D ( 'NONE', #78, #6104, #5363 ) ;
#1827 = ORIENTED_EDGE ( 'NONE', *, *, #1404, .F. ) ;
#1828 = DIRECTION ( 'NONE',  ( 1.000000000000000000, 0.000000000000000000, 0.000000000000000000 ) ) ;
#1829 = EDGE_CURVE ( 'NONE', #4099, #4327, #492, .T. ) ;
#1830 = DIRECTION ( 'NONE',  ( -0.000000000000000000, -1.000000000000000000, -0.000000000000000000 ) ) ;
#1831 = VECTOR ( 'NONE', #3308, 1000.000000000000000 ) ;
#1832 = VERTEX_POINT ( 'NONE', #5583 ) ;
#1833 = VECTOR ( 'NONE', #9762, 1000.000000000000000 ) ;
#1834 = DIRECTION ( 'NONE',  ( 0.000000000000000000, 1.000000000000000000, 0.000000000000000000 ) ) ;
#1835 = DIRECTION ( 'NONE',  ( -0.000000000000000000, -1.000000000000000000, -0.000000000000000000 ) ) ;
#1836 = ORIENTED_EDGE ( 'NONE', *, *, #8660, .F. ) ;
#1837 = CARTESIAN_POINT ( 'NONE',  ( -1.949999999999999956, 0.1999999999999999833, 2.599999999999999645 ) ) ;
#1838 = CARTESIAN_POINT ( 'NONE',  ( 2.750000000000000000, 0.7000000000000000666, -2.099999999999999201 ) ) ;
#1839 = PRESENTATION_STYLE_ASSIGNMENT (( #3527 ) ) ;
#1840 = ORIENTED_EDGE ( 'NONE', *, *, #9179, .T. ) ;
#1841 = DIRECTION ( 'NONE',  ( -1.734723475976805517E-15, -0.000000000000000000, 1.000000000000000000 ) ) ;
#1842 = EDGE_LOOP ( 'NONE', ( #4517, #7316, #9447, #7253 ) ) ;
#1843 = CARTESIAN_POINT ( 'NONE',  ( 2.399999999999999911, 0.000000000000000000, 2.400000000000000355 ) ) ;
#1844 = ORIENTED_EDGE ( 'NONE', *, *, #4994, .T. ) ;
#1845 = ORIENTED_EDGE ( 'NONE', *, *, #8729, .F. ) ;
#1846 = CARTESIAN_POINT ( 'NONE',  ( -0.5000000000000000000, 0.2000000000000000111, -3.000000000000000000 ) ) ;
#1847 = DIRECTION ( 'NONE',  ( 0.000000000000000000, 1.000000000000000000, 0.000000000000000000 ) ) ;
#1848 = DIRECTION ( 'NONE',  ( -0.000000000000000000, -1.000000000000000000, -0.000000000000000000 ) ) ;
#1849 = VERTEX_POINT ( 'NONE', #7937 ) ;
#1850 = CARTESIAN_POINT ( 'NONE',  ( -3.000000000000000000, 0.1999999999999999833, -1.799999999999999600 ) ) ;
#1851 = EDGE_CURVE ( 'NONE', #5335, #8658, #7988, .T. ) ;
#1852 = FACE_OUTER_BOUND ( 'NONE', #8270, .T. ) ;
#1853 = EDGE_CURVE ( 'NONE', #5683, #1899, #2596, .T. ) ;
#1854 = DIRECTION ( 'NONE',  ( -1.000000000000000000, 0.000000000000000000, -0.000000000000000000 ) ) ;
#1855 = EDGE_LOOP ( 'NONE', ( #7977, #7175, #1469, #6356, #6616, #3311, #2875, #683 ) ) ;
#1856 = ORIENTED_EDGE ( 'NONE', *, *, #1351, .F. ) ;
#1857 = DIRECTION ( 'NONE',  ( 0.000000000000000000, 0.000000000000000000, -1.000000000000000000 ) ) ;
#1858 = DIRECTION ( 'NONE',  ( 0.000000000000000000, -1.000000000000000000, 0.000000000000000000 ) ) ;
#1859 = VECTOR ( 'NONE', #9663, 1000.000000000000000 ) ;
#1860 = FACE_OUTER_BOUND ( 'NONE', #6896, .T. ) ;
#1861 = DIRECTION ( 'NONE',  ( -0.000000000000000000, -1.000000000000000000, -0.000000000000000000 ) ) ;
#1862 = ORIENTED_EDGE ( 'NONE', *, *, #1059, .T. ) ;
#1863 = DIRECTION ( 'NONE',  ( 0.000000000000000000, 1.000000000000000000, 0.000000000000000000 ) ) ;
#1864 = CARTESIAN_POINT ( 'NONE',  ( 2.750000000000000000, 0.000000000000000000, 6.505213034913026604E-16 ) ) ;
#1865 = ADVANCED_FACE ( 'NONE', ( #8687 ), #1095, .T. ) ;
#1866 = PLANE ( 'NONE',  #368 ) ;
#1867 = EDGE_CURVE ( 'NONE', #4327, #8733, #393, .T. ) ;
#1868 = EDGE_CURVE ( 'NONE', #7531, #1177, #2642, .T. ) ;
#1869 = DIRECTION ( 'NONE',  ( -0.000000000000000000, -1.000000000000000000, -0.000000000000000000 ) ) ;
#1870 = ORIENTED_EDGE ( 'NONE', *, *, #7120, .F. ) ;
#1871 = CARTESIAN_POINT ( 'NONE',  ( -0.5000000000000000000, 0.2000000000000005107, 3.000000000000000444 ) ) ;
#1872 = ORIENTED_EDGE ( 'NONE', *, *, #905, .F. ) ;
#1873 = DIRECTION ( 'NONE',  ( 0.000000000000000000, 1.000000000000000000, 0.000000000000000000 ) ) ;
#1874 = VECTOR ( 'NONE', #9563, 1000.000000000000000 ) ;
#1875 = CARTESIAN_POINT ( 'NONE',  ( -3.000000000000000000, 0.1999999999999999833, -1.149999999999999467 ) ) ;
#1876 = ADVANCED_FACE ( 'NONE', ( #1897 ), #646, .F. ) ;
#1877 = LINE ( 'NONE', #173, #2981 ) ;
#1878 = ORIENTED_EDGE ( 'NONE', *, *, #5329, .F. ) ;
#1879 = DIRECTION ( 'NONE',  ( -1.000000000000000000, 0.000000000000000000, -0.000000000000000000 ) ) ;
#1880 = VECTOR ( 'NONE', #4903, 1000.000000000000000 ) ;
#1881 = DIRECTION ( 'NONE',  ( 0.000000000000000000, 1.000000000000000000, 0.000000000000000000 ) ) ;
#1882 = COLOUR_RGB ( '',0.7921568627450980005, 0.8196078431372548767, 0.9333333333333333481 ) ;
#1883 =( NAMED_UNIT ( * ) PLANE_ANGLE_UNIT ( ) SI_UNIT ( $, .RADIAN. ) );
#1884 = ORIENTED_EDGE ( 'NONE', *, *, #170, .F. ) ;
#1885 = CARTESIAN_POINT ( 'NONE',  ( -1.799999999999999822, 0.1999999999999999833, 2.750000000000000000 ) ) ;
#1886 = VERTEX_POINT ( 'NONE', #9731 ) ;
#1887 = LINE ( 'NONE', #1843, #6021 ) ;
#1888 =( NAMED_UNIT ( * ) PLANE_ANGLE_UNIT ( ) SI_UNIT ( $, .RADIAN. ) );
#1889 = VERTEX_POINT ( 'NONE', #2193 ) ;
#1890 = ORIENTED_EDGE ( 'NONE', *, *, #423, .F. ) ;
#1891 = LINE ( 'NONE', #1846, #9737 ) ;
#1892 = CARTESIAN_POINT ( 'NONE',  ( -3.000000000000000000, 0.7000000000000000666, -0.4999999999999995559 ) ) ;
#1893 = ADVANCED_FACE ( 'NONE', ( #8130 ), #9829, .F. ) ;
#1894 = DIRECTION ( 'NONE',  ( 0.000000000000000000, 1.000000000000000000, 0.000000000000000000 ) ) ;
#1895 = ORIENTED_EDGE ( 'NONE', *, *, #2576, .F. ) ;
#1896 = LINE ( 'NONE', #390, #6353 ) ;
#1897 = FACE_OUTER_BOUND ( 'NONE', #5506, .T. ) ;
#1898 = CARTESIAN_POINT ( 'NONE',  ( 2.750000000000000000, 0.05000000000000002359, -0.1499999999999990785 ) ) ;
#1899 = VERTEX_POINT ( 'NONE', #3741 ) ;
#1900 = ORIENTED_EDGE ( 'NONE', *, *, #1699, .T. ) ;
#1901 = DIRECTION ( 'NONE',  ( 0.000000000000000000, 0.000000000000000000, 1.000000000000000000 ) ) ;
#1902 = LINE ( 'NONE', #2053, #5083 ) ;
#1903 = ADVANCED_FACE ( 'NONE', ( #2982 ), #1295, .F. ) ;
#1904 = CARTESIAN_POINT ( 'NONE',  ( 1.799999999999999600, 0.04999999999999999584, 2.750000000000000000 ) ) ;
#1905 = AXIS2_PLACEMENT_3D ( 'NONE', #8474, #3176, #1693 ) ;
#1906 = PRESENTATION_STYLE_ASSIGNMENT (( #8738 ) ) ;
#1907 = EDGE_CURVE ( 'NONE', #1421, #1512, #5279, .T. ) ;
#1908 = AXIS2_PLACEMENT_3D ( 'NONE', #2328, #4029, #4721 ) ;
#1909 = CARTESIAN_POINT ( 'NONE',  ( -1.149999999999999911, 0.2000000000000000111, 3.000000000000000000 ) ) ;
#1910 = AXIS2_PLACEMENT_3D ( 'NONE', #1247, #6429, #497 ) ;
#1911 = COLOUR_RGB ( '',0.7921568627450980005, 0.8196078431372548767, 0.9333333333333333481 ) ;
#1912 = LINE ( 'NONE', #3506, #2136 ) ;
#1913 = CARTESIAN_POINT ( 'NONE',  ( -2.750000000000000000, 0.000000000000000000, -1.149999999999999467 ) ) ;
#1914 = CARTESIAN_POINT ( 'NONE',  ( 2.750000000000000000, 0.1999999999999999833, 1.950000000000000622 ) ) ;
#1915 = FACE_OUTER_BOUND ( 'NONE', #9251, .T. ) ;
#1916 = ORIENTED_EDGE ( 'NONE', *, *, #7406, .T. ) ;
#1917 = DIRECTION ( 'NONE',  ( -1.000000000000000000, 0.000000000000000000, 0.000000000000000000 ) ) ;
#1918 = VECTOR ( 'NONE', #95, 1000.000000000000000 ) ;
#1919 = VECTOR ( 'NONE', #3165, 1000.000000000000000 ) ;
#1920 = EDGE_CURVE ( 'NONE', #3639, #8348, #2939, .T. ) ;
#1921 = ORIENTED_EDGE ( 'NONE', *, *, #571, .F. ) ;
#1922 = CARTESIAN_POINT ( 'NONE',  ( -0.5000000000000000000, 0.7000000000000003997, -2.750000000000000000 ) ) ;
#1923 = CIRCLE ( 'NONE', #6858, 0.1499999999999999667 ) ;
#1924 = EDGE_CURVE ( 'NONE', #8482, #6461, #6730, .T. ) ;
#1925 = EDGE_CURVE ( 'NONE', #269, #433, #3545, .T. ) ;
#1926 = FACE_OUTER_BOUND ( 'NONE', #3825, .T. ) ;
#1927 = VECTOR ( 'NONE', #3076, 1000.000000000000000 ) ;
#1928 = CARTESIAN_POINT ( 'NONE',  ( -1.149999999999999023, 0.2000000000000005107, 3.000000000000000444 ) ) ;
#1929 = DIRECTION ( 'NONE',  ( -1.000000000000000000, 0.000000000000000000, 0.000000000000000000 ) ) ;
#1930 = ORIENTED_EDGE ( 'NONE', *, *, #444, .T. ) ;
#1931 = PLANE ( 'NONE',  #7983 ) ;
#1932 = CARTESIAN_POINT ( 'NONE',  ( 0.4999999999999995559, 0.000000000000000000, 2.750000000000000000 ) ) ;
#1933 = CARTESIAN_POINT ( 'NONE',  ( -2.750000000000000000, 0.1999999999999999833, 0.1500000000000003830 ) ) ;
#1934 = ADVANCED_FACE ( 'NONE', ( #8185 ), #8276, .T. ) ;
#1935 = ORIENTED_EDGE ( 'NONE', *, *, #3570, .F. ) ;
#1936 = AXIS2_PLACEMENT_3D ( 'NONE', #2754, #552, #6430 ) ;
#1937 = DIRECTION ( 'NONE',  ( -0.000000000000000000, -1.000000000000000000, -0.000000000000000000 ) ) ;
#1938 = ORIENTED_EDGE ( 'NONE', *, *, #9358, .T. ) ;
#1939 = PLANE ( 'NONE',  #1583 ) ;
#1940 = ORIENTED_EDGE ( 'NONE', *, *, #2074, .T. ) ;
#1941 = ORIENTED_EDGE ( 'NONE', *, *, #3437, .F. ) ;
#1942 = VECTOR ( 'NONE', #1312, 1000.000000000000000 ) ;
#1943 = PLANE ( 'NONE',  #7015 ) ;
#1944 = CARTESIAN_POINT ( 'NONE',  ( -3.000000000000000000, 0.05000000000000000278, 3.000000000000000444 ) ) ;
#1945 = LINE ( 'NONE', #7274, #5915 ) ;
#1946 = EDGE_LOOP ( 'NONE', ( #2115, #5215, #7921, #2784 ) ) ;
#1947 = CARTESIAN_POINT ( 'NONE',  ( -1.300000000000000044, 0.2000000000000000111, 2.600000000000000089 ) ) ;
#1948 = ADVANCED_FACE ( 'NONE', ( #2048 ), #4339, .F. ) ;
#1949 = VECTOR ( 'NONE', #7379, 1000.000000000000000 ) ;
#1950 = EDGE_CURVE ( 'NONE', #5243, #9270, #1499, .T. ) ;
#1951 = LINE ( 'NONE', #8637, #7959 ) ;
#1952 = LINE ( 'NONE', #1199, #6262 ) ;
#1953 = VERTEX_POINT ( 'NONE', #6624 ) ;
#1954 = ORIENTED_EDGE ( 'NONE', *, *, #1131, .T. ) ;
#1955 = DIRECTION ( 'NONE',  ( 0.000000000000000000, -0.000000000000000000, 1.000000000000000000 ) ) ;
#1956 = FACE_OUTER_BOUND ( 'NONE', #6278, .T. ) ;
#1957 = CIRCLE ( 'NONE', #2752, 0.1499999999999999667 ) ;
#1958 = AXIS2_PLACEMENT_3D ( 'NONE', #8069, #9814, #8112 ) ;
#1959 = CARTESIAN_POINT ( 'NONE',  ( -3.000000000000000000, 0.000000000000000000, 2.100000000000000089 ) ) ;
#1960 = DIRECTION ( 'NONE',  ( -1.000000000000000000, 0.000000000000000000, 0.000000000000000000 ) ) ;
#1961 = PLANE ( 'NONE',  #6893 ) ;
#1962 = VECTOR ( 'NONE', #5594, 1000.000000000000000 ) ;
#1963 = ADVANCED_FACE ( 'NONE', ( #543 ), #5180, .F. ) ;
#1964 = DIRECTION ( 'NONE',  ( -1.734723475976805714E-15, 0.000000000000000000, -1.000000000000000000 ) ) ;
#1965 = VECTOR ( 'NONE', #7302, 1000.000000000000000 ) ;
#1966 = VECTOR ( 'NONE', #8047, 1000.000000000000000 ) ;
#1967 = PLANE ( 'NONE',  #6418 ) ;
#1968 = LINE ( 'NONE', #7483, #6535 ) ;
#1969 = VECTOR ( 'NONE', #7039, 1000.000000000000000 ) ;
#1970 = DIRECTION ( 'NONE',  ( 0.000000000000000000, -0.000000000000000000, 1.000000000000000000 ) ) ;
#1971 = DIRECTION ( 'NONE',  ( 0.000000000000000000, 0.000000000000000000, -1.000000000000000000 ) ) ;
#1972 = ORIENTED_EDGE ( 'NONE', *, *, #726, .T. ) ;
#1973 = DIRECTION ( 'NONE',  ( 0.000000000000000000, 0.000000000000000000, -1.000000000000000000 ) ) ;
#1974 =( GEOMETRIC_REPRESENTATION_CONTEXT ( 3 ) GLOBAL_UNCERTAINTY_ASSIGNED_CONTEXT ( ( #4446 ) ) GLOBAL_UNIT_ASSIGNED_CONTEXT ( ( #157, #9290, #7096 ) ) REPRESENTATION_CONTEXT ( 'NONE', 'WORKASPACE' ) );
#1975 = APPLICATION_PROTOCOL_DEFINITION ( 'draft international standard', 'automotive_design', 1998, #907 ) ;
#1976 = ORIENTED_EDGE ( 'NONE', *, *, #8136, .F. ) ;
#1977 = FACE_OUTER_BOUND ( 'NONE', #1358, .T. ) ;
#1978 = VECTOR ( 'NONE', #8148, 1000.000000000000000 ) ;
#1979 = CARTESIAN_POINT ( 'NONE',  ( -0.1500000000000003830, 0.000000000000000000, -2.750000000000000000 ) ) ;
#1980 = PRESENTATION_LAYER_ASSIGNMENT (  '', '', ( #9146 ) ) ;
#1981 = EDGE_CURVE ( 'NONE', #7270, #6670, #9024, .T. ) ;
#1982 = VECTOR ( 'NONE', #4933, 1000.000000000000000 ) ;
#1983 = DIRECTION ( 'NONE',  ( 0.000000000000000000, 0.000000000000000000, -1.000000000000000000 ) ) ;
#1984 = ORIENTED_EDGE ( 'NONE', *, *, #2021, .F. ) ;
#1985 = LINE ( 'NONE', #2625, #5898 ) ;
#1986 = LINE ( 'NONE', #5207, #42 ) ;
#1987 = FILL_AREA_STYLE_COLOUR ( '', #3512 ) ;
#1988 = AXIS2_PLACEMENT_3D ( 'NONE', #8309, #6147, #917 ) ;
#1989 = CARTESIAN_POINT ( 'NONE',  ( -0.8000000000000003775, 0.2000000000000000111, 2.750000000000000000 ) ) ;
#1990 = EDGE_LOOP ( 'NONE', ( #1677, #5471, #5111, #3637 ) ) ;
#1991 = UNCERTAINTY_MEASURE_WITH_UNIT (LENGTH_MEASURE( 1.000000000000000082E-05 ), #3595, 'distance_accuracy_value', 'NONE');
#1992 = ADVANCED_FACE ( 'NONE', ( #4387 ), #9632, .F. ) ;
#1993 = SURFACE_SIDE_STYLE ('',( #1188 ) ) ;
#1994 = VERTEX_POINT ( 'NONE', #5871 ) ;
#1995 = ORIENTED_EDGE ( 'NONE', *, *, #8257, .T. ) ;
#1996 = EDGE_CURVE ( 'NONE', #46, #9476, #8231, .T. ) ;
#1997 = EDGE_CURVE ( 'NONE', #1177, #2531, #2100, .T. ) ;
#1998 = LINE ( 'NONE', #2140, #9089 ) ;
#1999 = DIRECTION ( 'NONE',  ( -0.000000000000000000, -0.000000000000000000, 1.000000000000000000 ) ) ;
#2000 = PLANE ( 'NONE',  #7201 ) ;
#2001 = EDGE_LOOP ( 'NONE', ( #6824, #7307, #4310, #8230 ) ) ;
#2002 = CARTESIAN_POINT ( 'NONE',  ( 2.100000000000000089, 0.05000000000000000278, 0.000000000000000000 ) ) ;
#2003 =( NAMED_UNIT ( * ) SI_UNIT ( $, .STERADIAN. ) SOLID_ANGLE_UNIT ( ) );
#2004 = LINE ( 'NONE', #289, #6187 ) ;
#2005 = LINE ( 'NONE', #4284, #1982 ) ;
#2006 = ORIENTED_EDGE ( 'NONE', *, *, #1129, .F. ) ;
#2007 = ORIENTED_EDGE ( 'NONE', *, *, #7914, .T. ) ;
#2008 = ADVANCED_FACE ( 'NONE', ( #3640 ), #6065, .F. ) ;
#2009 = DIRECTION ( 'NONE',  ( 0.000000000000000000, 0.000000000000000000, 1.000000000000000000 ) ) ;
#2010 = PLANE ( 'NONE',  #6195 ) ;
#2011 = CARTESIAN_POINT ( 'NONE',  ( -2.399999999999999911, 0.05000000000000000278, -2.050000000000004263 ) ) ;
#2012 = CARTESIAN_POINT ( 'NONE',  ( 1.799999999999999600, 0.2000000000000005107, -3.000000000000000000 ) ) ;
#2013 = ORIENTED_EDGE ( 'NONE', *, *, #6320, .F. ) ;
#2014 = DIRECTION ( 'NONE',  ( -1.734723475976805517E-15, 0.000000000000000000, -1.000000000000000000 ) ) ;
#2015 = DIRECTION ( 'NONE',  ( 1.000000000000000000, -0.000000000000000000, 0.000000000000000000 ) ) ;
#2016 = DIRECTION ( 'NONE',  ( -0.000000000000000000, -1.000000000000000000, -0.000000000000000000 ) ) ;
#2017 = ADVANCED_FACE ( 'NONE', ( #886 ), #9216, .F. ) ;
#2018 = LINE ( 'NONE', #5046, #5598 ) ;
#2019 = CARTESIAN_POINT ( 'NONE',  ( 0.7999999999999999334, 0.7000000000000003997, -3.000000000000000000 ) ) ;
#2020 = ORIENTED_EDGE ( 'NONE', *, *, #90, .F. ) ;
#2021 = EDGE_CURVE ( 'NONE', #2938, #246, #2333, .T. ) ;
#2022 = LINE ( 'NONE', #9553, #6738 ) ;
#2023 = ORIENTED_EDGE ( 'NONE', *, *, #9364, .T. ) ;
#2024 = CARTESIAN_POINT ( 'NONE',  ( 3.000000000000000000, 0.7000000000000000666, 1.450000000000000400 ) ) ;
#2025 = FACE_OUTER_BOUND ( 'NONE', #8776, .T. ) ;
#2026 = VECTOR ( 'NONE', #9149, 1000.000000000000000 ) ;
#2027 = CARTESIAN_POINT ( 'NONE',  ( 2.399999999999999911, 6.988225099390855455, -2.399999999999999911 ) ) ;
#2028 = VERTEX_POINT ( 'NONE', #1642 ) ;
#2029 = CARTESIAN_POINT ( 'NONE',  ( 3.000000000000000000, 0.7000000000000000666, 1.450000000000000400 ) ) ;
#2030 = ADVANCED_FACE ( 'NONE', ( #7731 ), #4632, .T. ) ;
#2031 = CARTESIAN_POINT ( 'NONE',  ( 1.300000000000000044, 0.2000000000000000111, -2.750000000000000000 ) ) ;
#2032 = FILL_AREA_STYLE ('',( #1225 ) ) ;
#2033 = ADVANCED_FACE ( 'NONE', ( #1593 ), #7677, .T. ) ;
#2034 = ORIENTED_EDGE ( 'NONE', *, *, #7681, .T. ) ;
#2035 = DIRECTION ( 'NONE',  ( 1.000000000000000000, -0.000000000000000000, 1.734723475976805714E-15 ) ) ;
#2036 = ORIENTED_EDGE ( 'NONE', *, *, #2265, .T. ) ;
#2037 = VECTOR ( 'NONE', #4718, 1000.000000000000000 ) ;
#2038 = VERTEX_POINT ( 'NONE', #739 ) ;
#2039 = EDGE_LOOP ( 'NONE', ( #5121, #8241, #4086, #4302 ) ) ;
#2040 = LINE ( 'NONE', #4330, #479 ) ;
#2041 = CARTESIAN_POINT ( 'NONE',  ( 2.750000000000000000, 0.7000000000000000666, 0.5000000000000008882 ) ) ;
#2042 = DIRECTION ( 'NONE',  ( 0.000000000000000000, 1.000000000000000000, -0.000000000000000000 ) ) ;
#2043 = ORIENTED_EDGE ( 'NONE', *, *, #67, .F. ) ;
#2044 = CARTESIAN_POINT ( 'NONE',  ( -1.450000000000000400, 0.2000000000000000111, -2.750000000000000000 ) ) ;
#2045 = ORIENTED_EDGE ( 'NONE', *, *, #5073, .T. ) ;
#2046 = EDGE_CURVE ( 'NONE', #9713, #2336, #842, .T. ) ;
#2047 = EDGE_CURVE ( 'NONE', #3815, #7694, #9319, .T. ) ;
#2048 = FACE_OUTER_BOUND ( 'NONE', #3713, .T. ) ;
#2049 = CARTESIAN_POINT ( 'NONE',  ( -0.6500000000000000222, 0.1999999999999999833, 2.750000000000000000 ) ) ;
#2050 = ORIENTED_EDGE ( 'NONE', *, *, #7025, .T. ) ;
#2051 = VERTEX_POINT ( 'NONE', #3892 ) ;
#2052 = LINE ( 'NONE', #5081, #2724 ) ;
#2053 = CARTESIAN_POINT ( 'NONE',  ( 0.7999999999999999334, 0.000000000000000000, -3.000000000000000000 ) ) ;
#2054 = LINE ( 'NONE', #1157, #7508 ) ;
#2055 = PLANE ( 'NONE',  #2915 ) ;
#2056 = EDGE_CURVE ( 'NONE', #6089, #7627, #3786, .T. ) ;
#2057 = DIRECTION ( 'NONE',  ( 0.000000000000000000, 0.000000000000000000, 1.000000000000000000 ) ) ;
#2058 = ORIENTED_EDGE ( 'NONE', *, *, #4561, .T. ) ;
#2059 = LINE ( 'NONE', #6746, #1475 ) ;
#2060 = DIRECTION ( 'NONE',  ( 0.000000000000000000, 0.000000000000000000, -1.000000000000000000 ) ) ;
#2061 = VERTEX_POINT ( 'NONE', #7777 ) ;
#2062 = DIRECTION ( 'NONE',  ( 0.000000000000000000, 0.000000000000000000, -1.000000000000000000 ) ) ;
#2063 =( GEOMETRIC_REPRESENTATION_CONTEXT ( 3 ) GLOBAL_UNCERTAINTY_ASSIGNED_CONTEXT ( ( #4733 ) ) GLOBAL_UNIT_ASSIGNED_CONTEXT ( ( #9760, #970, #3159 ) ) REPRESENTATION_CONTEXT ( 'NONE', 'WORKASPACE' ) );
#2064 = VECTOR ( 'NONE', #9783, 1000.000000000000000 ) ;
#2065 = DIRECTION ( 'NONE',  ( -0.000000000000000000, -1.000000000000000000, -0.000000000000000000 ) ) ;
#2066 = DIRECTION ( 'NONE',  ( -0.000000000000000000, -1.000000000000000000, -0.000000000000000000 ) ) ;
#2067 = EDGE_LOOP ( 'NONE', ( #7348, #6177, #7676, #6557 ) ) ;
#2068 = DIRECTION ( 'NONE',  ( 0.000000000000000000, 0.000000000000000000, -1.000000000000000000 ) ) ;
#2069 = ORIENTED_EDGE ( 'NONE', *, *, #7968, .T. ) ;
#2070 = DIRECTION ( 'NONE',  ( 1.734723475976805517E-15, 0.000000000000000000, -1.000000000000000000 ) ) ;
#2071 = AXIS2_PLACEMENT_3D ( 'NONE', #3792, #6682, #4492 ) ;
#2072 = VECTOR ( 'NONE', #8502, 1000.000000000000000 ) ;
#2073 = CARTESIAN_POINT ( 'NONE',  ( 3.000000000000000000, 0.7000000000000000666, -0.7999999999999994893 ) ) ;
#2074 = EDGE_CURVE ( 'NONE', #3411, #3639, #2479, .T. ) ;
#2075 = AXIS2_PLACEMENT_3D ( 'NONE', #2044, #540, #6622 ) ;
#2076 = VECTOR ( 'NONE', #7032, 1000.000000000000000 ) ;
#2077 = STYLED_ITEM ( 'NONE', ( #1382 ), #3299 ) ;
#2078 = CARTESIAN_POINT ( 'NONE',  ( 1.449999999999999956, 0.000000000000000000, 3.000000000000000000 ) ) ;
#2079 = ORIENTED_EDGE ( 'NONE', *, *, #7606, .T. ) ;
#2080 = CARTESIAN_POINT ( 'NONE',  ( -1.949999999999999956, 0.2000000000000000111, -2.750000000000000000 ) ) ;
#2081 = DIRECTION ( 'NONE',  ( 1.000000000000000000, -0.000000000000000000, 1.734723475976805714E-15 ) ) ;
#2082 = CARTESIAN_POINT ( 'NONE',  ( 3.000000000000000000, 0.04999999999999969746, 2.100000000000000089 ) ) ;
#2083 = CIRCLE ( 'NONE', #2553, 0.1499999999999999667 ) ;
#2084 = DIRECTION ( 'NONE',  ( 0.000000000000000000, 0.000000000000000000, 1.000000000000000000 ) ) ;
#2086 = VERTEX_POINT ( 'NONE', #9267 ) ;
#2085 = AXIS2_PLACEMENT_3D ( 'NONE', #2401, #1759, #5643 ) ;
#2087 = EDGE_CURVE ( 'NONE', #495, #7140, #3812, .T. ) ;
#2088 = VECTOR ( 'NONE', #9622, 1000.000000000000000 ) ;
#2089 = UNCERTAINTY_MEASURE_WITH_UNIT (LENGTH_MEASURE( 1.000000000000000082E-05 ), #1137, 'distance_accuracy_value', 'NONE');
#2090 =( NAMED_UNIT ( * ) SI_UNIT ( $, .STERADIAN. ) SOLID_ANGLE_UNIT ( ) );
#2091 = VERTEX_POINT ( 'NONE', #3987 ) ;
#2092 = ORIENTED_EDGE ( 'NONE', *, *, #2056, .T. ) ;
#2093 = DIRECTION ( 'NONE',  ( 0.000000000000000000, -1.000000000000000000, 0.000000000000000000 ) ) ;
#2094 = LINE ( 'NONE', #3023, #3184 ) ;
#2095 = CARTESIAN_POINT ( 'NONE',  ( 1.949999999999999956, 0.04999999999999999584, -2.750000000000000000 ) ) ;
#2096 = VERTEX_POINT ( 'NONE', #182 ) ;
#2097 = AXIS2_PLACEMENT_3D ( 'NONE', #7889, #2536, #8430 ) ;
#2098 = CARTESIAN_POINT ( 'NONE',  ( 3.000000000000000000, 0.1999999999999999833, 2.100000000000000089 ) ) ;
#2099 = VERTEX_POINT ( 'NONE', #6266 ) ;
#2100 = LINE ( 'NONE', #5131, #453 ) ;
#2101 = DIRECTION ( 'NONE',  ( 1.734723475976805714E-15, 0.000000000000000000, 1.000000000000000000 ) ) ;
#2102 = ORIENTED_EDGE ( 'NONE', *, *, #4405, .F. ) ;
#2103 = ORIENTED_EDGE ( 'NONE', *, *, #8534, .T. ) ;
#2104 = FACE_OUTER_BOUND ( 'NONE', #3116, .T. ) ;
#2105 = EDGE_CURVE ( 'NONE', #1712, #9440, #89, .T. ) ;
#2106 = DIRECTION ( 'NONE',  ( 1.000000000000000000, -0.000000000000000000, -7.228014483236695816E-17 ) ) ;
#2107 = ADVANCED_FACE ( 'NONE', ( #5475 ), #3225, .F. ) ;
#2108 = ADVANCED_FACE ( 'NONE', ( #3032 ), #9122, .T. ) ;
#2109 = CYLINDRICAL_SURFACE ( 'NONE', #6867, 0.1499999999999999667 ) ;
#2110 = VECTOR ( 'NONE', #1415, 1000.000000000000000 ) ;
#2111 = DIRECTION ( 'NONE',  ( 0.000000000000000000, -0.000000000000000000, -1.000000000000000000 ) ) ;
#2112 = ORIENTED_EDGE ( 'NONE', *, *, #5198, .T. ) ;
#2113 = CARTESIAN_POINT ( 'NONE',  ( -3.000000000000000000, 0.7000000000000000666, -1.799999999999999600 ) ) ;
#2114 = CARTESIAN_POINT ( 'NONE',  ( 1.799999999999999600, 0.000000000000000000, 2.750000000000000000 ) ) ;
#2115 = ORIENTED_EDGE ( 'NONE', *, *, #6228, .T. ) ;
#2116 = AXIS2_PLACEMENT_3D ( 'NONE', #1313, #1167, #612 ) ;
#2117 = CARTESIAN_POINT ( 'NONE',  ( 2.750000000000000000, 0.1999999999999999833, 1.800000000000000711 ) ) ;
#2118 = EDGE_CURVE ( 'NONE', #6756, #4876, #5237, .T. ) ;
#2119 = FACE_OUTER_BOUND ( 'NONE', #3753, .T. ) ;
#2120 = LINE ( 'NONE', #5897, #7214 ) ;
#2121 = ORIENTED_EDGE ( 'NONE', *, *, #6630, .T. ) ;
#2122 = PLANE ( 'NONE',  #176 ) ;
#2123 = CIRCLE ( 'NONE', #7697, 0.1499999999999999667 ) ;
#2124 = PLANE ( 'NONE',  #7601 ) ;
#2125 = CARTESIAN_POINT ( 'NONE',  ( 0.000000000000000000, 0.000000000000000000, 2.750000000000000000 ) ) ;
#2126 = EDGE_CURVE ( 'NONE', #494, #7563, #6879, .T. ) ;
#2127 = AXIS2_PLACEMENT_3D ( 'NONE', #7002, #2362, #5403 ) ;
#2128 = DIRECTION ( 'NONE',  ( -0.000000000000000000, 1.000000000000000000, -0.000000000000000000 ) ) ;
#2129 = ORIENTED_EDGE ( 'NONE', *, *, #5549, .F. ) ;
#2130 = VECTOR ( 'NONE', #4399, 1000.000000000000000 ) ;
#2131 = DIRECTION ( 'NONE',  ( 1.000000000000000000, 0.000000000000000000, 1.807003620809174385E-16 ) ) ;
#2132 = ORIENTED_EDGE ( 'NONE', *, *, #8032, .T. ) ;
#2133 = DIRECTION ( 'NONE',  ( -1.000000000000000000, 0.000000000000000000, 0.000000000000000000 ) ) ;
#2134 = VECTOR ( 'NONE', #4507, 1000.000000000000000 ) ;
#2135 = ORIENTED_EDGE ( 'NONE', *, *, #913, .T. ) ;
#2136 = VECTOR ( 'NONE', #7199, 1000.000000000000000 ) ;
#2137 = FACE_OUTER_BOUND ( 'NONE', #8584, .T. ) ;
#2138 = ORIENTED_EDGE ( 'NONE', *, *, #5312, .F. ) ;
#2139 = VERTEX_POINT ( 'NONE', #232 ) ;
#2140 = CARTESIAN_POINT ( 'NONE',  ( -0.1500000000000003830, 0.000000000000000000, 2.750000000000000000 ) ) ;
#2141 = CARTESIAN_POINT ( 'NONE',  ( -2.750000000000000000, 0.1999999999999999833, 0.6500000000000005773 ) ) ;
#2142 = DIRECTION ( 'NONE',  ( 0.000000000000000000, 0.000000000000000000, -1.000000000000000000 ) ) ;
#2143 = ORIENTED_EDGE ( 'NONE', *, *, #5419, .F. ) ;
#2144 = CIRCLE ( 'NONE', #7719, 0.09999999999999982514 ) ;
#2145 = DIRECTION ( 'NONE',  ( 0.000000000000000000, 1.000000000000000000, 0.000000000000000000 ) ) ;
#2146 = ADVANCED_FACE ( 'NONE', ( #4229 ), #1939, .T. ) ;
#2147 = ORIENTED_EDGE ( 'NONE', *, *, #8858, .F. ) ;
#2148 = DIRECTION ( 'NONE',  ( -1.000000000000000000, 0.000000000000000000, -0.000000000000000000 ) ) ;
#2149 = VERTEX_POINT ( 'NONE', #7266 ) ;
#2150 = EDGE_LOOP ( 'NONE', ( #457, #7072, #6510, #5362 ) ) ;
#2151 = CARTESIAN_POINT ( 'NONE',  ( -3.000000000000000000, 0.1999999999999999833, 0.5000000000000004441 ) ) ;
#2152 = FACE_OUTER_BOUND ( 'NONE', #4969, .T. ) ;
#2153 = DIRECTION ( 'NONE',  ( 1.734723475976805517E-15, 0.000000000000000000, -1.000000000000000000 ) ) ;
#2154 = ADVANCED_FACE ( 'NONE', ( #4920 ), #8623, .F. ) ;
#2155 = UNCERTAINTY_MEASURE_WITH_UNIT (LENGTH_MEASURE( 1.000000000000000082E-05 ), #6171, 'distance_accuracy_value', 'NONE');
#2156 = CARTESIAN_POINT ( 'NONE',  ( 0.000000000000000000, 0.1999999999999999833, -2.750000000000000000 ) ) ;
#2157 = ADVANCED_FACE ( 'NONE', ( #330 ), #5903, .F. ) ;
#2158 = ORIENTED_EDGE ( 'NONE', *, *, #6463, .F. ) ;
#2159 = CARTESIAN_POINT ( 'NONE',  ( 2.100000000000000089, 0.2000000000000000111, -3.000000000000000000 ) ) ;
#2160 = CARTESIAN_POINT ( 'NONE',  ( -1.300000000000000044, 0.7000000000000003997, -2.750000000000000000 ) ) ;
#2161 = EDGE_LOOP ( 'NONE', ( #87, #7901, #5006, #1241 ) ) ;
#2162 = ORIENTED_EDGE ( 'NONE', *, *, #1868, .T. ) ;
#2163 = CARTESIAN_POINT ( 'NONE',  ( -1.949999999999999956, 0.2000000000000000111, 2.750000000000000000 ) ) ;
#2164 = VECTOR ( 'NONE', #7156, 1000.000000000000000 ) ;
#2165 = CARTESIAN_POINT ( 'NONE',  ( -1.949999999999999956, 0.7000000000000003997, 2.750000000000000000 ) ) ;
#2166 = PLANE ( 'NONE',  #4033 ) ;
#2167 = ORIENTED_EDGE ( 'NONE', *, *, #2452, .F. ) ;
#2168 = FACE_OUTER_BOUND ( 'NONE', #5022, .T. ) ;
#2169 = EDGE_CURVE ( 'NONE', #1003, #2061, #7924, .T. ) ;
#2170 = FACE_OUTER_BOUND ( 'NONE', #6200, .T. ) ;
#2171 = EDGE_CURVE ( 'NONE', #5712, #5896, #2680, .T. ) ;
#2172 = CARTESIAN_POINT ( 'NONE',  ( -1.994931997373336442E-15, 0.05000000000000000278, 1.150000000000005684 ) ) ;
#2173 = DIRECTION ( 'NONE',  ( 0.000000000000000000, 1.000000000000000000, 0.000000000000000000 ) ) ;
#2174 = ORIENTED_EDGE ( 'NONE', *, *, #4824, .F. ) ;
#2175 = DIRECTION ( 'NONE',  ( -0.000000000000000000, -1.000000000000000000, -0.000000000000000000 ) ) ;
#2176 = CLOSED_SHELL ( 'NONE', ( #2940, #7596, #2329, #1322, #9878, #9870 ) ) ;
#2177 = CARTESIAN_POINT ( 'NONE',  ( 2.750000000000000000, 0.7000000000000000666, 1.300000000000000488 ) ) ;
#2178 = ADVANCED_FACE ( 'NONE', ( #6408 ), #8027, .T. ) ;
#2179 = DIRECTION ( 'NONE',  ( 0.000000000000000000, 0.000000000000000000, 1.000000000000000000 ) ) ;
#2180 = ORIENTED_EDGE ( 'NONE', *, *, #4336, .T. ) ;
#2181 =( NAMED_UNIT ( * ) PLANE_ANGLE_UNIT ( ) SI_UNIT ( $, .RADIAN. ) );
#2182 = VERTEX_POINT ( 'NONE', #9521 ) ;
#2183 = CARTESIAN_POINT ( 'NONE',  ( -0.7999999999999999334, 0.04999999999999969746, -3.000000000000000000 ) ) ;
#2184 = DIRECTION ( 'NONE',  ( -0.000000000000000000, -1.000000000000000000, -0.000000000000000000 ) ) ;
#2185 = UNCERTAINTY_MEASURE_WITH_UNIT (LENGTH_MEASURE( 1.000000000000000082E-05 ), #922, 'distance_accuracy_value', 'NONE');
#2186 = DIRECTION ( 'NONE',  ( 0.000000000000000000, 1.000000000000000000, 0.000000000000000000 ) ) ;
#2187 = ORIENTED_EDGE ( 'NONE', *, *, #3439, .F. ) ;
#2188 = CARTESIAN_POINT ( 'NONE',  ( 2.750000000000000000, 0.1999999999999999833, 1.300000000000000488 ) ) ;
#2189 = VERTEX_POINT ( 'NONE', #5622 ) ;
#2190 = ADVANCED_FACE ( 'NONE', ( #9424 ), #4130, .F. ) ;
#2191 = ORIENTED_EDGE ( 'NONE', *, *, #7714, .T. ) ;
#2192 = VECTOR ( 'NONE', #4516, 1000.000000000000000 ) ;
#2193 = CARTESIAN_POINT ( 'NONE',  ( 2.750000000000000000, 0.1999999999999999833, -0.4999999999999995559 ) ) ;
#2194 = PRESENTATION_STYLE_ASSIGNMENT (( #1346 ) ) ;
#2195 = ORIENTED_EDGE ( 'NONE', *, *, #5979, .F. ) ;
#2196 = EDGE_CURVE ( 'NONE', #6275, #66, #1887, .T. ) ;
#2197 = EDGE_LOOP ( 'NONE', ( #6132, #1036, #6570, #7982 ) ) ;
#2198 = CARTESIAN_POINT ( 'NONE',  ( -2.750000000000000000, 0.000000000000000000, -0.7999999999999990452 ) ) ;
#2199 = CARTESIAN_POINT ( 'NONE',  ( 2.750000000000000000, 0.05000000000000002359, -1.299999999999999378 ) ) ;
#2200 = CARTESIAN_POINT ( 'NONE',  ( -1.949999999999999956, 0.7000000000000003997, 2.750000000000000000 ) ) ;
#2201 = CIRCLE ( 'NONE', #7776, 0.1499999999999999667 ) ;
#2202 = STYLED_ITEM ( 'NONE', ( #9244 ), #86 ) ;
#2203 = DIRECTION ( 'NONE',  ( 0.000000000000000000, 0.000000000000000000, -1.000000000000000000 ) ) ;
#2204 = ORIENTED_EDGE ( 'NONE', *, *, #1735, .T. ) ;
#2205 = FACE_OUTER_BOUND ( 'NONE', #3774, .T. ) ;
#2206 = DIRECTION ( 'NONE',  ( 0.000000000000000000, 0.000000000000000000, -1.000000000000000000 ) ) ;
#2207 = ORIENTED_EDGE ( 'NONE', *, *, #442, .T. ) ;
#2208 = EDGE_CURVE ( 'NONE', #8955, #7497, #5671, .T. ) ;
#2209 = ORIENTED_EDGE ( 'NONE', *, *, #5041, .T. ) ;
#2210 = DIRECTION ( 'NONE',  ( -1.000000000000000000, 0.000000000000000000, 0.000000000000000000 ) ) ;
#2211 = DIRECTION ( 'NONE',  ( 1.000000000000000000, 0.000000000000000000, -1.734723475976805714E-15 ) ) ;
#2212 = ADVANCED_FACE ( 'NONE', ( #7975 ), #1136, .F. ) ;
#2213 = CARTESIAN_POINT ( 'NONE',  ( -3.000000000000000000, 0.7000000000000000666, 1.450000000000000400 ) ) ;
#2214 = VERTEX_POINT ( 'NONE', #7224 ) ;
#2215 = CARTESIAN_POINT ( 'NONE',  ( 2.602085213965110062E-16, 0.05000000000000000278, -0.1499999999999943323 ) ) ;
#2216 = AXIS2_PLACEMENT_3D ( 'NONE', #5520, #6118, #6825 ) ;
#2217 = CARTESIAN_POINT ( 'NONE',  ( 2.750000000000000000, 0.1999999999999999833, 6.505213034913026604E-16 ) ) ;
#2218 = DIRECTION ( 'NONE',  ( -0.000000000000000000, -1.000000000000000000, -0.000000000000000000 ) ) ;
#2219 = ADVANCED_FACE ( 'NONE', ( #7829 ), #5715, .T. ) ;
#2220 = ORIENTED_EDGE ( 'NONE', *, *, #793, .F. ) ;
#2221 = CARTESIAN_POINT ( 'NONE',  ( -2.750000000000000000, 0.7000000000000000666, -1.449999999999999067 ) ) ;
#2222 = ADVANCED_FACE ( 'NONE', ( #9571 ), #2733, .F. ) ;
#2223 = ADVANCED_FACE ( 'NONE', ( #987 ), #4036, .T. ) ;
#2224 = DIRECTION ( 'NONE',  ( 0.000000000000000000, -0.000000000000000000, 1.000000000000000000 ) ) ;
#2225 = AXIS2_PLACEMENT_3D ( 'NONE', #5785, #9639, #4244 ) ;
#2226 = VECTOR ( 'NONE', #619, 1000.000000000000000 ) ;
#2227 = ORIENTED_EDGE ( 'NONE', *, *, #7666, .T. ) ;
#2228 = PLANE ( 'NONE',  #1826 ) ;
#2229 = ORIENTED_EDGE ( 'NONE', *, *, #5392, .T. ) ;
#2230 = AXIS2_PLACEMENT_3D ( 'NONE', #9823, #2978, #1441 ) ;
#2231 = AXIS2_PLACEMENT_3D ( 'NONE', #4382, #7425, #588 ) ;
#2232 = STYLED_ITEM ( 'NONE', ( #233 ), #3235 ) ;
#2233 = ORIENTED_EDGE ( 'NONE', *, *, #8436, .T. ) ;
#2234 = LINE ( 'NONE', #1489, #2344 ) ;
#2235 = EDGE_CURVE ( 'NONE', #7048, #9651, #4083, .T. ) ;
#2236 = DIRECTION ( 'NONE',  ( 1.000000000000000000, -0.000000000000000000, 0.000000000000000000 ) ) ;
#2237 = LINE ( 'NONE', #8877, #7365 ) ;
#2238 = LINE ( 'NONE', #8375, #8449 ) ;
#2239 = EDGE_LOOP ( 'NONE', ( #971, #2811, #8246, #9873 ) ) ;
#2240 = AXIS2_PLACEMENT_3D ( 'NONE', #7047, #904, #4794 ) ;
#2241 = AXIS2_PLACEMENT_3D ( 'NONE', #3973, #7722, #9208 ) ;
#2242 = AXIS2_PLACEMENT_3D ( 'NONE', #4392, #9735, #9324 ) ;
#2243 = ORIENTED_EDGE ( 'NONE', *, *, #6743, .T. ) ;
#2244 = DIRECTION ( 'NONE',  ( -1.000000000000000000, 0.000000000000000000, 0.000000000000000000 ) ) ;
#2245 = ORIENTED_EDGE ( 'NONE', *, *, #5681, .F. ) ;
#2246 = ORIENTED_EDGE ( 'NONE', *, *, #3390, .F. ) ;
#2247 = VECTOR ( 'NONE', #5288, 1000.000000000000000 ) ;
#2248 = CARTESIAN_POINT ( 'NONE',  ( -3.000000000000000000, 0.1999999999999999833, 1.450000000000000400 ) ) ;
#2249 = LINE ( 'NONE', #2296, #4458 ) ;
#2250 = ORIENTED_EDGE ( 'NONE', *, *, #5941, .T. ) ;
#2251 = DIRECTION ( 'NONE',  ( 0.000000000000000000, -1.000000000000000000, 0.000000000000000000 ) ) ;
#2252 = ADVANCED_FACE ( 'NONE', ( #9810 ), #5159, .F. ) ;
#2253 = CARTESIAN_POINT ( 'NONE',  ( 0.000000000000000000, 0.2000000000000000111, 2.750000000000000000 ) ) ;
#2254 = VERTEX_POINT ( 'NONE', #3813 ) ;
#2255 = DIRECTION ( 'NONE',  ( 0.000000000000000000, 0.000000000000000000, -1.000000000000000000 ) ) ;
#2256 = CARTESIAN_POINT ( 'NONE',  ( -0.5000000000000000000, 0.7000000000000003997, 3.000000000000000000 ) ) ;
#2257 = EDGE_LOOP ( 'NONE', ( #4757, #9018, #2103, #6057 ) ) ;
#2258 = VERTEX_POINT ( 'NONE', #7456 ) ;
#2259 = DIRECTION ( 'NONE',  ( 0.000000000000000000, -1.000000000000000000, 0.000000000000000000 ) ) ;
#2260 = AXIS2_PLACEMENT_3D ( 'NONE', #2809, #8902, #4159 ) ;
#2261 = CARTESIAN_POINT ( 'NONE',  ( 3.000000000000000000, 0.7000000000000000666, 0.1500000000000003830 ) ) ;
#2262 = DIRECTION ( 'NONE',  ( 1.734723475976805714E-15, 0.000000000000000000, 1.000000000000000000 ) ) ;
#2263 = CARTESIAN_POINT ( 'NONE',  ( 2.299999999999999822, 0.000000000000000000, 2.400000000000000355 ) ) ;
#2264 = ORIENTED_EDGE ( 'NONE', *, *, #6820, .F. ) ;
#2265 = EDGE_CURVE ( 'NONE', #7009, #6244, #7559, .T. ) ;
#2266 = DIRECTION ( 'NONE',  ( 0.000000000000000000, 1.000000000000000000, 0.000000000000000000 ) ) ;
#2267 = VECTOR ( 'NONE', #7500, 1000.000000000000000 ) ;
#2268 = CARTESIAN_POINT ( 'NONE',  ( -1.949999999999999956, 0.2000000000000000111, 2.750000000000000000 ) ) ;
#2269 = CARTESIAN_POINT ( 'NONE',  ( 0.6500000000000000222, 0.000000000000000000, 2.599999999999999645 ) ) ;
#2270 = EDGE_LOOP ( 'NONE', ( #132, #1806, #8335, #6164 ) ) ;
#2271 = CARTESIAN_POINT ( 'NONE',  ( 0.1499999999999999667, 0.1999999999999999833, -3.000000000000000000 ) ) ;
#2272 = VECTOR ( 'NONE', #6874, 1000.000000000000000 ) ;
#2273 = CARTESIAN_POINT ( 'NONE',  ( 2.750000000000000000, 0.05000000000000002359, 2.100000000000000089 ) ) ;
#2274 = ORIENTED_EDGE ( 'NONE', *, *, #7542, .F. ) ;
#2275 = DIRECTION ( 'NONE',  ( -0.000000000000000000, -1.000000000000000000, -0.000000000000000000 ) ) ;
#2276 = ORIENTED_EDGE ( 'NONE', *, *, #5381, .F. ) ;
#2277 = EDGE_CURVE ( 'NONE', #6335, #2435, #7604, .T. ) ;
#2278 = VECTOR ( 'NONE', #4555, 1000.000000000000000 ) ;
#2279 = SURFACE_SIDE_STYLE ('',( #9258 ) ) ;
#2280 = VERTEX_POINT ( 'NONE', #6706 ) ;
#2281 = DIRECTION ( 'NONE',  ( 0.000000000000000000, 0.000000000000000000, -1.000000000000000000 ) ) ;
#2282 = DIRECTION ( 'NONE',  ( -1.000000000000000000, 0.000000000000000000, -0.000000000000000000 ) ) ;
#2283 = DIRECTION ( 'NONE',  ( 0.000000000000000000, 1.000000000000000000, 0.000000000000000000 ) ) ;
#2284 = PLANE ( 'NONE',  #9725 ) ;
#2285 = STYLED_ITEM ( 'NONE', ( #5038 ), #6581 ) ;
#2286 = ORIENTED_EDGE ( 'NONE', *, *, #9495, .F. ) ;
#2287 = VERTEX_POINT ( 'NONE', #2313 ) ;
#2288 = EDGE_CURVE ( 'NONE', #5660, #5283, #304, .T. ) ;
#2289 = DIRECTION ( 'NONE',  ( 0.000000000000000000, 0.000000000000000000, -1.000000000000000000 ) ) ;
#2290 = ADVANCED_FACE ( 'NONE', ( #8403 ), #5255, .F. ) ;
#2291 = SURFACE_STYLE_FILL_AREA ( #9070 ) ;
#2292 = ORIENTED_EDGE ( 'NONE', *, *, #5839, .F. ) ;
#2293 = VERTEX_POINT ( 'NONE', #9047 ) ;
#2294 = MECHANICAL_DESIGN_GEOMETRIC_PRESENTATION_REPRESENTATION (  '', ( #4204 ), #2447 ) ;
#2295 = CARTESIAN_POINT ( 'NONE',  ( -1.149999999999999911, 0.2000000000000000111, -3.000000000000000000 ) ) ;
#2296 = CARTESIAN_POINT ( 'NONE',  ( 0.6500000000000000222, 0.2000000000000000111, 2.600000000000000089 ) ) ;
#2297 = ORIENTED_EDGE ( 'NONE', *, *, #9656, .F. ) ;
#2298 = CARTESIAN_POINT ( 'NONE',  ( 2.100000000000000089, 0.2000000000000000111, 3.000000000000000000 ) ) ;
#2299 = VECTOR ( 'NONE', #6492, 1000.000000000000000 ) ;
#2300 = ADVANCED_FACE ( 'NONE', ( #673 ), #9003, .F. ) ;
#2301 = ORIENTED_EDGE ( 'NONE', *, *, #7583, .T. ) ;
#2302 = FACE_OUTER_BOUND ( 'NONE', #3852, .T. ) ;
#2303 = CYLINDRICAL_SURFACE ( 'NONE', #5466, 0.1499999999999999667 ) ;
#2304 = ORIENTED_EDGE ( 'NONE', *, *, #9682, .T. ) ;
#2305 = VERTEX_POINT ( 'NONE', #1472 ) ;
#2306 = DIRECTION ( 'NONE',  ( -1.000000000000000000, 0.000000000000000000, 0.000000000000000000 ) ) ;
#2307 = DIRECTION ( 'NONE',  ( -1.000000000000000000, 0.000000000000000000, -0.000000000000000000 ) ) ;
#2308 = CARTESIAN_POINT ( 'NONE',  ( 3.000000000000000000, 0.7000000000000000666, -0.4999999999999995559 ) ) ;
#2309 = PLANE ( 'NONE',  #2768 ) ;
#2310 = VERTEX_POINT ( 'NONE', #1570 ) ;
#2311 = EDGE_CURVE ( 'NONE', #857, #7271, #4514, .T. ) ;
#2312 = DIRECTION ( 'NONE',  ( -0.000000000000000000, 1.000000000000000000, -0.000000000000000000 ) ) ;
#2313 = CARTESIAN_POINT ( 'NONE',  ( -2.750000000000000000, 0.05000000000000002359, 1.800000000000000711 ) ) ;
#2314 = EDGE_CURVE ( 'NONE', #2849, #8187, #5881, .T. ) ;
#2315 = CARTESIAN_POINT ( 'NONE',  ( 2.750000000000000000, 0.7000000000000000666, -1.949999999999999289 ) ) ;
#2316 = ORIENTED_EDGE ( 'NONE', *, *, #776, .F. ) ;
#2317 = LINE ( 'NONE', #2271, #7702 ) ;
#2318 = ORIENTED_EDGE ( 'NONE', *, *, #5646, .F. ) ;
#2319 = PLANE ( 'NONE',  #5796 ) ;
#2320 = VERTEX_POINT ( 'NONE', #6094 ) ;
#2321 = DIRECTION ( 'NONE',  ( 0.000000000000000000, 0.000000000000000000, 1.000000000000000000 ) ) ;
#2322 = ORIENTED_EDGE ( 'NONE', *, *, #6619, .T. ) ;
#2323 = CARTESIAN_POINT ( 'NONE',  ( 2.750000000000000000, 0.7000000000000000666, 0.8000000000000003775 ) ) ;
#2324 = EDGE_CURVE ( 'NONE', #5311, #2961, #8920, .T. ) ;
#2325 = CARTESIAN_POINT ( 'NONE',  ( 3.000000000000000000, 0.2000000000000005107, -0.7999999999999994893 ) ) ;
#2326 = DIRECTION ( 'NONE',  ( 1.000000000000000000, 0.000000000000000000, 1.734723475976805517E-15 ) ) ;
#2327 = DIRECTION ( 'NONE',  ( 1.000000000000000000, 0.000000000000000000, 0.000000000000000000 ) ) ;
#2328 = CARTESIAN_POINT ( 'NONE',  ( -1.949999999999999956, 0.2000000000000000111, -2.750000000000000000 ) ) ;
#2329 = ADVANCED_FACE ( 'NONE', ( #3764 ), #6853, .F. ) ;
#2330 = ORIENTED_EDGE ( 'NONE', *, *, #430, .T. ) ;
#2332 = VERTEX_POINT ( 'NONE', #6806 ) ;
#2331 = CLOSED_SHELL ( 'NONE', ( #7931, #6943, #210, #517, #2033, #7410, #1963 ) ) ;
#2333 = LINE ( 'NONE', #5424, #5716 ) ;
#2334 = CARTESIAN_POINT ( 'NONE',  ( 0.7999999999999999334, 0.2000000000000000111, -3.000000000000000000 ) ) ;
#2335 = ORIENTED_EDGE ( 'NONE', *, *, #7208, .F. ) ;
#2336 = VERTEX_POINT ( 'NONE', #9150 ) ;
#2337 = CARTESIAN_POINT ( 'NONE',  ( 2.750000000000000000, 0.1999999999999999833, -2.099999999999999201 ) ) ;
#2338 = CARTESIAN_POINT ( 'NONE',  ( 3.000000000000000000, 0.05000000000000000278, 3.000000000000000000 ) ) ;
#2339 = VERTEX_POINT ( 'NONE', #3059 ) ;
#2340 = CARTESIAN_POINT ( 'NONE',  ( -1.949999999999999956, 0.2000000000000000111, 2.750000000000000000 ) ) ;
#2341 = ADVANCED_FACE ( 'NONE', ( #3006 ), #3108, .F. ) ;
#2342 = CARTESIAN_POINT ( 'NONE',  ( 1.949999999999999956, 0.2000000000000000111, -2.750000000000000000 ) ) ;
#2343 = EDGE_CURVE ( 'NONE', #6426, #7153, #6140, .T. ) ;
#2344 = VECTOR ( 'NONE', #7619, 1000.000000000000000 ) ;
#2345 = ORIENTED_EDGE ( 'NONE', *, *, #6344, .T. ) ;
#2346 = DIRECTION ( 'NONE',  ( -1.734723475976805714E-15, 0.000000000000000000, -1.000000000000000000 ) ) ;
#2347 = DIRECTION ( 'NONE',  ( 1.000000000000000000, 0.000000000000000000, 0.000000000000000000 ) ) ;
#2348 = VERTEX_POINT ( 'NONE', #1369 ) ;
#2349 = ORIENTED_EDGE ( 'NONE', *, *, #7287, .F. ) ;
#2350 = LINE ( 'NONE', #4008, #3818 ) ;
#2351 = CIRCLE ( 'NONE', #8568, 0.1499999999999999667 ) ;
#2352 = DIRECTION ( 'NONE',  ( 0.000000000000000000, 0.000000000000000000, 1.000000000000000000 ) ) ;
#2353 = EDGE_CURVE ( 'NONE', #3953, #4738, #5951, .T. ) ;
#2354 = ADVANCED_FACE ( 'NONE', ( #1418 ), #6759, .T. ) ;
#2355 = DIRECTION ( 'NONE',  ( 1.000000000000000000, 0.000000000000000000, 1.734723475976805714E-15 ) ) ;
#2356 = ORIENTED_EDGE ( 'NONE', *, *, #2720, .F. ) ;
#2357 =( NAMED_UNIT ( * ) SI_UNIT ( $, .STERADIAN. ) SOLID_ANGLE_UNIT ( ) );
#2358 = CARTESIAN_POINT ( 'NONE',  ( -3.000000000000000000, 0.7000000000000000666, -1.149999999999999467 ) ) ;
#2359 = DIRECTION ( 'NONE',  ( 0.000000000000000000, -1.000000000000000000, 0.000000000000000000 ) ) ;
#2360 = LINE ( 'NONE', #2411, #6965 ) ;
#2361 = ORIENTED_EDGE ( 'NONE', *, *, #902, .T. ) ;
#2362 = DIRECTION ( 'NONE',  ( 0.000000000000000000, 1.000000000000000000, 0.000000000000000000 ) ) ;
#2363 = FACE_OUTER_BOUND ( 'NONE', #4022, .T. ) ;
#2364 = ORIENTED_EDGE ( 'NONE', *, *, #7839, .F. ) ;
#2365 = CARTESIAN_POINT ( 'NONE',  ( -0.1500000000000003830, 0.7000000000000003997, -2.750000000000000000 ) ) ;
#2366 = EDGE_CURVE ( 'NONE', #8848, #1066, #1766, .T. ) ;
#2367 = CARTESIAN_POINT ( 'NONE',  ( 1.949999999999999956, 0.1999999999999999833, -2.750000000000000000 ) ) ;
#2368 = ORIENTED_EDGE ( 'NONE', *, *, #2126, .T. ) ;
#2369 = FILL_AREA_STYLE ('',( #5367 ) ) ;
#2370 = FACE_OUTER_BOUND ( 'NONE', #2932, .T. ) ;
#2371 = CARTESIAN_POINT ( 'NONE',  ( 0.1499999999999999667, 0.000000000000000000, -2.750000000000000000 ) ) ;
#2372 = LINE ( 'NONE', #6966, #9607 ) ;
#2373 = DIRECTION ( 'NONE',  ( 0.000000000000000000, 0.000000000000000000, -1.000000000000000000 ) ) ;
#2374 = ORIENTED_EDGE ( 'NONE', *, *, #6228, .F. ) ;
#2375 = EDGE_CURVE ( 'NONE', #6817, #8918, #4013, .T. ) ;
#2376 = VECTOR ( 'NONE', #4979, 1000.000000000000000 ) ;
#2378 = EDGE_LOOP ( 'NONE', ( #5562, #1474, #9769, #5873 ) ) ;
#2377 = VECTOR ( 'NONE', #9237, 1000.000000000000000 ) ;
#2379 = CARTESIAN_POINT ( 'NONE',  ( 2.750000000000000000, 0.7000000000000000666, -0.6499999999999993561 ) ) ;
#2380 = DIRECTION ( 'NONE',  ( -0.000000000000000000, -1.000000000000000000, -0.000000000000000000 ) ) ;
#2381 = ORIENTED_EDGE ( 'NONE', *, *, #9577, .F. ) ;
#2382 = VERTEX_POINT ( 'NONE', #4800 ) ;
#2383 = DIRECTION ( 'NONE',  ( -0.000000000000000000, -1.000000000000000000, 0.000000000000000000 ) ) ;
#2384 = DIRECTION ( 'NONE',  ( 0.000000000000000000, 0.000000000000000000, -1.000000000000000000 ) ) ;
#2385 = AXIS2_PLACEMENT_3D ( 'NONE', #8616, #9314, #5470 ) ;
#2386 = ORIENTED_EDGE ( 'NONE', *, *, #5541, .F. ) ;
#2387 = VECTOR ( 'NONE', #9480, 1000.000000000000000 ) ;
#2388 = LINE ( 'NONE', #4045, #5584 ) ;
#2389 = STYLED_ITEM ( 'NONE', ( #7616 ), #3418 ) ;
#2390 = FILL_AREA_STYLE ('',( #4836 ) ) ;
#2391 = VERTEX_POINT ( 'NONE', #3204 ) ;
#2392 = DIRECTION ( 'NONE',  ( 0.000000000000000000, -1.000000000000000000, 0.000000000000000000 ) ) ;
#2393 = CIRCLE ( 'NONE', #8609, 0.1499999999999999667 ) ;
#2394 = EDGE_CURVE ( 'NONE', #2486, #1573, #3012, .T. ) ;
#2395 = CARTESIAN_POINT ( 'NONE',  ( -2.750000000000000000, 0.7000000000000000666, 1.450000000000000400 ) ) ;
#2396 = VERTEX_POINT ( 'NONE', #3254 ) ;
#2397 = ORIENTED_EDGE ( 'NONE', *, *, #8310, .F. ) ;
#2398 = AXIS2_PLACEMENT_3D ( 'NONE', #550, #6628, #2843 ) ;
#2399 = EDGE_CURVE ( 'NONE', #2061, #6407, #7053, .T. ) ;
#2400 = FACE_OUTER_BOUND ( 'NONE', #8838, .T. ) ;
#2401 = CARTESIAN_POINT ( 'NONE',  ( -2.750000000000000000, 0.1999999999999999833, -0.6499999999999993561 ) ) ;
#2402 = DIRECTION ( 'NONE',  ( -0.000000000000000000, 1.000000000000000000, -0.000000000000000000 ) ) ;
#2403 = AXIS2_PLACEMENT_3D ( 'NONE', #7242, #2698, #1301 ) ;
#2404 = ORIENTED_EDGE ( 'NONE', *, *, #8743, .T. ) ;
#2405 = LINE ( 'NONE', #9293, #9363 ) ;
#2406 = CARTESIAN_POINT ( 'NONE',  ( 0.000000000000000000, 0.05000000000000000278, -0.4999999999999995559 ) ) ;
#2407 = EDGE_CURVE ( 'NONE', #9198, #2258, #9344, .T. ) ;
#2408 = LINE ( 'NONE', #5452, #2072 ) ;
#2409 = EDGE_CURVE ( 'NONE', #3652, #333, #7102, .T. ) ;
#2410 = AXIS2_PLACEMENT_3D ( 'NONE', #4939, #2750, #1857 ) ;
#2411 = CARTESIAN_POINT ( 'NONE',  ( 0.7999999999999999334, 0.000000000000000000, -3.000000000000000000 ) ) ;
#2412 = VERTEX_POINT ( 'NONE', #3917 ) ;
#2413 = DIRECTION ( 'NONE',  ( 0.000000000000000000, -0.000000000000000000, -1.000000000000000000 ) ) ;
#2414 = DIRECTION ( 'NONE',  ( 0.000000000000000000, -0.000000000000000000, 1.000000000000000000 ) ) ;
#2415 = ORIENTED_EDGE ( 'NONE', *, *, #4752, .T. ) ;
#2416 = DIRECTION ( 'NONE',  ( -0.000000000000000000, -1.000000000000000000, -0.000000000000000000 ) ) ;
#2417 = AXIS2_PLACEMENT_3D ( 'NONE', #4879, #9481, #7180 ) ;
#2418 = DIRECTION ( 'NONE',  ( 0.000000000000000000, 0.000000000000000000, -1.000000000000000000 ) ) ;
#2419 = ORIENTED_EDGE ( 'NONE', *, *, #6863, .T. ) ;
#2420 = EDGE_CURVE ( 'NONE', #9280, #7613, #3300, .T. ) ;
#2421 = LINE ( 'NONE', #6204, #3515 ) ;
#2422 = VECTOR ( 'NONE', #4694, 1000.000000000000000 ) ;
#2423 = CIRCLE ( 'NONE', #1156, 0.1499999999999999667 ) ;
#2424 = DIRECTION ( 'NONE',  ( 1.734723475976805517E-15, 0.000000000000000000, -1.000000000000000000 ) ) ;
#2425 = LINE ( 'NONE', #3265, #1927 ) ;
#2426 = CARTESIAN_POINT ( 'NONE',  ( -1.300000000000000044, 0.000000000000000000, 2.599999999999999645 ) ) ;
#2427 = DIRECTION ( 'NONE',  ( 0.000000000000000000, 0.000000000000000000, 1.000000000000000000 ) ) ;
#2428 = EDGE_LOOP ( 'NONE', ( #4489, #5860, #3178, #8982 ) ) ;
#2429 = VECTOR ( 'NONE', #8240, 1000.000000000000000 ) ;
#2430 = CARTESIAN_POINT ( 'NONE',  ( 2.100000000000000089, 0.000000000000000000, -3.000000000000000000 ) ) ;
#2431 = VECTOR ( 'NONE', #8205, 1000.000000000000000 ) ;
#2432 = ORIENTED_EDGE ( 'NONE', *, *, #5549, .T. ) ;
#2433 = DIRECTION ( 'NONE',  ( -0.000000000000000000, -1.000000000000000000, -0.000000000000000000 ) ) ;
#2434 = CARTESIAN_POINT ( 'NONE',  ( -1.800000000000000044, 0.1999999999999999833, -3.000000000000000000 ) ) ;
#2435 = VERTEX_POINT ( 'NONE', #163 ) ;
#2436 = ORIENTED_EDGE ( 'NONE', *, *, #2865, .T. ) ;
#2437 = LINE ( 'NONE', #1647, #654 ) ;
#2438 = LINE ( 'NONE', #1743, #7012 ) ;
#2439 = ADVANCED_FACE ( 'NONE', ( #9397 ), #6333, .F. ) ;
#2440 = ORIENTED_EDGE ( 'NONE', *, *, #6486, .T. ) ;
#2441 = VECTOR ( 'NONE', #1251, 1000.000000000000000 ) ;
#2442 = CARTESIAN_POINT ( 'NONE',  ( 2.750000000000000000, 0.7000000000000000666, -0.7999999999999990452 ) ) ;
#2443 = AXIS2_PLACEMENT_3D ( 'NONE', #3752, #3706, #4594 ) ;
#2444 =( LENGTH_UNIT ( ) NAMED_UNIT ( * ) SI_UNIT ( .MILLI., .METRE. ) );
#2445 = ORIENTED_EDGE ( 'NONE', *, *, #5632, .T. ) ;
#2446 = DIRECTION ( 'NONE',  ( -1.807003620809174385E-16, 0.000000000000000000, 1.000000000000000000 ) ) ;
#2447 =( GEOMETRIC_REPRESENTATION_CONTEXT ( 3 ) GLOBAL_UNCERTAINTY_ASSIGNED_CONTEXT ( ( #5236 ) ) GLOBAL_UNIT_ASSIGNED_CONTEXT ( ( #1801, #5434, #286 ) ) REPRESENTATION_CONTEXT ( 'NONE', 'WORKASPACE' ) );
#2448 = DIRECTION ( 'NONE',  ( 0.000000000000000000, -0.000000000000000000, 1.000000000000000000 ) ) ;
#2449 = ORIENTED_EDGE ( 'NONE', *, *, #2515, .T. ) ;
#2450 = ORIENTED_EDGE ( 'NONE', *, *, #4346, .F. ) ;
#2451 = DIRECTION ( 'NONE',  ( -0.000000000000000000, -1.000000000000000000, -0.000000000000000000 ) ) ;
#2452 = EDGE_CURVE ( 'NONE', #2051, #6052, #4853, .T. ) ;
#2453 = LINE ( 'NONE', #6379, #7815 ) ;
#2454 = AXIS2_PLACEMENT_3D ( 'NONE', #8659, #5548, #8605 ) ;
#2455 = EDGE_CURVE ( 'NONE', #8228, #7593, #2558, .T. ) ;
#2456 = VERTEX_POINT ( 'NONE', #6188 ) ;
#2457 = SURFACE_STYLE_FILL_AREA ( #6184 ) ;
#2458 = FACE_OUTER_BOUND ( 'NONE', #6114, .T. ) ;
#2459 = DIRECTION ( 'NONE',  ( -0.000000000000000000, 0.000000000000000000, -1.000000000000000000 ) ) ;
#2460 = FACE_OUTER_BOUND ( 'NONE', #4613, .T. ) ;
#2461 = ORIENTED_EDGE ( 'NONE', *, *, #2235, .T. ) ;
#2462 = CARTESIAN_POINT ( 'NONE',  ( 3.000000000000000000, 0.000000000000000000, -1.149999999999999467 ) ) ;
#2463 = EDGE_CURVE ( 'NONE', #7464, #8188, #4749, .T. ) ;
#2464 = EDGE_LOOP ( 'NONE', ( #9224, #3750, #7615, #6491 ) ) ;
#2465 = CARTESIAN_POINT ( 'NONE',  ( -1.449999999999999956, 0.2000000000000000111, -3.000000000000000000 ) ) ;
#2466 = EDGE_CURVE ( 'NONE', #3652, #9440, #305, .T. ) ;
#2467 = CARTESIAN_POINT ( 'NONE',  ( 2.750000000000000000, 0.7000000000000000666, 1.800000000000000711 ) ) ;
#2468 = ORIENTED_EDGE ( 'NONE', *, *, #7618, .F. ) ;
#2469 = CARTESIAN_POINT ( 'NONE',  ( -3.000000000000000000, 0.000000000000000000, 0.1500000000000003830 ) ) ;
#2470 = FACE_OUTER_BOUND ( 'NONE', #1298, .T. ) ;
#2471 = DIRECTION ( 'NONE',  ( -1.000000000000000000, 0.000000000000000000, -0.000000000000000000 ) ) ;
#2472 = VECTOR ( 'NONE', #9205, 1000.000000000000000 ) ;
#2473 = DIRECTION ( 'NONE',  ( -0.000000000000000000, -1.000000000000000000, 0.000000000000000000 ) ) ;
#2474 = DIRECTION ( 'NONE',  ( -0.000000000000000000, 0.000000000000000000, 1.000000000000000000 ) ) ;
#2475 = EDGE_CURVE ( 'NONE', #8961, #8169, #5398, .T. ) ;
#2476 = ORIENTED_EDGE ( 'NONE', *, *, #6495, .F. ) ;
#2477 = DIRECTION ( 'NONE',  ( 0.000000000000000000, 0.000000000000000000, -1.000000000000000000 ) ) ;
#2478 = ORIENTED_EDGE ( 'NONE', *, *, #2636, .F. ) ;
#2479 = LINE ( 'NONE', #4683, #3323 ) ;
#2480 = DIRECTION ( 'NONE',  ( -0.000000000000000000, -1.000000000000000000, 0.000000000000000000 ) ) ;
#2481 = EDGE_LOOP ( 'NONE', ( #6985, #6046, #9134, #7857 ) ) ;
#2482 = VERTEX_POINT ( 'NONE', #3155 ) ;
#2483 = CARTESIAN_POINT ( 'NONE',  ( 2.750000000000000000, 0.000000000000000000, -2.099999999999999201 ) ) ;
#2484 = DIRECTION ( 'NONE',  ( -0.000000000000000000, -1.000000000000000000, 0.000000000000000000 ) ) ;
#2485 = PLANE ( 'NONE',  #5606 ) ;
#2486 = VERTEX_POINT ( 'NONE', #9247 ) ;
#2487 = DIRECTION ( 'NONE',  ( 0.000000000000000000, -0.000000000000000000, -1.000000000000000000 ) ) ;
#2488 = AXIS2_PLACEMENT_3D ( 'NONE', #3172, #984, #9367 ) ;
#2489 = CLOSED_SHELL ( 'NONE', ( #8193, #7249, #1606, #2761, #518, #346 ) ) ;
#2490 = EDGE_CURVE ( 'NONE', #9726, #494, #2408, .T. ) ;
#2491 = VERTEX_POINT ( 'NONE', #1670 ) ;
#2492 = FACE_OUTER_BOUND ( 'NONE', #4325, .T. ) ;
#2493 = AXIS2_PLACEMENT_3D ( 'NONE', #7558, #3004, #1524 ) ;
#2494 = DIRECTION ( 'NONE',  ( -1.734723475976805517E-15, 0.000000000000000000, -1.000000000000000000 ) ) ;
#2495 = EDGE_LOOP ( 'NONE', ( #7669, #6696, #1940, #5914 ) ) ;
#2496 = VERTEX_POINT ( 'NONE', #4705 ) ;
#2497 = PLANE ( 'NONE',  #5404 ) ;
#2498 = LINE ( 'NONE', #2652, #1589 ) ;
#2499 = VECTOR ( 'NONE', #6138, 1000.000000000000000 ) ;
#2500 = CARTESIAN_POINT ( 'NONE',  ( 0.7999999999999999334, 0.1999999999999999833, 3.000000000000000000 ) ) ;
#2501 = VERTEX_POINT ( 'NONE', #7756 ) ;
#2502 = SURFACE_SIDE_STYLE ('',( #6288 ) ) ;
#2503 = ADVANCED_FACE ( 'NONE', ( #909 ), #3962, .T. ) ;
#2504 = LINE ( 'NONE', #5448, #4575 ) ;
#2505 = DIRECTION ( 'NONE',  ( 0.000000000000000000, 0.000000000000000000, -1.000000000000000000 ) ) ;
#2506 = PRESENTATION_LAYER_ASSIGNMENT (  '', '', ( #8254 ) ) ;
#2507 = EDGE_CURVE ( 'NONE', #1696, #7114, #964, .T. ) ;
#2508 = CARTESIAN_POINT ( 'NONE',  ( 1.149999999999999467, 0.000000000000000000, 2.750000000000000000 ) ) ;
#2509 = VERTEX_POINT ( 'NONE', #2610 ) ;
#2510 = FACE_OUTER_BOUND ( 'NONE', #999, .T. ) ;
#2511 = ORIENTED_EDGE ( 'NONE', *, *, #4639, .F. ) ;
#2512 = DIRECTION ( 'NONE',  ( -0.000000000000000000, -1.000000000000000000, 0.000000000000000000 ) ) ;
#2513 = LINE ( 'NONE', #5551, #2164 ) ;
#2514 = ORIENTED_EDGE ( 'NONE', *, *, #7331, .F. ) ;
#2515 = EDGE_CURVE ( 'NONE', #8251, #5887, #1912, .T. ) ;
#2516 = DIRECTION ( 'NONE',  ( 0.000000000000000000, 1.000000000000000000, 0.000000000000000000 ) ) ;
#2517 = EDGE_CURVE ( 'NONE', #8973, #2305, #405, .T. ) ;
#2518 = EDGE_CURVE ( 'NONE', #1718, #1335, #8191, .T. ) ;
#2519 = LINE ( 'NONE', #5556, #3623 ) ;
#2520 = ORIENTED_EDGE ( 'NONE', *, *, #7803, .F. ) ;
#2521 = FACE_OUTER_BOUND ( 'NONE', #5271, .T. ) ;
#2522 = DIRECTION ( 'NONE',  ( -0.000000000000000000, -1.000000000000000000, -0.000000000000000000 ) ) ;
#2523 = LINE ( 'NONE', #5372, #4146 ) ;
#2524 = ORIENTED_EDGE ( 'NONE', *, *, #5100, .F. ) ;
#2525 = CARTESIAN_POINT ( 'NONE',  ( 0.6500000000000000222, 0.04999999999999999584, 2.750000000000000000 ) ) ;
#2526 = ORIENTED_EDGE ( 'NONE', *, *, #7429, .T. ) ;
#2527 = DIRECTION ( 'NONE',  ( 1.000000000000000000, 0.000000000000000000, -1.734723475976805714E-15 ) ) ;
#2528 = EDGE_CURVE ( 'NONE', #507, #9653, #3407, .T. ) ;
#2529 = AXIS2_PLACEMENT_3D ( 'NONE', #3489, #4932, #4885 ) ;
#2530 = EDGE_LOOP ( 'NONE', ( #8598, #2526, #4133, #6599 ) ) ;
#2531 = VERTEX_POINT ( 'NONE', #357 ) ;
#2532 = DIRECTION ( 'NONE',  ( 0.000000000000000000, 1.000000000000000000, -0.000000000000000000 ) ) ;
#2533 = LINE ( 'NONE', #993, #2076 ) ;
#2534 = CARTESIAN_POINT ( 'NONE',  ( -1.300000000000000044, 0.2000000000000000111, -2.750000000000000000 ) ) ;
#2535 = ORIENTED_EDGE ( 'NONE', *, *, #2955, .F. ) ;
#2536 = DIRECTION ( 'NONE',  ( 1.734723475976805714E-15, 0.000000000000000000, 1.000000000000000000 ) ) ;
#2537 = SURFACE_STYLE_FILL_AREA ( #2390 ) ;
#2538 = VECTOR ( 'NONE', #5138, 1000.000000000000000 ) ;
#2539 = VECTOR ( 'NONE', #5204, 1000.000000000000000 ) ;
#2540 = EDGE_LOOP ( 'NONE', ( #8655, #2112, #676, #2478 ) ) ;
#2541 = DIRECTION ( 'NONE',  ( 0.7071067811865431318, -0.000000000000000000, 0.7071067811865519026 ) ) ;
#2542 = LINE ( 'NONE', #4004, #4362 ) ;
#2543 = EDGE_LOOP ( 'NONE', ( #3047, #4080, #3268, #2138 ) ) ;
#2544 = EDGE_LOOP ( 'NONE', ( #4391, #5812, #930, #5328 ) ) ;
#2545 = EDGE_CURVE ( 'NONE', #7221, #5899, #9646, .T. ) ;
#2546 = AXIS2_PLACEMENT_3D ( 'NONE', #8417, #780, #2282 ) ;
#2547 = AXIS2_PLACEMENT_3D ( 'NONE', #5334, #5425, #934 ) ;
#2548 = CARTESIAN_POINT ( 'NONE',  ( -2.750000000000000000, 0.1999999999999999833, 2.100000000000000089 ) ) ;
#2549 = CARTESIAN_POINT ( 'NONE',  ( 1.800000000000000044, 0.04999999999999969746, 3.000000000000000000 ) ) ;
#2550 = LINE ( 'NONE', #251, #960 ) ;
#2551 = CARTESIAN_POINT ( 'NONE',  ( -2.100000000000000089, 0.1999999999999999833, -2.750000000000000000 ) ) ;
#2552 = ORIENTED_EDGE ( 'NONE', *, *, #8511, .F. ) ;
#2553 = AXIS2_PLACEMENT_3D ( 'NONE', #5808, #8113, #3423 ) ;
#2554 = AXIS2_PLACEMENT_3D ( 'NONE', #7671, #374, #6449 ) ;
#2555 = CARTESIAN_POINT ( 'NONE',  ( 1.449999999999999956, 0.2000000000000000111, 3.000000000000000000 ) ) ;
#2556 = PLANE ( 'NONE',  #5841 ) ;
#2557 = AXIS2_PLACEMENT_3D ( 'NONE', #3535, #6563, #3683 ) ;
#2558 = LINE ( 'NONE', #7904, #7801 ) ;
#2559 = VECTOR ( 'NONE', #6019, 1000.000000000000000 ) ;
#2560 = CARTESIAN_POINT ( 'NONE',  ( -2.750000000000000000, 0.7000000000000000666, 1.950000000000000622 ) ) ;
#2561 = EDGE_LOOP ( 'NONE', ( #5604, #6460, #6329, #8381 ) ) ;
#2562 = EDGE_CURVE ( 'NONE', #5339, #3695, #8823, .T. ) ;
#2563 = CARTESIAN_POINT ( 'NONE',  ( 3.000000000000000000, 0.7000000000000000666, 2.100000000000000089 ) ) ;
#2564 = ORIENTED_EDGE ( 'NONE', *, *, #4703, .F. ) ;
#2565 = FACE_OUTER_BOUND ( 'NONE', #8401, .T. ) ;
#2566 = CARTESIAN_POINT ( 'NONE',  ( -3.000000000000000000, 0.04999999999999969746, -0.7999999999999994893 ) ) ;
#2567 = EDGE_LOOP ( 'NONE', ( #2835, #9088 ) ) ;
#2568 = CARTESIAN_POINT ( 'NONE',  ( -1.949999999999999956, 0.2000000000000000111, -2.750000000000000000 ) ) ;
#2569 = CARTESIAN_POINT ( 'NONE',  ( -1.450000000000000400, 0.1999999999999999833, 2.750000000000000000 ) ) ;
#2570 = ORIENTED_EDGE ( 'NONE', *, *, #2517, .T. ) ;
#2571 = CARTESIAN_POINT ( 'NONE',  ( -2.538461538461538769, 0.9000000000000000222, -2.538461538461538769 ) ) ;
#2572 = DIRECTION ( 'NONE',  ( 0.000000000000000000, -1.000000000000000000, 0.000000000000000000 ) ) ;
#2573 = AXIS2_PLACEMENT_3D ( 'NONE', #5034, #6527, #293 ) ;
#2574 = SURFACE_STYLE_FILL_AREA ( #2032 ) ;
#2575 = ORIENTED_EDGE ( 'NONE', *, *, #9096, .F. ) ;
#2576 = EDGE_CURVE ( 'NONE', #5859, #1484, #8744, .T. ) ;
#2577 = VECTOR ( 'NONE', #2014, 1000.000000000000000 ) ;
#2578 = CARTESIAN_POINT ( 'NONE',  ( -1.949999999999999956, 0.2000000000000000111, -2.750000000000000000 ) ) ;
#2579 = ORIENTED_EDGE ( 'NONE', *, *, #1996, .T. ) ;
#2580 = CARTESIAN_POINT ( 'NONE',  ( 3.000000000000000000, 0.1999999999999999833, -1.799999999999999600 ) ) ;
#2581 = VECTOR ( 'NONE', #4831, 1000.000000000000000 ) ;
#2582 = PLANE ( 'NONE',  #4931 ) ;
#2583 = ORIENTED_EDGE ( 'NONE', *, *, #4952, .F. ) ;
#2584 = ORIENTED_EDGE ( 'NONE', *, *, #4349, .F. ) ;
#2585 = CARTESIAN_POINT ( 'NONE',  ( -1.300000000000000044, 0.2000000000000000111, 2.750000000000000000 ) ) ;
#2586 = LINE ( 'NONE', #1892, #8284 ) ;
#2587 = CARTESIAN_POINT ( 'NONE',  ( -1.949999999999999956, 0.2000000000000000111, -2.750000000000000000 ) ) ;
#2588 = VERTEX_POINT ( 'NONE', #5651 ) ;
#2589 = PLANE ( 'NONE',  #2075 ) ;
#2590 = DIRECTION ( 'NONE',  ( -1.000000000000000000, 0.000000000000000000, 0.000000000000000000 ) ) ;
#2591 = VECTOR ( 'NONE', #5615, 1000.000000000000000 ) ;
#2592 = EDGE_CURVE ( 'NONE', #3046, #7517, #8700, .T. ) ;
#2593 = ADVANCED_FACE ( 'NONE', ( #5745 ), #1967, .F. ) ;
#2594 = VECTOR ( 'NONE', #1807, 1000.000000000000000 ) ;
#2595 = EDGE_CURVE ( 'NONE', #9415, #5826, #5044, .T. ) ;
#2596 = LINE ( 'NONE', #3441, #6675 ) ;
#2597 = CARTESIAN_POINT ( 'NONE',  ( -1.800000000000000044, 0.04999999999999999584, -2.750000000000000000 ) ) ;
#2598 = ORIENTED_EDGE ( 'NONE', *, *, #8260, .T. ) ;
#2599 = ORIENTED_EDGE ( 'NONE', *, *, #2528, .F. ) ;
#2600 = VECTOR ( 'NONE', #7451, 1000.000000000000000 ) ;
#2601 = LINE ( 'NONE', #6473, #7840 ) ;
#2602 = DIRECTION ( 'NONE',  ( -1.000000000000000000, 0.000000000000000000, 0.000000000000000000 ) ) ;
#2603 = FACE_OUTER_BOUND ( 'NONE', #2544, .T. ) ;
#2604 = DIRECTION ( 'NONE',  ( 0.000000000000000000, -1.000000000000000000, 0.000000000000000000 ) ) ;
#2605 = ORIENTED_EDGE ( 'NONE', *, *, #3937, .T. ) ;
#2606 = EDGE_CURVE ( 'NONE', #9743, #4738, #1308, .T. ) ;
#2607 = VECTOR ( 'NONE', #5645, 1000.000000000000000 ) ;
#2608 = DIRECTION ( 'NONE',  ( 1.000000000000000000, -0.000000000000000000, -7.228014483236695816E-17 ) ) ;
#2609 = CARTESIAN_POINT ( 'NONE',  ( 2.750000000000000000, 0.7000000000000000666, 0.8000000000000003775 ) ) ;
#2610 = CARTESIAN_POINT ( 'NONE',  ( 3.000000000000000000, 0.000000000000000000, -1.799999999999999600 ) ) ;
#2611 = PRESENTATION_LAYER_ASSIGNMENT (  '', '', ( #4204 ) ) ;
#2612 = CARTESIAN_POINT ( 'NONE',  ( 0.7999999999999999334, 0.7000000000000003997, 3.000000000000000000 ) ) ;
#2613 = VERTEX_POINT ( 'NONE', #9596 ) ;
#2614 = DIRECTION ( 'NONE',  ( 0.000000000000000000, 0.000000000000000000, -1.000000000000000000 ) ) ;
#2615 = EDGE_LOOP ( 'NONE', ( #661, #4751, #3219, #8854 ) ) ;
#2616 = FACE_OUTER_BOUND ( 'NONE', #1595, .T. ) ;
#2617 = ADVANCED_FACE ( 'NONE', ( #2760 ), #4353, .F. ) ;
#2618 = DIRECTION ( 'NONE',  ( 0.000000000000000000, 0.000000000000000000, -1.000000000000000000 ) ) ;
#2619 = VECTOR ( 'NONE', #4667, 1000.000000000000000 ) ;
#2620 = ORIENTED_EDGE ( 'NONE', *, *, #7529, .F. ) ;
#2621 = EDGE_CURVE ( 'NONE', #417, #2382, #4518, .T. ) ;
#2622 = CARTESIAN_POINT ( 'NONE',  ( -1.450000000000000400, 0.1999999999999999833, -2.750000000000000000 ) ) ;
#2623 = DIRECTION ( 'NONE',  ( 0.000000000000000000, 0.000000000000000000, -1.000000000000000000 ) ) ;
#2624 = VERTEX_POINT ( 'NONE', #3606 ) ;
#2625 = CARTESIAN_POINT ( 'NONE',  ( 3.000000000000000000, 0.9999999999999991118, 3.000000000000000000 ) ) ;
#2626 = CARTESIAN_POINT ( 'NONE',  ( 0.7999999999999999334, 0.2000000000000000111, 3.000000000000000000 ) ) ;
#2627 = EDGE_LOOP ( 'NONE', ( #1588, #3586, #1383, #4962 ) ) ;
#2628 = DIRECTION ( 'NONE',  ( 0.000000000000000000, 0.000000000000000000, 1.000000000000000000 ) ) ;
#2629 = ORIENTED_EDGE ( 'NONE', *, *, #9534, .T. ) ;
#2630 = ADVANCED_FACE ( 'NONE', ( #4300 ), #1866, .T. ) ;
#2631 = DIRECTION ( 'NONE',  ( 0.000000000000000000, 0.000000000000000000, 1.000000000000000000 ) ) ;
#2632 = DIRECTION ( 'NONE',  ( 0.000000000000000000, -1.000000000000000000, 0.000000000000000000 ) ) ;
#2633 = VERTEX_POINT ( 'NONE', #9501 ) ;
#2634 = EDGE_LOOP ( 'NONE', ( #5493, #5388, #9508, #1649 ) ) ;
#2635 = CARTESIAN_POINT ( 'NONE',  ( -1.800000000000000044, 0.000000000000000000, -2.750000000000000000 ) ) ;
#2636 = EDGE_CURVE ( 'NONE', #4119, #3739, #4947, .T. ) ;
#2637 = DIRECTION ( 'NONE',  ( -0.000000000000000000, -1.000000000000000000, -0.000000000000000000 ) ) ;
#2638 = LINE ( 'NONE', #4278, #2581 ) ;
#2639 = ORIENTED_EDGE ( 'NONE', *, *, #2907, .F. ) ;
#2640 = DIRECTION ( 'NONE',  ( 0.000000000000000000, 0.000000000000000000, 1.000000000000000000 ) ) ;
#2641 = SURFACE_STYLE_FILL_AREA ( #7514 ) ;
#2642 = LINE ( 'NONE', #5680, #6501 ) ;
#2643 = CARTESIAN_POINT ( 'NONE',  ( 2.750000000000000000, 0.1999999999999999833, -1.149999999999999467 ) ) ;
#2644 = ORIENTED_EDGE ( 'NONE', *, *, #4401, .F. ) ;
#2645 = VERTEX_POINT ( 'NONE', #4208 ) ;
#2646 = FACE_OUTER_BOUND ( 'NONE', #7162, .T. ) ;
#2647 = EDGE_CURVE ( 'NONE', #1371, #3844, #1209, .T. ) ;
#2648 = DIRECTION ( 'NONE',  ( -0.000000000000000000, 0.000000000000000000, -1.000000000000000000 ) ) ;
#2650 = EDGE_CURVE ( 'NONE', #2491, #2954, #7294, .T. ) ;
#2649 = VECTOR ( 'NONE', #3529, 1000.000000000000000 ) ;
#2651 = CLOSED_SHELL ( 'NONE', ( #2212, #2593, #6390, #4197, #4063, #4797 ) ) ;
#2652 = CARTESIAN_POINT ( 'NONE',  ( -3.000000000000000000, 0.05000000000000000278, 3.000000000000000444 ) ) ;
#2653 = CARTESIAN_POINT ( 'NONE',  ( 2.750000000000000000, 0.05000000000000002359, 6.505213034913026604E-16 ) ) ;
#2654 = DIRECTION ( 'NONE',  ( 0.000000000000000000, 0.000000000000000000, -1.000000000000000000 ) ) ;
#2655 = LINE ( 'NONE', #7999, #9353 ) ;
#2656 = CARTESIAN_POINT ( 'NONE',  ( -3.000000000000000000, 0.7000000000000000666, 1.450000000000000400 ) ) ;
#2657 = DIRECTION ( 'NONE',  ( 0.000000000000000000, 0.000000000000000000, 1.000000000000000000 ) ) ;
#2658 = EDGE_CURVE ( 'NONE', #5826, #4340, #5147, .T. ) ;
#2659 = CARTESIAN_POINT ( 'NONE',  ( -1.149999999999999911, 0.7000000000000003997, -3.000000000000000000 ) ) ;
#2660 = FACE_OUTER_BOUND ( 'NONE', #8717, .T. ) ;
#2661 = ORIENTED_EDGE ( 'NONE', *, *, #6027, .T. ) ;
#2662 = FACE_OUTER_BOUND ( 'NONE', #1788, .T. ) ;
#2663 =( LENGTH_UNIT ( ) NAMED_UNIT ( * ) SI_UNIT ( .MILLI., .METRE. ) );
#2664 = ORIENTED_EDGE ( 'NONE', *, *, #7289, .T. ) ;
#2665 = CARTESIAN_POINT ( 'NONE',  ( -2.750000000000000000, 0.000000000000000000, -2.099999999999999201 ) ) ;
#2666 = VECTOR ( 'NONE', #2965, 1000.000000000000000 ) ;
#2667 = DIRECTION ( 'NONE',  ( 0.000000000000000000, 0.000000000000000000, -1.000000000000000000 ) ) ;
#2668 = LINE ( 'NONE', #2622, #6376 ) ;
#2669 = EDGE_CURVE ( 'NONE', #8976, #2624, #8200, .T. ) ;
#2670 = DIRECTION ( 'NONE',  ( -1.000000000000000000, 0.000000000000000000, -1.734723475976805714E-15 ) ) ;
#2671 = ORIENTED_EDGE ( 'NONE', *, *, #7482, .F. ) ;
#2672 = DIRECTION ( 'NONE',  ( -1.000000000000000000, 0.000000000000000000, 0.000000000000000000 ) ) ;
#2673 = VECTOR ( 'NONE', #3255, 1000.000000000000000 ) ;
#2674 = DIRECTION ( 'NONE',  ( 0.000000000000000000, -1.000000000000000000, 0.000000000000000000 ) ) ;
#2675 = CIRCLE ( 'NONE', #6162, 0.1499999999999999667 ) ;
#2676 =( NAMED_UNIT ( * ) PLANE_ANGLE_UNIT ( ) SI_UNIT ( $, .RADIAN. ) );
#2677 = EDGE_LOOP ( 'NONE', ( #2966, #8264, #5810, #2034 ) ) ;
#2678 = DIRECTION ( 'NONE',  ( 0.000000000000000000, 1.000000000000000000, 0.000000000000000000 ) ) ;
#2679 = ORIENTED_EDGE ( 'NONE', *, *, #7465, .F. ) ;
#2680 = LINE ( 'NONE', #277, #9060 ) ;
#2681 = CARTESIAN_POINT ( 'NONE',  ( 3.000000000000000000, 0.000000000000000000, 0.1500000000000003830 ) ) ;
#2682 = ORIENTED_EDGE ( 'NONE', *, *, #7417, .T. ) ;
#2683 = ORIENTED_EDGE ( 'NONE', *, *, #5930, .T. ) ;
#2684 = LINE ( 'NONE', #8034, #1446 ) ;
#2685 = DIRECTION ( 'NONE',  ( 0.000000000000000000, -1.000000000000000000, 0.000000000000000000 ) ) ;
#2686 = CARTESIAN_POINT ( 'NONE',  ( -2.750000000000000000, 0.1999999999999999833, -1.949999999999999289 ) ) ;
#2687 = ORIENTED_EDGE ( 'NONE', *, *, #3592, .F. ) ;
#2688 = CARTESIAN_POINT ( 'NONE',  ( 0.6500000000000000222, 0.1999999999999999833, 2.599999999999999645 ) ) ;
#2689 = EDGE_CURVE ( 'NONE', #7534, #823, #5940, .T. ) ;
#2690 = AXIS2_PLACEMENT_3D ( 'NONE', #4582, #9875, #8524 ) ;
#2691 = DIRECTION ( 'NONE',  ( -1.734723475976805714E-15, 0.000000000000000000, 1.000000000000000000 ) ) ;
#2692 = DIRECTION ( 'NONE',  ( 0.000000000000000000, -1.000000000000000000, 0.000000000000000000 ) ) ;
#2693 = EDGE_LOOP ( 'NONE', ( #4643, #4631, #1600, #9087 ) ) ;
#2694 = ORIENTED_EDGE ( 'NONE', *, *, #5570, .T. ) ;
#2695 = CARTESIAN_POINT ( 'NONE',  ( 2.100000000000000089, 0.000000000000000000, 3.000000000000000000 ) ) ;
#2696 = DIRECTION ( 'NONE',  ( -0.000000000000000000, -1.000000000000000000, -0.000000000000000000 ) ) ;
#2697 = VECTOR ( 'NONE', #9337, 1000.000000000000000 ) ;
#2698 = DIRECTION ( 'NONE',  ( 0.000000000000000000, 1.000000000000000000, 0.000000000000000000 ) ) ;
#2699 = VECTOR ( 'NONE', #9194, 1000.000000000000000 ) ;
#2700 = LINE ( 'NONE', #6480, #2441 ) ;
#2701 = DIRECTION ( 'NONE',  ( 0.000000000000000000, 0.000000000000000000, -1.000000000000000000 ) ) ;
#2702 = EDGE_CURVE ( 'NONE', #4397, #9377, #9799, .T. ) ;
#2703 = VECTOR ( 'NONE', #9776, 1000.000000000000000 ) ;
#2704 = CARTESIAN_POINT ( 'NONE',  ( 2.750000000000000000, 0.7000000000000000666, 6.505213034913026604E-16 ) ) ;
#2705 = ADVANCED_FACE ( 'NONE', ( #2851 ), #1357, .T. ) ;
#2706 = VECTOR ( 'NONE', #4777, 1000.000000000000000 ) ;
#2707 =( GEOMETRIC_REPRESENTATION_CONTEXT ( 3 ) GLOBAL_UNCERTAINTY_ASSIGNED_CONTEXT ( ( #6559 ) ) GLOBAL_UNIT_ASSIGNED_CONTEXT ( ( #9370, #6216, #4583 ) ) REPRESENTATION_CONTEXT ( 'NONE', 'WORKASPACE' ) );
#2708 = CARTESIAN_POINT ( 'NONE',  ( 3.000000000000000000, 0.1999999999999999833, 1.450000000000000400 ) ) ;
#2709 = ORIENTED_EDGE ( 'NONE', *, *, #6718, .T. ) ;
#2710 = DIRECTION ( 'NONE',  ( 0.000000000000000000, 0.000000000000000000, -1.000000000000000000 ) ) ;
#2711 = CARTESIAN_POINT ( 'NONE',  ( 3.000000000000000000, 0.7000000000000000666, -0.1499999999999995226 ) ) ;
#2712 = EDGE_LOOP ( 'NONE', ( #7041, #6097, #6396, #3326 ) ) ;
#2713 = DIRECTION ( 'NONE',  ( -1.000000000000000000, 0.000000000000000000, 0.000000000000000000 ) ) ;
#2714 = AXIS2_PLACEMENT_3D ( 'NONE', #6464, #2685, #5627 ) ;
#2715 = MECHANICAL_DESIGN_GEOMETRIC_PRESENTATION_REPRESENTATION (  '', ( #643 ), #3996 ) ;
#2716 = EDGE_LOOP ( 'NONE', ( #3082, #6623, #9010, #6441 ) ) ;
#2717 = DIRECTION ( 'NONE',  ( -1.000000000000000000, 0.000000000000000000, -0.000000000000000000 ) ) ;
#2718 = VECTOR ( 'NONE', #9880, 1000.000000000000000 ) ;
#2719 = EDGE_CURVE ( 'NONE', #4328, #4119, #1461, .T. ) ;
#2720 = EDGE_CURVE ( 'NONE', #7042, #8555, #9779, .T. ) ;
#2721 = CARTESIAN_POINT ( 'NONE',  ( -1.449999999999999956, 0.1999999999999999833, -3.000000000000000000 ) ) ;
#2722 = EDGE_CURVE ( 'NONE', #7126, #9331, #6081, .T. ) ;
#2723 = AXIS2_PLACEMENT_3D ( 'NONE', #2571, #5614, #4963 ) ;
#2724 = VECTOR ( 'NONE', #8189, 1000.000000000000000 ) ;
#2725 = FACE_OUTER_BOUND ( 'NONE', #3367, .T. ) ;
#2726 = VERTEX_POINT ( 'NONE', #2995 ) ;
#2727 = CARTESIAN_POINT ( 'NONE',  ( 0.000000000000000000, 0.000000000000000000, 2.750000000000000000 ) ) ;
#2728 = CARTESIAN_POINT ( 'NONE',  ( -0.5000000000000000000, 0.000000000000000000, 3.000000000000000000 ) ) ;
#2729 = DIRECTION ( 'NONE',  ( -0.000000000000000000, -1.000000000000000000, -0.000000000000000000 ) ) ;
#2730 = ADVANCED_FACE ( 'NONE', ( #6 ), #9035, .F. ) ;
#2731 = PLANE ( 'NONE',  #414 ) ;
#2732 = VERTEX_POINT ( 'NONE', #9137 ) ;
#2733 = PLANE ( 'NONE',  #9865 ) ;
#2734 = CYLINDRICAL_SURFACE ( 'NONE', #4622, 0.1499999999999997446 ) ;
#2735 = ORIENTED_EDGE ( 'NONE', *, *, #7164, .T. ) ;
#2736 = ORIENTED_EDGE ( 'NONE', *, *, #7378, .T. ) ;
#2737 = CIRCLE ( 'NONE', #9434, 0.1499999999999997446 ) ;
#2738 = DIRECTION ( 'NONE',  ( -0.000000000000000000, -1.000000000000000000, -0.000000000000000000 ) ) ;
#2739 = CARTESIAN_POINT ( 'NONE',  ( 2.750000000000000000, 0.000000000000000000, 1.150000000000000799 ) ) ;
#2740 = DIRECTION ( 'NONE',  ( 0.000000000000000000, -1.000000000000000000, 0.000000000000000000 ) ) ;
#2741 = ORIENTED_EDGE ( 'NONE', *, *, #5146, .F. ) ;
#2742 = FACE_OUTER_BOUND ( 'NONE', #664, .T. ) ;
#2743 = SURFACE_SIDE_STYLE ('',( #2641 ) ) ;
#2744 = VECTOR ( 'NONE', #2740, 1000.000000000000000 ) ;
#2745 = CARTESIAN_POINT ( 'NONE',  ( -3.000000000000000000, 0.2000000000000005107, -0.4999999999999995559 ) ) ;
#2746 = CARTESIAN_POINT ( 'NONE',  ( -2.538461538461538769, 1.000000000000000000, -2.538461538461538769 ) ) ;
#2747 = EDGE_LOOP ( 'NONE', ( #8622, #7407, #3631, #4806 ) ) ;
#2748 = ADVANCED_FACE ( 'NONE', ( #7445 ), #2303, .F. ) ;
#2749 = ORIENTED_EDGE ( 'NONE', *, *, #9669, .F. ) ;
#2750 = DIRECTION ( 'NONE',  ( -0.000000000000000000, -1.000000000000000000, -0.000000000000000000 ) ) ;
#2751 = CARTESIAN_POINT ( 'NONE',  ( 0.1499999999999999667, 0.2000000000000000111, -3.000000000000000000 ) ) ;
#2752 = AXIS2_PLACEMENT_3D ( 'NONE', #3044, #3751, #3799 ) ;
#2753 = AXIS2_PLACEMENT_3D ( 'NONE', #1730, #128, #9867 ) ;
#2754 = CARTESIAN_POINT ( 'NONE',  ( -2.750000000000000000, 0.1999999999999999833, 1.300000000000000488 ) ) ;
#2755 = SURFACE_SIDE_STYLE ('',( #9591 ) ) ;
#2756 = CARTESIAN_POINT ( 'NONE',  ( 1.300000000000000044, 0.2000000000000000111, 2.750000000000000000 ) ) ;
#2757 = DIRECTION ( 'NONE',  ( 0.7071067811865449082, 0.000000000000000000, 0.7071067811865502373 ) ) ;
#2758 = AXIS2_PLACEMENT_3D ( 'NONE', #3009, #9253, #22 ) ;
#2759 = AXIS2_PLACEMENT_3D ( 'NONE', #6799, #2306, #8395 ) ;
#2760 = FACE_OUTER_BOUND ( 'NONE', #7265, .T. ) ;
#2761 = ADVANCED_FACE ( 'NONE', ( #5242 ), #5344, .T. ) ;
#2762 = CARTESIAN_POINT ( 'NONE',  ( -2.750000000000000000, 0.1999999999999999833, 1.300000000000000488 ) ) ;
#2763 = DIRECTION ( 'NONE',  ( 0.000000000000000000, 0.000000000000000000, -1.000000000000000000 ) ) ;
#2764 = LINE ( 'NONE', #5797, #8958 ) ;
#2765 = ADVANCED_FACE ( 'NONE', ( #1555 ), #5191, .F. ) ;
#2766 = ORIENTED_EDGE ( 'NONE', *, *, #8140, .T. ) ;
#2767 = CARTESIAN_POINT ( 'NONE',  ( -1.800000000000000044, 0.2000000000000000111, -3.000000000000000000 ) ) ;
#2768 = AXIS2_PLACEMENT_3D ( 'NONE', #861, #3912, #3151 ) ;
#2769 = ORIENTED_EDGE ( 'NONE', *, *, #4917, .F. ) ;
#2770 = CARTESIAN_POINT ( 'NONE',  ( -0.8000000000000003775, 0.000000000000000000, -2.750000000000000000 ) ) ;
#2771 = VECTOR ( 'NONE', #5095, 1000.000000000000000 ) ;
#2772 = DIRECTION ( 'NONE',  ( 0.000000000000000000, 1.000000000000000000, -0.000000000000000000 ) ) ;
#2773 = MECHANICAL_DESIGN_GEOMETRIC_PRESENTATION_REPRESENTATION (  '', ( #7073 ), #1662 ) ;
#2774 = CARTESIAN_POINT ( 'NONE',  ( -1.949999999999999956, 0.000000000000000000, -2.750000000000000000 ) ) ;
#2775 = ADVANCED_FACE ( 'NONE', ( #5937 ), #4548, .F. ) ;
#2776 = ORIENTED_EDGE ( 'NONE', *, *, #757, .F. ) ;
#2777 = DIRECTION ( 'NONE',  ( -0.000000000000000000, -1.000000000000000000, -0.000000000000000000 ) ) ;
#2778 = FACE_OUTER_BOUND ( 'NONE', #3228, .T. ) ;
#2779 = ADVANCED_FACE ( 'NONE', ( #8992 ), #711, .F. ) ;
#2780 = AXIS2_PLACEMENT_3D ( 'NONE', #9405, #1873, #1171 ) ;
#2781 = PLANE ( 'NONE',  #8229 ) ;
#2782 = ORIENTED_EDGE ( 'NONE', *, *, #2288, .T. ) ;
#2783 = FILL_AREA_STYLE ('',( #4476 ) ) ;
#2784 = ORIENTED_EDGE ( 'NONE', *, *, #1338, .T. ) ;
#2785 = ORIENTED_EDGE ( 'NONE', *, *, #2324, .F. ) ;
#2786 = CARTESIAN_POINT ( 'NONE',  ( -1.449999999999999956, 0.1999999999999999833, 3.000000000000000000 ) ) ;
#2787 = CARTESIAN_POINT ( 'NONE',  ( 3.000000000000000000, 0.7000000000000000666, -0.1499999999999995226 ) ) ;
#2788 = EDGE_CURVE ( 'NONE', #8163, #1507, #4447, .T. ) ;
#2789 = CARTESIAN_POINT ( 'NONE',  ( -3.000000000000000000, 0.1999999999999999833, -2.099999999999999645 ) ) ;
#2790 = ORIENTED_EDGE ( 'NONE', *, *, #2592, .F. ) ;
#2791 = CARTESIAN_POINT ( 'NONE',  ( 2.299999999999999822, 0.04999999999999969746, -2.299999999999999822 ) ) ;
#2792 = SURFACE_STYLE_FILL_AREA ( #6419 ) ;
#2793 = EDGE_LOOP ( 'NONE', ( #1449, #4355, #2143, #4047 ) ) ;
#2794 = CARTESIAN_POINT ( 'NONE',  ( 2.100000000000000089, 0.7000000000000006217, 3.000000000000000000 ) ) ;
#2795 = FACE_OUTER_BOUND ( 'NONE', #7181, .T. ) ;
#2796 = VERTEX_POINT ( 'NONE', #1514 ) ;
#2797 = ORIENTED_EDGE ( 'NONE', *, *, #8493, .F. ) ;
#2798 = LINE ( 'NONE', #598, #1455 ) ;
#2799 = CARTESIAN_POINT ( 'NONE',  ( -1.149999999999999911, 0.2000000000000000111, -3.000000000000000000 ) ) ;
#2800 = CARTESIAN_POINT ( 'NONE',  ( -1.450000000000000400, 0.000000000000000000, 2.750000000000000000 ) ) ;
#2801 = CARTESIAN_POINT ( 'NONE',  ( -1.149999999999999911, 0.000000000000000000, -3.000000000000000000 ) ) ;
#2802 = EDGE_CURVE ( 'NONE', #6064, #9459, #2542, .T. ) ;
#2803 = DIRECTION ( 'NONE',  ( 0.000000000000000000, -1.000000000000000000, 0.000000000000000000 ) ) ;
#2804 = ORIENTED_EDGE ( 'NONE', *, *, #4715, .T. ) ;
#2805 = DIRECTION ( 'NONE',  ( -0.000000000000000000, -1.000000000000000000, -0.000000000000000000 ) ) ;
#2806 = DIRECTION ( 'NONE',  ( 0.000000000000000000, 0.000000000000000000, -1.000000000000000000 ) ) ;
#2807 = ORIENTED_EDGE ( 'NONE', *, *, #4994, .F. ) ;
#2808 =( LENGTH_UNIT ( ) NAMED_UNIT ( * ) SI_UNIT ( .MILLI., .METRE. ) );
#2809 = CARTESIAN_POINT ( 'NONE',  ( 2.750000000000000000, 0.05000000000000002359, 0.6500000000000005773 ) ) ;
#2810 = DIRECTION ( 'NONE',  ( -0.000000000000000000, -1.000000000000000000, -0.000000000000000000 ) ) ;
#2811 = ORIENTED_EDGE ( 'NONE', *, *, #5008, .T. ) ;
#2812 = FACE_OUTER_BOUND ( 'NONE', #4221, .T. ) ;
#2813 = EDGE_LOOP ( 'NONE', ( #7927, #7581, #4498, #5684, #6769 ) ) ;
#2814 = FACE_OUTER_BOUND ( 'NONE', #2239, .T. ) ;
#2815 = EDGE_CURVE ( 'NONE', #1056, #3080, #7868, .T. ) ;
#2816 = CLOSED_SHELL ( 'NONE', ( #7071, #5926, #1277, #23, #9081, #3389 ) ) ;
#2817 = DIRECTION ( 'NONE',  ( 0.000000000000000000, 1.000000000000000000, 0.000000000000000000 ) ) ;
#2818 = AXIS2_PLACEMENT_3D ( 'NONE', #9097, #8402, #5203 ) ;
#2819 = CARTESIAN_POINT ( 'NONE',  ( -1.149999999999999911, 0.1999999999999999833, -2.750000000000000000 ) ) ;
#2820 = VERTEX_POINT ( 'NONE', #1001 ) ;
#2821 = LINE ( 'NONE', #7414, #9249 ) ;
#2822 = CARTESIAN_POINT ( 'NONE',  ( -1.800000000000000044, 0.7000000000000003997, -2.750000000000000000 ) ) ;
#2823 = EDGE_LOOP ( 'NONE', ( #5143, #8565, #1450, #2830 ) ) ;
#2824 = DIRECTION ( 'NONE',  ( -1.734723475976805714E-15, 0.000000000000000000, -1.000000000000000000 ) ) ;
#2825 = ORIENTED_EDGE ( 'NONE', *, *, #5568, .T. ) ;
#2826 = EDGE_CURVE ( 'NONE', #4894, #8045, #4051, .T. ) ;
#2827 = EDGE_CURVE ( 'NONE', #6089, #7060, #3191, .T. ) ;
#2828 = EDGE_CURVE ( 'NONE', #6461, #3262, #7550, .T. ) ;
#2829 = VECTOR ( 'NONE', #6856, 1000.000000000000000 ) ;
#2830 = ORIENTED_EDGE ( 'NONE', *, *, #6740, .F. ) ;
#2831 = ORIENTED_EDGE ( 'NONE', *, *, #2074, .F. ) ;
#2832 = DIRECTION ( 'NONE',  ( 0.000000000000000000, -1.000000000000000000, 0.000000000000000000 ) ) ;
#2833 = CARTESIAN_POINT ( 'NONE',  ( 2.750000000000000000, 0.000000000000000000, -0.4999999999999995559 ) ) ;
#2834 = DIRECTION ( 'NONE',  ( -0.000000000000000000, -1.000000000000000000, -0.000000000000000000 ) ) ;
#2835 = ORIENTED_EDGE ( 'NONE', *, *, #6117, .T. ) ;
#2836 = CARTESIAN_POINT ( 'NONE',  ( -1.800000000000000044, 0.2000000000000000111, -2.750000000000000000 ) ) ;
#2837 = ORIENTED_EDGE ( 'NONE', *, *, #1630, .T. ) ;
#2838 = EDGE_CURVE ( 'NONE', #1484, #5439, #5313, .T. ) ;
#2839 = DIRECTION ( 'NONE',  ( -1.000000000000000000, 0.000000000000000000, -0.000000000000000000 ) ) ;
#2840 = PLANE ( 'NONE',  #8444 ) ;
#2841 = EDGE_LOOP ( 'NONE', ( #5582, #6313, #7569, #5436 ) ) ;
#2842 = ORIENTED_EDGE ( 'NONE', *, *, #5449, .F. ) ;
#2843 = DIRECTION ( 'NONE',  ( 0.000000000000000000, 0.000000000000000000, -1.000000000000000000 ) ) ;
#2844 = PLANE ( 'NONE',  #4611 ) ;
#2845 = LINE ( 'NONE', #6478, #3199 ) ;
#2846 = CARTESIAN_POINT ( 'NONE',  ( 3.000000000000000000, 0.7000000000000000666, -1.449999999999999512 ) ) ;
#2847 = FACE_OUTER_BOUND ( 'NONE', #5080, .T. ) ;
#2848 = EDGE_CURVE ( 'NONE', #3171, #9026, #5585, .T. ) ;
#2849 = VERTEX_POINT ( 'NONE', #1753 ) ;
#2850 = DIRECTION ( 'NONE',  ( -0.000000000000000000, -1.000000000000000000, -0.000000000000000000 ) ) ;
#2851 = FACE_OUTER_BOUND ( 'NONE', #4216, .T. ) ;
#2852 = ORIENTED_EDGE ( 'NONE', *, *, #6905, .T. ) ;
#2853 = DIRECTION ( 'NONE',  ( -0.000000000000000000, 0.000000000000000000, 1.000000000000000000 ) ) ;
#2854 = AXIS2_PLACEMENT_3D ( 'NONE', #7123, #3272, #8772 ) ;
#2855 = PLANE ( 'NONE',  #5280 ) ;
#2856 = DIRECTION ( 'NONE',  ( 0.000000000000000000, 0.000000000000000000, -1.000000000000000000 ) ) ;
#2857 = ORIENTED_EDGE ( 'NONE', *, *, #6983, .F. ) ;
#2858 = CARTESIAN_POINT ( 'NONE',  ( 2.750000000000000000, 0.1999999999999999833, -1.299999999999999378 ) ) ;
#2859 = ORIENTED_EDGE ( 'NONE', *, *, #4050, .T. ) ;
#2860 = DIRECTION ( 'NONE',  ( 0.000000000000000000, 1.000000000000000000, 0.000000000000000000 ) ) ;
#2861 = VECTOR ( 'NONE', #3901, 1000.000000000000000 ) ;
#2862 = VECTOR ( 'NONE', #5082, 1000.000000000000000 ) ;
#2863 = CIRCLE ( 'NONE', #798, 0.1499999999999999667 ) ;
#2864 = CARTESIAN_POINT ( 'NONE',  ( 3.000000000000000000, 0.7000000000000000666, -0.4999999999999995559 ) ) ;
#2865 = EDGE_CURVE ( 'NONE', #4628, #9336, #3097, .T. ) ;
#2866 = VECTOR ( 'NONE', #1145, 1000.000000000000000 ) ;
#2867 = CIRCLE ( 'NONE', #7170, 0.1499999999999999667 ) ;
#2868 = DIRECTION ( 'NONE',  ( 0.000000000000000000, 0.000000000000000000, 1.000000000000000000 ) ) ;
#2869 = ORIENTED_EDGE ( 'NONE', *, *, #8534, .F. ) ;
#2870 = CARTESIAN_POINT ( 'NONE',  ( -1.800000000000000044, 0.2000000000000000111, 3.000000000000000000 ) ) ;
#2871 = CARTESIAN_POINT ( 'NONE',  ( -0.1500000000000003830, 0.7000000000000003997, -2.750000000000000000 ) ) ;
#2872 = EDGE_LOOP ( 'NONE', ( #4162, #7589, #2639, #9667 ) ) ;
#2873 = LINE ( 'NONE', #3425, #1218 ) ;
#2875 = ORIENTED_EDGE ( 'NONE', *, *, #4668, .T. ) ;
#2874 = VECTOR ( 'NONE', #7095, 1000.000000000000000 ) ;
#2876 = AXIS2_PLACEMENT_3D ( 'NONE', #3846, #6883, #6122 ) ;
#2877 = ORIENTED_EDGE ( 'NONE', *, *, #9484, .F. ) ;
#2878 = ORIENTED_EDGE ( 'NONE', *, *, #8789, .T. ) ;
#2879 = EDGE_CURVE ( 'NONE', #1899, #6176, #6750, .T. ) ;
#2880 = PLANE ( 'NONE',  #3187 ) ;
#2881 = CARTESIAN_POINT ( 'NONE',  ( 2.299999999999999822, 0.1999999999999996503, -2.299999999999999822 ) ) ;
#2882 = DIRECTION ( 'NONE',  ( 1.000000000000000000, -0.000000000000000000, -0.000000000000000000 ) ) ;
#2883 = VERTEX_POINT ( 'NONE', #3240 ) ;
#2884 = VECTOR ( 'NONE', #3233, 1000.000000000000000 ) ;
#2885 = PLANE ( 'NONE',  #2230 ) ;
#2886 = EDGE_CURVE ( 'NONE', #8132, #3754, #7040, .T. ) ;
#2887 = ORIENTED_EDGE ( 'NONE', *, *, #7031, .F. ) ;
#2888 = DIRECTION ( 'NONE',  ( 0.000000000000000000, -1.000000000000000000, 0.000000000000000000 ) ) ;
#2889 = DIRECTION ( 'NONE',  ( 0.000000000000000000, -1.000000000000000000, 0.000000000000000000 ) ) ;
#2890 = ORIENTED_EDGE ( 'NONE', *, *, #7638, .F. ) ;
#2891 = ORIENTED_EDGE ( 'NONE', *, *, #8139, .F. ) ;
#2892 = DIRECTION ( 'NONE',  ( 0.000000000000000000, 0.000000000000000000, 1.000000000000000000 ) ) ;
#2893 = CARTESIAN_POINT ( 'NONE',  ( 1.450000000000000178, 0.2000000000000000111, 2.750000000000000000 ) ) ;
#2894 = CARTESIAN_POINT ( 'NONE',  ( 1.450000000000000178, 0.000000000000000000, 2.750000000000000000 ) ) ;
#2895 = ADVANCED_FACE ( 'NONE', ( #6229 ), #3287, .T. ) ;
#2896 = ADVANCED_FACE ( 'NONE', ( #9184 ), #5534, .F. ) ;
#2897 = VECTOR ( 'NONE', #456, 1000.000000000000000 ) ;
#2898 = CARTESIAN_POINT ( 'NONE',  ( -1.949999999999999956, 0.2000000000000000111, 2.750000000000000000 ) ) ;
#2899 = EDGE_LOOP ( 'NONE', ( #863, #5477, #3989, #1862 ) ) ;
#2900 = LINE ( 'NONE', #8947, #3054 ) ;
#2901 = DIRECTION ( 'NONE',  ( 0.000000000000000000, -1.000000000000000000, 0.000000000000000000 ) ) ;
#2902 = VERTEX_POINT ( 'NONE', #3907 ) ;
#2903 = ORIENTED_EDGE ( 'NONE', *, *, #3691, .F. ) ;
#2904 = AXIS2_PLACEMENT_3D ( 'NONE', #5275, #2186, #8269 ) ;
#2905 = CARTESIAN_POINT ( 'NONE',  ( 3.000000000000000000, 0.1999999999999999833, -1.799999999999999600 ) ) ;
#2906 = PLANE ( 'NONE',  #8644 ) ;
#2907 = EDGE_CURVE ( 'NONE', #5364, #9026, #58, .T. ) ;
#2908 = DIRECTION ( 'NONE',  ( 0.000000000000000000, 1.000000000000000000, 0.000000000000000000 ) ) ;
#2909 = ORIENTED_EDGE ( 'NONE', *, *, #660, .T. ) ;
#2910 = AXIS2_PLACEMENT_3D ( 'NONE', #7197, #1057, #403 ) ;
#2911 = DIRECTION ( 'NONE',  ( 0.000000000000000000, -1.000000000000000000, 0.000000000000000000 ) ) ;
#2912 = VECTOR ( 'NONE', #3768, 1000.000000000000000 ) ;
#2913 = CARTESIAN_POINT ( 'NONE',  ( 2.750000000000000000, 0.1999999999999999833, -0.7999999999999990452 ) ) ;
#2914 = DIRECTION ( 'NONE',  ( -1.000000000000000000, 0.000000000000000000, -0.000000000000000000 ) ) ;
#2915 = AXIS2_PLACEMENT_3D ( 'NONE', #5088, #1302, #8894 ) ;
#2916 = DIRECTION ( 'NONE',  ( 0.000000000000000000, -1.000000000000000000, 0.000000000000000000 ) ) ;
#2917 = ORIENTED_EDGE ( 'NONE', *, *, #430, .F. ) ;
#2918 = VECTOR ( 'NONE', #8948, 1000.000000000000000 ) ;
#2919 = CARTESIAN_POINT ( 'NONE',  ( 2.399999999999999911, 6.988225099390855455, 2.400000000000000355 ) ) ;
#2920 = ORIENTED_EDGE ( 'NONE', *, *, #179, .T. ) ;
#2921 = EDGE_CURVE ( 'NONE', #1397, #2456, #5387, .T. ) ;
#2922 = DIRECTION ( 'NONE',  ( 1.000000000000000000, 0.000000000000000000, -1.734723475976805714E-15 ) ) ;
#2923 = VECTOR ( 'NONE', #3198, 1000.000000000000000 ) ;
#2924 = ORIENTED_EDGE ( 'NONE', *, *, #3886, .F. ) ;
#2925 = VECTOR ( 'NONE', #290, 1000.000000000000000 ) ;
#2926 =( LENGTH_UNIT ( ) NAMED_UNIT ( * ) SI_UNIT ( .MILLI., .METRE. ) );
#2927 = ORIENTED_EDGE ( 'NONE', *, *, #3126, .T. ) ;
#2928 = ORIENTED_EDGE ( 'NONE', *, *, #8210, .T. ) ;
#2929 = FACE_OUTER_BOUND ( 'NONE', #4323, .T. ) ;
#2930 = DIRECTION ( 'NONE',  ( 0.000000000000000000, 0.000000000000000000, 1.000000000000000000 ) ) ;
#2931 = CARTESIAN_POINT ( 'NONE',  ( 0.7999999999999999334, 0.000000000000000000, -3.000000000000000000 ) ) ;
#2932 = EDGE_LOOP ( 'NONE', ( #7190, #7642, #2229, #9408 ) ) ;
#2933 =( GEOMETRIC_REPRESENTATION_CONTEXT ( 3 ) GLOBAL_UNCERTAINTY_ASSIGNED_CONTEXT ( ( #8532 ) ) GLOBAL_UNIT_ASSIGNED_CONTEXT ( ( #4469, #7278, #2003 ) ) REPRESENTATION_CONTEXT ( 'NONE', 'WORKASPACE' ) );
#2934 = CARTESIAN_POINT ( 'NONE',  ( -0.5000000000000000000, 0.7000000000000003997, 3.000000000000000000 ) ) ;
#2935 = CIRCLE ( 'NONE', #549, 0.2000000000000000944 ) ;
#2936 = ORIENTED_EDGE ( 'NONE', *, *, #6297, .F. ) ;
#2937 = EDGE_CURVE ( 'NONE', #8807, #5096, #1610, .T. ) ;
#2938 = VERTEX_POINT ( 'NONE', #102 ) ;
#2939 = LINE ( 'NONE', #7433, #6339 ) ;
#2940 = ADVANCED_FACE ( 'NONE', ( #3145 ), #9230, .F. ) ;
#2941 = ORIENTED_EDGE ( 'NONE', *, *, #5941, .F. ) ;
#2942 = ORIENTED_EDGE ( 'NONE', *, *, #2562, .T. ) ;
#2943 = DIRECTION ( 'NONE',  ( 1.734723475976805517E-15, 0.000000000000000000, 1.000000000000000000 ) ) ;
#2944 = DIRECTION ( 'NONE',  ( 0.000000000000000000, 0.000000000000000000, 1.000000000000000000 ) ) ;
#2945 = CYLINDRICAL_SURFACE ( 'NONE', #327, 0.1499999999999999667 ) ;
#2946 = DIRECTION ( 'NONE',  ( 0.000000000000000000, 1.000000000000000000, 0.000000000000000000 ) ) ;
#2947 = UNCERTAINTY_MEASURE_WITH_UNIT (LENGTH_MEASURE( 1.000000000000000082E-05 ), #2991, 'distance_accuracy_value', 'NONE');
#2948 = CARTESIAN_POINT ( 'NONE',  ( 0.000000000000000000, 0.05000000000000000278, 2.100000000000000089 ) ) ;
#2949 = ORIENTED_EDGE ( 'NONE', *, *, #6545, .T. ) ;
#2950 = DIRECTION ( 'NONE',  ( -0.000000000000000000, 0.000000000000000000, 1.000000000000000000 ) ) ;
#2951 = EDGE_CURVE ( 'NONE', #1316, #5683, #1706, .T. ) ;
#2952 = CARTESIAN_POINT ( 'NONE',  ( 1.300000000000000044, 0.000000000000000000, 2.750000000000000000 ) ) ;
#2953 = ORIENTED_EDGE ( 'NONE', *, *, #4715, .F. ) ;
#2954 = VERTEX_POINT ( 'NONE', #3951 ) ;
#2955 = EDGE_CURVE ( 'NONE', #9404, #9107, #9141, .T. ) ;
#2956 = ADVANCED_FACE ( 'NONE', ( #2795 ), #3546, .T. ) ;
#2957 = CARTESIAN_POINT ( 'NONE',  ( -0.5000000000000000000, 0.7000000000000003997, -3.000000000000000000 ) ) ;
#2958 = VECTOR ( 'NONE', #8859, 1000.000000000000000 ) ;
#2959 = FACE_OUTER_BOUND ( 'NONE', #6646, .T. ) ;
#2960 = CARTESIAN_POINT ( 'NONE',  ( -2.750000000000000000, 0.1999999999999999833, -2.099999999999999201 ) ) ;
#2961 = VERTEX_POINT ( 'NONE', #5031 ) ;
#2962 = CARTESIAN_POINT ( 'NONE',  ( -2.750000000000000000, 0.1999999999999999833, 1.150000000000000799 ) ) ;
#2963 = ADVANCED_FACE ( 'NONE', ( #4143 ), #4240, .T. ) ;
#2964 = CARTESIAN_POINT ( 'NONE',  ( -2.750000000000000000, 0.05000000000000002359, 6.505213034913026604E-16 ) ) ;
#2965 = DIRECTION ( 'NONE',  ( 0.000000000000000000, 0.000000000000000000, 1.000000000000000000 ) ) ;
#2966 = ORIENTED_EDGE ( 'NONE', *, *, #2788, .F. ) ;
#2967 = CARTESIAN_POINT ( 'NONE',  ( 2.750000000000000000, 0.05000000000000002359, 0.8000000000000003775 ) ) ;
#2968 = CLOSED_SHELL ( 'NONE', ( #1239, #1185, #6119, #7849, #765, #542 ) ) ;
#2969 = ORIENTED_EDGE ( 'NONE', *, *, #54, .F. ) ;
#2970 = FACE_OUTER_BOUND ( 'NONE', #2747, .T. ) ;
#2971 = ORIENTED_EDGE ( 'NONE', *, *, #5646, .T. ) ;
#2972 = EDGE_CURVE ( 'NONE', #5887, #3580, #3491, .T. ) ;
#2973 = ORIENTED_EDGE ( 'NONE', *, *, #9711, .F. ) ;
#2974 = LINE ( 'NONE', #6005, #5054 ) ;
#2975 = DIRECTION ( 'NONE',  ( -1.734723475976805517E-15, -0.000000000000000000, 1.000000000000000000 ) ) ;
#2976 = AXIS2_PLACEMENT_3D ( 'NONE', #4945, #7902, #5743 ) ;
#2977 = DIRECTION ( 'NONE',  ( 0.000000000000000000, -1.000000000000000000, 0.000000000000000000 ) ) ;
#2978 = DIRECTION ( 'NONE',  ( 1.000000000000000000, -0.000000000000000000, 0.000000000000000000 ) ) ;
#2979 = EDGE_LOOP ( 'NONE', ( #2785, #1543, #4584, #6158 ) ) ;
#2980 = VERTEX_POINT ( 'NONE', #1898 ) ;
#2981 = VECTOR ( 'NONE', #7963, 1000.000000000000000 ) ;
#2982 = FACE_OUTER_BOUND ( 'NONE', #4765, .T. ) ;
#2983 = FILL_AREA_STYLE_COLOUR ( '', #4206 ) ;
#2984 = ORIENTED_EDGE ( 'NONE', *, *, #9450, .T. ) ;
#2985 = ORIENTED_EDGE ( 'NONE', *, *, #2314, .F. ) ;
#2986 = DIRECTION ( 'NONE',  ( 1.734723475976805517E-15, 0.000000000000000000, 1.000000000000000000 ) ) ;
#2987 = DIRECTION ( 'NONE',  ( 1.000000000000000000, 0.000000000000000000, 1.734723475976805517E-15 ) ) ;
#2988 = EDGE_CURVE ( 'NONE', #7729, #4670, #6425, .T. ) ;
#2989 = DIRECTION ( 'NONE',  ( 0.000000000000000000, 0.000000000000000000, -1.000000000000000000 ) ) ;
#2990 = AXIS2_PLACEMENT_3D ( 'NONE', #4014, #7055, #6291 ) ;
#2991 =( LENGTH_UNIT ( ) NAMED_UNIT ( * ) SI_UNIT ( .MILLI., .METRE. ) );
#2992 = CARTESIAN_POINT ( 'NONE',  ( 0.7999999999999999334, 0.1999999999999999833, 3.000000000000000000 ) ) ;
#2993 = EDGE_LOOP ( 'NONE', ( #4775, #3681, #6218, #3878 ) ) ;
#2994 = DIRECTION ( 'NONE',  ( -0.000000000000000000, -0.000000000000000000, -1.000000000000000000 ) ) ;
#2995 = CARTESIAN_POINT ( 'NONE',  ( -2.750000000000000000, 0.1999999999999999833, -1.799999999999999600 ) ) ;
#2996 = ORIENTED_EDGE ( 'NONE', *, *, #5753, .F. ) ;
#2997 = ORIENTED_EDGE ( 'NONE', *, *, #2528, .T. ) ;
#2998 = LINE ( 'NONE', #6031, #3224 ) ;
#2999 = LINE ( 'NONE', #7598, #2874 ) ;
#3000 = DIRECTION ( 'NONE',  ( 1.000000000000000000, 0.000000000000000000, -1.734723475976805517E-15 ) ) ;
#3001 = CARTESIAN_POINT ( 'NONE',  ( 1.949999999999999956, 0.7000000000000006217, 2.750000000000000000 ) ) ;
#3002 = EDGE_CURVE ( 'NONE', #7460, #4052, #8043, .T. ) ;
#3003 = ORIENTED_EDGE ( 'NONE', *, *, #8398, .T. ) ;
#3004 = DIRECTION ( 'NONE',  ( -0.000000000000000000, -1.000000000000000000, 0.000000000000000000 ) ) ;
#3005 = AXIS2_PLACEMENT_3D ( 'NONE', #382, #9369, #3427 ) ;
#3006 = FACE_OUTER_BOUND ( 'NONE', #1740, .T. ) ;
#3007 = CARTESIAN_POINT ( 'NONE',  ( 0.6500000000000000222, 0.000000000000000000, 2.750000000000000000 ) ) ;
#3008 = ORIENTED_EDGE ( 'NONE', *, *, #5341, .F. ) ;
#3009 = CARTESIAN_POINT ( 'NONE',  ( 0.000000000000000000, 0.000000000000000000, 0.000000000000000000 ) ) ;
#3010 = PRESENTATION_STYLE_ASSIGNMENT (( #9858 ) ) ;
#3011 = VECTOR ( 'NONE', #187, 1000.000000000000000 ) ;
#3012 = CIRCLE ( 'NONE', #9396, 0.2000000000000000944 ) ;
#3013 = CARTESIAN_POINT ( 'NONE',  ( 2.750000000000000000, 0.1999999999999999833, 1.800000000000000711 ) ) ;
#3014 = ADVANCED_FACE ( 'NONE', ( #4984 ), #8688, .T. ) ;
#3015 = ORIENTED_EDGE ( 'NONE', *, *, #6476, .F. ) ;
#3016 = CARTESIAN_POINT ( 'NONE',  ( -2.049999999999999378, 0.1999999999999996503, -2.400000000000000355 ) ) ;
#3017 = VERTEX_POINT ( 'NONE', #8787 ) ;
#3018 = AXIS2_PLACEMENT_3D ( 'NONE', #2791, #8126, #2640 ) ;
#3019 = AXIS2_PLACEMENT_3D ( 'NONE', #2141, #637, #9061 ) ;
#3020 = VECTOR ( 'NONE', #1694, 1000.000000000000000 ) ;
#3021 = ORIENTED_EDGE ( 'NONE', *, *, #6331, .T. ) ;
#3022 = LINE ( 'NONE', #9114, #6479 ) ;
#3023 = CARTESIAN_POINT ( 'NONE',  ( 0.7999999999999999334, 0.2000000000000000111, -2.750000000000000000 ) ) ;
#3024 = DIRECTION ( 'NONE',  ( -0.000000000000000000, 1.000000000000000000, -0.000000000000000000 ) ) ;
#3025 = CARTESIAN_POINT ( 'NONE',  ( -3.000000000000000000, 0.7000000000000000666, -0.1499999999999995226 ) ) ;
#3026 = EDGE_CURVE ( 'NONE', #322, #6524, #1952, .T. ) ;
#3027 = STYLED_ITEM ( 'NONE', ( #1839 ), #9780 ) ;
#3028 = EDGE_LOOP ( 'NONE', ( #6410, #4414, #6183, #3114 ) ) ;
#3029 = VECTOR ( 'NONE', #3469, 1000.000000000000000 ) ;
#3030 = VECTOR ( 'NONE', #8527, 1000.000000000000000 ) ;
#3031 = ORIENTED_EDGE ( 'NONE', *, *, #9544, .F. ) ;
#3032 = FACE_OUTER_BOUND ( 'NONE', #4337, .T. ) ;
#3033 = ORIENTED_EDGE ( 'NONE', *, *, #8829, .F. ) ;
#3034 = ORIENTED_EDGE ( 'NONE', *, *, #5541, .T. ) ;
#3035 = AXIS2_PLACEMENT_3D ( 'NONE', #7085, #6980, #2487 ) ;
#3036 = PLANE ( 'NONE',  #4312 ) ;
#3037 = LINE ( 'NONE', #6629, #303 ) ;
#3038 = VECTOR ( 'NONE', #9832, 1000.000000000000000 ) ;
#3039 = ORIENTED_EDGE ( 'NONE', *, *, #9347, .T. ) ;
#3040 = CARTESIAN_POINT ( 'NONE',  ( 1.799999999999999600, 0.7000000000000006217, -2.750000000000000000 ) ) ;
#3041 = CARTESIAN_POINT ( 'NONE',  ( 2.750000000000000000, 0.000000000000000000, 0.5000000000000008882 ) ) ;
#3042 = ADVANCED_FACE ( 'NONE', ( #7938 ), #1243, .F. ) ;
#3043 = ORIENTED_EDGE ( 'NONE', *, *, #905, .T. ) ;
#3044 = CARTESIAN_POINT ( 'NONE',  ( -1.300000000000000044, 0.1999999999999999833, 2.750000000000000000 ) ) ;
#3045 = DIRECTION ( 'NONE',  ( -1.000000000000000000, 0.000000000000000000, 0.000000000000000000 ) ) ;
#3046 = VERTEX_POINT ( 'NONE', #2643 ) ;
#3047 = ORIENTED_EDGE ( 'NONE', *, *, #9534, .F. ) ;
#3048 = CARTESIAN_POINT ( 'NONE',  ( 2.399999999999999911, 0.1999999999999996503, -2.399999999999999911 ) ) ;
#3049 = VECTOR ( 'NONE', #5698, 1000.000000000000000 ) ;
#3050 = CARTESIAN_POINT ( 'NONE',  ( -3.000000000000000000, 0.2000000000000005107, -1.799999999999999156 ) ) ;
#3051 = CARTESIAN_POINT ( 'NONE',  ( -2.750000000000000000, 0.7000000000000000666, 0.5000000000000008882 ) ) ;
#3052 = CARTESIAN_POINT ( 'NONE',  ( -3.000000000000000000, 0.1999999999999999833, -1.149999999999999467 ) ) ;
#3053 = ORIENTED_EDGE ( 'NONE', *, *, #4238, .F. ) ;
#3054 = VECTOR ( 'NONE', #2994, 1000.000000000000000 ) ;
#3055 = PRESENTATION_STYLE_ASSIGNMENT (( #4655 ) ) ;
#3056 = EDGE_CURVE ( 'NONE', #8968, #1051, #2005, .T. ) ;
#3057 = CARTESIAN_POINT ( 'NONE',  ( 3.000000000000000000, 0.1999999999999999833, 1.800000000000000488 ) ) ;
#3058 = CIRCLE ( 'NONE', #3709, 0.1499999999999999667 ) ;
#3059 = CARTESIAN_POINT ( 'NONE',  ( 2.100000000000000089, 0.2000000000000000111, -2.750000000000000000 ) ) ;
#3060 = EDGE_CURVE ( 'NONE', #3110, #3913, #5780, .T. ) ;
#3061 = CARTESIAN_POINT ( 'NONE',  ( 2.750000000000000000, 0.1999999999999999833, 1.150000000000000799 ) ) ;
#3062 = ORIENTED_EDGE ( 'NONE', *, *, #4678, .F. ) ;
#3063 = AXIS2_PLACEMENT_3D ( 'NONE', #6584, #5188, #554 ) ;
#3064 = DIRECTION ( 'NONE',  ( -0.000000000000000000, -1.000000000000000000, -0.000000000000000000 ) ) ;
#3065 = AXIS2_PLACEMENT_3D ( 'NONE', #8763, #4964, #5665 ) ;
#3066 = ORIENTED_EDGE ( 'NONE', *, *, #7010, .F. ) ;
#3067 = CARTESIAN_POINT ( 'NONE',  ( -1.450000000000000400, 0.7000000000000003997, 2.750000000000000000 ) ) ;
#3068 = AXIS2_PLACEMENT_3D ( 'NONE', #6986, #4592, #3189 ) ;
#3069 = ORIENTED_EDGE ( 'NONE', *, *, #5883, .F. ) ;
#3070 = FACE_OUTER_BOUND ( 'NONE', #3783, .T. ) ;
#3071 = VERTEX_POINT ( 'NONE', #2597 ) ;
#3072 = VECTOR ( 'NONE', #3064, 1000.000000000000000 ) ;
#3073 = EDGE_CURVE ( 'NONE', #3385, #5339, #493, .T. ) ;
#3074 = ORIENTED_EDGE ( 'NONE', *, *, #1563, .T. ) ;
#3075 = DIRECTION ( 'NONE',  ( -0.000000000000000000, -1.000000000000000000, -0.000000000000000000 ) ) ;
#3076 = DIRECTION ( 'NONE',  ( 0.000000000000000000, -1.000000000000000000, 0.000000000000000000 ) ) ;
#3077 = DIRECTION ( 'NONE',  ( 0.000000000000000000, 0.000000000000000000, -1.000000000000000000 ) ) ;
#3078 = CYLINDRICAL_SURFACE ( 'NONE', #9075, 0.1499999999999999667 ) ;
#3079 = VECTOR ( 'NONE', #6847, 1000.000000000000000 ) ;
#3080 = VERTEX_POINT ( 'NONE', #5638 ) ;
#3081 = AXIS2_PLACEMENT_3D ( 'NONE', #7591, #607, #3045 ) ;
#3082 = ORIENTED_EDGE ( 'NONE', *, *, #6929, .F. ) ;
#3083 = DIRECTION ( 'NONE',  ( -1.000000000000000000, 0.000000000000000000, 1.734723475976805714E-15 ) ) ;
#3084 = EDGE_CURVE ( 'NONE', #8067, #4285, #3243, .T. ) ;
#3085 = ORIENTED_EDGE ( 'NONE', *, *, #9791, .T. ) ;
#3086 = ORIENTED_EDGE ( 'NONE', *, *, #1220, .F. ) ;
#3087 = EDGE_CURVE ( 'NONE', #773, #5096, #7990, .T. ) ;
#3088 = CARTESIAN_POINT ( 'NONE',  ( 0.1499999999999999667, 0.04999999999999969746, -3.000000000000000000 ) ) ;
#3089 = CARTESIAN_POINT ( 'NONE',  ( -2.750000000000000000, 0.000000000000000000, -1.449999999999999067 ) ) ;
#3090 = ORIENTED_EDGE ( 'NONE', *, *, #5048, .T. ) ;
#3091 = LINE ( 'NONE', #797, #6054 ) ;
#3092 = DIRECTION ( 'NONE',  ( -1.000000000000000000, -0.000000000000000000, 1.734723475976805517E-15 ) ) ;
#3093 = CIRCLE ( 'NONE', #707, 0.1499999999999997446 ) ;
#3094 = ORIENTED_EDGE ( 'NONE', *, *, #4473, .T. ) ;
#3095 = DIRECTION ( 'NONE',  ( -1.000000000000000000, 0.000000000000000000, -9.035018104045871927E-17 ) ) ;
#3096 = VECTOR ( 'NONE', #1830, 1000.000000000000000 ) ;
#3097 = LINE ( 'NONE', #1658, #4991 ) ;
#3098 = ORIENTED_EDGE ( 'NONE', *, *, #4366, .T. ) ;
#3099 = EDGE_LOOP ( 'NONE', ( #7283, #7097, #5342, #5867 ) ) ;
#3100 = LINE ( 'NONE', #1464, #1486 ) ;
#3101 = CARTESIAN_POINT ( 'NONE',  ( 1.300000000000000044, 0.000000000000000000, -2.750000000000000000 ) ) ;
#3102 = CARTESIAN_POINT ( 'NONE',  ( -3.000000000000000000, 0.7000000000000000666, 1.150000000000000355 ) ) ;
#3103 = ADVANCED_FACE ( 'NONE', ( #1149 ), #8732, .F. ) ;
#3104 = CARTESIAN_POINT ( 'NONE',  ( -0.1500000000000051570, 0.05000000000000000278, 2.602085213965297909E-16 ) ) ;
#3105 = ORIENTED_EDGE ( 'NONE', *, *, #1366, .F. ) ;
#3106 = DIRECTION ( 'NONE',  ( 0.000000000000000000, 1.000000000000000000, -0.000000000000000000 ) ) ;
#3107 = DIRECTION ( 'NONE',  ( 1.000000000000000000, -0.000000000000000000, -0.000000000000000000 ) ) ;
#3108 = PLANE ( 'NONE',  #3820 ) ;
#3109 = LINE ( 'NONE', #6142, #4900 ) ;
#3110 = VERTEX_POINT ( 'NONE', #343 ) ;
#3111 = ADVANCED_FACE ( 'NONE', ( #3392 ), #7237, .F. ) ;
#3112 = LINE ( 'NONE', #914, #2912 ) ;
#3113 = SURFACE_STYLE_FILL_AREA ( #7715 ) ;
#3114 = ORIENTED_EDGE ( 'NONE', *, *, #8117, .F. ) ;
#3115 = LINE ( 'NONE', #6249, #1025 ) ;
#3116 = EDGE_LOOP ( 'NONE', ( #3003, #3611, #5938, #2036 ) ) ;
#3117 = LINE ( 'NONE', #7614, #3574 ) ;
#3118 = ORIENTED_EDGE ( 'NONE', *, *, #2848, .F. ) ;
#3119 = AXIS2_PLACEMENT_3D ( 'NONE', #579, #6453, #3625 ) ;
#3120 = MANIFOLD_SOLID_BREP ( 'PIN1', #4246 ) ;
#3121 = CARTESIAN_POINT ( 'NONE',  ( -1.949999999999999956, 0.2000000000000000111, -2.750000000000000000 ) ) ;
#3122 = CARTESIAN_POINT ( 'NONE',  ( -0.8000000000000003775, 0.2000000000000000111, -2.750000000000000000 ) ) ;
#3123 = CARTESIAN_POINT ( 'NONE',  ( 0.7999999999999999334, 0.000000000000000000, -2.750000000000000000 ) ) ;
#3124 = DIRECTION ( 'NONE',  ( 0.000000000000000000, -1.000000000000000000, 0.000000000000000000 ) ) ;
#3125 = ORIENTED_EDGE ( 'NONE', *, *, #1851, .T. ) ;
#3126 = EDGE_CURVE ( 'NONE', #5656, #6248, #6731, .T. ) ;
#3127 = EDGE_CURVE ( 'NONE', #681, #361, #7385, .T. ) ;
#3129 = ORIENTED_EDGE ( 'NONE', *, *, #4169, .F. ) ;
#3128 = CLOSED_SHELL ( 'NONE', ( #7675, #2779, #6137, #141, #2290, #3520 ) ) ;
#3130 = DIRECTION ( 'NONE',  ( 0.000000000000000000, 0.000000000000000000, -1.000000000000000000 ) ) ;
#3131 = CARTESIAN_POINT ( 'NONE',  ( 1.799999999999999600, 0.7000000000000006217, 2.750000000000000000 ) ) ;
#3132 = VERTEX_POINT ( 'NONE', #740 ) ;
#3133 = VERTEX_POINT ( 'NONE', #5228 ) ;
#3134 = CARTESIAN_POINT ( 'NONE',  ( 2.750000000000000000, 0.7000000000000000666, 0.1500000000000003830 ) ) ;
#3135 = CARTESIAN_POINT ( 'NONE',  ( 3.000000000000000000, 10.48528137423857132, 3.000000000000000000 ) ) ;
#3136 = ORIENTED_EDGE ( 'NONE', *, *, #7054, .T. ) ;
#3137 = DIRECTION ( 'NONE',  ( 0.000000000000000000, 1.000000000000000000, 0.000000000000000000 ) ) ;
#3138 = MANIFOLD_SOLID_BREP ( 'LPattern4[3]', #9827 ) ;
#3139 = EDGE_CURVE ( 'NONE', #9879, #7009, #6625, .T. ) ;
#3140 = AXIS2_PLACEMENT_3D ( 'NONE', #4573, #3075, #3830 ) ;
#3141 = EDGE_CURVE ( 'NONE', #3132, #9427, #3341, .T. ) ;
#3142 = ADVANCED_FACE ( 'NONE', ( #9679 ), #2840, .T. ) ;
#3143 = VERTEX_POINT ( 'NONE', #4388 ) ;
#3144 = DIRECTION ( 'NONE',  ( 9.035018104045871927E-17, 0.000000000000000000, -1.000000000000000000 ) ) ;
#3145 = FACE_OUTER_BOUND ( 'NONE', #2712, .T. ) ;
#3146 = EDGE_LOOP ( 'NONE', ( #6236, #5052, #2250, #2859 ) ) ;
#3147 = ORIENTED_EDGE ( 'NONE', *, *, #5169, .T. ) ;
#3148 = DIRECTION ( 'NONE',  ( -1.000000000000000000, 0.000000000000000000, -0.000000000000000000 ) ) ;
#3149 = CIRCLE ( 'NONE', #2990, 0.1499999999999999667 ) ;
#3150 = LINE ( 'NONE', #4847, #315 ) ;
#3151 = DIRECTION ( 'NONE',  ( 1.000000000000000000, 0.000000000000000000, -0.000000000000000000 ) ) ;
#3152 = ORIENTED_EDGE ( 'NONE', *, *, #3797, .T. ) ;
#3153 = EDGE_CURVE ( 'NONE', #8031, #906, #595, .T. ) ;
#3154 = LINE ( 'NONE', #6185, #1226 ) ;
#3155 = CARTESIAN_POINT ( 'NONE',  ( 2.399999999999999911, 0.1999999999999996503, -2.299999999999999822 ) ) ;
#3156 = DIRECTION ( 'NONE',  ( 0.000000000000000000, 0.000000000000000000, -1.000000000000000000 ) ) ;
#3157 = EDGE_LOOP ( 'NONE', ( #2245, #6542, #4919, #8591 ) ) ;
#3158 = DIRECTION ( 'NONE',  ( 0.000000000000000000, 0.000000000000000000, -1.000000000000000000 ) ) ;
#3159 =( NAMED_UNIT ( * ) SI_UNIT ( $, .STERADIAN. ) SOLID_ANGLE_UNIT ( ) );
#3160 = ORIENTED_EDGE ( 'NONE', *, *, #351, .T. ) ;
#3161 = CARTESIAN_POINT ( 'NONE',  ( 1.149999999999999467, 0.000000000000000000, -2.750000000000000000 ) ) ;
#3162 = CARTESIAN_POINT ( 'NONE',  ( -0.5000000000000000000, 0.2000000000000000111, -3.000000000000000000 ) ) ;
#3163 = ORIENTED_EDGE ( 'NONE', *, *, #2409, .F. ) ;
#3164 = EDGE_CURVE ( 'NONE', #2086, #8733, #6678, .T. ) ;
#3165 = DIRECTION ( 'NONE',  ( -0.000000000000000000, 1.000000000000000000, -0.000000000000000000 ) ) ;
#3166 = CARTESIAN_POINT ( 'NONE',  ( 0.1499999999999999667, 0.000000000000000000, -3.000000000000000000 ) ) ;
#3167 = AXIS2_PLACEMENT_3D ( 'NONE', #9171, #3130, #4725 ) ;
#3168 = DIRECTION ( 'NONE',  ( -1.000000000000000000, 0.000000000000000000, 0.000000000000000000 ) ) ;
#3169 = CARTESIAN_POINT ( 'NONE',  ( 3.000000000000000000, 0.1999999999999999833, 0.1500000000000003830 ) ) ;
#3170 = CARTESIAN_POINT ( 'NONE',  ( -2.538461538461538769, 1.000000000000000000, -2.538461538461538769 ) ) ;
#3171 = VERTEX_POINT ( 'NONE', #4684 ) ;
#3172 = CARTESIAN_POINT ( 'NONE',  ( 2.750000000000000000, 0.000000000000000000, 6.505213034913026604E-16 ) ) ;
#3174 = EDGE_LOOP ( 'NONE', ( #2903, #852, #5292, #5346 ) ) ;
#3173 = AXIS2_PLACEMENT_3D ( 'NONE', #5338, #5876, #6018 ) ;
#3175 = STYLED_ITEM ( 'NONE', ( #3841 ), #3203 ) ;
#3176 = DIRECTION ( 'NONE',  ( -0.000000000000000000, 1.000000000000000000, -0.000000000000000000 ) ) ;
#3177 = ORIENTED_EDGE ( 'NONE', *, *, #7390, .T. ) ;
#3178 = ORIENTED_EDGE ( 'NONE', *, *, #9486, .T. ) ;
#3179 = CARTESIAN_POINT ( 'NONE',  ( -0.8000000000000051514, 0.05000000000000000278, -1.387778780781453170E-15 ) ) ;
#3180 = EDGE_CURVE ( 'NONE', #3924, #6497, #6520, .T. ) ;
#3181 = DIRECTION ( 'NONE',  ( 1.734723475976805517E-15, 0.000000000000000000, -1.000000000000000000 ) ) ;
#3182 = VECTOR ( 'NONE', #3622, 1000.000000000000000 ) ;
#3183 = EDGE_LOOP ( 'NONE', ( #1273, #6108, #381, #5517 ) ) ;
#3184 = VECTOR ( 'NONE', #8178, 1000.000000000000000 ) ;
#3185 = PLANE ( 'NONE',  #3035 ) ;
#3186 = PRESENTATION_STYLE_ASSIGNMENT (( #1653 ) ) ;
#3187 = AXIS2_PLACEMENT_3D ( 'NONE', #636, #1286, #1234 ) ;
#3188 = VERTEX_POINT ( 'NONE', #2434 ) ;
#3189 = DIRECTION ( 'NONE',  ( 0.000000000000000000, 0.000000000000000000, -1.000000000000000000 ) ) ;
#3190 = VECTOR ( 'NONE', #3215, 1000.000000000000000 ) ;
#3191 = LINE ( 'NONE', #949, #5786 ) ;
#3192 = ORIENTED_EDGE ( 'NONE', *, *, #7166, .F. ) ;
#3193 = ORIENTED_EDGE ( 'NONE', *, *, #5201, .F. ) ;
#3194 = VECTOR ( 'NONE', #5231, 1000.000000000000000 ) ;
#3195 = EDGE_CURVE ( 'NONE', #1092, #9658, #9217, .T. ) ;
#3196 = CARTESIAN_POINT ( 'NONE',  ( -3.000000000000000000, 0.7000000000000000666, 0.1500000000000003830 ) ) ;
#3197 = DIRECTION ( 'NONE',  ( 0.000000000000000000, -1.000000000000000000, 0.000000000000000000 ) ) ;
#3198 = DIRECTION ( 'NONE',  ( 0.000000000000000000, 0.000000000000000000, -1.000000000000000000 ) ) ;
#3199 = VECTOR ( 'NONE', #4151, 1000.000000000000000 ) ;
#3200 = ORIENTED_EDGE ( 'NONE', *, *, #576, .F. ) ;
#3201 = PRESENTATION_STYLE_ASSIGNMENT (( #6949 ) ) ;
#3202 = DIRECTION ( 'NONE',  ( -1.734723475976805517E-15, -0.000000000000000000, 1.000000000000000000 ) ) ;
#3203 = MANIFOLD_SOLID_BREP ( 'LPattern4[8]', #6798 ) ;
#3204 = CARTESIAN_POINT ( 'NONE',  ( -1.449999999999999956, 0.2000000000000000111, 3.000000000000000000 ) ) ;
#3205 = VECTOR ( 'NONE', #8996, 1000.000000000000000 ) ;
#3206 = EDGE_CURVE ( 'NONE', #9083, #4397, #6163, .T. ) ;
#3207 = DIRECTION ( 'NONE',  ( -0.000000000000000000, -0.000000000000000000, 1.000000000000000000 ) ) ;
#3208 = ORIENTED_EDGE ( 'NONE', *, *, #8386, .F. ) ;
#3209 = LINE ( 'NONE', #2221, #3072 ) ;
#3210 = ORIENTED_EDGE ( 'NONE', *, *, #1676, .F. ) ;
#3211 = LINE ( 'NONE', #3969, #7883 ) ;
#3212 = CARTESIAN_POINT ( 'NONE',  ( -1.450000000000000400, 0.04999999999999999584, 2.750000000000000000 ) ) ;
#3213 = VERTEX_POINT ( 'NONE', #7778 ) ;
#3214 = LINE ( 'NONE', #9311, #4418 ) ;
#3215 = DIRECTION ( 'NONE',  ( 0.000000000000000000, 0.000000000000000000, 1.000000000000000000 ) ) ;
#3216 = PLANE ( 'NONE',  #2753 ) ;
#3217 = DIRECTION ( 'NONE',  ( 0.000000000000000000, 0.000000000000000000, 1.000000000000000000 ) ) ;
#3218 = EDGE_CURVE ( 'NONE', #8131, #5135, #1271, .T. ) ;
#3219 = ORIENTED_EDGE ( 'NONE', *, *, #5201, .T. ) ;
#3220 = VECTOR ( 'NONE', #8051, 1000.000000000000000 ) ;
#3221 = FACE_OUTER_BOUND ( 'NONE', #5250, .T. ) ;
#3222 = VECTOR ( 'NONE', #5799, 1000.000000000000000 ) ;
#3223 = EDGE_LOOP ( 'NONE', ( #6063, #4091, #184, #5608, #6648, #5500, #1364, #5012, #427, #6971, #947, #9537, #3094, #9139, #5892, #5708, #5218, #3692, #5769, #548, #897, #8965, #9733, #6264, #8513, #1541, #3524, #3492, #2092, #4038, #4578, #8613 ) ) ;
#3224 = VECTOR ( 'NONE', #5347, 1000.000000000000000 ) ;
#3225 = PLANE ( 'NONE',  #2690 ) ;
#3226 = VECTOR ( 'NONE', #2346, 1000.000000000000000 ) ;
#3227 = ORIENTED_EDGE ( 'NONE', *, *, #3758, .T. ) ;
#3228 = EDGE_LOOP ( 'NONE', ( #538, #9843, #9323, #7750 ) ) ;
#3229 = DIRECTION ( 'NONE',  ( -1.000000000000000000, 0.000000000000000000, 0.000000000000000000 ) ) ;
#3230 = CARTESIAN_POINT ( 'NONE',  ( -0.5000000000000000000, 0.05000000000000000278, 0.000000000000000000 ) ) ;
#3231 = EDGE_LOOP ( 'NONE', ( #4389, #5966, #9072, #2837 ) ) ;
#3232 =( GEOMETRIC_REPRESENTATION_CONTEXT ( 3 ) GLOBAL_UNCERTAINTY_ASSIGNED_CONTEXT ( ( #7636 ) ) GLOBAL_UNIT_ASSIGNED_CONTEXT ( ( #7634, #799, #5234 ) ) REPRESENTATION_CONTEXT ( 'NONE', 'WORKASPACE' ) );
#3233 = DIRECTION ( 'NONE',  ( -0.000000000000000000, -1.000000000000000000, -0.000000000000000000 ) ) ;
#3234 = ADVANCED_FACE ( 'NONE', ( #5521 ), #1643, .F. ) ;
#3235 = MANIFOLD_SOLID_BREP ( 'LPattern3[7]', #4409 ) ;
#3236 = EDGE_CURVE ( 'NONE', #6670, #9105, #9172, .T. ) ;
#3237 = VERTEX_POINT ( 'NONE', #7679 ) ;
#3238 = LINE ( 'NONE', #1608, #3226 ) ;
#3239 = AXIS2_PLACEMENT_3D ( 'NONE', #3945, #2590, #7035 ) ;
#3240 = CARTESIAN_POINT ( 'NONE',  ( 2.750000000000000000, 0.1999999999999999833, -1.449999999999999067 ) ) ;
#3241 = ORIENTED_EDGE ( 'NONE', *, *, #331, .F. ) ;
#3242 = ORIENTED_EDGE ( 'NONE', *, *, #645, .T. ) ;
#3243 = CIRCLE ( 'NONE', #5791, 0.1499999999999999667 ) ;
#3244 = DIRECTION ( 'NONE',  ( -0.000000000000000000, -1.000000000000000000, -0.000000000000000000 ) ) ;
#3245 = DIRECTION ( 'NONE',  ( 1.000000000000000000, 0.000000000000000000, 1.734723475976805714E-15 ) ) ;
#3246 = DIRECTION ( 'NONE',  ( -1.734723475976805517E-15, 0.000000000000000000, -1.000000000000000000 ) ) ;
#3247 = CIRCLE ( 'NONE', #8836, 0.09999999999999982514 ) ;
#3248 = VERTEX_POINT ( 'NONE', #8571 ) ;
#3249 = VECTOR ( 'NONE', #4071, 1000.000000000000000 ) ;
#3250 = EDGE_CURVE ( 'NONE', #7079, #7171, #2863, .T. ) ;
#3251 = CARTESIAN_POINT ( 'NONE',  ( -2.750000000000000000, 0.7000000000000000666, 6.505213034913026604E-16 ) ) ;
#3252 = ADVANCED_FACE ( 'NONE', ( #383 ), #4084, .F. ) ;
#3253 = MANIFOLD_SOLID_BREP ( 'LPattern3[10]', #2331 ) ;
#3254 = CARTESIAN_POINT ( 'NONE',  ( -0.7999999999999999334, 0.000000000000000000, -3.000000000000000000 ) ) ;
#3255 = DIRECTION ( 'NONE',  ( -0.000000000000000000, 0.000000000000000000, 1.000000000000000000 ) ) ;
#3256 = VERTEX_POINT ( 'NONE', #4971 ) ;
#3257 = DIRECTION ( 'NONE',  ( -1.000000000000000000, 0.000000000000000000, -0.000000000000000000 ) ) ;
#3258 =( LENGTH_UNIT ( ) NAMED_UNIT ( * ) SI_UNIT ( .MILLI., .METRE. ) );
#3259 = ORIENTED_EDGE ( 'NONE', *, *, #3690, .F. ) ;
#3260 = DIRECTION ( 'NONE',  ( 1.734723475976805517E-15, 0.000000000000000000, -1.000000000000000000 ) ) ;
#3261 = CARTESIAN_POINT ( 'NONE',  ( 3.000000000000000000, 0.1999999999999999833, -0.4999999999999995559 ) ) ;
#3262 = VERTEX_POINT ( 'NONE', #6409 ) ;
#3263 = LINE ( 'NONE', #9356, #5109 ) ;
#3264 = DIRECTION ( 'NONE',  ( -0.000000000000000000, -0.000000000000000000, 1.000000000000000000 ) ) ;
#3265 = CARTESIAN_POINT ( 'NONE',  ( -2.100000000000000089, 0.2000000000000000111, -3.000000000000000000 ) ) ;
#3266 = LINE ( 'NONE', #4028, #998 ) ;
#3267 = CARTESIAN_POINT ( 'NONE',  ( 3.000000000000000000, 0.1999999999999999833, -1.799999999999999600 ) ) ;
#3268 = ORIENTED_EDGE ( 'NONE', *, *, #2118, .F. ) ;
#3269 = EDGE_CURVE ( 'NONE', #9170, #3533, #4272, .T. ) ;
#3270 = CARTESIAN_POINT ( 'NONE',  ( -1.300000000000000044, 0.7000000000000003997, 2.750000000000000000 ) ) ;
#3271 = ORIENTED_EDGE ( 'NONE', *, *, #5198, .F. ) ;
#3272 = DIRECTION ( 'NONE',  ( 0.000000000000000000, -1.000000000000000000, 0.000000000000000000 ) ) ;
#3273 = SURFACE_STYLE_USAGE ( .BOTH. , #4773 ) ;
#3274 = ORIENTED_EDGE ( 'NONE', *, *, #8923, .T. ) ;
#3275 = ADVANCED_FACE ( 'NONE', ( #5020 ), #7124, .F. ) ;
#3276 = ORIENTED_EDGE ( 'NONE', *, *, #9221, .F. ) ;
#3277 = DIRECTION ( 'NONE',  ( 0.000000000000000000, 0.000000000000000000, -1.000000000000000000 ) ) ;
#3278 = DIRECTION ( 'NONE',  ( 0.000000000000000000, -0.000000000000000000, 1.000000000000000000 ) ) ;
#3279 = LINE ( 'NONE', #432, #7847 ) ;
#3280 = ORIENTED_EDGE ( 'NONE', *, *, #2827, .F. ) ;
#3281 = LINE ( 'NONE', #8483, #6371 ) ;
#3282 = VECTOR ( 'NONE', #1841, 1000.000000000000000 ) ;
#3283 = MANIFOLD_SOLID_BREP ( 'Chamfer4', #582 ) ;
#3284 = ORIENTED_EDGE ( 'NONE', *, *, #99, .F. ) ;
#3285 = CARTESIAN_POINT ( 'NONE',  ( 0.8000000000000001554, 0.04999999999999999584, 2.750000000000000000 ) ) ;
#3286 = VECTOR ( 'NONE', #4365, 1000.000000000000000 ) ;
#3287 = PLANE ( 'NONE',  #8026 ) ;
#3288 = ORIENTED_EDGE ( 'NONE', *, *, #5433, .F. ) ;
#3289 = ADVANCED_FACE ( 'NONE', ( #7269 ), #2734, .F. ) ;
#3290 = VERTEX_POINT ( 'NONE', #1791 ) ;
#3291 = CARTESIAN_POINT ( 'NONE',  ( -3.000000000000000000, 0.7000000000000000666, 0.8000000000000003775 ) ) ;
#3292 = CARTESIAN_POINT ( 'NONE',  ( -1.149999999999999689, 0.04999999999999999584, 2.750000000000000000 ) ) ;
#3293 = DIRECTION ( 'NONE',  ( 0.000000000000000000, 0.000000000000000000, 1.000000000000000000 ) ) ;
#3294 = VECTOR ( 'NONE', #3202, 1000.000000000000000 ) ;
#3295 = CARTESIAN_POINT ( 'NONE',  ( 1.799999999999994715, 0.05000000000000000278, -3.122502256758240937E-15 ) ) ;
#3296 = VERTEX_POINT ( 'NONE', #3324 ) ;
#3297 = DIRECTION ( 'NONE',  ( -0.000000000000000000, -1.000000000000000000, -0.000000000000000000 ) ) ;
#3298 = CARTESIAN_POINT ( 'NONE',  ( 3.000000000000000000, 0.2000000000000005107, 1.150000000000000355 ) ) ;
#3299 = MANIFOLD_SOLID_BREP ( 'LPattern4[2]', #6145 ) ;
#3300 = LINE ( 'NONE', #6385, #944 ) ;
#3301 = VECTOR ( 'NONE', #8256, 1000.000000000000000 ) ;
#3302 = AXIS2_PLACEMENT_3D ( 'NONE', #2762, #3608, #2657 ) ;
#3303 = LINE ( 'NONE', #2612, #3629 ) ;
#3304 = ADVANCED_FACE ( 'NONE', ( #6715 ), #2582, .T. ) ;
#3305 = ORIENTED_EDGE ( 'NONE', *, *, #5017, .T. ) ;
#3306 = DIRECTION ( 'NONE',  ( 0.000000000000000000, 0.000000000000000000, 1.000000000000000000 ) ) ;
#3307 = ORIENTED_EDGE ( 'NONE', *, *, #3782, .F. ) ;
#3308 = DIRECTION ( 'NONE',  ( -1.000000000000000000, 0.000000000000000000, 1.734723475976805714E-15 ) ) ;
#3309 = MECHANICAL_DESIGN_GEOMETRIC_PRESENTATION_REPRESENTATION (  '', ( #1410 ), #7785 ) ;
#3310 = CARTESIAN_POINT ( 'NONE',  ( 2.750000000000000000, 0.7000000000000000666, 1.150000000000000799 ) ) ;
#3311 = ORIENTED_EDGE ( 'NONE', *, *, #3691, .T. ) ;
#3312 = PLANE ( 'NONE',  #9582 ) ;
#3313 = DIRECTION ( 'NONE',  ( 0.000000000000000000, 0.000000000000000000, 1.000000000000000000 ) ) ;
#3314 = ORIENTED_EDGE ( 'NONE', *, *, #1996, .F. ) ;
#3315 = FACE_OUTER_BOUND ( 'NONE', #9828, .T. ) ;
#3316 = LINE ( 'NONE', #980, #349 ) ;
#3317 = EDGE_CURVE ( 'NONE', #274, #7534, #3732, .T. ) ;
#3318 = SURFACE_SIDE_STYLE ('',( #7117 ) ) ;
#3319 = ORIENTED_EDGE ( 'NONE', *, *, #1558, .F. ) ;
#3320 = FACE_OUTER_BOUND ( 'NONE', #9177, .T. ) ;
#3321 = EDGE_LOOP ( 'NONE', ( #4259, #7383, #1856, #3908, #4693 ) ) ;
#3322 = DIRECTION ( 'NONE',  ( -1.734723475976805714E-15, 0.000000000000000000, 1.000000000000000000 ) ) ;
#3323 = VECTOR ( 'NONE', #133, 1000.000000000000000 ) ;
#3324 = CARTESIAN_POINT ( 'NONE',  ( -1.149999999999999911, 0.04999999999999969746, 3.000000000000000000 ) ) ;
#3325 = ORIENTED_EDGE ( 'NONE', *, *, #8702, .F. ) ;
#3326 = ORIENTED_EDGE ( 'NONE', *, *, #9505, .F. ) ;
#3327 = DIRECTION ( 'NONE',  ( -1.734723475976805517E-15, -0.000000000000000000, 1.000000000000000000 ) ) ;
#3328 = DIRECTION ( 'NONE',  ( 0.000000000000000000, 0.000000000000000000, -1.000000000000000000 ) ) ;
#3329 = EDGE_CURVE ( 'NONE', #116, #8116, #5170, .T. ) ;
#3330 = PLANE ( 'NONE',  #8317 ) ;
#3331 = ORIENTED_EDGE ( 'NONE', *, *, #4784, .T. ) ;
#3332 = LINE ( 'NONE', #6368, #812 ) ;
#3333 = VECTOR ( 'NONE', #5928, 1000.000000000000000 ) ;
#3334 = VECTOR ( 'NONE', #4606, 1000.000000000000000 ) ;
#3335 = LINE ( 'NONE', #7280, #1258 ) ;
#3336 = CARTESIAN_POINT ( 'NONE',  ( 1.449999999999999956, 0.7000000000000003997, 3.000000000000000000 ) ) ;
#3337 = ORIENTED_EDGE ( 'NONE', *, *, #88, .T. ) ;
#3338 = ORIENTED_EDGE ( 'NONE', *, *, #9169, .F. ) ;
#3339 = VECTOR ( 'NONE', #4483, 1000.000000000000000 ) ;
#3340 = VECTOR ( 'NONE', #2236, 1000.000000000000000 ) ;
#3341 = CIRCLE ( 'NONE', #467, 0.1499999999999999667 ) ;
#3342 = PLANE ( 'NONE',  #4329 ) ;
#3343 = CARTESIAN_POINT ( 'NONE',  ( -1.149999999999999689, 0.7000000000000003997, 2.750000000000000000 ) ) ;
#3344 = DIRECTION ( 'NONE',  ( -1.000000000000000000, 0.000000000000000000, -1.734723475976805714E-15 ) ) ;
#3345 = DIRECTION ( 'NONE',  ( -0.000000000000000000, 0.000000000000000000, 1.000000000000000000 ) ) ;
#3346 = ORIENTED_EDGE ( 'NONE', *, *, #4413, .T. ) ;
#3347 = ADVANCED_FACE ( 'NONE', ( #2137 ), #7466, .F. ) ;
#3348 =( GEOMETRIC_REPRESENTATION_CONTEXT ( 3 ) GLOBAL_UNCERTAINTY_ASSIGNED_CONTEXT ( ( #3851 ) ) GLOBAL_UNIT_ASSIGNED_CONTEXT ( ( #4915, #376, #9816 ) ) REPRESENTATION_CONTEXT ( 'NONE', 'WORKASPACE' ) );
#3349 = AXIS2_PLACEMENT_3D ( 'NONE', #9469, #809, #63 ) ;
#3350 = CARTESIAN_POINT ( 'NONE',  ( -3.000000000000000000, 0.7000000000000000666, 0.8000000000000003775 ) ) ;
#3351 = CARTESIAN_POINT ( 'NONE',  ( 0.1499999999999999667, 0.2000000000000000111, 3.000000000000000000 ) ) ;
#3352 = VECTOR ( 'NONE', #4185, 1000.000000000000000 ) ;
#3353 = MANIFOLD_SOLID_BREP ( 'LPattern4[10]', #5672 ) ;
#3354 = CARTESIAN_POINT ( 'NONE',  ( -3.000000000000000000, 0.7000000000000000666, 0.5000000000000004441 ) ) ;
#3355 = AXIS2_PLACEMENT_3D ( 'NONE', #4394, #2251, #9131 ) ;
#3356 = CARTESIAN_POINT ( 'NONE',  ( 1.949999999999999956, 0.000000000000000000, -2.750000000000000000 ) ) ;
#3357 = ORIENTED_EDGE ( 'NONE', *, *, #3450, .T. ) ;
#3358 = DIRECTION ( 'NONE',  ( -0.000000000000000000, 0.000000000000000000, -1.000000000000000000 ) ) ;
#3359 = VERTEX_POINT ( 'NONE', #5270 ) ;
#3360 = CARTESIAN_POINT ( 'NONE',  ( -2.100000000000000089, 0.1999999999999999833, 2.750000000000000000 ) ) ;
#3361 = EDGE_CURVE ( 'NONE', #6679, #1421, #5119, .T. ) ;
#3362 = DIRECTION ( 'NONE',  ( -1.734723475976805517E-15, -0.000000000000000000, 1.000000000000000000 ) ) ;
#3363 = ORIENTED_EDGE ( 'NONE', *, *, #3755, .T. ) ;
#3364 = PLANE ( 'NONE',  #9095 ) ;
#3365 = MANIFOLD_SOLID_BREP ( 'Boss-Extrude3[1]', #3128 ) ;
#3366 = FACE_OUTER_BOUND ( 'NONE', #7327, .T. ) ;
#3367 = EDGE_LOOP ( 'NONE', ( #621, #6993, #2511, #3922 ) ) ;
#3368 = CARTESIAN_POINT ( 'NONE',  ( 2.750000000000000000, 0.1999999999999999833, -0.7999999999999990452 ) ) ;
#3369 = LINE ( 'NONE', #2626, #9278 ) ;
#3370 = VECTOR ( 'NONE', #7250, 1000.000000000000000 ) ;
#3371 = ORIENTED_EDGE ( 'NONE', *, *, #2490, .F. ) ;
#3372 = AXIS2_PLACEMENT_3D ( 'NONE', #1864, #4897, #1107 ) ;
#3373 = CARTESIAN_POINT ( 'NONE',  ( -2.538461538461538769, 0.9000000000000000222, -2.738461538461538947 ) ) ;
#3374 = ORIENTED_EDGE ( 'NONE', *, *, #6242, .T. ) ;
#3375 = EDGE_CURVE ( 'NONE', #1994, #5781, #4524, .T. ) ;
#3376 = DIRECTION ( 'NONE',  ( 0.000000000000000000, -0.000000000000000000, -1.000000000000000000 ) ) ;
#3377 = EDGE_CURVE ( 'NONE', #593, #5459, #4758, .T. ) ;
#3378 = AXIS2_PLACEMENT_3D ( 'NONE', #4951, #1213, #4212 ) ;
#3379 = CARTESIAN_POINT ( 'NONE',  ( -2.750000000000000000, 0.7000000000000000666, -1.299999999999999378 ) ) ;
#3380 = EDGE_LOOP ( 'NONE', ( #4810, #2246, #2297, #9219 ) ) ;
#3381 = ORIENTED_EDGE ( 'NONE', *, *, #902, .F. ) ;
#3382 = CARTESIAN_POINT ( 'NONE',  ( -1.450000000000000400, 0.1999999999999999833, 2.750000000000000000 ) ) ;
#3383 = DIRECTION ( 'NONE',  ( -0.000000000000000000, -0.000000000000000000, 1.000000000000000000 ) ) ;
#3384 = CARTESIAN_POINT ( 'NONE',  ( 2.750000000000000000, 0.05000000000000002359, 0.1500000000000003830 ) ) ;
#3385 = VERTEX_POINT ( 'NONE', #7816 ) ;
#3386 = LINE ( 'NONE', #2002, #952 ) ;
#3387 = DIRECTION ( 'NONE',  ( 0.000000000000000000, -1.000000000000000000, 0.000000000000000000 ) ) ;
#3388 = VECTOR ( 'NONE', #7364, 1000.000000000000000 ) ;
#3389 = ADVANCED_FACE ( 'NONE', ( #1580 ), #8515, .F. ) ;
#3390 = EDGE_CURVE ( 'NONE', #1953, #85, #3927, .T. ) ;
#3391 = CARTESIAN_POINT ( 'NONE',  ( 0.000000000000000000, 0.05000000000000000278, 1.450000000000000400 ) ) ;
#3392 = FACE_OUTER_BOUND ( 'NONE', #6011, .T. ) ;
#3393 = ORIENTED_EDGE ( 'NONE', *, *, #7418, .T. ) ;
#3394 = ORIENTED_EDGE ( 'NONE', *, *, #8481, .F. ) ;
#3395 = AXIS2_PLACEMENT_3D ( 'NONE', #6245, #3358, #9304 ) ;
#3396 = CYLINDRICAL_SURFACE ( 'NONE', #2410, 0.1499999999999997446 ) ;
#3397 = CARTESIAN_POINT ( 'NONE',  ( 2.399999999999999911, 6.988225099390855455, -2.399999999999999911 ) ) ;
#3398 = VECTOR ( 'NONE', #8346, 1000.000000000000000 ) ;
#3399 = FACE_OUTER_BOUND ( 'NONE', #1646, .T. ) ;
#3400 = FILL_AREA_STYLE ('',( #352 ) ) ;
#3401 = VECTOR ( 'NONE', #1861, 1000.000000000000000 ) ;
#3402 = DIRECTION ( 'NONE',  ( 0.000000000000000000, 0.000000000000000000, 1.000000000000000000 ) ) ;
#3403 = EDGE_CURVE ( 'NONE', #5189, #433, #2421, .T. ) ;
#3404 = VECTOR ( 'NONE', #7332, 1000.000000000000000 ) ;
#3405 = CARTESIAN_POINT ( 'NONE',  ( -2.750000000000000000, 0.1999999999999999833, -1.799999999999999600 ) ) ;
#3406 = MANIFOLD_SOLID_BREP ( 'LPattern3[5]', #3770 ) ;
#3407 = LINE ( 'NONE', #4899, #9618 ) ;
#3408 = DIRECTION ( 'NONE',  ( -0.000000000000000000, -1.000000000000000000, -0.000000000000000000 ) ) ;
#3409 = ADVANCED_FACE ( 'NONE', ( #8369 ), #124, .T. ) ;
#3410 = PLANE ( 'NONE',  #4742 ) ;
#3411 = VERTEX_POINT ( 'NONE', #7014 ) ;
#3412 = CARTESIAN_POINT ( 'NONE',  ( -0.5000000000000000000, 0.2000000000000000111, -3.000000000000000000 ) ) ;
#3413 = ORIENTED_EDGE ( 'NONE', *, *, #890, .T. ) ;
#3414 = LINE ( 'NONE', #7154, #8360 ) ;
#3415 = CARTESIAN_POINT ( 'NONE',  ( -2.750000000000000000, 0.000000000000000000, 0.6500000000000005773 ) ) ;
#3416 = CARTESIAN_POINT ( 'NONE',  ( 0.1499999999999999667, 0.7000000000000003997, 3.000000000000000000 ) ) ;
#3417 = EDGE_CURVE ( 'NONE', #3248, #1512, #9310, .T. ) ;
#3418 = MANIFOLD_SOLID_BREP ( 'Boss-Extrude2[1]', #6631 ) ;
#3419 = DIRECTION ( 'NONE',  ( 0.000000000000000000, 0.000000000000000000, -1.000000000000000000 ) ) ;
#3420 = EDGE_LOOP ( 'NONE', ( #7730, #2147, #3163, #3547 ) ) ;
#3421 = DIRECTION ( 'NONE',  ( 0.000000000000000000, 1.000000000000000000, 0.000000000000000000 ) ) ;
#3422 = CARTESIAN_POINT ( 'NONE',  ( -1.450000000000000400, 0.000000000000000000, -2.750000000000000000 ) ) ;
#3423 = DIRECTION ( 'NONE',  ( 0.000000000000000000, 0.000000000000000000, -1.000000000000000000 ) ) ;
#3424 = ORIENTED_EDGE ( 'NONE', *, *, #2375, .F. ) ;
#3425 = CARTESIAN_POINT ( 'NONE',  ( 3.000000000000000000, 0.05000000000000000278, 3.000000000000000000 ) ) ;
#3426 = ORIENTED_EDGE ( 'NONE', *, *, #213, .F. ) ;
#3427 = DIRECTION ( 'NONE',  ( 1.734723475976805517E-15, 0.000000000000000000, -1.000000000000000000 ) ) ;
#3428 =( NAMED_UNIT ( * ) PLANE_ANGLE_UNIT ( ) SI_UNIT ( $, .RADIAN. ) );
#3429 = VECTOR ( 'NONE', #4263, 1000.000000000000000 ) ;
#3430 = ORIENTED_EDGE ( 'NONE', *, *, #9140, .T. ) ;
#3431 = ORIENTED_EDGE ( 'NONE', *, *, #4542, .T. ) ;
#3432 = CARTESIAN_POINT ( 'NONE',  ( 1.149999999999999467, 0.7000000000000003997, 2.750000000000000000 ) ) ;
#3433 = CARTESIAN_POINT ( 'NONE',  ( -1.149999999999999689, 0.2000000000000000111, 2.750000000000000000 ) ) ;
#3434 = CARTESIAN_POINT ( 'NONE',  ( 3.000000000000000000, 0.1999999999999999833, -1.149999999999999467 ) ) ;
#3435 = ORIENTED_EDGE ( 'NONE', *, *, #5581, .T. ) ;
#3436 = DIRECTION ( 'NONE',  ( -1.000000000000000000, 0.000000000000000000, -0.000000000000000000 ) ) ;
#3437 = EDGE_CURVE ( 'NONE', #1725, #6767, #7826, .T. ) ;
#3438 = PRESENTATION_STYLE_ASSIGNMENT (( #1196 ) ) ;
#3439 = EDGE_CURVE ( 'NONE', #9058, #681, #8756, .T. ) ;
#3440 = EDGE_CURVE ( 'NONE', #326, #9459, #4167, .T. ) ;
#3441 = CARTESIAN_POINT ( 'NONE',  ( 1.149999999999999467, 0.2000000000000000111, -2.750000000000000000 ) ) ;
#3442 = CARTESIAN_POINT ( 'NONE',  ( -3.000000000000000000, 0.7000000000000000666, 1.800000000000000488 ) ) ;
#3443 = EDGE_LOOP ( 'NONE', ( #771, #1567, #5535, #2857 ) ) ;
#3444 = ORIENTED_EDGE ( 'NONE', *, *, #3475, .F. ) ;
#3445 = FACE_OUTER_BOUND ( 'NONE', #420, .T. ) ;
#3446 = CARTESIAN_POINT ( 'NONE',  ( -2.750000000000000000, 0.1999999999999999833, 1.150000000000000799 ) ) ;
#3447 = VECTOR ( 'NONE', #6022, 1000.000000000000000 ) ;
#3448 = CARTESIAN_POINT ( 'NONE',  ( -1.949999999999999956, 0.2000000000000000111, -2.750000000000000000 ) ) ;
#3449 = ADVANCED_FACE ( 'NONE', ( #1124 ), #3312, .F. ) ;
#3450 = EDGE_CURVE ( 'NONE', #8690, #116, #16, .T. ) ;
#3451 = DIRECTION ( 'NONE',  ( 0.000000000000000000, 0.000000000000000000, 1.000000000000000000 ) ) ;
#3452 = EDGE_CURVE ( 'NONE', #9309, #1388, #5609, .T. ) ;
#3453 = CARTESIAN_POINT ( 'NONE',  ( -2.750000000000000000, 0.7000000000000000666, -0.6499999999999993561 ) ) ;
#3454 = CARTESIAN_POINT ( 'NONE',  ( 3.000000000000000000, 0.000000000000000000, -2.099999999999999645 ) ) ;
#3455 = CARTESIAN_POINT ( 'NONE',  ( -3.000000000000000000, 0.1999999999999999833, 2.100000000000000089 ) ) ;
#3456 = CARTESIAN_POINT ( 'NONE',  ( 1.949999999999999956, 0.7000000000000006217, -2.750000000000000000 ) ) ;
#3457 = DIRECTION ( 'NONE',  ( 0.000000000000000000, 1.000000000000000000, 0.000000000000000000 ) ) ;
#3458 = VECTOR ( 'NONE', #7399, 1000.000000000000000 ) ;
#3459 = CARTESIAN_POINT ( 'NONE',  ( 3.000000000000000000, 0.000000000000000000, -0.4999999999999995559 ) ) ;
#3460 = EDGE_LOOP ( 'NONE', ( #9621, #3307, #9536, #5586 ) ) ;
#3461 = EDGE_CURVE ( 'NONE', #1092, #951, #2668, .T. ) ;
#3462 = LINE ( 'NONE', #6490, #7539 ) ;
#3463 = VERTEX_POINT ( 'NONE', #4959 ) ;
#3464 = PLANE ( 'NONE',  #5166 ) ;
#3465 = VECTOR ( 'NONE', #2670, 1000.000000000000000 ) ;
#3466 = LINE ( 'NONE', #6494, #3429 ) ;
#3467 = FACE_OUTER_BOUND ( 'NONE', #9625, .T. ) ;
#3468 = EDGE_LOOP ( 'NONE', ( #7334, #7251, #4904, #2432 ) ) ;
#3469 = DIRECTION ( 'NONE',  ( -0.000000000000000000, -1.000000000000000000, -0.000000000000000000 ) ) ;
#3470 = VECTOR ( 'NONE', #2066, 1000.000000000000000 ) ;
#3471 = DIRECTION ( 'NONE',  ( -1.000000000000000000, 0.000000000000000000, -1.734723475976805714E-15 ) ) ;
#3472 = CIRCLE ( 'NONE', #3302, 0.1499999999999997446 ) ;
#3473 = CARTESIAN_POINT ( 'NONE',  ( 2.750000000000000000, 0.05000000000000002359, -0.6499999999999993561 ) ) ;
#3474 = VERTEX_POINT ( 'NONE', #5706 ) ;
#3475 = EDGE_CURVE ( 'NONE', #8662, #2391, #8014, .T. ) ;
#3476 = CARTESIAN_POINT ( 'NONE',  ( -3.000000000000000000, 0.1999999999999999833, -0.4999999999999995559 ) ) ;
#3477 = ORIENTED_EDGE ( 'NONE', *, *, #7031, .T. ) ;
#3478 = DIRECTION ( 'NONE',  ( 1.000000000000000000, 0.000000000000000000, 1.734723475976805714E-15 ) ) ;
#3479 = COLOUR_RGB ( '',0.7921568627450980005, 0.8196078431372548767, 0.9333333333333333481 ) ;
#3480 = DIRECTION ( 'NONE',  ( 0.000000000000000000, 0.000000000000000000, -1.000000000000000000 ) ) ;
#3481 = ORIENTED_EDGE ( 'NONE', *, *, #5953, .F. ) ;
#3482 = VERTEX_POINT ( 'NONE', #1928 ) ;
#3483 = DIRECTION ( 'NONE',  ( 0.000000000000000000, -0.000000000000000000, -1.000000000000000000 ) ) ;
#3484 = LINE ( 'NONE', #8725, #6038 ) ;
#3485 = DIRECTION ( 'NONE',  ( -1.000000000000000000, 0.000000000000000000, -0.000000000000000000 ) ) ;
#3486 = ORIENTED_EDGE ( 'NONE', *, *, #1526, .F. ) ;
#3487 = DIRECTION ( 'NONE',  ( 0.000000000000000000, -1.000000000000000000, 0.000000000000000000 ) ) ;
#3488 = VECTOR ( 'NONE', #8720, 1000.000000000000000 ) ;
#3489 = CARTESIAN_POINT ( 'NONE',  ( 3.000000000000000000, 0.7000000000000000666, -1.149999999999999467 ) ) ;
#3490 = ADVANCED_FACE ( 'NONE', ( #9412 ), #7065, .F. ) ;
#3491 = LINE ( 'NONE', #438, #2925 ) ;
#3492 = ORIENTED_EDGE ( 'NONE', *, *, #6864, .T. ) ;
#3493 = ORIENTED_EDGE ( 'NONE', *, *, #7418, .F. ) ;
#3494 = DIRECTION ( 'NONE',  ( -1.000000000000000000, 0.000000000000000000, 0.000000000000000000 ) ) ;
#3495 = PLANE ( 'NONE',  #9066 ) ;
#3496 = VECTOR ( 'NONE', #6830, 1000.000000000000000 ) ;
#3497 = DIRECTION ( 'NONE',  ( 0.000000000000000000, 1.000000000000000000, 0.000000000000000000 ) ) ;
#3498 = AXIS2_PLACEMENT_3D ( 'NONE', #1622, #2505, #5543 ) ;
#3499 = FILL_AREA_STYLE ('',( #4248 ) ) ;
#3500 = LINE ( 'NONE', #9542, #4661 ) ;
#3501 = VECTOR ( 'NONE', #1342, 1000.000000000000000 ) ;
#3502 = CARTESIAN_POINT ( 'NONE',  ( -2.750000000000000000, 0.1999999999999999833, 0.1500000000000003830 ) ) ;
#3503 = VECTOR ( 'NONE', #336, 1000.000000000000000 ) ;
#3504 = PRESENTATION_LAYER_ASSIGNMENT (  '', '', ( #8759 ) ) ;
#3505 = EDGE_CURVE ( 'NONE', #2486, #495, #3263, .T. ) ;
#3506 = CARTESIAN_POINT ( 'NONE',  ( -0.8000000000000003775, 0.2000000000000000111, -2.750000000000000000 ) ) ;
#3507 = CARTESIAN_POINT ( 'NONE',  ( -3.000000000000000000, 0.1999999999999999833, -0.4999999999999995559 ) ) ;
#3508 = EDGE_CURVE ( 'NONE', #5148, #7460, #4813, .T. ) ;
#3509 = FACE_OUTER_BOUND ( 'NONE', #3420, .T. ) ;
#3510 = DIRECTION ( 'NONE',  ( 0.000000000000000000, -1.000000000000000000, 0.000000000000000000 ) ) ;
#3511 = ORIENTED_EDGE ( 'NONE', *, *, #3551, .T. ) ;
#3512 = COLOUR_RGB ( '',0.7921568627450980005, 0.8196078431372548767, 0.9333333333333333481 ) ;
#3513 = CARTESIAN_POINT ( 'NONE',  ( -1.799999999999999822, 0.7000000000000003997, 2.750000000000000000 ) ) ;
#3514 = AXIS2_PLACEMENT_3D ( 'NONE', #5394, #8912, #9091 ) ;
#3515 = VECTOR ( 'NONE', #1727, 1000.000000000000000 ) ;
#3516 = ORIENTED_EDGE ( 'NONE', *, *, #9811, .F. ) ;
#3517 = CARTESIAN_POINT ( 'NONE',  ( 2.750000000000000000, 0.1999999999999999833, -1.799999999999999600 ) ) ;
#3518 = AXIS2_PLACEMENT_3D ( 'NONE', #1437, #2093, #5123 ) ;
#3519 = CARTESIAN_POINT ( 'NONE',  ( 1.800000000000000044, 0.04999999999999969746, -3.000000000000000000 ) ) ;
#3520 = ADVANCED_FACE ( 'NONE', ( #1027 ), #267, .T. ) ;
#3521 = AXIS2_PLACEMENT_3D ( 'NONE', #3040, #5932, #2153 ) ;
#3522 = AXIS2_PLACEMENT_3D ( 'NONE', #8664, #1834, #7915 ) ;
#3523 = CARTESIAN_POINT ( 'NONE',  ( 0.7999999999999999334, 0.000000000000000000, 3.000000000000000000 ) ) ;
#3524 = ORIENTED_EDGE ( 'NONE', *, *, #8558, .F. ) ;
#3525 = DIRECTION ( 'NONE',  ( -7.228014483236694583E-17, 0.000000000000000000, -1.000000000000000000 ) ) ;
#3526 = CARTESIAN_POINT ( 'NONE',  ( 2.750000000000000000, 0.1999999999999999833, -1.449999999999999067 ) ) ;
#3527 = SURFACE_STYLE_USAGE ( .BOTH. , #6500 ) ;
#3528 = ORIENTED_EDGE ( 'NONE', *, *, #6027, .F. ) ;
#3529 = DIRECTION ( 'NONE',  ( -1.000000000000000000, 0.000000000000000000, 1.734723475976805714E-15 ) ) ;
#3530 = ORIENTED_EDGE ( 'NONE', *, *, #2407, .T. ) ;
#3531 = CARTESIAN_POINT ( 'NONE',  ( 3.000000000000000000, 10.48528137423857132, -3.000000000000000000 ) ) ;
#3532 = ORIENTED_EDGE ( 'NONE', *, *, #3674, .T. ) ;
#3533 = VERTEX_POINT ( 'NONE', #317 ) ;
#3534 = VECTOR ( 'NONE', #2911, 1000.000000000000000 ) ;
#3535 = CARTESIAN_POINT ( 'NONE',  ( -1.949999999999999956, 0.2000000000000000111, -2.750000000000000000 ) ) ;
#3536 = CARTESIAN_POINT ( 'NONE',  ( -2.750000000000000000, 0.1999999999999999833, -0.7999999999999990452 ) ) ;
#3537 = ADVANCED_FACE ( 'NONE', ( #4120 ), #3364, .F. ) ;
#3538 = LINE ( 'NONE', #5864, #3552 ) ;
#3539 = ORIENTED_EDGE ( 'NONE', *, *, #8481, .T. ) ;
#3540 = LINE ( 'NONE', #7325, #5428 ) ;
#3541 = AXIS2_PLACEMENT_3D ( 'NONE', #9084, #6639, #2255 ) ;
#3542 = DIRECTION ( 'NONE',  ( -1.000000000000000000, 0.000000000000000000, 0.000000000000000000 ) ) ;
#3543 = ORIENTED_EDGE ( 'NONE', *, *, #8282, .T. ) ;
#3544 = VECTOR ( 'NONE', #13, 1000.000000000000000 ) ;
#3545 = LINE ( 'NONE', #4434, #2064 ) ;
#3546 = PLANE ( 'NONE',  #6757 ) ;
#3547 = ORIENTED_EDGE ( 'NONE', *, *, #20, .F. ) ;
#3548 = ORIENTED_EDGE ( 'NONE', *, *, #4917, .T. ) ;
#3549 = DIRECTION ( 'NONE',  ( 0.000000000000000000, 0.000000000000000000, 1.000000000000000000 ) ) ;
#3550 = PLANE ( 'NONE',  #2225 ) ;
#3551 = EDGE_CURVE ( 'NONE', #8067, #8555, #1968, .T. ) ;
#3552 = VECTOR ( 'NONE', #8926, 1000.000000000000000 ) ;
#3553 = DIRECTION ( 'NONE',  ( 0.000000000000000000, 1.000000000000000000, -0.000000000000000000 ) ) ;
#3554 = DIRECTION ( 'NONE',  ( 0.000000000000000000, 1.000000000000000000, 0.000000000000000000 ) ) ;
#3555 = DIRECTION ( 'NONE',  ( 0.000000000000000000, -1.000000000000000000, 0.000000000000000000 ) ) ;
#3556 = ORIENTED_EDGE ( 'NONE', *, *, #4390, .T. ) ;
#3557 = CARTESIAN_POINT ( 'NONE',  ( -3.000000000000000000, 0.000000000000000000, -1.149999999999999467 ) ) ;
#3558 = AXIS2_PLACEMENT_3D ( 'NONE', #9856, #3966, #5359 ) ;
#3559 = CARTESIAN_POINT ( 'NONE',  ( -0.6500000000000000222, 0.1999999999999999833, -2.750000000000000000 ) ) ;
#3560 = ORIENTED_EDGE ( 'NONE', *, *, #5844, .T. ) ;
#3561 = SURFACE_STYLE_FILL_AREA ( #7247 ) ;
#3562 = CARTESIAN_POINT ( 'NONE',  ( -0.5000000000000000000, 0.2000000000000000111, -2.750000000000000000 ) ) ;
#3563 = DIRECTION ( 'NONE',  ( -0.000000000000000000, -1.000000000000000000, -0.000000000000000000 ) ) ;
#3564 = VERTEX_POINT ( 'NONE', #7388 ) ;
#3565 = CARTESIAN_POINT ( 'NONE',  ( 1.149999999999999911, 0.04999999999999969746, 3.000000000000000000 ) ) ;
#3566 = EDGE_CURVE ( 'NONE', #3046, #800, #8235, .T. ) ;
#3567 = ORIENTED_EDGE ( 'NONE', *, *, #8648, .T. ) ;
#3568 = DIRECTION ( 'NONE',  ( 0.000000000000000000, -0.000000000000000000, 1.000000000000000000 ) ) ;
#3569 = AXIS2_PLACEMENT_3D ( 'NONE', #6323, #8639, #2448 ) ;
#3570 = EDGE_CURVE ( 'NONE', #578, #2820, #1453, .T. ) ;
#3571 = LINE ( 'NONE', #1875, #9496 ) ;
#3572 = VECTOR ( 'NONE', #5210, 1000.000000000000000 ) ;
#3573 = DIRECTION ( 'NONE',  ( 0.000000000000000000, -0.000000000000000000, 1.000000000000000000 ) ) ;
#3574 = VECTOR ( 'NONE', #2133, 1000.000000000000000 ) ;
#3575 = VERTEX_POINT ( 'NONE', #2198 ) ;
#3576 = FACE_OUTER_BOUND ( 'NONE', #9327, .T. ) ;
#3577 = DIRECTION ( 'NONE',  ( 0.000000000000000000, -1.000000000000000000, 0.000000000000000000 ) ) ;
#3578 = EDGE_CURVE ( 'NONE', #5896, #3171, #9073, .T. ) ;
#3579 = VECTOR ( 'NONE', #1067, 1000.000000000000000 ) ;
#3580 = VERTEX_POINT ( 'NONE', #8280 ) ;
#3581 = DIRECTION ( 'NONE',  ( 1.000000000000000000, -0.000000000000000000, -0.000000000000000000 ) ) ;
#3582 = ORIENTED_EDGE ( 'NONE', *, *, #455, .T. ) ;
#3583 = AXIS2_PLACEMENT_3D ( 'NONE', #6866, #8964, #7667 ) ;
#3584 = UNCERTAINTY_MEASURE_WITH_UNIT (LENGTH_MEASURE( 1.000000000000000082E-05 ), #3915, 'distance_accuracy_value', 'NONE');
#3585 = ORIENTED_EDGE ( 'NONE', *, *, #6191, .T. ) ;
#3586 = ORIENTED_EDGE ( 'NONE', *, *, #1924, .T. ) ;
#3587 = PLANE ( 'NONE',  #8138 ) ;
#3588 = CARTESIAN_POINT ( 'NONE',  ( 0.6500000000000000222, 0.000000000000000000, -2.750000000000000000 ) ) ;
#3589 = PLANE ( 'NONE',  #4808 ) ;
#3590 = ORIENTED_EDGE ( 'NONE', *, *, #6604, .T. ) ;
#3591 = LINE ( 'NONE', #1947, #465 ) ;
#3592 = EDGE_CURVE ( 'NONE', #9476, #4565, #4792, .T. ) ;
#3593 = VERTEX_POINT ( 'NONE', #4491 ) ;
#3594 = DIRECTION ( 'NONE',  ( 0.000000000000000000, -1.000000000000000000, 0.000000000000000000 ) ) ;
#3595 =( LENGTH_UNIT ( ) NAMED_UNIT ( * ) SI_UNIT ( .MILLI., .METRE. ) );
#3596 = EDGE_LOOP ( 'NONE', ( #1293, #6717, #4485, #291 ) ) ;
#3597 = ORIENTED_EDGE ( 'NONE', *, *, #6860, .T. ) ;
#3598 = DIRECTION ( 'NONE',  ( 0.000000000000000000, 0.000000000000000000, 1.000000000000000000 ) ) ;
#3599 = LINE ( 'NONE', #4439, #8758 ) ;
#3600 = DIRECTION ( 'NONE',  ( 1.000000000000000000, -0.000000000000000000, -0.000000000000000000 ) ) ;
#3601 = FACE_OUTER_BOUND ( 'NONE', #7851, .T. ) ;
#3602 = CARTESIAN_POINT ( 'NONE',  ( -1.149999999999999911, 0.1999999999999999833, -3.000000000000000000 ) ) ;
#3603 = EDGE_CURVE ( 'NONE', #5311, #8678, #6734, .T. ) ;
#3604 = ORIENTED_EDGE ( 'NONE', *, *, #9297, .F. ) ;
#3605 = LINE ( 'NONE', #9797, #8323 ) ;
#3606 = CARTESIAN_POINT ( 'NONE',  ( -3.000000000000000000, 0.2000000000000005107, 0.1500000000000003830 ) ) ;
#3607 = ORIENTED_EDGE ( 'NONE', *, *, #7277, .T. ) ;
#3608 = DIRECTION ( 'NONE',  ( 0.000000000000000000, 1.000000000000000000, 0.000000000000000000 ) ) ;
#3609 = DIRECTION ( 'NONE',  ( 1.000000000000000000, 0.000000000000000000, -1.734723475976805714E-15 ) ) ;
#3610 = DIRECTION ( 'NONE',  ( 1.000000000000000000, 0.000000000000000000, -1.734723475976805517E-15 ) ) ;
#3611 = ORIENTED_EDGE ( 'NONE', *, *, #1436, .F. ) ;
#3612 = DIRECTION ( 'NONE',  ( 0.000000000000000000, -1.000000000000000000, 0.000000000000000000 ) ) ;
#3613 = ORIENTED_EDGE ( 'NONE', *, *, #3745, .F. ) ;
#3614 = CARTESIAN_POINT ( 'NONE',  ( 1.149999999999999911, 0.2000000000000000111, 3.000000000000000000 ) ) ;
#3615 = EDGE_CURVE ( 'NONE', #7940, #8081, #8620, .T. ) ;
#3616 = CYLINDRICAL_SURFACE ( 'NONE', #4096, 0.1499999999999997446 ) ;
#3617 = EDGE_CURVE ( 'NONE', #6902, #2531, #3645, .T. ) ;
#3618 = CARTESIAN_POINT ( 'NONE',  ( 2.750000000000000000, 0.7000000000000000666, -2.099999999999999201 ) ) ;
#3619 = ORIENTED_EDGE ( 'NONE', *, *, #4117, .F. ) ;
#3620 = CARTESIAN_POINT ( 'NONE',  ( 3.000000000000000000, 0.1999999999999999833, 2.100000000000000089 ) ) ;
#3621 = DIRECTION ( 'NONE',  ( -1.000000000000000000, 0.000000000000000000, -0.000000000000000000 ) ) ;
#3622 = DIRECTION ( 'NONE',  ( 0.000000000000000000, -1.000000000000000000, 0.000000000000000000 ) ) ;
#3623 = VECTOR ( 'NONE', #8711, 1000.000000000000000 ) ;
#3624 = ORIENTED_EDGE ( 'NONE', *, *, #8412, .T. ) ;
#3625 = DIRECTION ( 'NONE',  ( 1.000000000000000000, 0.000000000000000000, -0.000000000000000000 ) ) ;
#3626 = ORIENTED_EDGE ( 'NONE', *, *, #4561, .F. ) ;
#3627 = EDGE_CURVE ( 'NONE', #5601, #7263, #9683, .T. ) ;
#3628 = CARTESIAN_POINT ( 'NONE',  ( 0.1499999999999999667, 0.05000000000000000278, 0.000000000000000000 ) ) ;
#3629 = VECTOR ( 'NONE', #1869, 1000.000000000000000 ) ;
#3630 = ORIENTED_EDGE ( 'NONE', *, *, #7955, .F. ) ;
#3631 = ORIENTED_EDGE ( 'NONE', *, *, #2047, .T. ) ;
#3632 = EDGE_CURVE ( 'NONE', #5656, #8067, #8937, .T. ) ;
#3633 = ADVANCED_FACE ( 'NONE', ( #9787 ), #8333, .T. ) ;
#3634 = DIRECTION ( 'NONE',  ( 0.000000000000000000, -1.000000000000000000, 0.000000000000000000 ) ) ;
#3635 = DIRECTION ( 'NONE',  ( -1.000000000000000000, 0.000000000000000000, -1.734723475976805517E-15 ) ) ;
#3636 = DIRECTION ( 'NONE',  ( -0.000000000000000000, -1.000000000000000000, 0.000000000000000000 ) ) ;
#3637 = ORIENTED_EDGE ( 'NONE', *, *, #2311, .T. ) ;
#3638 = FACE_OUTER_BOUND ( 'NONE', #2270, .T. ) ;
#3639 = VERTEX_POINT ( 'NONE', #6578 ) ;
#3640 = FACE_OUTER_BOUND ( 'NONE', #3742, .T. ) ;
#3641 = DIRECTION ( 'NONE',  ( 0.000000000000000000, -1.000000000000000000, 0.000000000000000000 ) ) ;
#3642 = ORIENTED_EDGE ( 'NONE', *, *, #9487, .F. ) ;
#3643 = ORIENTED_EDGE ( 'NONE', *, *, #3914, .T. ) ;
#3644 = EDGE_CURVE ( 'NONE', #1080, #7430, #8984, .T. ) ;
#3645 = LINE ( 'NONE', #5925, #3038 ) ;
#3646 = LINE ( 'NONE', #2893, #3333 ) ;
#3647 = DIRECTION ( 'NONE',  ( 0.000000000000000000, -1.000000000000000000, 0.000000000000000000 ) ) ;
#3648 = DIRECTION ( 'NONE',  ( -1.734723475976805714E-15, 0.000000000000000000, 1.000000000000000000 ) ) ;
#3649 = ORIENTED_EDGE ( 'NONE', *, *, #3508, .F. ) ;
#3650 = CARTESIAN_POINT ( 'NONE',  ( 0.1499999999999999667, 0.000000000000000000, 3.000000000000000000 ) ) ;
#3651 = CARTESIAN_POINT ( 'NONE',  ( 0.000000000000000000, 0.2000000000000000111, -2.750000000000000000 ) ) ;
#3652 = VERTEX_POINT ( 'NONE', #2151 ) ;
#3653 = ORIENTED_EDGE ( 'NONE', *, *, #6463, .T. ) ;
#3654 = PRODUCT_DEFINITION_FORMATION_WITH_SPECIFIED_SOURCE ( 'ANY', '', #4799, .NOT_KNOWN. ) ;
#3655 = VECTOR ( 'NONE', #7532, 1000.000000000000000 ) ;
#3656 = DIRECTION ( 'NONE',  ( -1.000000000000000000, 0.000000000000000000, -9.035018104045871927E-17 ) ) ;
#3657 = FACE_OUTER_BOUND ( 'NONE', #3028, .T. ) ;
#3658 = EDGE_CURVE ( 'NONE', #3474, #533, #2798, .T. ) ;
#3659 = CARTESIAN_POINT ( 'NONE',  ( -4.574999999999999289, 0.2000000000000000111, 0.1249999999999680256 ) ) ;
#3660 = ORIENTED_EDGE ( 'NONE', *, *, #5632, .F. ) ;
#3661 = LINE ( 'NONE', #568, #7561 ) ;
#3662 = AXIS2_PLACEMENT_3D ( 'NONE', #2188, #2145, #3688 ) ;
#3663 = AXIS2_PLACEMENT_3D ( 'NONE', #2163, #1411, #7499 ) ;
#3664 = CARTESIAN_POINT ( 'NONE',  ( 0.7999999999999999334, 0.2000000000000000111, 3.000000000000000000 ) ) ;
#3665 = CARTESIAN_POINT ( 'NONE',  ( 2.750000000000000000, 0.05000000000000002359, -1.949999999999999289 ) ) ;
#3666 = COLOUR_RGB ( '',0.7921568627450980005, 0.8196078431372548767, 0.9333333333333333481 ) ;
#3667 = AXIS2_PLACEMENT_3D ( 'NONE', #3588, #1438, #6668 ) ;
#3668 = PRESENTATION_LAYER_ASSIGNMENT (  '', '', ( #643 ) ) ;
#3669 = LINE ( 'NONE', #1370, #3301 ) ;
#3670 = ORIENTED_EDGE ( 'NONE', *, *, #6743, .F. ) ;
#3671 = EDGE_CURVE ( 'NONE', #5910, #1194, #5828, .T. ) ;
#3672 = FACE_OUTER_BOUND ( 'NONE', #6382, .T. ) ;
#3673 = PRESENTATION_STYLE_ASSIGNMENT (( #7366 ) ) ;
#3674 = EDGE_CURVE ( 'NONE', #6176, #5730, #2052, .T. ) ;
#3675 = ORIENTED_EDGE ( 'NONE', *, *, #9666, .F. ) ;
#3676 = CARTESIAN_POINT ( 'NONE',  ( -1.149999999999999911, 0.7000000000000003997, 3.000000000000000000 ) ) ;
#3677 = ORIENTED_EDGE ( 'NONE', *, *, #6306, .T. ) ;
#3678 = VECTOR ( 'NONE', #4729, 1000.000000000000000 ) ;
#3679 = UNCERTAINTY_MEASURE_WITH_UNIT (LENGTH_MEASURE( 1.000000000000000082E-05 ), #1296, 'distance_accuracy_value', 'NONE');
#3680 = SURFACE_SIDE_STYLE ('',( #6003 ) ) ;
#3681 = ORIENTED_EDGE ( 'NONE', *, *, #7211, .T. ) ;
#3682 = VERTEX_POINT ( 'NONE', #8135 ) ;
#3683 = DIRECTION ( 'NONE',  ( 0.000000000000000000, -0.000000000000000000, 1.000000000000000000 ) ) ;
#3684 = CARTESIAN_POINT ( 'NONE',  ( 1.300000000000000044, 0.04999999999999999584, 2.750000000000000000 ) ) ;
#3685 = CARTESIAN_POINT ( 'NONE',  ( -1.949999999999999956, 0.2000000000000000111, -2.750000000000000000 ) ) ;
#3686 = EDGE_LOOP ( 'NONE', ( #608, #8457, #2322, #6503 ) ) ;
#3687 = AXIS2_PLACEMENT_3D ( 'NONE', #3448, #3497, #6529 ) ;
#3688 = DIRECTION ( 'NONE',  ( 0.000000000000000000, 0.000000000000000000, 1.000000000000000000 ) ) ;
#3689 = ORIENTED_EDGE ( 'NONE', *, *, #3475, .T. ) ;
#3690 = EDGE_CURVE ( 'NONE', #7545, #3296, #4438, .T. ) ;
#3691 = EDGE_CURVE ( 'NONE', #2293, #9118, #8458, .T. ) ;
#3692 = ORIENTED_EDGE ( 'NONE', *, *, #3980, .T. ) ;
#3693 = CARTESIAN_POINT ( 'NONE',  ( -1.949999999999999956, 0.2000000000000000111, 2.750000000000000000 ) ) ;
#3694 = AXIS2_PLACEMENT_3D ( 'NONE', #9844, #6133, #4452 ) ;
#3695 = VERTEX_POINT ( 'NONE', #5875 ) ;
#3696 = ORIENTED_EDGE ( 'NONE', *, *, #7623, .T. ) ;
#3697 = CARTESIAN_POINT ( 'NONE',  ( 3.000000000000000000, 0.1999999999999999833, -1.149999999999999467 ) ) ;
#3698 = DIRECTION ( 'NONE',  ( 0.000000000000000000, -1.000000000000000000, 0.000000000000000000 ) ) ;
#3699 = FACE_OUTER_BOUND ( 'NONE', #5939, .T. ) ;
#3700 = VECTOR ( 'NONE', #8153, 1000.000000000000000 ) ;
#3701 = ADVANCED_FACE ( 'NONE', ( #2104 ), #5136, .T. ) ;
#3702 = PLANE ( 'NONE',  #3063 ) ;
#3703 = ORIENTED_EDGE ( 'NONE', *, *, #2394, .T. ) ;
#3704 = LINE ( 'NONE', #5293, #9108 ) ;
#3705 = CIRCLE ( 'NONE', #4192, 0.1499999999999999667 ) ;
#3706 = DIRECTION ( 'NONE',  ( 1.000000000000000000, -0.000000000000000000, 0.000000000000000000 ) ) ;
#3707 = ORIENTED_EDGE ( 'NONE', *, *, #2702, .T. ) ;
#3708 = ORIENTED_EDGE ( 'NONE', *, *, #6848, .T. ) ;
#3709 = AXIS2_PLACEMENT_3D ( 'NONE', #2095, #590, #1339 ) ;
#3710 = CARTESIAN_POINT ( 'NONE',  ( 3.000000000000000000, 0.04999999999999969746, -0.7999999999999994893 ) ) ;
#3711 = DIRECTION ( 'NONE',  ( -0.000000000000000000, -1.000000000000000000, -0.000000000000000000 ) ) ;
#3712 = PLANE ( 'NONE',  #5309 ) ;
#3713 = EDGE_LOOP ( 'NONE', ( #6337, #1074, #5639, #5182 ) ) ;
#3714 = AXIS2_PLACEMENT_3D ( 'NONE', #2756, #8649, #4250 ) ;
#3715 = VECTOR ( 'NONE', #1719, 1000.000000000000000 ) ;
#3716 = CARTESIAN_POINT ( 'NONE',  ( -2.750000000000000000, 0.1999999999999999833, 0.8000000000000003775 ) ) ;
#3717 = CARTESIAN_POINT ( 'NONE',  ( -3.000000000000000000, 0.1999999999999999833, 1.450000000000000400 ) ) ;
#3718 = EDGE_CURVE ( 'NONE', #3815, #5199, #5429, .T. ) ;
#3719 = STYLED_ITEM ( 'NONE', ( #8845 ), #6601 ) ;
#3720 = DIRECTION ( 'NONE',  ( 0.000000000000000000, 0.000000000000000000, -1.000000000000000000 ) ) ;
#3721 = VERTEX_POINT ( 'NONE', #7781 ) ;
#3722 = VECTOR ( 'NONE', #4737, 1000.000000000000000 ) ;
#3723 = CARTESIAN_POINT ( 'NONE',  ( -2.100000000000000089, 0.7000000000000003997, -3.000000000000000000 ) ) ;
#3724 = DIRECTION ( 'NONE',  ( 0.000000000000000000, 0.000000000000000000, -1.000000000000000000 ) ) ;
#3725 = SURFACE_SIDE_STYLE ('',( #6766 ) ) ;
#3726 = ORIENTED_EDGE ( 'NONE', *, *, #8896, .F. ) ;
#3727 = CARTESIAN_POINT ( 'NONE',  ( 1.300000000000000044, 0.1999999999999999833, 2.750000000000000000 ) ) ;
#3728 = AXIS2_PLACEMENT_3D ( 'NONE', #340, #3387, #4692 ) ;
#3729 = EDGE_LOOP ( 'NONE', ( #5648, #6979, #8486, #3062, #7446 ) ) ;
#3730 = ADVANCED_FACE ( 'NONE', ( #7735 ), #3036, .T. ) ;
#3731 = VECTOR ( 'NONE', #7188, 1000.000000000000000 ) ;
#3732 = LINE ( 'NONE', #9768, #632 ) ;
#3733 = ORIENTED_EDGE ( 'NONE', *, *, #8085, .F. ) ;
#3734 = DIRECTION ( 'NONE',  ( 0.000000000000000000, -0.000000000000000000, -1.000000000000000000 ) ) ;
#3735 = DIRECTION ( 'NONE',  ( -1.000000000000000000, 0.000000000000000000, 7.228014483236695816E-17 ) ) ;
#3736 = CARTESIAN_POINT ( 'NONE',  ( 0.4999999999999995559, 0.04999999999999999584, 2.750000000000000000 ) ) ;
#3737 = VECTOR ( 'NONE', #4755, 1000.000000000000000 ) ;
#3738 = DIRECTION ( 'NONE',  ( 0.000000000000000000, 0.000000000000000000, 1.000000000000000000 ) ) ;
#3739 = VERTEX_POINT ( 'NONE', #2483 ) ;
#3740 = ORIENTED_EDGE ( 'NONE', *, *, #2087, .T. ) ;
#3741 = CARTESIAN_POINT ( 'NONE',  ( 1.149999999999999467, 0.2000000000000000111, -2.750000000000000000 ) ) ;
#3742 = EDGE_LOOP ( 'NONE', ( #8018, #7423, #288, #1440 ) ) ;
#3743 = EDGE_LOOP ( 'NONE', ( #4803, #4533, #7643, #3039 ) ) ;
#3744 = DIRECTION ( 'NONE',  ( 1.000000000000000000, -0.000000000000000000, 0.000000000000000000 ) ) ;
#3745 = EDGE_CURVE ( 'NONE', #7430, #2509, #9175, .T. ) ;
#3746 = CARTESIAN_POINT ( 'NONE',  ( 3.000000000000000000, 0.000000000000000000, 0.1500000000000003830 ) ) ;
#3747 = LINE ( 'NONE', #747, #8143 ) ;
#3748 = PLANE ( 'NONE',  #3239 ) ;
#3749 = DIRECTION ( 'NONE',  ( 0.000000000000000000, 0.000000000000000000, 1.000000000000000000 ) ) ;
#3750 = ORIENTED_EDGE ( 'NONE', *, *, #8868, .F. ) ;
#3751 = DIRECTION ( 'NONE',  ( -0.000000000000000000, -1.000000000000000000, 0.000000000000000000 ) ) ;
#3752 = CARTESIAN_POINT ( 'NONE',  ( -3.000000000000000000, 0.7000000000000000666, -1.799999999999999600 ) ) ;
#3753 = EDGE_LOOP ( 'NONE', ( #2345, #7176, #5700, #2207 ) ) ;
#3754 = VERTEX_POINT ( 'NONE', #2337 ) ;
#3755 = EDGE_CURVE ( 'NONE', #2348, #4384, #10, .T. ) ;
#3756 = DIRECTION ( 'NONE',  ( -0.000000000000000000, -0.000000000000000000, -1.000000000000000000 ) ) ;
#3757 = CIRCLE ( 'NONE', #9008, 0.1499999999999999667 ) ;
#3758 = EDGE_CURVE ( 'NONE', #3564, #5487, #4688, .T. ) ;
#3759 = EDGE_CURVE ( 'NONE', #3580, #4030, #6166, .T. ) ;
#3760 = PLANE ( 'NONE',  #9598 ) ;
#3761 = LINE ( 'NONE', #9145, #5154 ) ;
#3762 = EDGE_LOOP ( 'NONE', ( #1935, #3539, #9579, #9471 ) ) ;
#3763 = LINE ( 'NONE', #2962, #2026 ) ;
#3764 = FACE_OUTER_BOUND ( 'NONE', #1264, .T. ) ;
#3765 = EDGE_CURVE ( 'NONE', #8555, #6248, #1597, .T. ) ;
#3766 = DIRECTION ( 'NONE',  ( -1.000000000000000000, 0.000000000000000000, 0.000000000000000000 ) ) ;
#3767 = EDGE_LOOP ( 'NONE', ( #8411, #2842, #8378, #6222, #8325 ) ) ;
#3768 = DIRECTION ( 'NONE',  ( -1.000000000000000000, -0.000000000000000000, 1.734723475976805517E-15 ) ) ;
#3769 = VECTOR ( 'NONE', #8566, 1000.000000000000000 ) ;
#3770 = CLOSED_SHELL ( 'NONE', ( #8634, #8766, #8559, #8589, #7838, #5331 ) ) ;
#3771 = CARTESIAN_POINT ( 'NONE',  ( -1.800000000000000044, 0.7000000000000003997, 3.000000000000000000 ) ) ;
#3772 = ORIENTED_EDGE ( 'NONE', *, *, #4910, .T. ) ;
#3773 = DIRECTION ( 'NONE',  ( -0.000000000000000000, -1.000000000000000000, -0.000000000000000000 ) ) ;
#3774 = EDGE_LOOP ( 'NONE', ( #2782, #8523, #2984, #7779 ) ) ;
#3775 = CIRCLE ( 'NONE', #2818, 0.1499999999999997446 ) ;
#3776 = ORIENTED_EDGE ( 'NONE', *, *, #9631, .F. ) ;
#3777 = LINE ( 'NONE', #6922, #7926 ) ;
#3778 = DIRECTION ( 'NONE',  ( 0.000000000000000000, -0.000000000000000000, -1.000000000000000000 ) ) ;
#3779 = AXIS2_PLACEMENT_3D ( 'NONE', #3865, #3916, #69 ) ;
#3780 = CARTESIAN_POINT ( 'NONE',  ( 3.000000000000000000, 0.7000000000000000666, 1.450000000000000400 ) ) ;
#3781 = CARTESIAN_POINT ( 'NONE',  ( 1.149999999999999467, 0.2000000000000000111, -2.750000000000000000 ) ) ;
#3782 = EDGE_CURVE ( 'NONE', #2726, #8322, #3897, .T. ) ;
#3783 = EDGE_LOOP ( 'NONE', ( #7617, #3642, #119, #3532 ) ) ;
#3784 = ORIENTED_EDGE ( 'NONE', *, *, #1142, .T. ) ;
#3785 = AXIS2_PLACEMENT_3D ( 'NONE', #7658, #1473, #5400 ) ;
#3786 = LINE ( 'NONE', #3840, #8433 ) ;
#3787 =( GEOMETRIC_REPRESENTATION_CONTEXT ( 3 ) GLOBAL_UNCERTAINTY_ASSIGNED_CONTEXT ( ( #3584 ) ) GLOBAL_UNIT_ASSIGNED_CONTEXT ( ( #3915, #7797, #5494 ) ) REPRESENTATION_CONTEXT ( 'NONE', 'WORKASPACE' ) );
#3788 = FILL_AREA_STYLE ('',( #8330 ) ) ;
#3789 = ORIENTED_EDGE ( 'NONE', *, *, #7946, .T. ) ;
#3790 = ORIENTED_EDGE ( 'NONE', *, *, #6791, .F. ) ;
#3791 = DIRECTION ( 'NONE',  ( -0.000000000000000000, 0.000000000000000000, -1.000000000000000000 ) ) ;
#3792 = CARTESIAN_POINT ( 'NONE',  ( 1.149999999999999467, 0.7000000000000003997, -2.750000000000000000 ) ) ;
#3793 = ORIENTED_EDGE ( 'NONE', *, *, #2921, .F. ) ;
#3794 = CARTESIAN_POINT ( 'NONE',  ( 1.300000000000000044, 0.7000000000000003997, 2.750000000000000000 ) ) ;
#3795 = EDGE_CURVE ( 'NONE', #2280, #5781, #9220, .T. ) ;
#3796 = DIRECTION ( 'NONE',  ( 0.000000000000000000, -1.000000000000000000, 0.000000000000000000 ) ) ;
#3797 = EDGE_CURVE ( 'NONE', #9651, #8132, #2437, .T. ) ;
#3798 = ORIENTED_EDGE ( 'NONE', *, *, #2592, .T. ) ;
#3799 = DIRECTION ( 'NONE',  ( 0.000000000000000000, 0.000000000000000000, -1.000000000000000000 ) ) ;
#3800 = CARTESIAN_POINT ( 'NONE',  ( -2.750000000000000000, 0.1999999999999999833, 1.800000000000000711 ) ) ;
#3801 = ORIENTED_EDGE ( 'NONE', *, *, #7457, .T. ) ;
#3802 = ORIENTED_EDGE ( 'NONE', *, *, #4346, .T. ) ;
#3803 = CLOSED_SHELL ( 'NONE', ( #808, #7225, #1876, #973, #5209, #445 ) ) ;
#3804 = LINE ( 'NONE', #8296, #7541 ) ;
#3805 = LINE ( 'NONE', #6032, #8936 ) ;
#3806 = FACE_OUTER_BOUND ( 'NONE', #5974, .T. ) ;
#3807 = CARTESIAN_POINT ( 'NONE',  ( 0.7999999999999999334, 0.05000000000000000278, 0.000000000000000000 ) ) ;
#3808 = EDGE_LOOP ( 'NONE', ( #3284, #7917, #4774, #1190, #3031 ) ) ;
#3809 = EDGE_CURVE ( 'NONE', #3296, #8347, #8427, .T. ) ;
#3810 = DIRECTION ( 'NONE',  ( 0.000000000000000000, -1.000000000000000000, 0.000000000000000000 ) ) ;
#3811 = EDGE_CURVE ( 'NONE', #1832, #7593, #3991, .T. ) ;
#3812 = CIRCLE ( 'NONE', #2216, 0.2000000000000000944 ) ;
#3813 = CARTESIAN_POINT ( 'NONE',  ( -1.449999999999999956, 0.000000000000000000, -3.000000000000000000 ) ) ;
#3814 = DIRECTION ( 'NONE',  ( 0.000000000000000000, 0.000000000000000000, -1.000000000000000000 ) ) ;
#3815 = VERTEX_POINT ( 'NONE', #5337 ) ;
#3816 = LINE ( 'NONE', #6099, #4671 ) ;
#3817 =( NAMED_UNIT ( * ) SI_UNIT ( $, .STERADIAN. ) SOLID_ANGLE_UNIT ( ) );
#3818 = VECTOR ( 'NONE', #7044, 1000.000000000000000 ) ;
#3819 = ORIENTED_EDGE ( 'NONE', *, *, #2647, .F. ) ;
#3820 = AXIS2_PLACEMENT_3D ( 'NONE', #7507, #3867, #6907 ) ;
#3821 = CARTESIAN_POINT ( 'NONE',  ( 2.299999999999999822, 0.04999999999999969746, 2.300000000000000266 ) ) ;
#3822 = ORIENTED_EDGE ( 'NONE', *, *, #7101, .F. ) ;
#3823 = EDGE_CURVE ( 'NONE', #5782, #3463, #48, .T. ) ;
#3824 = DIRECTION ( 'NONE',  ( 0.000000000000000000, -1.000000000000000000, 0.000000000000000000 ) ) ;
#3825 = EDGE_LOOP ( 'NONE', ( #6352, #900, #8625, #995 ) ) ;
#3826 = CIRCLE ( 'NONE', #9233, 0.1499999999999997446 ) ;
#3827 = AXIS2_PLACEMENT_3D ( 'NONE', #9164, #835, #127 ) ;
#3828 = COLOUR_RGB ( '',0.7921568627450980005, 0.8196078431372548767, 0.9333333333333333481 ) ;
#3829 = ORIENTED_EDGE ( 'NONE', *, *, #8544, .T. ) ;
#3830 = DIRECTION ( 'NONE',  ( 0.000000000000000000, 0.000000000000000000, -1.000000000000000000 ) ) ;
#3831 = CARTESIAN_POINT ( 'NONE',  ( 0.7999999999999999334, 0.2000000000000005107, 3.000000000000000000 ) ) ;
#3832 = LINE ( 'NONE', #6111, #4657 ) ;
#3833 = LINE ( 'NONE', #2836, #3501 ) ;
#3834 = VECTOR ( 'NONE', #9007, 1000.000000000000000 ) ;
#3835 = EDGE_LOOP ( 'NONE', ( #7896, #5670, #5968, #229 ) ) ;
#3836 = VECTOR ( 'NONE', #3293, 1000.000000000000000 ) ;
#3837 = ADVANCED_FACE ( 'NONE', ( #4637 ), #6271, .F. ) ;
#3838 = VECTOR ( 'NONE', #535, 1000.000000000000000 ) ;
#3839 = ORIENTED_EDGE ( 'NONE', *, *, #8210, .F. ) ;
#3840 = CARTESIAN_POINT ( 'NONE',  ( -0.5000000000000000000, 0.2000000000000000111, 3.000000000000000000 ) ) ;
#3841 = PRESENTATION_STYLE_ASSIGNMENT (( #3273 ) ) ;
#3842 = ORIENTED_EDGE ( 'NONE', *, *, #144, .F. ) ;
#3843 = EDGE_CURVE ( 'NONE', #3080, #7226, #9127, .T. ) ;
#3844 = VERTEX_POINT ( 'NONE', #3088 ) ;
#3845 = AXIS2_PLACEMENT_3D ( 'NONE', #3850, #7487, #4493 ) ;
#3846 = CARTESIAN_POINT ( 'NONE',  ( 0.000000000000000000, 0.05000000000000000278, 0.000000000000000000 ) ) ;
#3847 = DIRECTION ( 'NONE',  ( 0.000000000000000000, 1.000000000000000000, 0.000000000000000000 ) ) ;
#3848 = VECTOR ( 'NONE', #6300, 1000.000000000000000 ) ;
#3849 = ORIENTED_EDGE ( 'NONE', *, *, #7817, .T. ) ;
#3850 = CARTESIAN_POINT ( 'NONE',  ( 2.750000000000000000, 0.7000000000000000666, -1.949999999999999289 ) ) ;
#3851 = UNCERTAINTY_MEASURE_WITH_UNIT (LENGTH_MEASURE( 1.000000000000000082E-05 ), #4915, 'distance_accuracy_value', 'NONE');
#3852 = EDGE_LOOP ( 'NONE', ( #6324, #8332, #5861, #1754, #9786 ) ) ;
#3853 = CARTESIAN_POINT ( 'NONE',  ( 1.949999999999999956, 0.000000000000000000, 2.750000000000000000 ) ) ;
#3854 = DIRECTION ( 'NONE',  ( 0.000000000000000000, 0.000000000000000000, -1.000000000000000000 ) ) ;
#3855 = EDGE_LOOP ( 'NONE', ( #2209, #6448, #8389, #9214 ) ) ;
#3856 = EDGE_CURVE ( 'NONE', #3564, #7319, #7185, .T. ) ;
#3857 = ORIENTED_EDGE ( 'NONE', *, *, #4898, .T. ) ;
#3858 = DIRECTION ( 'NONE',  ( 0.000000000000000000, -1.000000000000000000, 0.000000000000000000 ) ) ;
#3859 = VECTOR ( 'NONE', #8841, 1000.000000000000000 ) ;
#3860 = PLANE ( 'NONE',  #9411 ) ;
#3861 = CARTESIAN_POINT ( 'NONE',  ( -1.300000000000000044, 0.2000000000000000111, 2.599999999999999645 ) ) ;
#3862 = DIRECTION ( 'NONE',  ( 1.000000000000000000, -0.000000000000000000, -7.228014483236695816E-17 ) ) ;
#3863 = ORIENTED_EDGE ( 'NONE', *, *, #587, .F. ) ;
#3864 = DIRECTION ( 'NONE',  ( -1.000000000000000000, 0.000000000000000000, 0.000000000000000000 ) ) ;
#3865 = CARTESIAN_POINT ( 'NONE',  ( 2.100000000000000089, 0.7000000000000006217, -3.000000000000000000 ) ) ;
#3866 = CIRCLE ( 'NONE', #9754, 0.1499999999999997446 ) ;
#3867 = DIRECTION ( 'NONE',  ( 0.000000000000000000, -0.000000000000000000, 1.000000000000000000 ) ) ;
#3868 = DIRECTION ( 'NONE',  ( 1.000000000000000000, -0.000000000000000000, 1.734723475976805714E-15 ) ) ;
#3869 = ADVANCED_FACE ( 'NONE', ( #4586, #7629 ), #791, .F. ) ;
#3870 = ORIENTED_EDGE ( 'NONE', *, *, #1799, .T. ) ;
#3871 = CIRCLE ( 'NONE', #9021, 0.1499999999999997446 ) ;
#3872 = LINE ( 'NONE', #1529, #200 ) ;
#3873 = ADVANCED_FACE ( 'NONE', ( #5675 ), #7228, .F. ) ;
#3874 = EDGE_CURVE ( 'NONE', #7805, #857, #1891, .T. ) ;
#3875 = CIRCLE ( 'NONE', #8485, 0.1499999999999999667 ) ;
#3876 = ORIENTED_EDGE ( 'NONE', *, *, #4073, .F. ) ;
#3877 = CARTESIAN_POINT ( 'NONE',  ( 0.7999999999999999334, 0.2000000000000000111, 3.000000000000000000 ) ) ;
#3878 = ORIENTED_EDGE ( 'NONE', *, *, #1548, .T. ) ;
#3879 = CARTESIAN_POINT ( 'NONE',  ( -2.538461538461538769, 0.9000000000000000222, -2.538461538461538769 ) ) ;
#3880 = VERTEX_POINT ( 'NONE', #6412 ) ;
#3881 = AXIS2_PLACEMENT_3D ( 'NONE', #4454, #7354, #2068 ) ;
#3882 = DIRECTION ( 'NONE',  ( 0.000000000000000000, -1.000000000000000000, 0.000000000000000000 ) ) ;
#3883 = EDGE_CURVE ( 'NONE', #5135, #8662, #1923, .T. ) ;
#3884 = DIRECTION ( 'NONE',  ( 0.000000000000000000, 0.000000000000000000, -1.000000000000000000 ) ) ;
#3885 = DIRECTION ( 'NONE',  ( 0.000000000000000000, 0.000000000000000000, -1.000000000000000000 ) ) ;
#3886 = EDGE_CURVE ( 'NONE', #814, #823, #4877, .T. ) ;
#3887 = DIRECTION ( 'NONE',  ( -1.000000000000000000, 0.000000000000000000, 0.000000000000000000 ) ) ;
#3888 = CIRCLE ( 'NONE', #9463, 0.1499999999999999667 ) ;
#3889 = ORIENTED_EDGE ( 'NONE', *, *, #3417, .F. ) ;
#3890 = AXIS2_PLACEMENT_3D ( 'NONE', #2256, #9692, #663 ) ;
#3891 = ORIENTED_EDGE ( 'NONE', *, *, #890, .F. ) ;
#3892 = CARTESIAN_POINT ( 'NONE',  ( 2.750000000000000000, 0.1999999999999999833, 0.5000000000000008882 ) ) ;
#3893 = DIRECTION ( 'NONE',  ( 0.000000000000000000, 1.000000000000000000, 0.000000000000000000 ) ) ;
#3894 = ORIENTED_EDGE ( 'NONE', *, *, #1563, .F. ) ;
#3895 = ORIENTED_EDGE ( 'NONE', *, *, #9484, .T. ) ;
#3896 = COLOUR_RGB ( '',0.7921568627450980005, 0.8196078431372548767, 0.9333333333333333481 ) ;
#3897 = LINE ( 'NONE', #6220, #806 ) ;
#3898 = DIRECTION ( 'NONE',  ( 0.000000000000000000, 0.000000000000000000, -1.000000000000000000 ) ) ;
#3899 = EDGE_CURVE ( 'NONE', #4066, #2258, #6462, .T. ) ;
#3900 = VERTEX_POINT ( 'NONE', #4233 ) ;
#3901 = DIRECTION ( 'NONE',  ( -0.000000000000000000, -1.000000000000000000, -0.000000000000000000 ) ) ;
#3902 = FILL_AREA_STYLE_COLOUR ( '', #6424 ) ;
#3903 = ADVANCED_FACE ( 'NONE', ( #6512 ), #5720, .T. ) ;
#3904 = AXIS2_PLACEMENT_3D ( 'NONE', #7107, #4860, #3260 ) ;
#3905 = ORIENTED_EDGE ( 'NONE', *, *, #5595, .T. ) ;
#3906 = CARTESIAN_POINT ( 'NONE',  ( 0.4999999999999995559, 0.000000000000000000, -2.750000000000000000 ) ) ;
#3907 = CARTESIAN_POINT ( 'NONE',  ( -2.750000000000000000, 0.1999999999999999833, -2.099999999999999201 ) ) ;
#3908 = ORIENTED_EDGE ( 'NONE', *, *, #300, .F. ) ;
#3909 = VERTEX_POINT ( 'NONE', #2635 ) ;
#3910 = DIRECTION ( 'NONE',  ( 0.000000000000000000, 0.000000000000000000, -1.000000000000000000 ) ) ;
#3911 = CARTESIAN_POINT ( 'NONE',  ( 2.399999999999999911, 0.1999999999999996503, -2.399999999999999911 ) ) ;
#3912 = DIRECTION ( 'NONE',  ( 0.000000000000000000, -0.000000000000000000, 1.000000000000000000 ) ) ;
#3913 = VERTEX_POINT ( 'NONE', #1191 ) ;
#3914 = EDGE_CURVE ( 'NONE', #8081, #7783, #8724, .T. ) ;
#3915 =( LENGTH_UNIT ( ) NAMED_UNIT ( * ) SI_UNIT ( .MILLI., .METRE. ) );
#3916 = DIRECTION ( 'NONE',  ( -1.000000000000000000, 0.000000000000000000, 0.000000000000000000 ) ) ;
#3917 = CARTESIAN_POINT ( 'NONE',  ( -2.750000000000000000, 0.000000000000000000, 2.100000000000000089 ) ) ;
#3918 = DIRECTION ( 'NONE',  ( 1.000000000000000000, 0.000000000000000000, 0.000000000000000000 ) ) ;
#3919 = ORIENTED_EDGE ( 'NONE', *, *, #2517, .F. ) ;
#3920 = FACE_OUTER_BOUND ( 'NONE', #7764, .T. ) ;
#3921 = DIRECTION ( 'NONE',  ( 0.000000000000000000, 1.000000000000000000, 0.000000000000000000 ) ) ;
#3922 = ORIENTED_EDGE ( 'NONE', *, *, #8266, .F. ) ;
#3923 = LINE ( 'NONE', #2467, #6443 ) ;
#3924 = VERTEX_POINT ( 'NONE', #8626 ) ;
#3925 = ADVANCED_FACE ( 'NONE', ( #1794 ), #9525, .T. ) ;
#3926 = PRODUCT_RELATED_PRODUCT_CATEGORY ( 'part', '', ( #4799 ) ) ;
#3927 = LINE ( 'NONE', #977, #1919 ) ;
#3928 = AXIS2_PLACEMENT_3D ( 'NONE', #1428, #9861, #9817 ) ;
#3929 = LINE ( 'NONE', #4624, #6047 ) ;
#3930 = DIRECTION ( 'NONE',  ( -0.000000000000000000, -1.000000000000000000, -0.000000000000000000 ) ) ;
#3931 = DIRECTION ( 'NONE',  ( 0.000000000000000000, 0.000000000000000000, 1.000000000000000000 ) ) ;
#3932 = DIRECTION ( 'NONE',  ( 0.000000000000000000, -1.000000000000000000, 0.000000000000000000 ) ) ;
#3933 = ORIENTED_EDGE ( 'NONE', *, *, #6320, .T. ) ;
#3934 = ORIENTED_EDGE ( 'NONE', *, *, #2171, .T. ) ;
#3935 = EDGE_CURVE ( 'NONE', #1734, #72, #7979, .T. ) ;
#3936 = DIRECTION ( 'NONE',  ( 1.000000000000000000, 0.000000000000000000, 1.734723475976805517E-15 ) ) ;
#3937 = EDGE_CURVE ( 'NONE', #4129, #1056, #2684, .T. ) ;
#3938 = FILL_AREA_STYLE ('',( #7732 ) ) ;
#3939 = ORIENTED_EDGE ( 'NONE', *, *, #9298, .F. ) ;
#3940 = VERTEX_POINT ( 'NONE', #991 ) ;
#3941 = DIRECTION ( 'NONE',  ( 0.000000000000000000, -1.000000000000000000, 0.000000000000000000 ) ) ;
#3942 = DIRECTION ( 'NONE',  ( 0.000000000000000000, 1.000000000000000000, -0.000000000000000000 ) ) ;
#3943 = VERTEX_POINT ( 'NONE', #8777 ) ;
#3944 = DIRECTION ( 'NONE',  ( 1.000000000000000000, 0.000000000000000000, 1.807003620809174385E-16 ) ) ;
#3945 = CARTESIAN_POINT ( 'NONE',  ( 0.1499999999999999667, 0.7000000000000003997, -3.000000000000000000 ) ) ;
#3946 = VECTOR ( 'NONE', #2916, 1000.000000000000000 ) ;
#3947 = ADVANCED_BREP_SHAPE_REPRESENTATION ( 'SX1276IMLTRT', ( #3365, #6704, #74, #3299, #3138, #9815, #6601, #6613, #105, #3283, #3120, #118, #3203, #6493, #3353, #6581, #86, #3418, #9871, #6714, #6737, #6684, #3406, #9802, #9780, #3235, #9730, #6664, #3253, #9857, #6651, #5550 ), #1738 ) ;
#3948 = ADVANCED_FACE ( 'NONE', ( #7929 ), #1943, .T. ) ;
#3949 = ORIENTED_EDGE ( 'NONE', *, *, #5513, .T. ) ;
#3950 = DIRECTION ( 'NONE',  ( 0.000000000000000000, -0.000000000000000000, -1.000000000000000000 ) ) ;
#3951 = CARTESIAN_POINT ( 'NONE',  ( -3.000000000000000000, 0.1999999999999999833, 1.800000000000000488 ) ) ;
#3952 = ORIENTED_EDGE ( 'NONE', *, *, #2046, .F. ) ;
#3953 = VERTEX_POINT ( 'NONE', #4776 ) ;
#3954 = FACE_OUTER_BOUND ( 'NONE', #7628, .T. ) ;
#3955 = CIRCLE ( 'NONE', #1076, 0.1499999999999997446 ) ;
#3956 = DIRECTION ( 'NONE',  ( 0.000000000000000000, 0.000000000000000000, 1.000000000000000000 ) ) ;
#3957 = CARTESIAN_POINT ( 'NONE',  ( 2.750000000000000000, 0.7000000000000000666, -1.449999999999999067 ) ) ;
#3958 = ORIENTED_EDGE ( 'NONE', *, *, #1763, .F. ) ;
#3959 = SURFACE_SIDE_STYLE ('',( #68 ) ) ;
#3960 = EDGE_CURVE ( 'NONE', #1231, #5730, #1089, .T. ) ;
#3961 = DIRECTION ( 'NONE',  ( -1.000000000000000000, 0.000000000000000000, 0.000000000000000000 ) ) ;
#3962 = PLANE ( 'NONE',  #5086 ) ;
#3963 = ADVANCED_FACE ( 'NONE', ( #8575 ), #1742, .T. ) ;
#3964 = DIRECTION ( 'NONE',  ( 0.000000000000000000, 1.000000000000000000, 0.000000000000000000 ) ) ;
#3965 = ORIENTED_EDGE ( 'NONE', *, *, #3811, .T. ) ;
#3966 = DIRECTION ( 'NONE',  ( 9.035018104045871927E-17, 0.000000000000000000, -1.000000000000000000 ) ) ;
#3967 =( NAMED_UNIT ( * ) PLANE_ANGLE_UNIT ( ) SI_UNIT ( $, .RADIAN. ) );
#3968 = ORIENTED_EDGE ( 'NONE', *, *, #6650, .F. ) ;
#3969 = CARTESIAN_POINT ( 'NONE',  ( 3.000000000000000000, 0.7000000000000000666, -1.799999999999999600 ) ) ;
#3970 = AXIS2_PLACEMENT_3D ( 'NONE', #5227, #2888, #5922 ) ;
#3971 = CARTESIAN_POINT ( 'NONE',  ( 2.750000000000000000, 0.000000000000000000, 1.950000000000000622 ) ) ;
#3972 = ORIENTED_EDGE ( 'NONE', *, *, #1829, .T. ) ;
#3973 = CARTESIAN_POINT ( 'NONE',  ( -1.949999999999999956, 0.2000000000000000111, 2.750000000000000000 ) ) ;
#3974 = EDGE_CURVE ( 'NONE', #3909, #1414, #1040, .T. ) ;
#3975 = VECTOR ( 'NONE', #9539, 1000.000000000000000 ) ;
#3976 = DIRECTION ( 'NONE',  ( -1.000000000000000000, 0.000000000000000000, 0.000000000000000000 ) ) ;
#3977 = CARTESIAN_POINT ( 'NONE',  ( 0.000000000000000000, 0.05000000000000000278, -1.149999999999999467 ) ) ;
#3978 = LINE ( 'NONE', #5469, #7052 ) ;
#3979 = PLANE ( 'NONE',  #9400 ) ;
#3980 = EDGE_CURVE ( 'NONE', #428, #3913, #8680, .T. ) ;
#3981 = ORIENTED_EDGE ( 'NONE', *, *, #5202, .F. ) ;
#3982 = VECTOR ( 'NONE', #5967, 1000.000000000000000 ) ;
#3983 = CARTESIAN_POINT ( 'NONE',  ( 0.1499999999999999667, 0.2000000000000005107, 3.000000000000000000 ) ) ;
#3985 = ORIENTED_EDGE ( 'NONE', *, *, #8818, .F. ) ;
#3984 = CIRCLE ( 'NONE', #7652, 0.1499999999999999667 ) ;
#3986 = AXIS2_PLACEMENT_3D ( 'NONE', #4037, #45, #7027 ) ;
#3987 = CARTESIAN_POINT ( 'NONE',  ( -1.149999999999999911, 0.04999999999999999584, -2.750000000000000000 ) ) ;
#3988 = SURFACE_STYLE_FILL_AREA ( #6974 ) ;
#3989 = ORIENTED_EDGE ( 'NONE', *, *, #2827, .T. ) ;
#3990 = VERTEX_POINT ( 'NONE', #3382 ) ;
#3991 = LINE ( 'NONE', #4538, #5106 ) ;
#3992 = CARTESIAN_POINT ( 'NONE',  ( 2.750000000000000000, 0.1999999999999999833, 0.5000000000000008882 ) ) ;
#3993 = ORIENTED_EDGE ( 'NONE', *, *, #5029, .T. ) ;
#3994 = VECTOR ( 'NONE', #3421, 1000.000000000000000 ) ;
#3995 = CARTESIAN_POINT ( 'NONE',  ( 1.149999999999999911, 0.7000000000000003997, 3.000000000000000000 ) ) ;
#3996 =( GEOMETRIC_REPRESENTATION_CONTEXT ( 3 ) GLOBAL_UNCERTAINTY_ASSIGNED_CONTEXT ( ( #4378 ) ) GLOBAL_UNIT_ASSIGNED_CONTEXT ( ( #2926, #2181, #2090 ) ) REPRESENTATION_CONTEXT ( 'NONE', 'WORKASPACE' ) );
#3997 = ADVANCED_FACE ( 'NONE', ( #6667 ), #2880, .T. ) ;
#3998 = LINE ( 'NONE', #4140, #8038 ) ;
#3999 = AXIS2_PLACEMENT_3D ( 'NONE', #9670, #8078, #5816 ) ;
#4000 = EDGE_CURVE ( 'NONE', #1773, #1725, #5770, .T. ) ;
#4001 = ORIENTED_EDGE ( 'NONE', *, *, #4349, .T. ) ;
#4002 = DIRECTION ( 'NONE',  ( 0.000000000000000000, -0.000000000000000000, -1.000000000000000000 ) ) ;
#4003 = AXIS2_PLACEMENT_3D ( 'NONE', #7965, #4077, #8762 ) ;
#4004 = CARTESIAN_POINT ( 'NONE',  ( 1.449999999999999956, 0.000000000000000000, -3.000000000000000000 ) ) ;
#4005 = ORIENTED_EDGE ( 'NONE', *, *, #8929, .F. ) ;
#4006 = ORIENTED_EDGE ( 'NONE', *, *, #3823, .F. ) ;
#4007 = VECTOR ( 'NONE', #5661, 1000.000000000000000 ) ;
#4008 = CARTESIAN_POINT ( 'NONE',  ( -3.000000000000000000, 0.7000000000000000666, 2.100000000000000089 ) ) ;
#4009 = CARTESIAN_POINT ( 'NONE',  ( 3.000000000000000000, 0.04999999999999969746, -1.149999999999999467 ) ) ;
#4010 = ADVANCED_FACE ( 'NONE', ( #2929 ), #3587, .T. ) ;
#4011 = ORIENTED_EDGE ( 'NONE', *, *, #7120, .T. ) ;
#4012 = LINE ( 'NONE', #2406, #8086 ) ;
#4013 = LINE ( 'NONE', #1016, #8275 ) ;
#4014 = CARTESIAN_POINT ( 'NONE',  ( -0.6500000000000000222, 0.04999999999999999584, -2.750000000000000000 ) ) ;
#4015 = VERTEX_POINT ( 'NONE', #8223 ) ;
#4016 = CARTESIAN_POINT ( 'NONE',  ( -2.538461538461538769, 0.9000000000000000222, -2.538461538461538769 ) ) ;
#4017 = SURFACE_STYLE_FILL_AREA ( #7760 ) ;
#4018 = VERTEX_POINT ( 'NONE', #7471 ) ;
#4019 = DIRECTION ( 'NONE',  ( 0.000000000000000000, -1.000000000000000000, 0.000000000000000000 ) ) ;
#4020 = CIRCLE ( 'NONE', #9444, 0.1499999999999999667 ) ;
#4021 = CARTESIAN_POINT ( 'NONE',  ( 0.1499999999999999667, 0.7000000000000003997, -3.000000000000000000 ) ) ;
#4022 = EDGE_LOOP ( 'NONE', ( #5304, #2174, #3889, #3776 ) ) ;
#4023 = DIRECTION ( 'NONE',  ( -0.000000000000000000, -1.000000000000000000, -0.000000000000000000 ) ) ;
#4024 = AXIS2_PLACEMENT_3D ( 'NONE', #5093, #557, #2950 ) ;
#4025 = VECTOR ( 'NONE', #3471, 1000.000000000000000 ) ;
#4026 = PLANE ( 'NONE',  #1716 ) ;
#4027 = DIRECTION ( 'NONE',  ( 0.000000000000000000, 1.000000000000000000, 0.000000000000000000 ) ) ;
#4028 = CARTESIAN_POINT ( 'NONE',  ( -3.000000000000000000, 0.1999999999999999833, 0.1500000000000003830 ) ) ;
#4029 = DIRECTION ( 'NONE',  ( 0.000000000000000000, 1.000000000000000000, 0.000000000000000000 ) ) ;
#4030 = VERTEX_POINT ( 'NONE', #2183 ) ;
#4031 = EDGE_CURVE ( 'NONE', #8272, #92, #7321, .T. ) ;
#4032 = DIRECTION ( 'NONE',  ( 0.000000000000000000, -0.000000000000000000, 1.000000000000000000 ) ) ;
#4033 = AXIS2_PLACEMENT_3D ( 'NONE', #1215, #8250, #4258 ) ;
#4034 = ORIENTED_EDGE ( 'NONE', *, *, #4544, .T. ) ;
#4035 = AXIS2_PLACEMENT_3D ( 'NONE', #7284, #3494, #2009 ) ;
#4036 = PLANE ( 'NONE',  #6843 ) ;
#4037 = CARTESIAN_POINT ( 'NONE',  ( -2.750000000000000000, 0.7000000000000000666, 0.6500000000000005773 ) ) ;
#4038 = ORIENTED_EDGE ( 'NONE', *, *, #7823, .T. ) ;
#4039 = VERTEX_POINT ( 'NONE', #4275 ) ;
#4040 = CARTESIAN_POINT ( 'NONE',  ( -1.949999999999999956, 0.2000000000000000111, -2.750000000000000000 ) ) ;
#4041 = DIRECTION ( 'NONE',  ( 0.000000000000000000, 1.000000000000000000, 0.000000000000000000 ) ) ;
#4042 = CARTESIAN_POINT ( 'NONE',  ( 1.449999999999999956, 0.1999999999999999833, 3.000000000000000000 ) ) ;
#4043 = ORIENTED_EDGE ( 'NONE', *, *, #5414, .F. ) ;
#4044 = COLOUR_RGB ( '',0.7921568627450980005, 0.8196078431372548767, 0.9333333333333333481 ) ;
#4045 = CARTESIAN_POINT ( 'NONE',  ( -3.000000000000000000, 0.7000000000000000666, -2.099999999999999645 ) ) ;
#4046 = VECTOR ( 'NONE', #2347, 1000.000000000000000 ) ;
#4047 = ORIENTED_EDGE ( 'NONE', *, *, #8953, .F. ) ;
#4048 = CARTESIAN_POINT ( 'NONE',  ( -1.949999999999999956, 0.2000000000000000111, 2.750000000000000000 ) ) ;
#4049 =( GEOMETRIC_REPRESENTATION_CONTEXT ( 3 ) GLOBAL_UNCERTAINTY_ASSIGNED_CONTEXT ( ( #2155 ) ) GLOBAL_UNIT_ASSIGNED_CONTEXT ( ( #6171, #98, #6741 ) ) REPRESENTATION_CONTEXT ( 'NONE', 'WORKASPACE' ) );
#4050 = EDGE_CURVE ( 'NONE', #507, #585, #8122, .T. ) ;
#4051 = LINE ( 'NONE', #5486, #5157 ) ;
#4052 = VERTEX_POINT ( 'NONE', #5963 ) ;
#4053 = ORIENTED_EDGE ( 'NONE', *, *, #8398, .F. ) ;
#4054 = STYLED_ITEM ( 'NONE', ( #696 ), #3138 ) ;
#4055 = CARTESIAN_POINT ( 'NONE',  ( 2.100000000000000089, 0.2000000000000000111, -3.000000000000000000 ) ) ;
#4056 = LINE ( 'NONE', #1009, #3836 ) ;
#4057 = DIRECTION ( 'NONE',  ( -0.000000000000000000, -1.000000000000000000, -0.000000000000000000 ) ) ;
#4058 = CIRCLE ( 'NONE', #868, 0.1499999999999999667 ) ;
#4059 = VERTEX_POINT ( 'NONE', #586 ) ;
#4060 = CARTESIAN_POINT ( 'NONE',  ( 1.449999999999999956, 0.04999999999999969746, -3.000000000000000000 ) ) ;
#4061 = ADVANCED_FACE ( 'NONE', ( #9014 ), #5862, .F. ) ;
#4062 = DIRECTION ( 'NONE',  ( 0.000000000000000000, 1.000000000000000000, 0.000000000000000000 ) ) ;
#4063 = ADVANCED_FACE ( 'NONE', ( #8177 ), #6771, .F. ) ;
#4064 = ADVANCED_FACE ( 'NONE', ( #6720 ), #8924, .F. ) ;
#4065 = DIRECTION ( 'NONE',  ( 0.000000000000000000, 0.000000000000000000, -1.000000000000000000 ) ) ;
#4066 = VERTEX_POINT ( 'NONE', #9820 ) ;
#4067 = PLANE ( 'NONE',  #9286 ) ;
#4068 = DIRECTION ( 'NONE',  ( 1.000000000000000000, 0.000000000000000000, 0.000000000000000000 ) ) ;
#4069 = ORIENTED_EDGE ( 'NONE', *, *, #4532, .T. ) ;
#4070 = LINE ( 'NONE', #5605, #9794 ) ;
#4071 = DIRECTION ( 'NONE',  ( 0.000000000000000000, 0.000000000000000000, -1.000000000000000000 ) ) ;
#4072 = ORIENTED_EDGE ( 'NONE', *, *, #5330, .T. ) ;
#4073 = EDGE_CURVE ( 'NONE', #4018, #5148, #483, .T. ) ;
#4074 = CARTESIAN_POINT ( 'NONE',  ( 1.449999999999999956, 0.7000000000000003997, -3.000000000000000000 ) ) ;
#4075 = CARTESIAN_POINT ( 'NONE',  ( -0.6500000000000000222, 0.7000000000000003997, 2.750000000000000000 ) ) ;
#4076 = ORIENTED_EDGE ( 'NONE', *, *, #5146, .T. ) ;
#4077 = DIRECTION ( 'NONE',  ( 1.000000000000000000, 0.000000000000000000, -1.734723475976805517E-15 ) ) ;
#4078 = CARTESIAN_POINT ( 'NONE',  ( 1.799999999999999822, 0.1999999999999999833, -2.750000000000000000 ) ) ;
#4079 = FILL_AREA_STYLE ('',( #1987 ) ) ;
#4080 = ORIENTED_EDGE ( 'NONE', *, *, #5568, .F. ) ;
#4081 = LINE ( 'NONE', #180, #3769 ) ;
#4082 = ORIENTED_EDGE ( 'NONE', *, *, #5341, .T. ) ;
#4083 = LINE ( 'NONE', #2580, #4614 ) ;
#4084 = CYLINDRICAL_SURFACE ( 'NONE', #1109, 0.1499999999999997446 ) ;
#4085 = EDGE_LOOP ( 'NONE', ( #5519, #3619, #2825, #2079 ) ) ;
#4086 = ORIENTED_EDGE ( 'NONE', *, *, #2118, .T. ) ;
#4087 = DIRECTION ( 'NONE',  ( 0.000000000000000000, -1.000000000000000000, 0.000000000000000000 ) ) ;
#4088 = LINE ( 'NONE', #5721, #9243 ) ;
#4089 = EDGE_CURVE ( 'NONE', #218, #936, #8827, .T. ) ;
#4090 = DIRECTION ( 'NONE',  ( 0.000000000000000000, 0.000000000000000000, 1.000000000000000000 ) ) ;
#4091 = ORIENTED_EDGE ( 'NONE', *, *, #6265, .T. ) ;
#4092 = DIRECTION ( 'NONE',  ( -1.000000000000000000, 0.000000000000000000, -1.734723475976805517E-15 ) ) ;
#4093 = DIRECTION ( 'NONE',  ( -0.000000000000000000, -1.000000000000000000, 0.000000000000000000 ) ) ;
#4094 = VERTEX_POINT ( 'NONE', #2786 ) ;
#4095 = DIRECTION ( 'NONE',  ( -0.000000000000000000, -1.000000000000000000, -0.000000000000000000 ) ) ;
#4096 = AXIS2_PLACEMENT_3D ( 'NONE', #764, #3810, #6653 ) ;
#4097 = CARTESIAN_POINT ( 'NONE',  ( 0.000000000000000000, 0.05000000000000000278, -0.4999999999999995559 ) ) ;
#4098 = ORIENTED_EDGE ( 'NONE', *, *, #3139, .F. ) ;
#4099 = VERTEX_POINT ( 'NONE', #4478 ) ;
#4100 = PLANE ( 'NONE',  #981 ) ;
#4101 = CARTESIAN_POINT ( 'NONE',  ( -2.750000000000000000, 0.05000000000000002359, 0.6500000000000005773 ) ) ;
#4102 = EDGE_CURVE ( 'NONE', #7497, #2435, #1998, .T. ) ;
#4103 = CARTESIAN_POINT ( 'NONE',  ( 1.449999999999999956, 0.7000000000000003997, -3.000000000000000000 ) ) ;
#4104 = CARTESIAN_POINT ( 'NONE',  ( -3.000000000000000000, 0.9999999999999991118, 3.000000000000000444 ) ) ;
#4105 = ADVANCED_FACE ( 'NONE', ( #5173 ), #4426, .F. ) ;
#4106 = ORIENTED_EDGE ( 'NONE', *, *, #6273, .T. ) ;
#4107 = LINE ( 'NONE', #2555, #1317 ) ;
#4108 = CARTESIAN_POINT ( 'NONE',  ( -1.800000000000000044, 0.000000000000000000, -3.000000000000000000 ) ) ;
#4109 = CARTESIAN_POINT ( 'NONE',  ( 2.750000000000000000, 0.000000000000000000, 1.150000000000000799 ) ) ;
#4110 = AXIS2_PLACEMENT_3D ( 'NONE', #8416, #3882, #731 ) ;
#4111 = CARTESIAN_POINT ( 'NONE',  ( 0.000000000000000000, 0.05000000000000000278, 1.450000000000000400 ) ) ;
#4112 = ORIENTED_EDGE ( 'NONE', *, *, #9656, .T. ) ;
#4113 = CARTESIAN_POINT ( 'NONE',  ( -3.000000000000000000, 0.000000000000000000, 0.8000000000000003775 ) ) ;
#4114 = EDGE_CURVE ( 'NONE', #2086, #5910, #7522, .T. ) ;
#4115 = ORIENTED_EDGE ( 'NONE', *, *, #4427, .F. ) ;
#4116 = CARTESIAN_POINT ( 'NONE',  ( 3.000000000000000000, 0.1999999999999999833, 2.100000000000000089 ) ) ;
#4117 = EDGE_CURVE ( 'NONE', #4876, #6832, #2040, .T. ) ;
#4118 = CARTESIAN_POINT ( 'NONE',  ( -3.000000000000000000, 0.1999999999999999833, -1.799999999999999600 ) ) ;
#4119 = VERTEX_POINT ( 'NONE', #9720 ) ;
#4120 = FACE_OUTER_BOUND ( 'NONE', #2823, .T. ) ;
#4121 = LINE ( 'NONE', #225, #6644 ) ;
#4122 = ORIENTED_EDGE ( 'NONE', *, *, #6486, .F. ) ;
#4123 = LINE ( 'NONE', #7163, #8299 ) ;
#4124 = DIRECTION ( 'NONE',  ( -0.000000000000000000, 0.000000000000000000, 1.000000000000000000 ) ) ;
#4125 = EDGE_CURVE ( 'NONE', #7686, #3844, #3929, .T. ) ;
#4126 = EDGE_CURVE ( 'NONE', #9107, #9879, #9413, .T. ) ;
#4127 = VERTEX_POINT ( 'NONE', #4527 ) ;
#4128 = DIRECTION ( 'NONE',  ( 0.000000000000000000, 1.000000000000000000, 0.000000000000000000 ) ) ;
#4129 = VERTEX_POINT ( 'NONE', #7723 ) ;
#4130 = PLANE ( 'NONE',  #9710 ) ;
#4131 = AXIS2_PLACEMENT_3D ( 'NONE', #9474, #6358, #2631 ) ;
#4132 = EDGE_LOOP ( 'NONE', ( #2996, #1408, #1462, #7861 ) ) ;
#4133 = ORIENTED_EDGE ( 'NONE', *, *, #5447, .T. ) ;
#4134 = DIRECTION ( 'NONE',  ( 0.000000000000000000, -0.000000000000000000, 1.000000000000000000 ) ) ;
#4135 = CARTESIAN_POINT ( 'NONE',  ( 0.1499999999999999667, 0.04999999999999969746, 3.000000000000000000 ) ) ;
#4136 = DIRECTION ( 'NONE',  ( -0.000000000000000000, -1.000000000000000000, -0.000000000000000000 ) ) ;
#4137 = EDGE_LOOP ( 'NONE', ( #9121, #8765, #8184, #4595 ) ) ;
#4138 = CARTESIAN_POINT ( 'NONE',  ( -0.5000000000000000000, 0.2000000000000000111, 3.000000000000000000 ) ) ;
#4139 = VECTOR ( 'NONE', #3647, 1000.000000000000000 ) ;
#4140 = CARTESIAN_POINT ( 'NONE',  ( 2.100000000000000089, 0.000000000000000000, 3.000000000000000000 ) ) ;
#4141 = ADVANCED_FACE ( 'NONE', ( #8318 ), #8467, .T. ) ;
#4142 = DIRECTION ( 'NONE',  ( 0.000000000000000000, -1.000000000000000000, 0.000000000000000000 ) ) ;
#4143 = FACE_OUTER_BOUND ( 'NONE', #9528, .T. ) ;
#4144 = EDGE_LOOP ( 'NONE', ( #4043, #5066, #1579, #4069 ) ) ;
#4145 = ORIENTED_EDGE ( 'NONE', *, *, #6477, .F. ) ;
#4146 = VECTOR ( 'NONE', #2474, 1000.000000000000000 ) ;
#4147 = AXIS2_PLACEMENT_3D ( 'NONE', #8517, #3930, #4675 ) ;
#4148 = COLOUR_RGB ( '',0.7921568627450980005, 0.8196078431372548767, 0.9333333333333333481 ) ;
#4149 = DIRECTION ( 'NONE',  ( -1.000000000000000000, 0.000000000000000000, -1.734723475976805517E-15 ) ) ;
#4150 = CARTESIAN_POINT ( 'NONE',  ( -2.750000000000000000, 0.1999999999999999833, -1.449999999999999067 ) ) ;
#4151 = DIRECTION ( 'NONE',  ( 0.000000000000000000, -1.000000000000000000, 0.000000000000000000 ) ) ;
#4152 = DIRECTION ( 'NONE',  ( 0.000000000000000000, -1.000000000000000000, 0.000000000000000000 ) ) ;
#4153 = AXIS2_PLACEMENT_3D ( 'NONE', #5300, #8351, #1274 ) ;
#4154 = FACE_OUTER_BOUND ( 'NONE', #5874, .T. ) ;
#4155 = EDGE_CURVE ( 'NONE', #4823, #9770, #81, .T. ) ;
#4156 = PLANE ( 'NONE',  #8885 ) ;
#4157 = AXIS2_PLACEMENT_3D ( 'NONE', #1547, #2383, #7683 ) ;
#4158 = DIRECTION ( 'NONE',  ( -1.734723475976805517E-15, 0.000000000000000000, -1.000000000000000000 ) ) ;
#4159 = DIRECTION ( 'NONE',  ( 0.000000000000000000, 0.000000000000000000, 1.000000000000000000 ) ) ;
#4160 = VECTOR ( 'NONE', #8832, 1000.000000000000114 ) ;
#4161 = CARTESIAN_POINT ( 'NONE',  ( 2.100000000000000089, 0.1999999999999999833, 3.000000000000000000 ) ) ;
#4162 = ORIENTED_EDGE ( 'NONE', *, *, #444, .F. ) ;
#4163 = CARTESIAN_POINT ( 'NONE',  ( -0.8000000000000003775, 0.1999999999999999833, -2.750000000000000000 ) ) ;
#4164 = ORIENTED_EDGE ( 'NONE', *, *, #9297, .T. ) ;
#4165 = DIRECTION ( 'NONE',  ( -0.000000000000000000, -1.000000000000000000, -0.000000000000000000 ) ) ;
#4166 = DIRECTION ( 'NONE',  ( 1.000000000000000000, 0.000000000000000000, -1.734723475976805714E-15 ) ) ;
#4167 = LINE ( 'NONE', #4074, #3848 ) ;
#4168 = EDGE_CURVE ( 'NONE', #9459, #7125, #880, .T. ) ;
#4169 = EDGE_CURVE ( 'NONE', #2645, #1773, #9259, .T. ) ;
#4170 = DIRECTION ( 'NONE',  ( 0.000000000000000000, -1.000000000000000000, 0.000000000000000000 ) ) ;
#4171 = ORIENTED_EDGE ( 'NONE', *, *, #869, .T. ) ;
#4172 = CARTESIAN_POINT ( 'NONE',  ( -0.7999999999999999334, 0.2000000000000000111, 3.000000000000000000 ) ) ;
#4173 = CARTESIAN_POINT ( 'NONE',  ( -0.5000000000000000000, 0.000000000000000000, 3.000000000000000000 ) ) ;
#4174 = AXIS2_PLACEMENT_3D ( 'NONE', #2534, #5628, #7886 ) ;
#4175 = ORIENTED_EDGE ( 'NONE', *, *, #7958, .T. ) ;
#4176 = CARTESIAN_POINT ( 'NONE',  ( 1.449999999999999956, 0.1999999999999999833, 3.000000000000000000 ) ) ;
#4177 = VERTEX_POINT ( 'NONE', #2325 ) ;
#4178 = CARTESIAN_POINT ( 'NONE',  ( -2.750000000000000000, 0.7000000000000000666, 1.150000000000000799 ) ) ;
#4179 = AXIS2_PLACEMENT_3D ( 'NONE', #8179, #3636, #8972 ) ;
#4180 = ADVANCED_FACE ( 'NONE', ( #834 ), #5467, .F. ) ;
#4181 = FILL_AREA_STYLE ('',( #6509 ) ) ;
#4182 = ORIENTED_EDGE ( 'NONE', *, *, #1433, .T. ) ;
#4183 = ORIENTED_EDGE ( 'NONE', *, *, #6590, .F. ) ;
#4184 = EDGE_CURVE ( 'NONE', #9490, #165, #8516, .T. ) ;
#4185 = DIRECTION ( 'NONE',  ( 0.000000000000000000, -1.000000000000000000, 0.000000000000000000 ) ) ;
#4186 = CARTESIAN_POINT ( 'NONE',  ( 2.750000000000000000, 0.05000000000000002359, -2.099999999999999201 ) ) ;
#4187 = DIRECTION ( 'NONE',  ( -0.000000000000000000, 0.000000000000000000, 1.000000000000000000 ) ) ;
#4188 = ORIENTED_EDGE ( 'NONE', *, *, #3153, .T. ) ;
#4189 = DIRECTION ( 'NONE',  ( 0.000000000000000000, 0.000000000000000000, -1.000000000000000000 ) ) ;
#4190 = PRESENTATION_STYLE_ASSIGNMENT (( #4281 ) ) ;
#4191 = CIRCLE ( 'NONE', #2127, 0.1499999999999997446 ) ;
#4192 = AXIS2_PLACEMENT_3D ( 'NONE', #6892, #9332, #7743 ) ;
#4193 = DIRECTION ( 'NONE',  ( -0.000000000000000000, -1.000000000000000000, -0.000000000000000000 ) ) ;
#4194 = CARTESIAN_POINT ( 'NONE',  ( -3.000000000000000000, 0.7000000000000000666, -1.799999999999999600 ) ) ;
#4195 = ORIENTED_EDGE ( 'NONE', *, *, #4487, .T. ) ;
#4196 = ORIENTED_EDGE ( 'NONE', *, *, #4168, .T. ) ;
#4197 = ADVANCED_FACE ( 'NONE', ( #1682 ), #6109, .T. ) ;
#4198 = AXIS2_PLACEMENT_3D ( 'NONE', #1616, #6035, #5988 ) ;
#4199 = CARTESIAN_POINT ( 'NONE',  ( -3.000000000000000000, 0.1999999999999999833, 2.100000000000000089 ) ) ;
#4200 = LINE ( 'NONE', #8891, #3975 ) ;
#4201 = AXIS2_PLACEMENT_3D ( 'NONE', #506, #6483, #8798 ) ;
#4202 = LINE ( 'NONE', #9640, #7668 ) ;
#4203 = DIRECTION ( 'NONE',  ( 0.000000000000000000, 1.000000000000000000, 0.000000000000000000 ) ) ;
#4204 = STYLED_ITEM ( 'NONE', ( #7740 ), #6664 ) ;
#4205 = CYLINDRICAL_SURFACE ( 'NONE', #2910, 0.1499999999999997446 ) ;
#4206 = COLOUR_RGB ( '',0.7921568627450980005, 0.8196078431372548767, 0.9333333333333333481 ) ;
#4207 = LINE ( 'NONE', #7245, #4804 ) ;
#4208 = CARTESIAN_POINT ( 'NONE',  ( 3.000000000000000000, 0.000000000000000000, 2.100000000000000089 ) ) ;
#4209 = DIRECTION ( 'NONE',  ( -0.000000000000000000, -1.000000000000000000, 0.000000000000000000 ) ) ;
#4210 = LINE ( 'NONE', #6487, #6386 ) ;
#4211 = VECTOR ( 'NONE', #8387, 1000.000000000000000 ) ;
#4212 = DIRECTION ( 'NONE',  ( 0.000000000000000000, 0.000000000000000000, 1.000000000000000000 ) ) ;
#4213 = ORIENTED_EDGE ( 'NONE', *, *, #7775, .F. ) ;
#4214 = EDGE_CURVE ( 'NONE', #7145, #773, #6152, .T. ) ;
#4215 = DIRECTION ( 'NONE',  ( -1.734723475976805517E-15, 0.000000000000000000, -1.000000000000000000 ) ) ;
#4216 = EDGE_LOOP ( 'NONE', ( #9218, #625, #2997, #4228 ) ) ;
#4217 = CARTESIAN_POINT ( 'NONE',  ( 0.7999999999999999334, 0.04999999999999969746, 3.000000000000000000 ) ) ;
#4218 = PLANE ( 'NONE',  #5970 ) ;
#4219 =( NAMED_UNIT ( * ) SI_UNIT ( $, .STERADIAN. ) SOLID_ANGLE_UNIT ( ) );
#4220 = LINE ( 'NONE', #1728, #7288 ) ;
#4221 = EDGE_LOOP ( 'NONE', ( #990, #8825, #60, #5547 ) ) ;
#4222 = LINE ( 'NONE', #1128, #6043 ) ;
#4223 = CARTESIAN_POINT ( 'NONE',  ( 3.000000000000000000, 0.000000000000000000, 0.8000000000000003775 ) ) ;
#4224 = CARTESIAN_POINT ( 'NONE',  ( 3.000000000000000000, 0.05000000000000000278, 3.000000000000000000 ) ) ;
#4225 = VERTEX_POINT ( 'NONE', #7016 ) ;
#4226 = EDGE_CURVE ( 'NONE', #9690, #1371, #2974, .T. ) ;
#4227 = DIRECTION ( 'NONE',  ( 0.000000000000000000, 0.000000000000000000, -1.000000000000000000 ) ) ;
#4228 = ORIENTED_EDGE ( 'NONE', *, *, #5705, .T. ) ;
#4229 = FACE_OUTER_BOUND ( 'NONE', #5751, .T. ) ;
#4230 = VECTOR ( 'NONE', #1024, 1000.000000000000000 ) ;
#4231 = EDGE_LOOP ( 'NONE', ( #4580, #4183, #6627, #556 ) ) ;
#4232 = ORIENTED_EDGE ( 'NONE', *, *, #3056, .F. ) ;
#4233 = CARTESIAN_POINT ( 'NONE',  ( 1.799999999999999600, 0.000000000000000000, -2.750000000000000000 ) ) ;
#4234 = FACE_OUTER_BOUND ( 'NONE', #3686, .T. ) ;
#4235 = CARTESIAN_POINT ( 'NONE',  ( 0.7999999999999999334, 0.1999999999999999833, -3.000000000000000000 ) ) ;
#4236 = ORIENTED_EDGE ( 'NONE', *, *, #351, .F. ) ;
#4237 = CARTESIAN_POINT ( 'NONE',  ( -2.538461538461538769, 1.000000000000000000, -2.338461538461539035 ) ) ;
#4238 = EDGE_CURVE ( 'NONE', #8993, #3017, #2234, .T. ) ;
#4239 = DIRECTION ( 'NONE',  ( 0.000000000000000000, 0.000000000000000000, 1.000000000000000000 ) ) ;
#4240 = CYLINDRICAL_SURFACE ( 'NONE', #8040, 0.1499999999999999667 ) ;
#4241 = ORIENTED_EDGE ( 'NONE', *, *, #6921, .F. ) ;
#4242 = ORIENTED_EDGE ( 'NONE', *, *, #7457, .F. ) ;
#4243 = PLANE ( 'NONE',  #4035 ) ;
#4244 = DIRECTION ( 'NONE',  ( 0.000000000000000000, 0.000000000000000000, 1.000000000000000000 ) ) ;
#4245 = CIRCLE ( 'NONE', #9343, 0.1499999999999997446 ) ;
#4246 = CLOSED_SHELL ( 'NONE', ( #3014, #5697, #9518, #6547 ) ) ;
#4247 = CARTESIAN_POINT ( 'NONE',  ( 0.000000000000000000, 0.7000000000000003997, 2.750000000000000000 ) ) ;
#4248 = FILL_AREA_STYLE_COLOUR ( '', #6095 ) ;
#4249 = ADVANCED_FACE ( 'NONE', ( #2370 ), #7572, .F. ) ;
#4250 = DIRECTION ( 'NONE',  ( 0.000000000000000000, 0.000000000000000000, -1.000000000000000000 ) ) ;
#4251 = FACE_OUTER_BOUND ( 'NONE', #3767, .T. ) ;
#4252 = DIRECTION ( 'NONE',  ( -1.000000000000000000, 0.000000000000000000, 7.228014483236695816E-17 ) ) ;
#4253 = ORIENTED_EDGE ( 'NONE', *, *, #6116, .F. ) ;
#4254 = PLANE ( 'NONE',  #4801 ) ;
#4255 = VECTOR ( 'NONE', #1764, 1000.000000000000000 ) ;
#4256 = CARTESIAN_POINT ( 'NONE',  ( -0.5000000000000000000, 0.1999999999999999833, -3.000000000000000000 ) ) ;
#4257 = ORIENTED_EDGE ( 'NONE', *, *, #3874, .F. ) ;
#4258 = DIRECTION ( 'NONE',  ( 1.000000000000000000, 0.000000000000000000, 1.734723475976805714E-15 ) ) ;
#4259 = ORIENTED_EDGE ( 'NONE', *, *, #8412, .F. ) ;
#4260 = CARTESIAN_POINT ( 'NONE',  ( -0.6500000000000000222, 0.000000000000000000, 2.599999999999999645 ) ) ;
#4261 = EDGE_CURVE ( 'NONE', #6335, #8955, #3777, .T. ) ;
#4262 = AXIS2_PLACEMENT_3D ( 'NONE', #9004, #5757, #2868 ) ;
#4263 = DIRECTION ( 'NONE',  ( -0.000000000000000000, -1.000000000000000000, -0.000000000000000000 ) ) ;
#4264 = EDGE_CURVE ( 'NONE', #7145, #4177, #3022, .T. ) ;
#4265 = DIRECTION ( 'NONE',  ( 0.000000000000000000, 0.000000000000000000, -1.000000000000000000 ) ) ;
#4266 = ORIENTED_EDGE ( 'NONE', *, *, #1997, .T. ) ;
#4267 = DIRECTION ( 'NONE',  ( -1.000000000000000000, 0.000000000000000000, 0.000000000000000000 ) ) ;
#4268 = CARTESIAN_POINT ( 'NONE',  ( -2.750000000000000000, 0.05000000000000002359, 0.8000000000000003775 ) ) ;
#4269 = CARTESIAN_POINT ( 'NONE',  ( 2.399999999999999911, 0.000000000000000000, 2.299999999999999378 ) ) ;
#4270 = ORIENTED_EDGE ( 'NONE', *, *, #3632, .F. ) ;
#4271 = ADVANCED_FACE ( 'NONE', ( #5322 ), #8372, .F. ) ;
#4272 = LINE ( 'NONE', #2681, #5405 ) ;
#4273 = ORIENTED_EDGE ( 'NONE', *, *, #5911, .T. ) ;
#4274 = ORIENTED_EDGE ( 'NONE', *, *, #2802, .T. ) ;
#4275 = CARTESIAN_POINT ( 'NONE',  ( -2.750000000000000000, 0.1999999999999999833, -0.4999999999999995559 ) ) ;
#4276 = EDGE_CURVE ( 'NONE', #4094, #5846, #5415, .T. ) ;
#4277 = CARTESIAN_POINT ( 'NONE',  ( -2.224999999999990319, -0.000000000000000000, -2.225000000000007194 ) ) ;
#4278 = CARTESIAN_POINT ( 'NONE',  ( -2.100000000000000089, 0.2000000000000000111, 2.750000000000000000 ) ) ;
#4279 = ORIENTED_EDGE ( 'NONE', *, *, #8674, .F. ) ;
#4280 = CARTESIAN_POINT ( 'NONE',  ( 0.4999999999999995559, 0.2000000000000000111, -2.750000000000000000 ) ) ;
#4281 = SURFACE_STYLE_USAGE ( .BOTH. , #3725 ) ;
#4282 = EDGE_LOOP ( 'NONE', ( #9676, #9462, #1673, #1700, #7992 ) ) ;
#4283 = DIRECTION ( 'NONE',  ( 0.000000000000000000, 0.000000000000000000, -1.000000000000000000 ) ) ;
#4284 = CARTESIAN_POINT ( 'NONE',  ( 0.8000000000000001554, 0.7000000000000003997, 2.750000000000000000 ) ) ;
#4285 = VERTEX_POINT ( 'NONE', #5510 ) ;
#4286 = VERTEX_POINT ( 'NONE', #4911 ) ;
#4287 = CARTESIAN_POINT ( 'NONE',  ( -1.800000000000000044, 0.2000000000000000111, -3.000000000000000000 ) ) ;
#4288 = EDGE_CURVE ( 'NONE', #3754, #7048, #5998, .T. ) ;
#4289 = CYLINDRICAL_SURFACE ( 'NONE', #8273, 0.1499999999999999667 ) ;
#4290 = EDGE_CURVE ( 'NONE', #6268, #6148, #1176, .T. ) ;
#4291 = AXIS2_PLACEMENT_3D ( 'NONE', #8627, #237, #3898 ) ;
#4292 = DIRECTION ( 'NONE',  ( 0.000000000000000000, 0.000000000000000000, 1.000000000000000000 ) ) ;
#4293 = AXIS2_PLACEMENT_3D ( 'NONE', #8596, #6290, #211 ) ;
#4294 = CARTESIAN_POINT ( 'NONE',  ( -3.000000000000000000, 0.9999999999999991118, 3.000000000000000444 ) ) ;
#4295 = CARTESIAN_POINT ( 'NONE',  ( -1.800000000000000044, 0.7000000000000003997, -3.000000000000000000 ) ) ;
#4297 = ORIENTED_EDGE ( 'NONE', *, *, #8140, .F. ) ;
#4296 = CIRCLE ( 'NONE', #794, 0.1499999999999997446 ) ;
#4298 = CARTESIAN_POINT ( 'NONE',  ( 1.949999999999999956, 0.2000000000000000111, 2.750000000000000000 ) ) ;
#4299 = CIRCLE ( 'NONE', #1270, 0.1499999999999999667 ) ;
#4300 = FACE_OUTER_BOUND ( 'NONE', #2495, .T. ) ;
#4301 = EDGE_LOOP ( 'NONE', ( #9869, #1659, #9157, #9468 ) ) ;
#4302 = ORIENTED_EDGE ( 'NONE', *, *, #4117, .T. ) ;
#4303 = ADVANCED_FACE ( 'NONE', ( #3366 ), #372, .T. ) ;
#4304 = FACE_OUTER_BOUND ( 'NONE', #2693, .T. ) ;
#4305 = LINE ( 'NONE', #2711, #5761 ) ;
#4306 = ORIENTED_EDGE ( 'NONE', *, *, #6445, .F. ) ;
#4307 = PRESENTATION_LAYER_ASSIGNMENT (  '', '', ( #3027 ) ) ;
#4308 = CARTESIAN_POINT ( 'NONE',  ( -2.750000000000000000, 0.1999999999999999833, 1.150000000000000799 ) ) ;
#4309 = AXIS2_PLACEMENT_3D ( 'NONE', #9189, #6656, #1564 ) ;
#4310 = ORIENTED_EDGE ( 'NONE', *, *, #4000, .T. ) ;
#4311 = LINE ( 'NONE', #7356, #6571 ) ;
#4312 = AXIS2_PLACEMENT_3D ( 'NONE', #891, #3791, #1697 ) ;
#4313 = CARTESIAN_POINT ( 'NONE',  ( -2.100000000000000089, 0.2000000000000000111, -2.750000000000000000 ) ) ;
#4314 = VECTOR ( 'NONE', #3600, 1000.000000000000000 ) ;
#4315 = ADVANCED_FACE ( 'NONE', ( #2470 ), #8612, .T. ) ;
#4316 = AXIS2_PLACEMENT_3D ( 'NONE', #4287, #7336, #3549 ) ;
#4317 = LINE ( 'NONE', #7361, #7133 ) ;
#4318 = ORIENTED_EDGE ( 'NONE', *, *, #4568, .F. ) ;
#4319 = DIRECTION ( 'NONE',  ( 1.000000000000000000, -0.000000000000000000, -0.000000000000000000 ) ) ;
#4320 = CARTESIAN_POINT ( 'NONE',  ( -2.750000000000000000, 0.7000000000000000666, -0.4999999999999995559 ) ) ;
#4321 = LINE ( 'NONE', #6765, #3182 ) ;
#4322 = ADVANCED_FACE ( 'NONE', ( #5612 ), #5707, .T. ) ;
#4323 = EDGE_LOOP ( 'NONE', ( #3280, #7791, #1761, #2013, #7608 ) ) ;
#4324 = CARTESIAN_POINT ( 'NONE',  ( 2.100000000000000089, 0.1999999999999999833, -3.000000000000000000 ) ) ;
#4325 = EDGE_LOOP ( 'NONE', ( #7227, #4369, #1840, #3829 ) ) ;
#4326 = SURFACE_SIDE_STYLE ('',( #1283 ) ) ;
#4327 = VERTEX_POINT ( 'NONE', #7067 ) ;
#4328 = VERTEX_POINT ( 'NONE', #7113 ) ;
#4329 = AXIS2_PLACEMENT_3D ( 'NONE', #1100, #9385, #347 ) ;
#4330 = CARTESIAN_POINT ( 'NONE',  ( 2.750000000000000000, 0.7000000000000000666, 2.100000000000000089 ) ) ;
#4331 = LINE ( 'NONE', #6006, #8931 ) ;
#4332 = CARTESIAN_POINT ( 'NONE',  ( -3.000000000000000000, 0.7000000000000000666, 0.1500000000000003830 ) ) ;
#4333 = VERTEX_POINT ( 'NONE', #6447 ) ;
#4334 = FACE_OUTER_BOUND ( 'NONE', #5260, .T. ) ;
#4335 = AXIS2_PLACEMENT_3D ( 'NONE', #2704, #2805, #8797 ) ;
#4336 = EDGE_CURVE ( 'NONE', #5168, #5674, #4220, .T. ) ;
#4337 = EDGE_LOOP ( 'NONE', ( #4490, #4266, #1611, #2776 ) ) ;
#4338 = AXIS2_PLACEMENT_3D ( 'NONE', #1744, #9092, #994 ) ;
#4339 = PLANE ( 'NONE',  #8753 ) ;
#4340 = VERTEX_POINT ( 'NONE', #4760 ) ;
#4341 = ORIENTED_EDGE ( 'NONE', *, *, #8663, .T. ) ;
#4342 = DIRECTION ( 'NONE',  ( 1.000000000000000000, -0.000000000000000000, 0.000000000000000000 ) ) ;
#4343 = LINE ( 'NONE', #4150, #7486 ) ;
#4344 = VECTOR ( 'NONE', #3577, 1000.000000000000000 ) ;
#4345 = CARTESIAN_POINT ( 'NONE',  ( 2.750000000000000000, 0.000000000000000000, -0.6499999999999993561 ) ) ;
#4346 = EDGE_CURVE ( 'NONE', #7521, #9564, #1877, .T. ) ;
#4347 = CARTESIAN_POINT ( 'NONE',  ( 0.7999999999999999334, 0.2000000000000000111, -3.000000000000000000 ) ) ;
#4348 = DIRECTION ( 'NONE',  ( 0.000000000000000000, -0.000000000000000000, 1.000000000000000000 ) ) ;
#4349 = EDGE_CURVE ( 'NONE', #1184, #9377, #2519, .T. ) ;
#4350 = ORIENTED_EDGE ( 'NONE', *, *, #3073, .F. ) ;
#4351 = CARTESIAN_POINT ( 'NONE',  ( -2.538461538461538769, 1.000000000000000000, -2.338461538461539035 ) ) ;
#4352 = AXIS2_PLACEMENT_3D ( 'NONE', #5701, #8006, #4215 ) ;
#4353 = CYLINDRICAL_SURFACE ( 'NONE', #7391, 0.1499999999999999667 ) ;
#4354 = ORIENTED_EDGE ( 'NONE', *, *, #822, .T. ) ;
#4355 = ORIENTED_EDGE ( 'NONE', *, *, #5010, .F. ) ;
#4356 = LINE ( 'NONE', #3562, #1303 ) ;
#4357 = CARTESIAN_POINT ( 'NONE',  ( -0.6500000000000000222, 0.04999999999999999584, 2.750000000000000000 ) ) ;
#4358 = ORIENTED_EDGE ( 'NONE', *, *, #793, .T. ) ;
#4359 = DIRECTION ( 'NONE',  ( -1.734723475976805714E-15, 0.000000000000000000, 1.000000000000000000 ) ) ;
#4360 = ORIENTED_EDGE ( 'NONE', *, *, #6955, .F. ) ;
#4361 = PLANE ( 'NONE',  #8159 ) ;
#4362 = VECTOR ( 'NONE', #7894, 1000.000000000000000 ) ;
#4363 = EDGE_CURVE ( 'NONE', #4094, #3990, #7869, .T. ) ;
#4364 = EDGE_CURVE ( 'NONE', #3017, #9830, #3214, .T. ) ;
#4365 = DIRECTION ( 'NONE',  ( 0.000000000000000000, -1.000000000000000000, 0.000000000000000000 ) ) ;
#4366 = EDGE_CURVE ( 'NONE', #1546, #7020, #7819, .T. ) ;
#4367 = PRESENTATION_LAYER_ASSIGNMENT (  '', '', ( #539 ) ) ;
#4368 = DIRECTION ( 'NONE',  ( 0.000000000000000000, 0.000000000000000000, 1.000000000000000000 ) ) ;
#4369 = ORIENTED_EDGE ( 'NONE', *, *, #3390, .T. ) ;
#4370 = CARTESIAN_POINT ( 'NONE',  ( -2.750000000000000000, 0.1999999999999999833, 1.950000000000000622 ) ) ;
#4371 = CARTESIAN_POINT ( 'NONE',  ( 3.000000000000000000, 0.7000000000000000666, -1.799999999999999600 ) ) ;
#4372 = CYLINDRICAL_SURFACE ( 'NONE', #159, 0.1499999999999999667 ) ;
#4373 = COLOUR_RGB ( '',0.7921568627450980005, 0.8196078431372548767, 0.9333333333333333481 ) ;
#4374 = ADVANCED_FACE ( 'NONE', ( #8760 ), #4026, .T. ) ;
#4375 = CARTESIAN_POINT ( 'NONE',  ( -1.449999999999999956, 0.2000000000000000111, 3.000000000000000000 ) ) ;
#4376 = CIRCLE ( 'NONE', #7721, 0.1499999999999999667 ) ;
#4377 = ORIENTED_EDGE ( 'NONE', *, *, #5087, .T. ) ;
#4378 = UNCERTAINTY_MEASURE_WITH_UNIT (LENGTH_MEASURE( 1.000000000000000082E-05 ), #2926, 'distance_accuracy_value', 'NONE');
#4379 = VERTEX_POINT ( 'NONE', #4960 ) ;
#4380 = VERTEX_POINT ( 'NONE', #1779 ) ;
#4381 = CARTESIAN_POINT ( 'NONE',  ( 1.800000000000000044, 0.2000000000000000111, -3.000000000000000000 ) ) ;
#4382 = CARTESIAN_POINT ( 'NONE',  ( -2.750000000000000000, 0.7000000000000000666, -1.449999999999999067 ) ) ;
#4383 = CARTESIAN_POINT ( 'NONE',  ( 1.449999999999999956, 0.7000000000000003997, -2.750000000000000000 ) ) ;
#4384 = VERTEX_POINT ( 'NONE', #978 ) ;
#4385 = FACE_OUTER_BOUND ( 'NONE', #1071, .T. ) ;
#4386 = ORIENTED_EDGE ( 'NONE', *, *, #9454, .T. ) ;
#4387 = FACE_OUTER_BOUND ( 'NONE', #6466, .T. ) ;
#4388 = CARTESIAN_POINT ( 'NONE',  ( -2.750000000000000000, 0.1999999999999999833, -1.149999999999999467 ) ) ;
#4389 = ORIENTED_EDGE ( 'NONE', *, *, #3795, .T. ) ;
#4390 = EDGE_CURVE ( 'NONE', #670, #6026, #4121, .T. ) ;
#4391 = ORIENTED_EDGE ( 'NONE', *, *, #4868, .T. ) ;
#4392 = CARTESIAN_POINT ( 'NONE',  ( 1.149999999999999467, 0.2000000000000000111, 2.750000000000000000 ) ) ;
#4393 = DIRECTION ( 'NONE',  ( 0.000000000000000000, 0.000000000000000000, -1.000000000000000000 ) ) ;
#4394 = CARTESIAN_POINT ( 'NONE',  ( 1.300000000000000044, 0.2000000000000000111, 2.750000000000000000 ) ) ;
#4395 =( LENGTH_UNIT ( ) NAMED_UNIT ( * ) SI_UNIT ( .MILLI., .METRE. ) );
#4396 = CARTESIAN_POINT ( 'NONE',  ( 1.449999999999999956, 0.1999999999999999833, -3.000000000000000000 ) ) ;
#4397 = VERTEX_POINT ( 'NONE', #6302 ) ;
#4398 = DIRECTION ( 'NONE',  ( 0.000000000000000000, -1.000000000000000000, 0.000000000000000000 ) ) ;
#4399 = DIRECTION ( 'NONE',  ( -1.000000000000000000, 0.000000000000000000, 1.734723475976805714E-15 ) ) ;
#4400 = EDGE_LOOP ( 'NONE', ( #7577, #4731, #3905, #3431 ) ) ;
#4401 = EDGE_CURVE ( 'NONE', #514, #7125, #1125, .T. ) ;
#4402 = ORIENTED_EDGE ( 'NONE', *, *, #8980, .T. ) ;
#4403 = CARTESIAN_POINT ( 'NONE',  ( -0.1500000000000003830, 0.000000000000000000, 2.750000000000000000 ) ) ;
#4404 = PLANE ( 'NONE',  #918 ) ;
#4405 = EDGE_CURVE ( 'NONE', #4177, #7443, #6346, .T. ) ;
#4406 = DIRECTION ( 'NONE',  ( 0.000000000000000000, -0.000000000000000000, 1.000000000000000000 ) ) ;
#4407 = ORIENTED_EDGE ( 'NONE', *, *, #3823, .T. ) ;
#4408 = CARTESIAN_POINT ( 'NONE',  ( 2.750000000000000000, 0.05000000000000002359, -0.7999999999999990452 ) ) ;
#4409 = CLOSED_SHELL ( 'NONE', ( #488, #8249, #8233, #647, #9126, #8033, #4271 ) ) ;
#4410 = LINE ( 'NONE', #7455, #9675 ) ;
#4411 = DIRECTION ( 'NONE',  ( 0.000000000000000000, -1.000000000000000000, 0.000000000000000000 ) ) ;
#4412 = FACE_OUTER_BOUND ( 'NONE', #4085, .T. ) ;
#4413 = EDGE_CURVE ( 'NONE', #3754, #8187, #570, .T. ) ;
#4414 = ORIENTED_EDGE ( 'NONE', *, *, #7010, .T. ) ;
#4415 = CARTESIAN_POINT ( 'NONE',  ( 3.000000000000000000, 0.7000000000000000666, 2.100000000000000089 ) ) ;
#4416 = ADVANCED_FACE ( 'NONE', ( #2725 ), #7459, .F. ) ;
#4417 = PLANE ( 'NONE',  #9082 ) ;
#4418 = VECTOR ( 'NONE', #2623, 1000.000000000000000 ) ;
#4419 = ORIENTED_EDGE ( 'NONE', *, *, #8046, .T. ) ;
#4420 = LINE ( 'NONE', #9056, #704 ) ;
#4421 = EDGE_LOOP ( 'NONE', ( #6695, #5702, #1022, #9264 ) ) ;
#4422 =( NAMED_UNIT ( * ) PLANE_ANGLE_UNIT ( ) SI_UNIT ( $, .RADIAN. ) );
#4423 = AXIS2_PLACEMENT_3D ( 'NONE', #4559, #2218, #5259 ) ;
#4424 = ORIENTED_EDGE ( 'NONE', *, *, #9294, .F. ) ;
#4425 = ORIENTED_EDGE ( 'NONE', *, *, #6777, .F. ) ;
#4426 = PLANE ( 'NONE',  #2557 ) ;
#4427 = EDGE_CURVE ( 'NONE', #3913, #2348, #9657, .T. ) ;
#4428 = CARTESIAN_POINT ( 'NONE',  ( 0.4999999999999995559, 0.000000000000000000, -2.750000000000000000 ) ) ;
#4429 = CARTESIAN_POINT ( 'NONE',  ( 2.750000000000000000, 0.1999999999999999833, -0.1499999999999990785 ) ) ;
#4430 = ORIENTED_EDGE ( 'NONE', *, *, #1481, .T. ) ;
#4431 = DIRECTION ( 'NONE',  ( 0.000000000000000000, 0.000000000000000000, -1.000000000000000000 ) ) ;
#4432 = ORIENTED_EDGE ( 'NONE', *, *, #5814, .F. ) ;
#4433 = EDGE_LOOP ( 'NONE', ( #7659, #9513, #4341, #9517 ) ) ;
#4434 = CARTESIAN_POINT ( 'NONE',  ( 2.100000000000000089, 0.7000000000000006217, -3.000000000000000000 ) ) ;
#4435 = DIRECTION ( 'NONE',  ( 1.000000000000000000, 0.000000000000000000, -1.734723475976805714E-15 ) ) ;
#4436 = ORIENTED_EDGE ( 'NONE', *, *, #5356, .T. ) ;
#4437 = ORIENTED_EDGE ( 'NONE', *, *, #5041, .F. ) ;
#4438 = LINE ( 'NONE', #1299, #7986 ) ;
#4439 = CARTESIAN_POINT ( 'NONE',  ( 3.000000000000000000, 0.05000000000000000278, 3.000000000000000000 ) ) ;
#4440 = EDGE_CURVE ( 'NONE', #9020, #4384, #9704, .T. ) ;
#4441 = DIRECTION ( 'NONE',  ( -0.000000000000000000, -1.000000000000000000, -0.000000000000000000 ) ) ;
#4442 = CARTESIAN_POINT ( 'NONE',  ( 2.750000000000000000, 0.7000000000000000666, 1.150000000000000799 ) ) ;
#4443 = CARTESIAN_POINT ( 'NONE',  ( -2.750000000000000000, 0.7000000000000000666, -0.7999999999999990452 ) ) ;
#4444 = ORIENTED_EDGE ( 'NONE', *, *, #2288, .F. ) ;
#4445 = CYLINDRICAL_SURFACE ( 'NONE', #5294, 0.09999999999999982514 ) ;
#4446 = UNCERTAINTY_MEASURE_WITH_UNIT (LENGTH_MEASURE( 1.000000000000000082E-05 ), #157, 'distance_accuracy_value', 'NONE');
#4447 = LINE ( 'NONE', #6792, #3398 ) ;
#4448 = ORIENTED_EDGE ( 'NONE', *, *, #6344, .F. ) ;
#4449 = ORIENTED_EDGE ( 'NONE', *, *, #5019, .T. ) ;
#4450 = STYLED_ITEM ( 'NONE', ( #6957 ), #9871 ) ;
#4451 = AXIS2_PLACEMENT_3D ( 'NONE', #3693, #5077, #6780 ) ;
#4452 = DIRECTION ( 'NONE',  ( 1.000000000000000000, 0.000000000000000000, 1.734723475976805714E-15 ) ) ;
#4453 = CARTESIAN_POINT ( 'NONE',  ( 2.750000000000000000, 0.7000000000000000666, 0.5000000000000008882 ) ) ;
#4454 = CARTESIAN_POINT ( 'NONE',  ( 1.949999999999999956, 0.1999999999999999833, 2.750000000000000000 ) ) ;
#4455 = ORIENTED_EDGE ( 'NONE', *, *, #6795, .F. ) ;
#4456 = EDGE_CURVE ( 'NONE', #2633, #417, #8960, .T. ) ;
#4457 = AXIS2_PLACEMENT_3D ( 'NONE', #434, #6516, #9581 ) ;
#4458 = VECTOR ( 'NONE', #9789, 1000.000000000000000 ) ;
#4459 = MECHANICAL_DESIGN_GEOMETRIC_PRESENTATION_REPRESENTATION (  '', ( #3175 ), #6357 ) ;
#4460 = LINE ( 'NONE', #9045, #5834 ) ;
#4461 = DIRECTION ( 'NONE',  ( -0.000000000000000000, -1.000000000000000000, -0.000000000000000000 ) ) ;
#4462 = PRESENTATION_LAYER_ASSIGNMENT (  '', '', ( #6854 ) ) ;
#4463 = CIRCLE ( 'NONE', #4147, 0.1499999999999999667 ) ;
#4464 =( GEOMETRIC_REPRESENTATION_CONTEXT ( 3 ) GLOBAL_UNCERTAINTY_ASSIGNED_CONTEXT ( ( #2185 ) ) GLOBAL_UNIT_ASSIGNED_CONTEXT ( ( #922, #4623, #4672 ) ) REPRESENTATION_CONTEXT ( 'NONE', 'WORKASPACE' ) );
#4465 = LINE ( 'NONE', #5357, #2192 ) ;
#4466 = EDGE_LOOP ( 'NONE', ( #6729, #6895, #1120, #2769 ) ) ;
#4467 = VECTOR ( 'NONE', #4134, 1000.000000000000000 ) ;
#4468 = FACE_OUTER_BOUND ( 'NONE', #5566, .T. ) ;
#4469 =( LENGTH_UNIT ( ) NAMED_UNIT ( * ) SI_UNIT ( .MILLI., .METRE. ) );
#4470 = DIRECTION ( 'NONE',  ( -1.000000000000000000, 0.000000000000000000, 0.000000000000000000 ) ) ;
#4472 = ORIENTED_EDGE ( 'NONE', *, *, #4126, .F. ) ;
#4471 = VECTOR ( 'NONE', #7363, 1000.000000000000000 ) ;
#4473 = EDGE_CURVE ( 'NONE', #2096, #8993, #3669, .T. ) ;
#4474 = AXIS2_PLACEMENT_3D ( 'NONE', #6784, #7437, #2892 ) ;
#4475 = EDGE_CURVE ( 'NONE', #7625, #1232, #1221, .T. ) ;
#4476 = FILL_AREA_STYLE_COLOUR ( '', #5412 ) ;
#4477 = ORIENTED_EDGE ( 'NONE', *, *, #4364, .F. ) ;
#4478 = CARTESIAN_POINT ( 'NONE',  ( 3.000000000000000000, 0.04999999999999969746, 1.800000000000000488 ) ) ;
#4479 = CARTESIAN_POINT ( 'NONE',  ( -0.8000000000000003775, 0.2000000000000005107, -2.999999999999999556 ) ) ;
#4480 = LINE ( 'NONE', #5125, #6238 ) ;
#4481 = ORIENTED_EDGE ( 'NONE', *, *, #3617, .T. ) ;
#4482 = CIRCLE ( 'NONE', #6531, 0.1499999999999999667 ) ;
#4483 = DIRECTION ( 'NONE',  ( 0.000000000000000000, -1.000000000000000000, 0.000000000000000000 ) ) ;
#4484 = ORIENTED_EDGE ( 'NONE', *, *, #4125, .T. ) ;
#4485 = ORIENTED_EDGE ( 'NONE', *, *, #1433, .F. ) ;
#4486 = CARTESIAN_POINT ( 'NONE',  ( -1.949999999999999956, 0.7000000000000003997, 2.600000000000000089 ) ) ;
#4487 = EDGE_CURVE ( 'NONE', #3682, #7467, #9039, .T. ) ;
#4488 = VECTOR ( 'NONE', #3408, 1000.000000000000000 ) ;
#4489 = ORIENTED_EDGE ( 'NONE', *, *, #3087, .T. ) ;
#4490 = ORIENTED_EDGE ( 'NONE', *, *, #8015, .F. ) ;
#4491 = CARTESIAN_POINT ( 'NONE',  ( -0.5000000000000000000, 0.04999999999999999584, -2.750000000000000000 ) ) ;
#4492 = DIRECTION ( 'NONE',  ( 1.734723475976805714E-15, 0.000000000000000000, -1.000000000000000000 ) ) ;
#4493 = DIRECTION ( 'NONE',  ( 0.000000000000000000, 0.000000000000000000, -1.000000000000000000 ) ) ;
#4494 = DIRECTION ( 'NONE',  ( 0.000000000000000000, 0.000000000000000000, 1.000000000000000000 ) ) ;
#4495 = CIRCLE ( 'NONE', #3378, 0.1499999999999997446 ) ;
#4496 = DIRECTION ( 'NONE',  ( -0.000000000000000000, -1.000000000000000000, -0.000000000000000000 ) ) ;
#4497 = ADVANCED_FACE ( 'NONE', ( #5906 ), #5205, .F. ) ;
#4498 = ORIENTED_EDGE ( 'NONE', *, *, #9788, .F. ) ;
#4499 = FACE_OUTER_BOUND ( 'NONE', #7353, .T. ) ;
#4500 = VECTOR ( 'NONE', #5437, 1000.000000000000000 ) ;
#4501 = DIRECTION ( 'NONE',  ( 0.000000000000000000, -1.000000000000000000, 0.000000000000000000 ) ) ;
#4502 = ORIENTED_EDGE ( 'NONE', *, *, #1767, .T. ) ;
#4503 = VERTEX_POINT ( 'NONE', #2819 ) ;
#4504 = VECTOR ( 'NONE', #5371, 1000.000000000000000 ) ;
#4505 = CARTESIAN_POINT ( 'NONE',  ( -2.750000000000000000, 0.1999999999999999833, 6.505213034913026604E-16 ) ) ;
#4506 = DIRECTION ( 'NONE',  ( 1.000000000000000000, 0.000000000000000000, 0.000000000000000000 ) ) ;
#4507 = DIRECTION ( 'NONE',  ( -1.734723475976805517E-15, 0.000000000000000000, -1.000000000000000000 ) ) ;
#4508 = ORIENTED_EDGE ( 'NONE', *, *, #2972, .T. ) ;
#4509 = CIRCLE ( 'NONE', #5775, 0.1499999999999999667 ) ;
#4510 = VECTOR ( 'NONE', #3862, 1000.000000000000000 ) ;
#4511 = AXIS2_PLACEMENT_3D ( 'NONE', #7646, #5195, #4551 ) ;
#4512 = ADVANCED_FACE ( 'NONE', ( #8212 ), #6709, .F. ) ;
#4513 = CARTESIAN_POINT ( 'NONE',  ( 2.750000000000000000, 0.1999999999999999833, -1.799999999999999600 ) ) ;
#4514 = LINE ( 'NONE', #8255, #3334 ) ;
#4515 = ADVANCED_FACE ( 'NONE', ( #4412 ), #620, .T. ) ;
#4516 = DIRECTION ( 'NONE',  ( 1.734723475976805714E-15, 0.000000000000000000, -1.000000000000000000 ) ) ;
#4517 = ORIENTED_EDGE ( 'NONE', *, *, #5570, .F. ) ;
#4518 = CIRCLE ( 'NONE', #7711, 0.2000000000000000944 ) ;
#4519 = CARTESIAN_POINT ( 'NONE',  ( 3.000000000000000000, 0.1999999999999999833, 1.450000000000000400 ) ) ;
#4520 = ORIENTED_EDGE ( 'NONE', *, *, #4665, .F. ) ;
#4521 = DIRECTION ( 'NONE',  ( 0.000000000000000000, 0.000000000000000000, -1.000000000000000000 ) ) ;
#4522 = ORIENTED_EDGE ( 'NONE', *, *, #9788, .T. ) ;
#4523 = AXIS2_PLACEMENT_3D ( 'NONE', #5682, #4435, #9784 ) ;
#4524 = LINE ( 'NONE', #2323, #7172 ) ;
#4525 = ORIENTED_EDGE ( 'NONE', *, *, #7893, .F. ) ;
#4526 = ADVANCED_FACE ( 'NONE', ( #3467 ), #8066, .F. ) ;
#4527 = CARTESIAN_POINT ( 'NONE',  ( 1.149999999999999911, 0.1999999999999999833, 3.000000000000000000 ) ) ;
#4528 = DIRECTION ( 'NONE',  ( 0.000000000000000000, 0.000000000000000000, -1.000000000000000000 ) ) ;
#4529 = LINE ( 'NONE', #9722, #5290 ) ;
#4530 = VECTOR ( 'NONE', #1628, 1000.000000000000000 ) ;
#4531 = PLANE ( 'NONE',  #7962 ) ;
#4532 = EDGE_CURVE ( 'NONE', #6745, #6064, #271, .T. ) ;
#4533 = ORIENTED_EDGE ( 'NONE', *, *, #660, .F. ) ;
#4534 = ORIENTED_EDGE ( 'NONE', *, *, #8511, .T. ) ;
#4535 = DIRECTION ( 'NONE',  ( 1.734723475976805714E-15, 0.000000000000000000, -1.000000000000000000 ) ) ;
#4536 = ORIENTED_EDGE ( 'NONE', *, *, #9852, .F. ) ;
#4537 = VERTEX_POINT ( 'NONE', #7306 ) ;
#4538 = CARTESIAN_POINT ( 'NONE',  ( 1.800000000000000044, 0.2000000000000000111, 3.000000000000000000 ) ) ;
#4539 = LINE ( 'NONE', #1399, #5245 ) ;
#4540 = ORIENTED_EDGE ( 'NONE', *, *, #1907, .T. ) ;
#4541 = CARTESIAN_POINT ( 'NONE',  ( -2.750000000000000000, 0.7000000000000000666, 1.800000000000000711 ) ) ;
#4542 = EDGE_CURVE ( 'NONE', #7263, #344, #468, .T. ) ;
#4543 = SURFACE_STYLE_USAGE ( .BOTH. , #851 ) ;
#4544 = EDGE_CURVE ( 'NONE', #6615, #3909, #8721, .T. ) ;
#4545 = DIRECTION ( 'NONE',  ( 0.000000000000000000, 0.000000000000000000, 1.000000000000000000 ) ) ;
#4546 = ORIENTED_EDGE ( 'NONE', *, *, #8740, .T. ) ;
#4547 = LINE ( 'NONE', #7590, #32 ) ;
#4548 = PLANE ( 'NONE',  #3890 ) ;
#4549 = ORIENTED_EDGE ( 'NONE', *, *, #2420, .F. ) ;
#4550 = EDGE_LOOP ( 'NONE', ( #3008, #9757, #4098, #4472, #2535 ) ) ;
#4551 = DIRECTION ( 'NONE',  ( 0.000000000000000000, 0.000000000000000000, -1.000000000000000000 ) ) ;
#4552 = DIRECTION ( 'NONE',  ( -0.000000000000000000, -1.000000000000000000, -0.000000000000000000 ) ) ;
#4553 = PLANE ( 'NONE',  #833 ) ;
#4554 = ADVANCED_FACE ( 'NONE', ( #8860 ), #5058, .T. ) ;
#4555 = DIRECTION ( 'NONE',  ( 0.000000000000000000, 0.000000000000000000, 1.000000000000000000 ) ) ;
#4556 = ORIENTED_EDGE ( 'NONE', *, *, #5213, .F. ) ;
#4557 = LINE ( 'NONE', #4604, #9346 ) ;
#4558 = DIRECTION ( 'NONE',  ( 0.000000000000000000, 0.000000000000000000, -1.000000000000000000 ) ) ;
#4559 = CARTESIAN_POINT ( 'NONE',  ( 2.750000000000000000, 0.05000000000000002359, 1.300000000000000488 ) ) ;
#4560 = EDGE_LOOP ( 'NONE', ( #5118, #3643, #481, #8856 ) ) ;
#4561 = EDGE_CURVE ( 'NONE', #9071, #8761, #4317, .T. ) ;
#4562 = CARTESIAN_POINT ( 'NONE',  ( 2.750000000000000000, 0.7000000000000000666, 1.450000000000000400 ) ) ;
#4563 = CIRCLE ( 'NONE', #1373, 0.1499999999999999667 ) ;
#4564 = SURFACE_STYLE_USAGE ( .BOTH. , #6914 ) ;
#4565 = VERTEX_POINT ( 'NONE', #7562 ) ;
#4566 = CARTESIAN_POINT ( 'NONE',  ( -2.750000000000000000, 0.1999999999999999833, 1.450000000000000400 ) ) ;
#4567 = VERTEX_POINT ( 'NONE', #5310 ) ;
#4568 = EDGE_CURVE ( 'NONE', #7526, #2396, #71, .T. ) ;
#4569 = PLANE ( 'NONE',  #1668 ) ;
#4570 = EDGE_LOOP ( 'NONE', ( #8105, #641, #7474, #7535 ) ) ;
#4571 = DIRECTION ( 'NONE',  ( 0.000000000000000000, 0.000000000000000000, 1.000000000000000000 ) ) ;
#4572 = ORIENTED_EDGE ( 'NONE', *, *, #2314, .T. ) ;
#4573 = CARTESIAN_POINT ( 'NONE',  ( -2.750000000000000000, 0.7000000000000000666, 1.300000000000000488 ) ) ;
#4574 = CARTESIAN_POINT ( 'NONE',  ( 2.299999999999999822, 0.2000000000000013989, -2.399999999999999911 ) ) ;
#4575 = VECTOR ( 'NONE', #3107, 1000.000000000000000 ) ;
#4576 = FACE_OUTER_BOUND ( 'NONE', #1824, .T. ) ;
#4577 = DIRECTION ( 'NONE',  ( -0.000000000000000000, -1.000000000000000000, -0.000000000000000000 ) ) ;
#4578 = ORIENTED_EDGE ( 'NONE', *, *, #442, .F. ) ;
#4579 = EDGE_CURVE ( 'NONE', #5296, #7042, #6812, .T. ) ;
#4580 = ORIENTED_EDGE ( 'NONE', *, *, #9450, .F. ) ;
#4581 = AXIS2_PLACEMENT_3D ( 'NONE', #8910, #1420, #1983 ) ;
#4582 = CARTESIAN_POINT ( 'NONE',  ( -2.750000000000000000, 0.7000000000000000666, -0.7999999999999990452 ) ) ;
#4583 =( NAMED_UNIT ( * ) SI_UNIT ( $, .STERADIAN. ) SOLID_ANGLE_UNIT ( ) );
#4584 = ORIENTED_EDGE ( 'NONE', *, *, #1451, .T. ) ;
#4585 = VERTEX_POINT ( 'NONE', #8305 ) ;
#4586 = FACE_OUTER_BOUND ( 'NONE', #6427, .T. ) ;
#4587 = CARTESIAN_POINT ( 'NONE',  ( 0.7999999999999999334, 0.04999999999999969746, -3.000000000000000000 ) ) ;
#4588 = ORIENTED_EDGE ( 'NONE', *, *, #7606, .F. ) ;
#4589 = CARTESIAN_POINT ( 'NONE',  ( 0.4999999999999995559, 0.2000000000000000111, -2.750000000000000000 ) ) ;
#4590 = PLANE ( 'NONE',  #57 ) ;
#4591 = EDGE_LOOP ( 'NONE', ( #4556, #2599, #2941, #2936 ) ) ;
#4592 = DIRECTION ( 'NONE',  ( -0.000000000000000000, -1.000000000000000000, 0.000000000000000000 ) ) ;
#4593 = EDGE_CURVE ( 'NONE', #1994, #3721, #1572, .T. ) ;
#4594 = DIRECTION ( 'NONE',  ( 0.000000000000000000, 0.000000000000000000, -1.000000000000000000 ) ) ;
#4595 = ORIENTED_EDGE ( 'NONE', *, *, #3403, .T. ) ;
#4596 = EDGE_LOOP ( 'NONE', ( #5427, #2361, #2804, #8363 ) ) ;
#4597 = EDGE_CURVE ( 'NONE', #7319, #1397, #4465, .T. ) ;
#4598 = FACE_OUTER_BOUND ( 'NONE', #6318, .T. ) ;
#4599 = LINE ( 'NONE', #1327, #1762 ) ;
#4600 = CYLINDRICAL_SURFACE ( 'NONE', #34, 0.1499999999999999667 ) ;
#4601 = CARTESIAN_POINT ( 'NONE',  ( 2.750000000000000000, 0.000000000000000000, -2.099999999999999201 ) ) ;
#4602 = VERTEX_POINT ( 'NONE', #3061 ) ;
#4603 = FILL_AREA_STYLE_COLOUR ( '', #1882 ) ;
#4604 = CARTESIAN_POINT ( 'NONE',  ( 3.000000000000000000, 0.1999999999999999833, 0.1500000000000003830 ) ) ;
#4605 = ADVANCED_FACE ( 'NONE', ( #721 ), #8404, .F. ) ;
#4606 = DIRECTION ( 'NONE',  ( 0.000000000000000000, -1.000000000000000000, 0.000000000000000000 ) ) ;
#4607 = DIRECTION ( 'NONE',  ( 0.000000000000000000, -1.000000000000000000, 0.000000000000000000 ) ) ;
#4608 = ORIENTED_EDGE ( 'NONE', *, *, #9454, .F. ) ;
#4609 = FACE_OUTER_BOUND ( 'NONE', #5023, .T. ) ;
#4610 = APPLICATION_PROTOCOL_DEFINITION ( 'draft international standard', 'automotive_design', 1998, #8062 ) ;
#4611 = AXIS2_PLACEMENT_3D ( 'NONE', #7538, #2987, #6785 ) ;
#4612 = STYLED_ITEM ( 'NONE', ( #9475 ), #3283 ) ;
#4613 = EDGE_LOOP ( 'NONE', ( #2749, #8030, #871, #712 ) ) ;
#4614 = VECTOR ( 'NONE', #70, 1000.000000000000000 ) ;
#4615 = CARTESIAN_POINT ( 'NONE',  ( 2.750000000000000000, 0.1999999999999999833, -1.449999999999999067 ) ) ;
#4616 = ORIENTED_EDGE ( 'NONE', *, *, #4226, .F. ) ;
#4617 = CARTESIAN_POINT ( 'NONE',  ( -1.450000000000000400, 0.7000000000000003997, 2.750000000000000000 ) ) ;
#4618 = ORIENTED_EDGE ( 'NONE', *, *, #5790, .F. ) ;
#4619 = EDGE_CURVE ( 'NONE', #4670, #2287, #8362, .T. ) ;
#4620 = AXIS2_PLACEMENT_3D ( 'NONE', #3170, #129, #2427 ) ;
#4621 = VECTOR ( 'NONE', #6618, 1000.000000000000000 ) ;
#4622 = AXIS2_PLACEMENT_3D ( 'NONE', #7976, #5717, #278 ) ;
#4623 =( NAMED_UNIT ( * ) PLANE_ANGLE_UNIT ( ) SI_UNIT ( $, .RADIAN. ) );
#4624 = CARTESIAN_POINT ( 'NONE',  ( 0.1499999999999999667, 0.2000000000000000111, -3.000000000000000000 ) ) ;
#4625 = CARTESIAN_POINT ( 'NONE',  ( -3.000000000000000000, 0.7000000000000000666, 1.450000000000000400 ) ) ;
#4626 = LINE ( 'NONE', #5514, #2272 ) ;
#4627 = CARTESIAN_POINT ( 'NONE',  ( 0.5000000000000000000, 0.2000000000000000111, 3.000000000000000000 ) ) ;
#4628 = VERTEX_POINT ( 'NONE', #6096 ) ;
#4629 = VECTOR ( 'NONE', #3197, 1000.000000000000000 ) ;
#4630 = VECTOR ( 'NONE', #7670, 1000.000000000000000 ) ;
#4631 = ORIENTED_EDGE ( 'NONE', *, *, #2047, .F. ) ;
#4632 = PLANE ( 'NONE',  #1417 ) ;
#4633 =( NAMED_UNIT ( * ) SI_UNIT ( $, .STERADIAN. ) SOLID_ANGLE_UNIT ( ) );
#4634 = ORIENTED_EDGE ( 'NONE', *, *, #379, .F. ) ;
#4635 = ORIENTED_EDGE ( 'NONE', *, *, #9322, .T. ) ;
#4636 = VECTOR ( 'NONE', #7739, 1000.000000000000000 ) ;
#4637 = FACE_OUTER_BOUND ( 'NONE', #789, .T. ) ;
#4638 = DIRECTION ( 'NONE',  ( 0.000000000000000000, -0.000000000000000000, 1.000000000000000000 ) ) ;
#4639 = EDGE_CURVE ( 'NONE', #5487, #5385, #2360, .T. ) ;
#4640 = ORIENTED_EDGE ( 'NONE', *, *, #5067, .F. ) ;
#4641 = FACE_OUTER_BOUND ( 'NONE', #3443, .T. ) ;
#4642 = CARTESIAN_POINT ( 'NONE',  ( 3.000000000000000000, 0.7000000000000000666, 1.800000000000000488 ) ) ;
#4643 = ORIENTED_EDGE ( 'NONE', *, *, #6090, .F. ) ;
#4644 = LINE ( 'NONE', #7691, #5461 ) ;
#4645 = CARTESIAN_POINT ( 'NONE',  ( 2.750000000000000000, 0.7000000000000000666, -0.4999999999999995559 ) ) ;
#4646 = ORIENTED_EDGE ( 'NONE', *, *, #3914, .F. ) ;
#4647 = ORIENTED_EDGE ( 'NONE', *, *, #3361, .T. ) ;
#4648 = DIRECTION ( 'NONE',  ( -0.000000000000000000, -1.000000000000000000, -0.000000000000000000 ) ) ;
#4649 = EDGE_CURVE ( 'NONE', #5178, #4727, #870, .T. ) ;
#4650 = AXIS2_PLACEMENT_3D ( 'NONE', #2019, #5747, #8903 ) ;
#4651 = LINE ( 'NONE', #2029, #4471 ) ;
#4652 = DIRECTION ( 'NONE',  ( -0.000000000000000000, -1.000000000000000000, -0.000000000000000000 ) ) ;
#4653 = EDGE_CURVE ( 'NONE', #8897, #7891, #9522, .T. ) ;
#4654 = ORIENTED_EDGE ( 'NONE', *, *, #3461, .F. ) ;
#4655 = SURFACE_STYLE_USAGE ( .BOTH. , #2502 ) ;
#4656 = CARTESIAN_POINT ( 'NONE',  ( 3.000000000000000000, 0.000000000000000000, 0.8000000000000003775 ) ) ;
#4657 = VECTOR ( 'NONE', #2327, 1000.000000000000000 ) ;
#4658 = DIRECTION ( 'NONE',  ( 0.000000000000000000, -0.000000000000000000, 1.000000000000000000 ) ) ;
#4659 = DIRECTION ( 'NONE',  ( 0.000000000000000000, 0.000000000000000000, -1.000000000000000000 ) ) ;
#4660 = VERTEX_POINT ( 'NONE', #6910 ) ;
#4661 = VECTOR ( 'NONE', #6434, 1000.000000000000000 ) ;
#4662 = CARTESIAN_POINT ( 'NONE',  ( -2.750000000000000000, 0.7000000000000000666, 1.950000000000000622 ) ) ;
#4663 = VECTOR ( 'NONE', #6924, 1000.000000000000000 ) ;
#4664 = SURFACE_SIDE_STYLE ('',( #3113 ) ) ;
#4665 = EDGE_CURVE ( 'NONE', #8322, #7881, #6953, .T. ) ;
#4666 = VERTEX_POINT ( 'NONE', #6807 ) ;
#4667 = DIRECTION ( 'NONE',  ( 1.000000000000000000, -0.000000000000000000, 1.734723475976805714E-15 ) ) ;
#4668 = EDGE_CURVE ( 'NONE', #9118, #8897, #3109, .T. ) ;
#4669 = DIRECTION ( 'NONE',  ( -0.000000000000000000, -1.000000000000000000, -0.000000000000000000 ) ) ;
#4670 = VERTEX_POINT ( 'NONE', #5994 ) ;
#4671 = VECTOR ( 'NONE', #8705, 1000.000000000000000 ) ;
#4672 =( NAMED_UNIT ( * ) SI_UNIT ( $, .STERADIAN. ) SOLID_ANGLE_UNIT ( ) );
#4673 = AXIS2_PLACEMENT_3D ( 'NONE', #2952, #8292, #9841 ) ;
#4674 = DIRECTION ( 'NONE',  ( 0.000000000000000000, 1.000000000000000000, -0.000000000000000000 ) ) ;
#4675 = DIRECTION ( 'NONE',  ( 0.000000000000000000, 0.000000000000000000, 1.000000000000000000 ) ) ;
#4676 = CARTESIAN_POINT ( 'NONE',  ( -1.949999999999999956, 0.2000000000000000111, 2.750000000000000000 ) ) ;
#4677 = DIRECTION ( 'NONE',  ( 0.000000000000000000, -1.000000000000000000, 0.000000000000000000 ) ) ;
#4678 = EDGE_CURVE ( 'NONE', #4709, #5601, #6972, .T. ) ;
#4679 = VECTOR ( 'NONE', #8094, 1000.000000000000000 ) ;
#4680 = EDGE_LOOP ( 'NONE', ( #474, #8573, #4842, #1435 ) ) ;
#4681 = AXIS2_PLACEMENT_3D ( 'NONE', #2746, #394, #5729 ) ;
#4682 = ORIENTED_EDGE ( 'NONE', *, *, #5644, .T. ) ;
#4683 = CARTESIAN_POINT ( 'NONE',  ( 0.4999999999999995559, 0.2000000000000000111, 2.750000000000000000 ) ) ;
#4684 = CARTESIAN_POINT ( 'NONE',  ( -2.750000000000000000, 0.1999999999999999833, 1.450000000000000400 ) ) ;
#4685 = ORIENTED_EDGE ( 'NONE', *, *, #1829, .F. ) ;
#4686 = VERTEX_POINT ( 'NONE', #6761 ) ;
#4687 = VECTOR ( 'NONE', #4981, 1000.000000000000000 ) ;
#4688 = LINE ( 'NONE', #137, #1765 ) ;
#4689 = DIRECTION ( 'NONE',  ( 0.000000000000000000, 1.000000000000000000, -0.000000000000000000 ) ) ;
#4690 = ORIENTED_EDGE ( 'NONE', *, *, #1310, .T. ) ;
#4691 = DIRECTION ( 'NONE',  ( 0.000000000000000000, -1.000000000000000000, 0.000000000000000000 ) ) ;
#4692 = DIRECTION ( 'NONE',  ( 0.000000000000000000, -0.000000000000000000, -1.000000000000000000 ) ) ;
#4693 = ORIENTED_EDGE ( 'NONE', *, *, #5435, .F. ) ;
#4694 = DIRECTION ( 'NONE',  ( -0.000000000000000000, -1.000000000000000000, -0.000000000000000000 ) ) ;
#4695 = DIRECTION ( 'NONE',  ( 1.000000000000000000, 0.000000000000000000, 1.734723475976805714E-15 ) ) ;
#4696 = ORIENTED_EDGE ( 'NONE', *, *, #9707, .F. ) ;
#4697 = ORIENTED_EDGE ( 'NONE', *, *, #5100, .T. ) ;
#4698 = CARTESIAN_POINT ( 'NONE',  ( 0.1500000000000001887, 0.000000000000000000, 2.750000000000000000 ) ) ;
#4699 = CYLINDRICAL_SURFACE ( 'NONE', #1290, 0.1499999999999999667 ) ;
#4700 = DIRECTION ( 'NONE',  ( 0.000000000000000000, -1.000000000000000000, 0.000000000000000000 ) ) ;
#4701 = ORIENTED_EDGE ( 'NONE', *, *, #6905, .F. ) ;
#4702 = CARTESIAN_POINT ( 'NONE',  ( 0.1499999999999999667, 0.2000000000000000111, 3.000000000000000000 ) ) ;
#4703 = EDGE_CURVE ( 'NONE', #2038, #8690, #2351, .T. ) ;
#4704 = DIRECTION ( 'NONE',  ( -0.000000000000000000, -1.000000000000000000, -0.000000000000000000 ) ) ;
#4705 = CARTESIAN_POINT ( 'NONE',  ( -0.8000000000000003775, 0.04999999999999999584, 2.750000000000000000 ) ) ;
#4706 = AXIS2_PLACEMENT_3D ( 'NONE', #4313, #1320, #519 ) ;
#4707 = ADVANCED_FACE ( 'NONE', ( #9100 ), #8504, .F. ) ;
#4708 = CYLINDRICAL_SURFACE ( 'NONE', #436, 0.1499999999999997446 ) ;
#4709 = VERTEX_POINT ( 'NONE', #2269 ) ;
#4710 = PLANE ( 'NONE',  #8183 ) ;
#4711 = FACE_OUTER_BOUND ( 'NONE', #5663, .T. ) ;
#4712 = ORIENTED_EDGE ( 'NONE', *, *, #4935, .T. ) ;
#4713 = PLANE ( 'NONE',  #8514 ) ;
#4714 = ORIENTED_EDGE ( 'NONE', *, *, #8929, .T. ) ;
#4715 = EDGE_CURVE ( 'NONE', #5678, #3900, #675, .T. ) ;
#4717 = EDGE_CURVE ( 'NONE', #8733, #5718, #5695, .T. ) ;
#4716 = VECTOR ( 'NONE', #3796, 1000.000000000000000 ) ;
#4718 = DIRECTION ( 'NONE',  ( 0.000000000000000000, -1.000000000000000000, 0.000000000000000000 ) ) ;
#4719 = DIRECTION ( 'NONE',  ( -0.000000000000000000, 1.000000000000000000, -0.000000000000000000 ) ) ;
#4720 = CARTESIAN_POINT ( 'NONE',  ( 3.000000000000000000, 0.7000000000000000666, 1.450000000000000400 ) ) ;
#4721 = DIRECTION ( 'NONE',  ( 0.000000000000000000, -0.000000000000000000, 1.000000000000000000 ) ) ;
#4722 = ORIENTED_EDGE ( 'NONE', *, *, #7346, .F. ) ;
#4723 = FACE_OUTER_BOUND ( 'NONE', #7947, .T. ) ;
#4724 = ORIENTED_EDGE ( 'NONE', *, *, #9277, .F. ) ;
#4725 = DIRECTION ( 'NONE',  ( -1.000000000000000000, 0.000000000000000000, -0.000000000000000000 ) ) ;
#4726 = EDGE_CURVE ( 'NONE', #848, #4670, #7607, .T. ) ;
#4727 = VERTEX_POINT ( 'NONE', #4161 ) ;
#4728 = ORIENTED_EDGE ( 'NONE', *, *, #6106, .T. ) ;
#4729 = DIRECTION ( 'NONE',  ( 1.734723475976805517E-15, 0.000000000000000000, -1.000000000000000000 ) ) ;
#4730 = DIRECTION ( 'NONE',  ( 0.000000000000000000, -0.000000000000000000, 1.000000000000000000 ) ) ;
#4731 = ORIENTED_EDGE ( 'NONE', *, *, #1351, .T. ) ;
#4732 = LINE ( 'NONE', #3995, #2884 ) ;
#4733 = UNCERTAINTY_MEASURE_WITH_UNIT (LENGTH_MEASURE( 1.000000000000000082E-05 ), #9760, 'distance_accuracy_value', 'NONE');
#4734 = AXIS2_PLACEMENT_3D ( 'NONE', #2774, #5110, #5804 ) ;
#4735 = ORIENTED_EDGE ( 'NONE', *, *, #1645, .T. ) ;
#4736 = LINE ( 'NONE', #7842, #1165 ) ;
#4737 = DIRECTION ( 'NONE',  ( -0.000000000000000000, -1.000000000000000000, -0.000000000000000000 ) ) ;
#4738 = VERTEX_POINT ( 'NONE', #7203 ) ;
#4739 = EDGE_LOOP ( 'NONE', ( #1780, #1553, #5969, #2942 ) ) ;
#4740 = ADVANCED_FACE ( 'NONE', ( #2660 ), #8703, .F. ) ;
#4741 = DIRECTION ( 'NONE',  ( 0.000000000000000000, 0.000000000000000000, -1.000000000000000000 ) ) ;
#4742 = AXIS2_PLACEMENT_3D ( 'NONE', #9398, #9455, #6438 ) ;
#4743 = MECHANICAL_DESIGN_GEOMETRIC_PRESENTATION_REPRESENTATION (  '', ( #2202 ), #3787 ) ;
#4744 = DIRECTION ( 'NONE',  ( 1.000000000000000000, -0.000000000000000000, 0.000000000000000000 ) ) ;
#4745 = CARTESIAN_POINT ( 'NONE',  ( -1.949999999999999956, 0.000000000000000000, 2.599999999999999645 ) ) ;
#4746 = EDGE_LOOP ( 'NONE', ( #5032, #2419, #3585, #276 ) ) ;
#4747 = CARTESIAN_POINT ( 'NONE',  ( -2.750000000000000000, 0.7000000000000000666, -0.7999999999999990452 ) ) ;
#4748 = DIRECTION ( 'NONE',  ( 0.000000000000000000, 0.000000000000000000, -1.000000000000000000 ) ) ;
#4749 = LINE ( 'NONE', #4109, #6348 ) ;
#4750 = LINE ( 'NONE', #2508, #7454 ) ;
#4751 = ORIENTED_EDGE ( 'NONE', *, *, #1726, .F. ) ;
#4752 = EDGE_CURVE ( 'NONE', #3575, #7549, #360, .T. ) ;
#4753 = LINE ( 'NONE', #7807, #6569 ) ;
#4754 = EDGE_LOOP ( 'NONE', ( #4634, #5524, #7696, #916 ) ) ;
#4755 = DIRECTION ( 'NONE',  ( -1.000000000000000000, 0.000000000000000000, 7.228014483236695816E-17 ) ) ;
#4756 = CARTESIAN_POINT ( 'NONE',  ( -2.750000000000000000, 0.05000000000000002359, -0.6499999999999993561 ) ) ;
#4757 = ORIENTED_EDGE ( 'NONE', *, *, #7432, .T. ) ;
#4758 = LINE ( 'NONE', #5413, #7013 ) ;
#4759 = VECTOR ( 'NONE', #3698, 1000.000000000000000 ) ;
#4760 = CARTESIAN_POINT ( 'NONE',  ( -3.000000000000000000, 0.04999999999999969746, -1.149999999999999467 ) ) ;
#4761 = VECTOR ( 'NONE', #4411, 1000.000000000000000 ) ;
#4762 = DIRECTION ( 'NONE',  ( -0.000000000000000000, -1.000000000000000000, -0.000000000000000000 ) ) ;
#4763 = CARTESIAN_POINT ( 'NONE',  ( -2.750000000000000000, 0.05000000000000002359, -0.1499999999999990785 ) ) ;
#4764 = DIRECTION ( 'NONE',  ( 0.000000000000000000, 1.000000000000000000, -0.000000000000000000 ) ) ;
#4765 = EDGE_LOOP ( 'NONE', ( #8734, #2520, #2121, #5267 ) ) ;
#4766 = EDGE_CURVE ( 'NONE', #1316, #1231, #5699, .T. ) ;
#4767 = AXIS2_PLACEMENT_3D ( 'NONE', #4138, #3436, #6467 ) ;
#4768 = DIRECTION ( 'NONE',  ( -0.000000000000000000, -1.000000000000000000, 0.000000000000000000 ) ) ;
#4770 = ORIENTED_EDGE ( 'NONE', *, *, #3899, .T. ) ;
#4769 = CIRCLE ( 'NONE', #6693, 0.1499999999999997446 ) ;
#4771 = COLOUR_RGB ( '',0.7921568627450980005, 0.8196078431372548767, 0.9333333333333333481 ) ;
#4772 = DIRECTION ( 'NONE',  ( 1.000000000000000000, 0.000000000000000000, 0.000000000000000000 ) ) ;
#4773 = SURFACE_SIDE_STYLE ('',( #3988 ) ) ;
#4774 = ORIENTED_EDGE ( 'NONE', *, *, #3658, .F. ) ;
#4775 = ORIENTED_EDGE ( 'NONE', *, *, #5087, .F. ) ;
#4776 = CARTESIAN_POINT ( 'NONE',  ( -3.000000000000000000, 0.04999999999999969746, 1.150000000000000355 ) ) ;
#4777 = DIRECTION ( 'NONE',  ( 1.000000000000000000, -0.000000000000000000, -7.228014483236695816E-17 ) ) ;
#4778 = LINE ( 'NONE', #7834, #5442 ) ;
#4779 = VERTEX_POINT ( 'NONE', #966 ) ;
#4780 = CIRCLE ( 'NONE', #4309, 0.1499999999999997446 ) ;
#4781 = LINE ( 'NONE', #9225, #5402 ) ;
#4782 = FILL_AREA_STYLE_COLOUR ( '', #5319 ) ;
#4783 = VECTOR ( 'NONE', #686, 1000.000000000000000 ) ;
#4784 = EDGE_CURVE ( 'NONE', #1498, #8848, #6243, .T. ) ;
#4785 = EDGE_CURVE ( 'NONE', #650, #2320, #306, .T. ) ;
#4786 = ORIENTED_EDGE ( 'NONE', *, *, #7101, .T. ) ;
#4787 = LINE ( 'NONE', #5728, #1805 ) ;
#4788 = VECTOR ( 'NONE', #7793, 1000.000000000000000 ) ;
#4789 = DIRECTION ( 'NONE',  ( 0.000000000000000000, 1.000000000000000000, 0.000000000000000000 ) ) ;
#4790 = ORIENTED_EDGE ( 'NONE', *, *, #2366, .T. ) ;
#4791 = ORIENTED_EDGE ( 'NONE', *, *, #2689, .T. ) ;
#4792 = CIRCLE ( 'NONE', #6056, 0.1499999999999999667 ) ;
#4793 = FACE_OUTER_BOUND ( 'NONE', #4282, .T. ) ;
#4794 = DIRECTION ( 'NONE',  ( 0.000000000000000000, 0.000000000000000000, -1.000000000000000000 ) ) ;
#4795 = LINE ( 'NONE', #8646, #1818 ) ;
#4796 = ORIENTED_EDGE ( 'NONE', *, *, #2169, .T. ) ;
#4797 = ADVANCED_FACE ( 'NONE', ( #7951 ), #3410, .T. ) ;
#4798 = LINE ( 'NONE', #7853, #5047 ) ;
#4799 = PRODUCT ( 'SX1276IMLTRT', 'SX1276IMLTRT', '', ( #459 ) ) ;
#4800 = CARTESIAN_POINT ( 'NONE',  ( -2.538461538461538769, 1.000000000000000000, -2.738461538461538947 ) ) ;
#4801 = AXIS2_PLACEMENT_3D ( 'NONE', #454, #6437, #8055 ) ;
#4802 = DIRECTION ( 'NONE',  ( 0.000000000000000000, 1.000000000000000000, 0.000000000000000000 ) ) ;
#4803 = ORIENTED_EDGE ( 'NONE', *, *, #4226, .T. ) ;
#4804 = VECTOR ( 'NONE', #6384, 1000.000000000000000 ) ;
#4805 = CARTESIAN_POINT ( 'NONE',  ( -1.949999999999999956, 0.2000000000000000111, 2.750000000000000000 ) ) ;
#4806 = ORIENTED_EDGE ( 'NONE', *, *, #8674, .T. ) ;
#4807 = PLANE ( 'NONE',  #8679 ) ;
#4808 = AXIS2_PLACEMENT_3D ( 'NONE', #3685, #6722, #5175 ) ;
#4809 = CARTESIAN_POINT ( 'NONE',  ( 3.000000000000000000, 0.1999999999999999833, -1.149999999999999467 ) ) ;
#4810 = ORIENTED_EDGE ( 'NONE', *, *, #4961, .F. ) ;
#4811 = ADVANCED_FACE ( 'NONE', ( #2460 ), #4708, .T. ) ;
#4812 = VECTOR ( 'NONE', #9080, 1000.000000000000000 ) ;
#4813 = LINE ( 'NONE', #7867, #968 ) ;
#4814 = AXIS2_PLACEMENT_3D ( 'NONE', #8418, #1585, #3931 ) ;
#4815 = CARTESIAN_POINT ( 'NONE',  ( 1.149999999999999911, 0.7000000000000003997, -3.000000000000000000 ) ) ;
#4816 = ORIENTED_EDGE ( 'NONE', *, *, #3671, .F. ) ;
#4817 = CARTESIAN_POINT ( 'NONE',  ( 3.000000000000000000, 10.48528137423857132, 3.000000000000000000 ) ) ;
#4818 = CARTESIAN_POINT ( 'NONE',  ( 1.449999999999999956, 0.04999999999999999584, -2.750000000000000000 ) ) ;
#4819 = CARTESIAN_POINT ( 'NONE',  ( 0.4999999999999995559, 0.04999999999999999584, -2.750000000000000000 ) ) ;
#4820 = ORIENTED_EDGE ( 'NONE', *, *, #2311, .F. ) ;
#4821 = DIRECTION ( 'NONE',  ( -1.734723475976805517E-15, -0.000000000000000000, 1.000000000000000000 ) ) ;
#4822 = AXIS2_PLACEMENT_3D ( 'NONE', #1315, #4359, #2355 ) ;
#4823 = VERTEX_POINT ( 'NONE', #1113 ) ;
#4824 = EDGE_CURVE ( 'NONE', #1512, #8922, #3955, .T. ) ;
#4825 = CARTESIAN_POINT ( 'NONE',  ( 2.750000000000000000, 0.7000000000000000666, -1.299999999999999378 ) ) ;
#4826 =( NAMED_UNIT ( * ) SI_UNIT ( $, .STERADIAN. ) SOLID_ANGLE_UNIT ( ) );
#4827 = EDGE_LOOP ( 'NONE', ( #5613, #1200, #123, #8636 ) ) ;
#4828 = ORIENTED_EDGE ( 'NONE', *, *, #1737, .F. ) ;
#4829 = CARTESIAN_POINT ( 'NONE',  ( -3.000000000000000000, 0.7000000000000000666, -0.4999999999999995559 ) ) ;
#4830 = DIRECTION ( 'NONE',  ( 0.000000000000000000, 0.000000000000000000, 1.000000000000000000 ) ) ;
#4831 = DIRECTION ( 'NONE',  ( 1.734723475976805517E-15, 0.000000000000000000, 1.000000000000000000 ) ) ;
#4832 = ORIENTED_EDGE ( 'NONE', *, *, #4784, .F. ) ;
#4833 = VECTOR ( 'NONE', #9339, 1000.000000000000000 ) ;
#4834 = CARTESIAN_POINT ( 'NONE',  ( -3.000000000000000000, 0.7000000000000000666, -2.099999999999999645 ) ) ;
#4835 = AXIS2_PLACEMENT_3D ( 'NONE', #148, #4886, #7281 ) ;
#4836 = FILL_AREA_STYLE_COLOUR ( '', #9626 ) ;
#4837 = ORIENTED_EDGE ( 'NONE', *, *, #9392, .F. ) ;
#4838 = CARTESIAN_POINT ( 'NONE',  ( 2.750000000000000000, 0.000000000000000000, -0.1499999999999990785 ) ) ;
#4839 = PRESENTATION_LAYER_ASSIGNMENT (  '', '', ( #5161 ) ) ;
#4840 = DIRECTION ( 'NONE',  ( 0.000000000000000000, 0.000000000000000000, -1.000000000000000000 ) ) ;
#4841 = ORIENTED_EDGE ( 'NONE', *, *, #2399, .T. ) ;
#4842 = ORIENTED_EDGE ( 'NONE', *, *, #1495, .T. ) ;
#4843 = DIRECTION ( 'NONE',  ( 0.000000000000000000, 0.000000000000000000, -1.000000000000000000 ) ) ;
#4844 = EDGE_CURVE ( 'NONE', #3900, #5189, #6652, .T. ) ;
#4845 = LINE ( 'NONE', #154, #2697 ) ;
#4846 = ADVANCED_FACE ( 'NONE', ( #8549 ), #6999, .F. ) ;
#4847 = CARTESIAN_POINT ( 'NONE',  ( -1.800000000000000044, 0.1999999999999999833, -3.000000000000000000 ) ) ;
#4848 = DIRECTION ( 'NONE',  ( 0.000000000000000000, -0.000000000000000000, -1.000000000000000000 ) ) ;
#4849 = AXIS2_PLACEMENT_3D ( 'NONE', #9306, #7611, #169 ) ;
#4850 = ORIENTED_EDGE ( 'NONE', *, *, #1059, .F. ) ;
#4851 = FACE_OUTER_BOUND ( 'NONE', #4985, .T. ) ;
#4852 = LINE ( 'NONE', #404, #8160 ) ;
#4853 = LINE ( 'NONE', #8547, #6508 ) ;
#4854 = EDGE_CURVE ( 'NONE', #6471, #344, #3303, .T. ) ;
#4855 = EDGE_CURVE ( 'NONE', #823, #7625, #4750, .T. ) ;
#4856 = CARTESIAN_POINT ( 'NONE',  ( 0.1499999999999999667, 0.1999999999999999833, -3.000000000000000000 ) ) ;
#4857 = VERTEX_POINT ( 'NONE', #6334 ) ;
#4858 = DIRECTION ( 'NONE',  ( 1.000000000000000000, -0.000000000000000000, 0.000000000000000000 ) ) ;
#4859 = ORIENTED_EDGE ( 'NONE', *, *, #238, .F. ) ;
#4860 = DIRECTION ( 'NONE',  ( 1.000000000000000000, 0.000000000000000000, 1.734723475976805517E-15 ) ) ;
#4861 = DIRECTION ( 'NONE',  ( -0.000000000000000000, -1.000000000000000000, 0.000000000000000000 ) ) ;
#4862 = ORIENTED_EDGE ( 'NONE', *, *, #9487, .T. ) ;
#4863 = CARTESIAN_POINT ( 'NONE',  ( -1.450000000000000400, 0.2000000000000000111, 2.750000000000000000 ) ) ;
#4864 = CARTESIAN_POINT ( 'NONE',  ( -3.000000000000000000, 0.7000000000000000666, -1.149999999999999467 ) ) ;
#4865 = ORIENTED_EDGE ( 'NONE', *, *, #8327, .F. ) ;
#4866 = CARTESIAN_POINT ( 'NONE',  ( -0.5000000000000000000, 0.1999999999999999833, 3.000000000000000000 ) ) ;
#4867 = LINE ( 'NONE', #8615, #2591 ) ;
#4868 = EDGE_CURVE ( 'NONE', #3593, #3580, #3149, .T. ) ;
#4869 = ORIENTED_EDGE ( 'NONE', *, *, #4000, .F. ) ;
#4870 = CARTESIAN_POINT ( 'NONE',  ( -2.538461538461538769, 1.000000000000000000, -2.338461538461539035 ) ) ;
#4871 = ORIENTED_EDGE ( 'NONE', *, *, #4155, .F. ) ;
#4872 = DIRECTION ( 'NONE',  ( -1.734723475976805714E-15, 0.000000000000000000, 1.000000000000000000 ) ) ;
#4873 = CIRCLE ( 'NONE', #8870, 0.1499999999999999667 ) ;
#4874 = DIRECTION ( 'NONE',  ( 1.000000000000000000, 0.000000000000000000, -7.228014483236694583E-17 ) ) ;
#4875 = ORIENTED_EDGE ( 'NONE', *, *, #4114, .F. ) ;
#4876 = VERTEX_POINT ( 'NONE', #9345 ) ;
#4877 = LINE ( 'NONE', #3432, #5737 ) ;
#4878 = PLANE ( 'NONE',  #8769 ) ;
#4879 = CARTESIAN_POINT ( 'NONE',  ( -2.299999999999999822, 6.988225099390855455, 2.299999999999998934 ) ) ;
#4880 = VERTEX_POINT ( 'NONE', #5544 ) ;
#4881 = CARTESIAN_POINT ( 'NONE',  ( -3.000000000000000000, 0.000000000000000000, -1.799999999999999600 ) ) ;
#4882 = ADVANCED_FACE ( 'NONE', ( #8654 ), #8597, .F. ) ;
#4883 = DIRECTION ( 'NONE',  ( 0.000000000000000000, 0.000000000000000000, -1.000000000000000000 ) ) ;
#4884 = CLOSED_SHELL ( 'NONE', ( #4416, #2341, #4976, #5811, #4707, #8151 ) ) ;
#4885 = DIRECTION ( 'NONE',  ( -1.000000000000000000, 0.000000000000000000, -0.000000000000000000 ) ) ;
#4886 = DIRECTION ( 'NONE',  ( 0.000000000000000000, 1.000000000000000000, -0.000000000000000000 ) ) ;
#4887 = ORIENTED_EDGE ( 'NONE', *, *, #2463, .F. ) ;
#4888 = EDGE_LOOP ( 'NONE', ( #2386, #9693, #8438, #5819 ) ) ;
#4889 = CARTESIAN_POINT ( 'NONE',  ( -3.000000000000000000, 10.48528137423857132, -2.999999999999999556 ) ) ;
#4890 = PLANE ( 'NONE',  #9872 ) ;
#4891 = FACE_OUTER_BOUND ( 'NONE', #5947, .T. ) ;
#4892 = AXIS2_PLACEMENT_3D ( 'NONE', #2027, #6549, #4265 ) ;
#4893 = LINE ( 'NONE', #9497, #3401 ) ;
#4894 = VERTEX_POINT ( 'NONE', #4856 ) ;
#4895 = DIRECTION ( 'NONE',  ( 0.000000000000000000, 0.000000000000000000, 1.000000000000000000 ) ) ;
#4896 = EDGE_CURVE ( 'NONE', #713, #848, #1062, .T. ) ;
#4897 = DIRECTION ( 'NONE',  ( 0.000000000000000000, 1.000000000000000000, -0.000000000000000000 ) ) ;
#4898 = EDGE_CURVE ( 'NONE', #6871, #3262, #8102, .T. ) ;
#4899 = CARTESIAN_POINT ( 'NONE',  ( 3.000000000000000000, 0.1999999999999999833, -1.149999999999999467 ) ) ;
#4900 = VECTOR ( 'NONE', #3720, 1000.000000000000000 ) ;
#4901 = VECTOR ( 'NONE', #1164, 1000.000000000000000 ) ;
#4902 = CARTESIAN_POINT ( 'NONE',  ( 0.5000000000000000000, 0.000000000000000000, 3.000000000000000000 ) ) ;
#4903 = DIRECTION ( 'NONE',  ( -1.000000000000000000, 0.000000000000000000, -1.734723475976805517E-15 ) ) ;
#4904 = ORIENTED_EDGE ( 'NONE', *, *, #4114, .T. ) ;
#4905 = LINE ( 'NONE', #9506, #3715 ) ;
#4906 = ORIENTED_EDGE ( 'NONE', *, *, #7390, .F. ) ;
#4907 = DIRECTION ( 'NONE',  ( 0.000000000000000000, 0.000000000000000000, -1.000000000000000000 ) ) ;
#4908 = ADVANCED_FACE ( 'NONE', ( #2119 ), #4404, .T. ) ;
#4909 = FACE_OUTER_BOUND ( 'NONE', #9808, .T. ) ;
#4910 = EDGE_CURVE ( 'NONE', #2496, #3682, #2201, .T. ) ;
#4911 = CARTESIAN_POINT ( 'NONE',  ( -1.800000000000000044, 0.2000000000000000111, 3.000000000000000000 ) ) ;
#4912 = EDGE_LOOP ( 'NONE', ( #1890, #7104, #5389, #7167 ) ) ;
#4913 = PLANE ( 'NONE',  #4003 ) ;
#4914 = DIRECTION ( 'NONE',  ( 0.000000000000000000, -1.000000000000000000, 0.000000000000000000 ) ) ;
#4915 =( LENGTH_UNIT ( ) NAMED_UNIT ( * ) SI_UNIT ( .MILLI., .METRE. ) );
#4916 = VERTEX_POINT ( 'NONE', #5842 ) ;
#4917 = EDGE_CURVE ( 'NONE', #1498, #670, #1361, .T. ) ;
#4918 = CARTESIAN_POINT ( 'NONE',  ( 1.449999999999999956, 0.1999999999999999833, -2.750000000000000000 ) ) ;
#4919 = ORIENTED_EDGE ( 'NONE', *, *, #9631, .T. ) ;
#4920 = FACE_OUTER_BOUND ( 'NONE', #3146, .T. ) ;
#4921 = AXIS2_PLACEMENT_3D ( 'NONE', #6012, #6676, #2148 ) ;
#4922 = EDGE_LOOP ( 'NONE', ( #644, #298, #5625, #8946 ) ) ;
#4923 = ORIENTED_EDGE ( 'NONE', *, *, #706, .F. ) ;
#4924 = DIRECTION ( 'NONE',  ( 0.000000000000000000, 0.000000000000000000, -1.000000000000000000 ) ) ;
#4925 = DIRECTION ( 'NONE',  ( 0.7071067811865502373, -0.000000000000000000, -0.7071067811865449082 ) ) ;
#4926 = FACE_OUTER_BOUND ( 'NONE', #1459, .T. ) ;
#4927 = ORIENTED_EDGE ( 'NONE', *, *, #1068, .F. ) ;
#4928 = FACE_OUTER_BOUND ( 'NONE', #2899, .T. ) ;
#4929 = CIRCLE ( 'NONE', #2385, 0.1499999999999999667 ) ;
#4930 = CIRCLE ( 'NONE', #7644, 0.1499999999999999667 ) ;
#4931 = AXIS2_PLACEMENT_3D ( 'NONE', #5064, #7373, #1434 ) ;
#4932 = DIRECTION ( 'NONE',  ( 0.000000000000000000, 0.000000000000000000, -1.000000000000000000 ) ) ;
#4933 = DIRECTION ( 'NONE',  ( -0.000000000000000000, -1.000000000000000000, -0.000000000000000000 ) ) ;
#4934 = EDGE_LOOP ( 'NONE', ( #6710, #478 ) ) ;
#4935 = EDGE_CURVE ( 'NONE', #8425, #4585, #4305, .T. ) ;
#4936 = ORIENTED_EDGE ( 'NONE', *, *, #9606, .F. ) ;
#4937 = VECTOR ( 'NONE', #4925, 1000.000000000000114 ) ;
#4938 = AXIS2_PLACEMENT_3D ( 'NONE', #729, #633, #9011 ) ;
#4939 = CARTESIAN_POINT ( 'NONE',  ( -2.750000000000000000, 0.7000000000000000666, -0.6499999999999993561 ) ) ;
#4940 = LINE ( 'NONE', #1300, #784 ) ;
#4941 = LINE ( 'NONE', #1248, #4314 ) ;
#4942 = FILL_AREA_STYLE ('',( #5882 ) ) ;
#4943 = AXIS2_PLACEMENT_3D ( 'NONE', #4103, #6945, #9289 ) ;
#4944 = CARTESIAN_POINT ( 'NONE',  ( -1.149999999999999911, 0.05000000000000000278, 0.000000000000000000 ) ) ;
#4945 = CARTESIAN_POINT ( 'NONE',  ( 0.6500000000000000222, 0.2000000000000000111, 2.750000000000000000 ) ) ;
#4946 = VECTOR ( 'NONE', #7081, 1000.000000000000000 ) ;
#4947 = LINE ( 'NONE', #8053, #1819 ) ;
#4948 = CARTESIAN_POINT ( 'NONE',  ( -2.750000000000000000, 0.000000000000000000, 1.300000000000000488 ) ) ;
#4949 = DIRECTION ( 'NONE',  ( 0.000000000000000000, -1.000000000000000000, 0.000000000000000000 ) ) ;
#4950 = CIRCLE ( 'NONE', #5108, 0.1499999999999999667 ) ;
#4951 = CARTESIAN_POINT ( 'NONE',  ( -2.750000000000000000, 0.000000000000000000, -0.6499999999999993561 ) ) ;
#4952 = EDGE_CURVE ( 'NONE', #1034, #2796, #6698, .T. ) ;
#4953 = ORIENTED_EDGE ( 'NONE', *, *, #8789, .F. ) ;
#4954 = LINE ( 'NONE', #4163, #8336 ) ;
#4955 = ORIENTED_EDGE ( 'NONE', *, *, #1197, .T. ) ;
#4956 = CARTESIAN_POINT ( 'NONE',  ( -2.750000000000000000, 0.1999999999999999833, 1.950000000000000622 ) ) ;
#4957 = PLANE ( 'NONE',  #8880 ) ;
#4958 = AXIS2_PLACEMENT_3D ( 'NONE', #2659, #1970, #510 ) ;
#4959 = CARTESIAN_POINT ( 'NONE',  ( -3.000000000000000000, 0.04999999999999969746, 0.8000000000000003775 ) ) ;
#4960 = CARTESIAN_POINT ( 'NONE',  ( 1.149999999999999689, 0.1999999999999999833, -2.750000000000000000 ) ) ;
#4961 = EDGE_CURVE ( 'NONE', #85, #6002, #7689, .T. ) ;
#4962 = ORIENTED_EDGE ( 'NONE', *, *, #4898, .F. ) ;
#4963 = DIRECTION ( 'NONE',  ( 0.000000000000000000, 0.000000000000000000, 1.000000000000000000 ) ) ;
#4964 = DIRECTION ( 'NONE',  ( 1.000000000000000000, -0.000000000000000000, 1.734723475976805714E-15 ) ) ;
#4965 = ADVANCED_FACE ( 'NONE', ( #3657 ), #2906, .F. ) ;
#4966 = VECTOR ( 'NONE', #4136, 1000.000000000000000 ) ;
#4967 = VERTEX_POINT ( 'NONE', #9697 ) ;
#4968 = LINE ( 'NONE', #4375, #737 ) ;
#4969 = EDGE_LOOP ( 'NONE', ( #1921, #5115, #7913, #4927 ) ) ;
#4970 = DIRECTION ( 'NONE',  ( 0.000000000000000000, 0.000000000000000000, -1.000000000000000000 ) ) ;
#4971 = CARTESIAN_POINT ( 'NONE',  ( -3.000000000000000000, 0.9999999999999991118, -2.999999999999999556 ) ) ;
#4972 = ORIENTED_EDGE ( 'NONE', *, *, #300, .T. ) ;
#4973 = ORIENTED_EDGE ( 'NONE', *, *, #1310, .F. ) ;
#4974 = CARTESIAN_POINT ( 'NONE',  ( 2.750000000000000000, 0.000000000000000000, 0.6500000000000005773 ) ) ;
#4975 = LINE ( 'NONE', #8035, #1601 ) ;
#4976 = ADVANCED_FACE ( 'NONE', ( #1915 ), #6645, .F. ) ;
#4977 = CARTESIAN_POINT ( 'NONE',  ( 2.100000000000000089, 0.000000000000000000, -2.750000000000000000 ) ) ;
#4978 = ORIENTED_EDGE ( 'NONE', *, *, #3195, .T. ) ;
#4979 = DIRECTION ( 'NONE',  ( -0.000000000000000000, -0.000000000000000000, 1.000000000000000000 ) ) ;
#4980 = AXIS2_PLACEMENT_3D ( 'NONE', #5833, #2203, #7441 ) ;
#4981 = DIRECTION ( 'NONE',  ( 0.000000000000000000, 0.000000000000000000, 1.000000000000000000 ) ) ;
#4982 = CIRCLE ( 'NONE', #7860, 0.1499999999999997446 ) ;
#4983 = LINE ( 'NONE', #1048, #5076 ) ;
#4984 = FACE_OUTER_BOUND ( 'NONE', #6036, .T. ) ;
#4985 = EDGE_LOOP ( 'NONE', ( #5482, #694, #4791, #2924 ) ) ;
#4986 = ORIENTED_EDGE ( 'NONE', *, *, #2324, .T. ) ;
#4987 = CIRCLE ( 'NONE', #4198, 0.1499999999999999667 ) ;
#4988 = DIRECTION ( 'NONE',  ( 0.000000000000000000, -1.000000000000000000, 0.000000000000000000 ) ) ;
#4989 = CARTESIAN_POINT ( 'NONE',  ( 1.949999999999999956, 0.2000000000000000111, 2.600000000000000089 ) ) ;
#4990 = EDGE_CURVE ( 'NONE', #246, #3575, #4495, .T. ) ;
#4991 = VECTOR ( 'NONE', #8537, 1000.000000000000000 ) ;
#4992 = FACE_OUTER_BOUND ( 'NONE', #2793, .T. ) ;
#4993 = DIRECTION ( 'NONE',  ( 0.000000000000000000, 0.000000000000000000, 1.000000000000000000 ) ) ;
#4994 = EDGE_CURVE ( 'NONE', #2305, #8380, #5098, .T. ) ;
#4995 = MECHANICAL_DESIGN_GEOMETRIC_PRESENTATION_REPRESENTATION (  '', ( #9146 ), #9300 ) ;
#4996 = LINE ( 'NONE', #9448, #1962 ) ;
#4997 = AXIS2_PLACEMENT_3D ( 'NONE', #3336, #6372, #1854 ) ;
#4998 = DIRECTION ( 'NONE',  ( -0.000000000000000000, -1.000000000000000000, -0.000000000000000000 ) ) ;
#4999 = DIRECTION ( 'NONE',  ( 0.000000000000000000, 0.000000000000000000, 1.000000000000000000 ) ) ;
#5000 = CARTESIAN_POINT ( 'NONE',  ( 2.750000000000000000, 0.05000000000000002359, 1.800000000000000711 ) ) ;
#5001 = DIRECTION ( 'NONE',  ( 0.000000000000000000, 1.000000000000000000, 0.000000000000000000 ) ) ;
#5002 = VECTOR ( 'NONE', #6101, 1000.000000000000000 ) ;
#5003 = LINE ( 'NONE', #4256, #8166 ) ;
#5004 = ORIENTED_EDGE ( 'NONE', *, *, #8287, .T. ) ;
#5005 = CARTESIAN_POINT ( 'NONE',  ( 1.449999999999999956, 0.2000000000000000111, -2.750000000000000000 ) ) ;
#5006 = ORIENTED_EDGE ( 'NONE', *, *, #2921, .T. ) ;
#5007 = DIRECTION ( 'NONE',  ( 0.000000000000000000, -1.000000000000000000, 0.000000000000000000 ) ) ;
#5008 = EDGE_CURVE ( 'NONE', #6497, #9819, #8952, .T. ) ;
#5009 = FACE_OUTER_BOUND ( 'NONE', #1842, .T. ) ;
#5010 = EDGE_CURVE ( 'NONE', #3943, #6902, #408, .T. ) ;
#5011 = DIRECTION ( 'NONE',  ( -0.000000000000000000, 0.000000000000000000, -1.000000000000000000 ) ) ;
#5012 = ORIENTED_EDGE ( 'NONE', *, *, #9316, .T. ) ;
#5013 = CARTESIAN_POINT ( 'NONE',  ( -2.750000000000000000, 0.05000000000000002359, -1.149999999999999467 ) ) ;
#5014 = DIRECTION ( 'NONE',  ( 0.000000000000000000, 0.000000000000000000, -1.000000000000000000 ) ) ;
#5015 = CARTESIAN_POINT ( 'NONE',  ( -2.049999999999996714, 0.000000000000000000, -2.400000000000000355 ) ) ;
#5016 = ORIENTED_EDGE ( 'NONE', *, *, #3782, .T. ) ;
#5017 = EDGE_CURVE ( 'NONE', #5439, #8911, #5130, .T. ) ;
#5018 = EDGE_CURVE ( 'NONE', #3880, #8128, #5003, .T. ) ;
#5019 = EDGE_CURVE ( 'NONE', #4333, #2287, #7299, .T. ) ;
#5020 = FACE_OUTER_BOUND ( 'NONE', #6733, .T. ) ;
#5021 = VECTOR ( 'NONE', #1219, 1000.000000000000000 ) ;
#5022 = EDGE_LOOP ( 'NONE', ( #3919, #4273, #8706, #1836 ) ) ;
#5023 = EDGE_LOOP ( 'NONE', ( #8472, #2598, #8889, #8477 ) ) ;
#5024 = CARTESIAN_POINT ( 'NONE',  ( -2.100000000000004974, 0.05000000000000000278, -3.642919299551300420E-15 ) ) ;
#5025 = FACE_OUTER_BOUND ( 'NONE', #6287, .T. ) ;
#5026 = DIRECTION ( 'NONE',  ( 1.734723475976805714E-15, 0.000000000000000000, 1.000000000000000000 ) ) ;
#5027 = ORIENTED_EDGE ( 'NONE', *, *, #2046, .T. ) ;
#5028 = LINE ( 'NONE', #8685, #1133 ) ;
#5029 = EDGE_CURVE ( 'NONE', #6679, #3248, #6539, .T. ) ;
#5030 = CARTESIAN_POINT ( 'NONE',  ( -3.000000000000000000, 0.000000000000000000, 2.100000000000000089 ) ) ;
#5031 = CARTESIAN_POINT ( 'NONE',  ( 2.750000000000000000, 0.1999999999999999833, 0.1500000000000003830 ) ) ;
#5032 = ORIENTED_EDGE ( 'NONE', *, *, #6969, .T. ) ;
#5033 = ORIENTED_EDGE ( 'NONE', *, *, #9669, .T. ) ;
#5034 = CARTESIAN_POINT ( 'NONE',  ( -2.399999999999999911, 6.988225099390855455, -2.400000000000000355 ) ) ;
#5035 = DIRECTION ( 'NONE',  ( 0.000000000000000000, 0.000000000000000000, -1.000000000000000000 ) ) ;
#5036 = CIRCLE ( 'NONE', #6457, 0.1499999999999999667 ) ;
#5037 = CARTESIAN_POINT ( 'NONE',  ( 3.000000000000000000, 0.000000000000000000, 0.5000000000000004441 ) ) ;
#5038 = PRESENTATION_STYLE_ASSIGNMENT (( #8942 ) ) ;
#5039 = CARTESIAN_POINT ( 'NONE',  ( -0.1499999999999999667, 0.000000000000000000, -3.000000000000000000 ) ) ;
#5040 = VECTOR ( 'NONE', #6804, 1000.000000000000000 ) ;
#5041 = EDGE_CURVE ( 'NONE', #5426, #936, #2764, .T. ) ;
#5042 = ORIENTED_EDGE ( 'NONE', *, *, #6753, .T. ) ;
#5043 = FACE_OUTER_BOUND ( 'NONE', #2979, .T. ) ;
#5044 = LINE ( 'NONE', #8899, #5633 ) ;
#5045 = DIRECTION ( 'NONE',  ( -0.000000000000000000, -0.000000000000000000, 1.000000000000000000 ) ) ;
#5046 = CARTESIAN_POINT ( 'NONE',  ( 1.994931997373336442E-15, 0.05000000000000000278, 1.150000000000005684 ) ) ;
#5047 = VECTOR ( 'NONE', #4704, 1000.000000000000000 ) ;
#5048 = EDGE_CURVE ( 'NONE', #8061, #3943, #5049, .T. ) ;
#5049 = LINE ( 'NONE', #2308, #2267 ) ;
#5050 = ORIENTED_EDGE ( 'NONE', *, *, #5018, .T. ) ;
#5051 = PLANE ( 'NONE',  #1650 ) ;
#5052 = ORIENTED_EDGE ( 'NONE', *, *, #7817, .F. ) ;
#5053 = FACE_OUTER_BOUND ( 'NONE', #5673, .T. ) ;
#5054 = VECTOR ( 'NONE', #9059, 1000.000000000000000 ) ;
#5055 = DIRECTION ( 'NONE',  ( 0.000000000000000000, 0.000000000000000000, -1.000000000000000000 ) ) ;
#5056 = CIRCLE ( 'NONE', #7612, 0.1499999999999997446 ) ;
#5057 = ADVANCED_FACE ( 'NONE', ( #6900 ), #64, .F. ) ;
#5058 = PLANE ( 'NONE',  #1560 ) ;
#5059 = ORIENTED_EDGE ( 'NONE', *, *, #8310, .T. ) ;
#5060 = DIRECTION ( 'NONE',  ( 0.000000000000000000, 1.000000000000000000, 0.000000000000000000 ) ) ;
#5061 = DIRECTION ( 'NONE',  ( 0.000000000000000000, 1.000000000000000000, 0.000000000000000000 ) ) ;
#5062 = CARTESIAN_POINT ( 'NONE',  ( -1.800000000000000044, 0.7000000000000003997, 3.000000000000000000 ) ) ;
#5063 = VERTEX_POINT ( 'NONE', #5248 ) ;
#5064 = CARTESIAN_POINT ( 'NONE',  ( -0.6500000000000000222, 0.000000000000000000, 2.750000000000000000 ) ) ;
#5065 = VERTEX_POINT ( 'NONE', #4042 ) ;
#5066 = ORIENTED_EDGE ( 'NONE', *, *, #776, .T. ) ;
#5067 = EDGE_CURVE ( 'NONE', #9440, #906, #7083, .T. ) ;
#5068 = DIRECTION ( 'NONE',  ( 0.000000000000000000, 1.000000000000000000, 0.000000000000000000 ) ) ;
#5069 = DIRECTION ( 'NONE',  ( 1.000000000000000000, 0.000000000000000000, 0.000000000000000000 ) ) ;
#5070 = CARTESIAN_POINT ( 'NONE',  ( -1.949999999999999956, 0.2000000000000000111, 2.750000000000000000 ) ) ;
#5071 = ORIENTED_EDGE ( 'NONE', *, *, #5393, .F. ) ;
#5072 = DIRECTION ( 'NONE',  ( 0.000000000000000000, 0.000000000000000000, 1.000000000000000000 ) ) ;
#5073 = EDGE_CURVE ( 'NONE', #5712, #4857, #8352, .T. ) ;
#5074 = ORIENTED_EDGE ( 'NONE', *, *, #6242, .F. ) ;
#5075 = STYLED_ITEM ( 'NONE', ( #9507 ), #3947 ) ;
#5076 = VECTOR ( 'NONE', #4095, 1000.000000000000000 ) ;
#5077 = DIRECTION ( 'NONE',  ( 0.000000000000000000, -1.000000000000000000, 0.000000000000000000 ) ) ;
#5078 = DIRECTION ( 'NONE',  ( 0.000000000000000000, 0.000000000000000000, -1.000000000000000000 ) ) ;
#5079 = ORIENTED_EDGE ( 'NONE', *, *, #7905, .T. ) ;
#5080 = EDGE_LOOP ( 'NONE', ( #6701, #819, #3357, #6550 ) ) ;
#5081 = CARTESIAN_POINT ( 'NONE',  ( 1.449999999999999956, 0.2000000000000000111, -2.750000000000000000 ) ) ;
#5082 = DIRECTION ( 'NONE',  ( -0.000000000000000000, -0.000000000000000000, -1.000000000000000000 ) ) ;
#5083 = VECTOR ( 'NONE', #2602, 1000.000000000000000 ) ;
#5084 = CARTESIAN_POINT ( 'NONE',  ( -2.538461538461538769, 0.9000000000000000222, -2.538461538461538769 ) ) ;
#5085 = ADVANCED_FACE ( 'NONE', ( #6087, #7599 ), #4553, .T. ) ;
#5086 = AXIS2_PLACEMENT_3D ( 'NONE', #6998, #2459, #7802 ) ;
#5087 = EDGE_CURVE ( 'NONE', #8128, #7526, #5987, .T. ) ;
#5088 = CARTESIAN_POINT ( 'NONE',  ( 0.7999999999999999334, 0.2000000000000000111, -3.000000000000000000 ) ) ;
#5089 = ADVANCED_FACE ( 'NONE', ( #3806 ), #2485, .T. ) ;
#5090 = DIRECTION ( 'NONE',  ( 0.000000000000000000, 0.000000000000000000, 1.000000000000000000 ) ) ;
#5092 = VERTEX_POINT ( 'NONE', #5528 ) ;
#5091 = VECTOR ( 'NONE', #4189, 1000.000000000000000 ) ;
#5093 = CARTESIAN_POINT ( 'NONE',  ( 2.100000000000000089, 0.2000000000000000111, 3.000000000000000000 ) ) ;
#5094 = CIRCLE ( 'NONE', #7328, 0.09999999999999982514 ) ;
#5095 = DIRECTION ( 'NONE',  ( 1.000000000000000000, -0.000000000000000000, 0.000000000000000000 ) ) ;
#5096 = VERTEX_POINT ( 'NONE', #1565 ) ;
#5097 = DIRECTION ( 'NONE',  ( 0.000000000000000000, -1.000000000000000000, 0.000000000000000000 ) ) ;
#5098 = LINE ( 'NONE', #563, #6076 ) ;
#5099 = ORIENTED_EDGE ( 'NONE', *, *, #8520, .T. ) ;
#5100 = EDGE_CURVE ( 'NONE', #8251, #4030, #5944, .T. ) ;
#5101 = MECHANICAL_DESIGN_GEOMETRIC_PRESENTATION_REPRESENTATION (  '', ( #8935 ), #7970 ) ;
#5102 = CARTESIAN_POINT ( 'NONE',  ( 3.000000000000000000, 0.1999999999999999833, -0.1499999999999995781 ) ) ;
#5103 = AXIS2_PLACEMENT_3D ( 'NONE', #4817, #3525, #9359 ) ;
#5104 = ORIENTED_EDGE ( 'NONE', *, *, #9054, .F. ) ;
#5105 = PLANE ( 'NONE',  #8635 ) ;
#5106 = VECTOR ( 'NONE', #186, 1000.000000000000000 ) ;
#5107 = LINE ( 'NONE', #8158, #3286 ) ;
#5108 = AXIS2_PLACEMENT_3D ( 'NONE', #2340, #655, #6887 ) ;
#5109 = VECTOR ( 'NONE', #1777, 1000.000000000000000 ) ;
#5110 = DIRECTION ( 'NONE',  ( 0.000000000000000000, 1.000000000000000000, 0.000000000000000000 ) ) ;
#5111 = ORIENTED_EDGE ( 'NONE', *, *, #3874, .T. ) ;
#5112 = DIRECTION ( 'NONE',  ( -0.000000000000000000, -1.000000000000000000, -0.000000000000000000 ) ) ;
#5113 = FACE_OUTER_BOUND ( 'NONE', #6857, .T. ) ;
#5114 = DIRECTION ( 'NONE',  ( 0.000000000000000000, -1.000000000000000000, 0.000000000000000000 ) ) ;
#5115 = ORIENTED_EDGE ( 'NONE', *, *, #5790, .T. ) ;
#5116 = ADVANCED_FACE ( 'NONE', ( #2959 ), #3760, .T. ) ;
#5117 = CARTESIAN_POINT ( 'NONE',  ( 2.750000000000000000, 0.1999999999999999833, 1.150000000000000799 ) ) ;
#5118 = ORIENTED_EDGE ( 'NONE', *, *, #3615, .T. ) ;
#5119 = LINE ( 'NONE', #583, #961 ) ;
#5120 = ORIENTED_EDGE ( 'NONE', *, *, #8361, .T. ) ;
#5121 = ORIENTED_EDGE ( 'NONE', *, *, #9435, .T. ) ;
#5122 = VECTOR ( 'NONE', #461, 1000.000000000000000 ) ;
#5123 = DIRECTION ( 'NONE',  ( 0.000000000000000000, 0.000000000000000000, -1.000000000000000000 ) ) ;
#5124 = DIRECTION ( 'NONE',  ( 0.000000000000000000, -1.000000000000000000, 0.000000000000000000 ) ) ;
#5125 = CARTESIAN_POINT ( 'NONE',  ( 3.000000000000000000, 0.000000000000000000, -0.4999999999999995559 ) ) ;
#5126 = ORIENTED_EDGE ( 'NONE', *, *, #3250, .T. ) ;
#5127 = CARTESIAN_POINT ( 'NONE',  ( 2.100000000000000089, 0.2000000000000000111, 2.750000000000000000 ) ) ;
#5128 = VERTEX_POINT ( 'NONE', #6033 ) ;
#5129 = ADVANCED_FACE ( 'NONE', ( #9847 ), #4600, .T. ) ;
#5130 = CIRCLE ( 'NONE', #6889, 0.1499999999999999667 ) ;
#5131 = CARTESIAN_POINT ( 'NONE',  ( 2.750000000000000000, 0.7000000000000000666, -0.7999999999999990452 ) ) ;
#5132 = ADVANCED_FACE ( 'NONE', ( #7648 ), #6752, .T. ) ;
#5133 =( NAMED_UNIT ( * ) PLANE_ANGLE_UNIT ( ) SI_UNIT ( $, .RADIAN. ) );
#5134 = ORIENTED_EDGE ( 'NONE', *, *, #3615, .F. ) ;
#5135 = VERTEX_POINT ( 'NONE', #3861 ) ;
#5136 = PLANE ( 'NONE',  #2242 ) ;
#5137 = VECTOR ( 'NONE', #353, 1000.000000000000000 ) ;
#5138 = DIRECTION ( 'NONE',  ( 1.000000000000000000, 0.000000000000000000, -1.734723475976805714E-15 ) ) ;
#5139 = VECTOR ( 'NONE', #6258, 1000.000000000000000 ) ;
#5140 = DIRECTION ( 'NONE',  ( -0.000000000000000000, -1.000000000000000000, -0.000000000000000000 ) ) ;
#5141 = FACE_OUTER_BOUND ( 'NONE', #5277, .T. ) ;
#5142 = DIRECTION ( 'NONE',  ( 0.000000000000000000, 1.000000000000000000, 0.000000000000000000 ) ) ;
#5143 = ORIENTED_EDGE ( 'NONE', *, *, #6059, .F. ) ;
#5144 = DIRECTION ( 'NONE',  ( -1.000000000000000000, 0.000000000000000000, -1.734723475976805714E-15 ) ) ;
#5145 = AXIS2_PLACEMENT_3D ( 'NONE', #73, #9155, #6859 ) ;
#5146 = EDGE_CURVE ( 'NONE', #9476, #8306, #4778, .T. ) ;
#5147 = LINE ( 'NONE', #5891, #8349 ) ;
#5148 = VERTEX_POINT ( 'NONE', #8248 ) ;
#5149 =( NAMED_UNIT ( * ) PLANE_ANGLE_UNIT ( ) SI_UNIT ( $, .RADIAN. ) );
#5150 = ADVANCED_FACE ( 'NONE', ( #9040 ), #1412, .T. ) ;
#5151 = FACE_OUTER_BOUND ( 'NONE', #7787, .T. ) ;
#5152 = DIRECTION ( 'NONE',  ( -1.000000000000000000, 0.000000000000000000, 0.000000000000000000 ) ) ;
#5153 = PLANE ( 'NONE',  #5620 ) ;
#5154 = VECTOR ( 'NONE', #8399, 1000.000000000000000 ) ;
#5155 = ORIENTED_EDGE ( 'NONE', *, *, #4363, .F. ) ;
#5156 = DIRECTION ( 'NONE',  ( 0.000000000000000000, 1.000000000000000000, -0.000000000000000000 ) ) ;
#5157 = VECTOR ( 'NONE', #1808, 1000.000000000000000 ) ;
#5158 = LINE ( 'NONE', #1470, #7119 ) ;
#5159 = CYLINDRICAL_SURFACE ( 'NONE', #1267, 0.09999999999999982514 ) ;
#5160 = EDGE_CURVE ( 'NONE', #951, #322, #8297, .T. ) ;
#5161 = STYLED_ITEM ( 'NONE', ( #6937 ), #6651 ) ;
#5162 = DIRECTION ( 'NONE',  ( 0.000000000000000000, -1.000000000000000000, 0.000000000000000000 ) ) ;
#5163 = EDGE_LOOP ( 'NONE', ( #6882, #5222, #4257, #3726 ) ) ;
#5164 = LINE ( 'NONE', #5956, #7209 ) ;
#5165 = LINE ( 'NONE', #9661, #8767 ) ;
#5166 = AXIS2_PLACEMENT_3D ( 'NONE', #7254, #5007, #9509 ) ;
#5167 = DIRECTION ( 'NONE',  ( 0.000000000000000000, 1.000000000000000000, -0.000000000000000000 ) ) ;
#5168 = VERTEX_POINT ( 'NONE', #715 ) ;
#5169 = EDGE_CURVE ( 'NONE', #1397, #2332, #7129, .T. ) ;
#5170 = LINE ( 'NONE', #3628, #9728 ) ;
#5171 = EDGE_LOOP ( 'NONE', ( #6562, #1216, #7830, #9574 ) ) ;
#5172 = EDGE_LOOP ( 'NONE', ( #738, #7758, #4986, #3949 ) ) ;
#5173 = FACE_OUTER_BOUND ( 'NONE', #2543, .T. ) ;
#5174 = CARTESIAN_POINT ( 'NONE',  ( -0.1500000000000003830, 0.04999999999999999584, -2.750000000000000000 ) ) ;
#5175 = DIRECTION ( 'NONE',  ( 0.000000000000000000, -0.000000000000000000, 1.000000000000000000 ) ) ;
#5176 = EDGE_LOOP ( 'NONE', ( #9274, #243, #5440, #7362, #3675, #8748, #2949, #9570, #8727, #9859, #844, #6314, #3790, #2158, #4011, #6861, #3276, #3125, #9334, #8489, #5955, #856, #5552, #9254, #7447, #1938, #7602, #2766, #2877, #1577, #5383, #77 ) ) ;
#5177 = LINE ( 'NONE', #3025, #3339 ) ;
#5178 = VERTEX_POINT ( 'NONE', #9578 ) ;
#5179 = CIRCLE ( 'NONE', #9330, 0.1499999999999997446 ) ;
#5180 = PLANE ( 'NONE',  #7637 ) ;
#5181 = DIRECTION ( 'NONE',  ( 0.000000000000000000, 1.000000000000000000, -0.000000000000000000 ) ) ;
#5182 = ORIENTED_EDGE ( 'NONE', *, *, #2722, .T. ) ;
#5183 = ORIENTED_EDGE ( 'NONE', *, *, #8570, .F. ) ;
#5184 = CARTESIAN_POINT ( 'NONE',  ( -0.8000000000000003775, 0.1999999999999999833, 2.750000000000000000 ) ) ;
#5185 = PLANE ( 'NONE',  #2071 ) ;
#5186 = EDGE_CURVE ( 'NONE', #7895, #9384, #1945, .T. ) ;
#5187 = DIRECTION ( 'NONE',  ( -0.000000000000000000, -1.000000000000000000, -0.000000000000000000 ) ) ;
#5188 = DIRECTION ( 'NONE',  ( 0.000000000000000000, 1.000000000000000000, 0.000000000000000000 ) ) ;
#5189 = VERTEX_POINT ( 'NONE', #4977 ) ;
#5190 = DIRECTION ( 'NONE',  ( 0.000000000000000000, 0.000000000000000000, 1.000000000000000000 ) ) ;
#5191 = CYLINDRICAL_SURFACE ( 'NONE', #1652, 0.1499999999999997446 ) ;
#5192 = EDGE_LOOP ( 'NONE', ( #6989, #6732, #3034, #253 ) ) ;
#5193 = ORIENTED_EDGE ( 'NONE', *, *, #7681, .F. ) ;
#5194 = VECTOR ( 'NONE', #7315, 1000.000000000000000 ) ;
#5195 = DIRECTION ( 'NONE',  ( -0.000000000000000000, -1.000000000000000000, 0.000000000000000000 ) ) ;
#5196 = DIRECTION ( 'NONE',  ( 0.000000000000000000, -1.000000000000000000, 0.000000000000000000 ) ) ;
#5197 = LINE ( 'NONE', #8805, #2600 ) ;
#5198 = EDGE_CURVE ( 'NONE', #4328, #1334, #8080, .T. ) ;
#5199 = VERTEX_POINT ( 'NONE', #3384 ) ;
#5200 = CARTESIAN_POINT ( 'NONE',  ( 3.000000000000000000, 0.7000000000000000666, 0.1500000000000003830 ) ) ;
#5201 = EDGE_CURVE ( 'NONE', #2613, #3110, #2638, .T. ) ;
#5202 = EDGE_CURVE ( 'NONE', #1696, #4225, #6514, .T. ) ;
#5203 = DIRECTION ( 'NONE',  ( 0.000000000000000000, 0.000000000000000000, 1.000000000000000000 ) ) ;
#5204 = DIRECTION ( 'NONE',  ( 1.000000000000000000, -0.000000000000000000, 1.734723475976805714E-15 ) ) ;
#5205 = CYLINDRICAL_SURFACE ( 'NONE', #9686, 0.1499999999999999667 ) ;
#5206 = ORIENTED_EDGE ( 'NONE', *, *, #4487, .F. ) ;
#5207 = CARTESIAN_POINT ( 'NONE',  ( 3.642919299551282276E-15, 0.05000000000000000278, -2.099999999999994316 ) ) ;
#5208 = DIRECTION ( 'NONE',  ( -0.000000000000000000, 0.000000000000000000, -1.000000000000000000 ) ) ;
#5209 = ADVANCED_FACE ( 'NONE', ( #8830 ), #3330, .F. ) ;
#5210 = DIRECTION ( 'NONE',  ( -1.000000000000000000, 0.000000000000000000, 0.000000000000000000 ) ) ;
#5211 = AXIS2_PLACEMENT_3D ( 'NONE', #8017, #7916, #9467 ) ;
#5212 = ADVANCED_FACE ( 'NONE', ( #5723 ), #2000, .T. ) ;
#5213 = EDGE_CURVE ( 'NONE', #9653, #9198, #9527, .T. ) ;
#5214 = LINE ( 'NONE', #8262, #5327 ) ;
#5215 = ORIENTED_EDGE ( 'NONE', *, *, #4935, .F. ) ;
#5216 = DIRECTION ( 'NONE',  ( 0.000000000000000000, 0.000000000000000000, 1.000000000000000000 ) ) ;
#5217 = VECTOR ( 'NONE', #2810, 1000.000000000000000 ) ;
#5218 = ORIENTED_EDGE ( 'NONE', *, *, #6791, .T. ) ;
#5219 = DIRECTION ( 'NONE',  ( 0.000000000000000000, -0.000000000000000000, 1.000000000000000000 ) ) ;
#5220 = DIRECTION ( 'NONE',  ( -0.000000000000000000, -1.000000000000000000, 0.000000000000000000 ) ) ;
#5221 = LINE ( 'NONE', #6565, #1949 ) ;
#5222 = ORIENTED_EDGE ( 'NONE', *, *, #6015, .F. ) ;
#5223 = LINE ( 'NONE', #6775, #3982 ) ;
#5224 = ADVANCED_FACE ( 'NONE', ( #4926 ), #7323, .T. ) ;
#5225 = ORIENTED_EDGE ( 'NONE', *, *, #7943, .T. ) ;
#5226 = VERTEX_POINT ( 'NONE', #1796 ) ;
#5227 = CARTESIAN_POINT ( 'NONE',  ( 1.949999999999999956, 0.2000000000000000111, -2.750000000000000000 ) ) ;
#5228 = CARTESIAN_POINT ( 'NONE',  ( -3.000000000000000000, 0.000000000000000000, -1.449999999999999512 ) ) ;
#5229 = ORIENTED_EDGE ( 'NONE', *, *, #5462, .F. ) ;
#5230 = EDGE_LOOP ( 'NONE', ( #1305, #5714, #8370, #7674 ) ) ;
#5231 = DIRECTION ( 'NONE',  ( 1.000000000000000000, -0.000000000000000000, 9.035018104045870694E-17 ) ) ;
#5232 = DIRECTION ( 'NONE',  ( -0.000000000000000000, -1.000000000000000000, -0.000000000000000000 ) ) ;
#5233 = DIRECTION ( 'NONE',  ( 0.000000000000000000, -0.000000000000000000, 1.000000000000000000 ) ) ;
#5234 =( NAMED_UNIT ( * ) SI_UNIT ( $, .STERADIAN. ) SOLID_ANGLE_UNIT ( ) );
#5235 = MECHANICAL_DESIGN_GEOMETRIC_PRESENTATION_REPRESENTATION (  '', ( #4450 ), #1102 ) ;
#5236 = UNCERTAINTY_MEASURE_WITH_UNIT (LENGTH_MEASURE( 1.000000000000000082E-05 ), #1801, 'distance_accuracy_value', 'NONE');
#5237 = CIRCLE ( 'NONE', #7794, 0.1499999999999997446 ) ;
#5238 = DIRECTION ( 'NONE',  ( -0.000000000000000000, -1.000000000000000000, 0.000000000000000000 ) ) ;
#5239 = ADVANCED_FACE ( 'NONE', ( #8779 ), #6414, .F. ) ;
#5240 = ORIENTED_EDGE ( 'NONE', *, *, #8465, .T. ) ;
#5241 = CARTESIAN_POINT ( 'NONE',  ( 0.000000000000000000, 0.000000000000000000, 2.599999999999999645 ) ) ;
#5242 = FACE_OUTER_BOUND ( 'NONE', #9761, .T. ) ;
#5243 = VERTEX_POINT ( 'NONE', #7230 ) ;
#5244 = ORIENTED_EDGE ( 'NONE', *, *, #7858, .F. ) ;
#5245 = VECTOR ( 'NONE', #8236, 1000.000000000000000 ) ;
#5246 = VECTOR ( 'NONE', #1821, 1000.000000000000000 ) ;
#5247 = PLANE ( 'NONE',  #3694 ) ;
#5248 = CARTESIAN_POINT ( 'NONE',  ( 1.300000000000000044, 0.04999999999999999584, 2.599999999999999645 ) ) ;
#5249 = DIRECTION ( 'NONE',  ( 0.000000000000000000, 0.000000000000000000, -1.000000000000000000 ) ) ;
#5250 = EDGE_LOOP ( 'NONE', ( #9877, #5050, #4377, #888 ) ) ;
#5251 = CIRCLE ( 'NONE', #3662, 0.1499999999999997446 ) ;
#5252 = VECTOR ( 'NONE', #6873, 1000.000000000000000 ) ;
#5253 = VECTOR ( 'NONE', #2889, 1000.000000000000000 ) ;
#5254 = CARTESIAN_POINT ( 'NONE',  ( -2.538461538461538769, 0.9000000000000000222, -2.738461538461538947 ) ) ;
#5255 = PLANE ( 'NONE',  #7318 ) ;
#5256 = EDGE_CURVE ( 'NONE', #7891, #2820, #3279, .T. ) ;
#5257 = VECTOR ( 'NONE', #4552, 1000.000000000000000 ) ;
#5258 = PRESENTATION_LAYER_ASSIGNMENT (  '', '', ( #5733 ) ) ;
#5259 = DIRECTION ( 'NONE',  ( 0.000000000000000000, 0.000000000000000000, 1.000000000000000000 ) ) ;
#5260 = EDGE_LOOP ( 'NONE', ( #3136, #6891, #2605, #3870 ) ) ;
#5261 = AXIS2_PLACEMENT_3D ( 'NONE', #6933, #94, #744 ) ;
#5262 = CARTESIAN_POINT ( 'NONE',  ( 2.750000000000000000, 0.1999999999999999833, 1.150000000000000799 ) ) ;
#5263 = DIRECTION ( 'NONE',  ( -1.000000000000000000, 0.000000000000000000, 0.000000000000000000 ) ) ;
#5264 = LINE ( 'NONE', #7566, #221 ) ;
#5265 = EDGE_LOOP ( 'NONE', ( #100, #3274, #5540, #3393 ) ) ;
#5266 = PLANE ( 'NONE',  #1521 ) ;
#5267 = ORIENTED_EDGE ( 'NONE', *, *, #7709, .T. ) ;
#5268 = AXIS2_PLACEMENT_3D ( 'NONE', #2568, #2516, #224 ) ;
#5269 = ADVANCED_FACE ( 'NONE', ( #283 ), #337, .T. ) ;
#5270 = CARTESIAN_POINT ( 'NONE',  ( -1.149999999999999911, 0.1999999999999999833, 3.000000000000000000 ) ) ;
#5271 = EDGE_LOOP ( 'NONE', ( #5621, #1827, #7189, #9681 ) ) ;
#5272 = ADVANCED_FACE ( 'NONE', ( #388 ), #7981, .F. ) ;
#5273 = CARTESIAN_POINT ( 'NONE',  ( 2.750000000000000000, 0.7000000000000000666, -0.7999999999999990452 ) ) ;
#5274 = CARTESIAN_POINT ( 'NONE',  ( -1.300000000000000044, 0.000000000000000000, 2.750000000000000000 ) ) ;
#5275 = CARTESIAN_POINT ( 'NONE',  ( -2.538461538461538769, 0.9000000000000000222, -2.538461538461538769 ) ) ;
#5276 = DIRECTION ( 'NONE',  ( 0.000000000000000000, -1.000000000000000000, 0.000000000000000000 ) ) ;
#5277 = EDGE_LOOP ( 'NONE', ( #8822, #6868 ) ) ;
#5278 = ORIENTED_EDGE ( 'NONE', *, *, #7583, .F. ) ;
#5279 = LINE ( 'NONE', #8886, #3655 ) ;
#5280 = AXIS2_PLACEMENT_3D ( 'NONE', #8951, #3457, #9502 ) ;
#5281 = CARTESIAN_POINT ( 'NONE',  ( 1.149999999999999467, 0.2000000000000000111, 2.750000000000000000 ) ) ;
#5282 = ORIENTED_EDGE ( 'NONE', *, *, #195, .F. ) ;
#5283 = VERTEX_POINT ( 'NONE', #1143 ) ;
#5284 = EDGE_CURVE ( 'NONE', #1380, #6361, #3866, .T. ) ;
#5285 = DIRECTION ( 'NONE',  ( 0.000000000000000000, 1.000000000000000000, 0.000000000000000000 ) ) ;
#5286 = CARTESIAN_POINT ( 'NONE',  ( -3.000000000000000000, 0.1999999999999999833, -0.7999999999999994893 ) ) ;
#5287 = EDGE_LOOP ( 'NONE', ( #7841, #6626, #6120, #4862 ) ) ;
#5288 = DIRECTION ( 'NONE',  ( 0.000000000000000000, 0.000000000000000000, -1.000000000000000000 ) ) ;
#5289 = LINE ( 'NONE', #1552, #6919 ) ;
#5290 = VECTOR ( 'NONE', #6007, 1000.000000000000000 ) ;
#5291 = CARTESIAN_POINT ( 'NONE',  ( 2.100000000000000089, 0.1999999999999999833, -3.000000000000000000 ) ) ;
#5292 = ORIENTED_EDGE ( 'NONE', *, *, #7914, .F. ) ;
#5293 = CARTESIAN_POINT ( 'NONE',  ( -2.750000000000000000, 0.7000000000000000666, -2.099999999999999201 ) ) ;
#5294 = AXIS2_PLACEMENT_3D ( 'NONE', #606, #6692, #8146 ) ;
#5295 = CARTESIAN_POINT ( 'NONE',  ( 2.750000000000000000, 0.1999999999999999833, -2.099999999999999201 ) ) ;
#5296 = VERTEX_POINT ( 'NONE', #9430 ) ;
#5297 = EDGE_LOOP ( 'NONE', ( #8110, #9662, #1039, #9734 ) ) ;
#5298 = VECTOR ( 'NONE', #8214, 1000.000000000000000 ) ;
#5299 = LINE ( 'NONE', #3048, #7059 ) ;
#5300 = CARTESIAN_POINT ( 'NONE',  ( -1.949999999999999956, 0.2000000000000000111, -2.750000000000000000 ) ) ;
#5301 = DIRECTION ( 'NONE',  ( 0.000000000000000000, 1.000000000000000000, 0.000000000000000000 ) ) ;
#5302 = EDGE_CURVE ( 'NONE', #785, #3290, #4020, .T. ) ;
#5303 = DIRECTION ( 'NONE',  ( -0.000000000000000000, -1.000000000000000000, -0.000000000000000000 ) ) ;
#5304 = ORIENTED_EDGE ( 'NONE', *, *, #7470, .F. ) ;
#5305 = VECTOR ( 'NONE', #4858, 1000.000000000000000 ) ;
#5306 = CIRCLE ( 'NONE', #2260, 0.1499999999999997446 ) ;
#5307 = DIRECTION ( 'NONE',  ( 0.000000000000000000, -1.000000000000000000, 0.000000000000000000 ) ) ;
#5308 = DIRECTION ( 'NONE',  ( 0.000000000000000000, -0.000000000000000000, 1.000000000000000000 ) ) ;
#5309 = AXIS2_PLACEMENT_3D ( 'NONE', #2213, #5249, #1468 ) ;
#5310 = CARTESIAN_POINT ( 'NONE',  ( -2.750000000000000000, 0.1999999999999999833, -1.149999999999999467 ) ) ;
#5311 = VERTEX_POINT ( 'NONE', #4429 ) ;
#5312 = EDGE_CURVE ( 'NONE', #9305, #6756, #1439, .T. ) ;
#5313 = CIRCLE ( 'NONE', #7223, 0.1499999999999999667 ) ;
#5314 = DIRECTION ( 'NONE',  ( -1.000000000000000000, 0.000000000000000000, 1.734723475976805714E-15 ) ) ;
#5315 = PLANE ( 'NONE',  #6186 ) ;
#5316 = LINE ( 'NONE', #3877, #6112 ) ;
#5317 = ORIENTED_EDGE ( 'NONE', *, *, #3603, .F. ) ;
#5318 = DIRECTION ( 'NONE',  ( -0.000000000000000000, -1.000000000000000000, 0.000000000000000000 ) ) ;
#5319 = COLOUR_RGB ( '',0.7921568627450980005, 0.8196078431372548767, 0.9333333333333333481 ) ;
#5320 = ORIENTED_EDGE ( 'NONE', *, *, #7714, .F. ) ;
#5321 = ORIENTED_EDGE ( 'NONE', *, *, #3505, .T. ) ;
#5322 = FACE_OUTER_BOUND ( 'NONE', #8790, .T. ) ;
#5323 = PLANE ( 'NONE',  #7021 ) ;
#5324 = DIRECTION ( 'NONE',  ( 0.000000000000000000, -1.000000000000000000, 0.000000000000000000 ) ) ;
#5325 = VECTOR ( 'NONE', #1722, 1000.000000000000000 ) ;
#5326 = CARTESIAN_POINT ( 'NONE',  ( 0.000000000000000000, 0.2000000000000000111, 2.750000000000000000 ) ) ;
#5327 = VECTOR ( 'NONE', #4470, 1000.000000000000000 ) ;
#5328 = ORIENTED_EDGE ( 'NONE', *, *, #7258, .T. ) ;
#5329 = EDGE_CURVE ( 'NONE', #9664, #6871, #5221, .T. ) ;
#5330 = EDGE_CURVE ( 'NONE', #4779, #8306, #509, .T. ) ;
#5331 = ADVANCED_FACE ( 'NONE', ( #688 ), #1491, .F. ) ;
#5332 = ORIENTED_EDGE ( 'NONE', *, *, #9179, .F. ) ;
#5333 = CARTESIAN_POINT ( 'NONE',  ( 2.750000000000000000, 0.1999999999999999833, 1.950000000000000622 ) ) ;
#5334 = CARTESIAN_POINT ( 'NONE',  ( -1.300000000000000044, 0.2000000000000000111, 2.750000000000000000 ) ) ;
#5335 = VERTEX_POINT ( 'NONE', #2789 ) ;
#5336 = ORIENTED_EDGE ( 'NONE', *, *, #5352, .F. ) ;
#5337 = CARTESIAN_POINT ( 'NONE',  ( 2.750000000000000000, 0.1999999999999999833, 0.1500000000000003830 ) ) ;
#5338 = CARTESIAN_POINT ( 'NONE',  ( -1.300000000000000044, 0.04999999999999999584, 2.750000000000000000 ) ) ;
#5339 = VERTEX_POINT ( 'NONE', #3736 ) ;
#5340 = CARTESIAN_POINT ( 'NONE',  ( 1.300000000000000044, 0.2000000000000000111, 2.599999999999999645 ) ) ;
#5341 = EDGE_CURVE ( 'NONE', #6881, #9404, #8225, .T. ) ;
#5342 = ORIENTED_EDGE ( 'NONE', *, *, #4288, .F. ) ;
#5343 = CARTESIAN_POINT ( 'NONE',  ( -2.750000000000000000, 0.7000000000000000666, -1.799999999999999600 ) ) ;
#5344 = CYLINDRICAL_SURFACE ( 'NONE', #9295, 0.1499999999999999667 ) ;
#5345 = ORIENTED_EDGE ( 'NONE', *, *, #7724, .F. ) ;
#5346 = ORIENTED_EDGE ( 'NONE', *, *, #7277, .F. ) ;
#5347 = DIRECTION ( 'NONE',  ( -1.000000000000000000, 0.000000000000000000, 0.000000000000000000 ) ) ;
#5348 = FACE_OUTER_BOUND ( 'NONE', #4888, .T. ) ;
#5349 = DIRECTION ( 'NONE',  ( 1.000000000000000000, -0.000000000000000000, 1.734723475976805714E-15 ) ) ;
#5350 = CYLINDRICAL_SURFACE ( 'NONE', #5630, 0.1499999999999999667 ) ;
#5351 = ORIENTED_EDGE ( 'NONE', *, *, #3153, .F. ) ;
#5352 = EDGE_CURVE ( 'NONE', #8911, #5846, #4529, .T. ) ;
#5353 = SURFACE_STYLE_USAGE ( .BOTH. , #1568 ) ;
#5354 = FACE_OUTER_BOUND ( 'NONE', #6589, .T. ) ;
#5355 = DIRECTION ( 'NONE',  ( 0.000000000000000000, 0.000000000000000000, 1.000000000000000000 ) ) ;
#5356 = EDGE_CURVE ( 'NONE', #26, #9020, #183, .T. ) ;
#5357 = CARTESIAN_POINT ( 'NONE',  ( 0.4999999999999995559, 0.1999999999999999833, -2.750000000000000000 ) ) ;
#5358 = ORIENTED_EDGE ( 'NONE', *, *, #9236, .T. ) ;
#5359 = DIRECTION ( 'NONE',  ( -1.000000000000000000, 0.000000000000000000, -9.035018104045871927E-17 ) ) ;
#5360 = ORIENTED_EDGE ( 'NONE', *, *, #2455, .F. ) ;
#5361 = CARTESIAN_POINT ( 'NONE',  ( -2.100000000000000089, 0.7000000000000003997, -2.750000000000000000 ) ) ;
#5362 = ORIENTED_EDGE ( 'NONE', *, *, #8980, .F. ) ;
#5363 = DIRECTION ( 'NONE',  ( 0.000000000000000000, -0.000000000000000000, 1.000000000000000000 ) ) ;
#5364 = VERTEX_POINT ( 'NONE', #6669 ) ;
#5365 = AXIS2_PLACEMENT_3D ( 'NONE', #7960, #6602, #4166 ) ;
#5366 = EDGE_CURVE ( 'NONE', #3110, #4286, #1288, .T. ) ;
#5367 = FILL_AREA_STYLE_COLOUR ( '', #7494 ) ;
#5368 = CARTESIAN_POINT ( 'NONE',  ( 3.000000000000000000, 0.7000000000000000666, -0.4999999999999995559 ) ) ;
#5369 = DIRECTION ( 'NONE',  ( -1.000000000000000000, 0.000000000000000000, 7.228014483236695816E-17 ) ) ;
#5370 = VECTOR ( 'NONE', #3918, 1000.000000000000000 ) ;
#5371 = DIRECTION ( 'NONE',  ( 0.000000000000000000, 0.000000000000000000, 1.000000000000000000 ) ) ;
#5372 = CARTESIAN_POINT ( 'NONE',  ( -3.000000000000000000, 0.1999999999999999833, 2.100000000000000089 ) ) ;
#5373 = EDGE_LOOP ( 'NONE', ( #4455, #2682, #4182, #8780 ) ) ;
#5374 = EDGE_LOOP ( 'NONE', ( #6004, #6400, #9611, #8604 ) ) ;
#5375 = VECTOR ( 'NONE', #1019, 1000.000000000000000 ) ;
#5376 = DIRECTION ( 'NONE',  ( -0.000000000000000000, -1.000000000000000000, -0.000000000000000000 ) ) ;
#5377 = AXIS2_PLACEMENT_3D ( 'NONE', #4948, #6485, #9546 ) ;
#5378 = ORIENTED_EDGE ( 'NONE', *, *, #9168, .F. ) ;
#5379 = ORIENTED_EDGE ( 'NONE', *, *, #7465, .T. ) ;
#5380 = DIRECTION ( 'NONE',  ( -0.000000000000000000, -1.000000000000000000, -0.000000000000000000 ) ) ;
#5381 = EDGE_CURVE ( 'NONE', #2624, #1712, #7473, .T. ) ;
#5382 = LINE ( 'NONE', #3992, #9884 ) ;
#5383 = ORIENTED_EDGE ( 'NONE', *, *, #5381, .T. ) ;
#5384 = PLANE ( 'NONE',  #2097 ) ;
#5385 = VERTEX_POINT ( 'NONE', #2931 ) ;
#5386 = LINE ( 'NONE', #801, #4500 ) ;
#5387 = LINE ( 'NONE', #8437, #3722 ) ;
#5388 = ORIENTED_EDGE ( 'NONE', *, *, #1950, .T. ) ;
#5389 = ORIENTED_EDGE ( 'NONE', *, *, #3974, .F. ) ;
#5390 = ADVANCED_FACE ( 'NONE', ( #537 ), #3589, .F. ) ;
#5391 = CARTESIAN_POINT ( 'NONE',  ( -0.6500000000000000222, 0.7000000000000003997, 2.750000000000000000 ) ) ;
#5392 = EDGE_CURVE ( 'NONE', #8662, #785, #2237, .T. ) ;
#5393 = EDGE_CURVE ( 'NONE', #2214, #5426, #3058, .T. ) ;
#5394 = CARTESIAN_POINT ( 'NONE',  ( 2.750000000000000000, 0.000000000000000000, 0.6500000000000005773 ) ) ;
#5395 = CARTESIAN_POINT ( 'NONE',  ( 2.750000000000000000, 0.1999999999999999833, -1.949999999999999289 ) ) ;
#5396 = ORIENTED_EDGE ( 'NONE', *, *, #1390, .F. ) ;
#5397 = PLANE ( 'NONE',  #264 ) ;
#5398 = LINE ( 'NONE', #112, #7645 ) ;
#5399 = ADVANCED_FACE ( 'NONE', ( #5918 ), #6620, .T. ) ;
#5400 = DIRECTION ( 'NONE',  ( 0.000000000000000000, 0.000000000000000000, -1.000000000000000000 ) ) ;
#5401 = ORIENTED_EDGE ( 'NONE', *, *, #8493, .T. ) ;
#5402 = VECTOR ( 'NONE', #7034, 1000.000000000000000 ) ;
#5403 = DIRECTION ( 'NONE',  ( 0.000000000000000000, 0.000000000000000000, 1.000000000000000000 ) ) ;
#5404 = AXIS2_PLACEMENT_3D ( 'NONE', #7142, #294, #8540 ) ;
#5405 = VECTOR ( 'NONE', #6459, 1000.000000000000000 ) ;
#5406 = ORIENTED_EDGE ( 'NONE', *, *, #3508, .T. ) ;
#5407 = LINE ( 'NONE', #27, #3737 ) ;
#5408 = FACE_OUTER_BOUND ( 'NONE', #4466, .T. ) ;
#5409 = ORIENTED_EDGE ( 'NONE', *, *, #6297, .T. ) ;
#5410 = VECTOR ( 'NONE', #8471, 1000.000000000000000 ) ;
#5411 = AXIS2_PLACEMENT_3D ( 'NONE', #1598, #4689, #7685 ) ;
#5412 = COLOUR_RGB ( '',0.7921568627450980005, 0.8196078431372548767, 0.9333333333333333481 ) ;
#5413 = CARTESIAN_POINT ( 'NONE',  ( -1.800000000000000044, 0.1999999999999999833, 3.000000000000000000 ) ) ;
#5414 = EDGE_CURVE ( 'NONE', #597, #6064, #9672, .T. ) ;
#5415 = LINE ( 'NONE', #35, #8410 ) ;
#5416 = FACE_OUTER_BOUND ( 'NONE', #4560, .T. ) ;
#5417 = CARTESIAN_POINT ( 'NONE',  ( -1.800000000000000044, 0.1999999999999999833, 3.000000000000000000 ) ) ;
#5418 = CARTESIAN_POINT ( 'NONE',  ( -3.000000000000000000, 0.000000000000000000, 0.1500000000000003830 ) ) ;
#5419 = EDGE_CURVE ( 'NONE', #8289, #3943, #4480, .T. ) ;
#5420 = VERTEX_POINT ( 'NONE', #7426 ) ;
#5421 = AXIS2_PLACEMENT_3D ( 'NONE', #4625, #3884, #2471 ) ;
#5422 = VECTOR ( 'NONE', #5573, 1000.000000000000000 ) ;
#5423 = ORIENTED_EDGE ( 'NONE', *, *, #9606, .T. ) ;
#5424 = CARTESIAN_POINT ( 'NONE',  ( -3.000000000000000000, 0.000000000000000000, -0.4999999999999995559 ) ) ;
#5425 = DIRECTION ( 'NONE',  ( 0.000000000000000000, 1.000000000000000000, -0.000000000000000000 ) ) ;
#5426 = VERTEX_POINT ( 'NONE', #485 ) ;
#5427 = ORIENTED_EDGE ( 'NONE', *, *, #9002, .F. ) ;
#5428 = VECTOR ( 'NONE', #6417, 1000.000000000000000 ) ;
#5429 = LINE ( 'NONE', #3134, #5901 ) ;
#5430 = LINE ( 'NONE', #7736, #5565 ) ;
#5431 = ORIENTED_EDGE ( 'NONE', *, *, #5644, .F. ) ;
#5432 = FACE_OUTER_BOUND ( 'NONE', #411, .T. ) ;
#5433 = EDGE_CURVE ( 'NONE', #951, #2254, #3538, .T. ) ;
#5434 =( NAMED_UNIT ( * ) PLANE_ANGLE_UNIT ( ) SI_UNIT ( $, .RADIAN. ) );
#5435 = EDGE_CURVE ( 'NONE', #9431, #8968, #5451, .T. ) ;
#5436 = ORIENTED_EDGE ( 'NONE', *, *, #9109, .T. ) ;
#5437 = DIRECTION ( 'NONE',  ( 0.000000000000000000, -1.000000000000000000, 0.000000000000000000 ) ) ;
#5438 = CARTESIAN_POINT ( 'NONE',  ( -2.750000000000000000, 0.7000000000000000666, -0.1499999999999990785 ) ) ;
#5439 = VERTEX_POINT ( 'NONE', #2426 ) ;
#5440 = ORIENTED_EDGE ( 'NONE', *, *, #7409, .T. ) ;
#5441 = CARTESIAN_POINT ( 'NONE',  ( 1.949999999999999956, 0.000000000000000000, 2.750000000000000000 ) ) ;
#5442 = VECTOR ( 'NONE', #5196, 1000.000000000000000 ) ;
#5443 = CARTESIAN_POINT ( 'NONE',  ( -2.750000000000000000, 0.1999999999999999833, -2.099999999999999201 ) ) ;
#5444 = CARTESIAN_POINT ( 'NONE',  ( -0.5000000000000000000, 0.2000000000000000111, -3.000000000000000000 ) ) ;
#5445 = ORIENTED_EDGE ( 'NONE', *, *, #8599, .F. ) ;
#5446 = CARTESIAN_POINT ( 'NONE',  ( -3.000000000000000000, 0.000000000000000000, -1.149999999999999467 ) ) ;
#5447 = EDGE_CURVE ( 'NONE', #9664, #6388, #4626, .T. ) ;
#5448 = CARTESIAN_POINT ( 'NONE',  ( -1.149999999999999911, 0.2000000000000000111, 3.000000000000000000 ) ) ;
#5449 = EDGE_CURVE ( 'NONE', #1832, #2096, #6207, .T. ) ;
#5450 = EDGE_CURVE ( 'NONE', #533, #389, #9211, .T. ) ;
#5451 = CIRCLE ( 'NONE', #4179, 0.1499999999999999667 ) ;
#5452 = CARTESIAN_POINT ( 'NONE',  ( 3.000000000000000000, 0.1999999999999999833, 0.8000000000000003775 ) ) ;
#5453 = DIRECTION ( 'NONE',  ( 0.000000000000000000, 0.000000000000000000, 1.000000000000000000 ) ) ;
#5454 = ORIENTED_EDGE ( 'NONE', *, *, #1815, .F. ) ;
#5455 = AXIS2_PLACEMENT_3D ( 'NONE', #3453, #7146, #7997 ) ;
#5456 = CARTESIAN_POINT ( 'NONE',  ( -0.8000000000000003775, 0.2000000000000000111, -2.750000000000000000 ) ) ;
#5457 = VECTOR ( 'NONE', #8364, 1000.000000000000000 ) ;
#5458 = PLANE ( 'NONE',  #8915 ) ;
#5459 = VERTEX_POINT ( 'NONE', #5417 ) ;
#5460 = CARTESIAN_POINT ( 'NONE',  ( 2.515349040166358454E-15, 0.05000000000000000278, -1.449999999999994182 ) ) ;
#5461 = VECTOR ( 'NONE', #853, 1000.000000000000000 ) ;
#5462 = EDGE_CURVE ( 'NONE', #8405, #1849, #3978, .T. ) ;
#5463 = LINE ( 'NONE', #3261, #3249 ) ;
#5464 = ORIENTED_EDGE ( 'NONE', *, *, #4102, .F. ) ;
#5465 = DIRECTION ( 'NONE',  ( 0.000000000000000000, -1.000000000000000000, 0.000000000000000000 ) ) ;
#5466 = AXIS2_PLACEMENT_3D ( 'NONE', #3651, #4501, #9086 ) ;
#5467 = PLANE ( 'NONE',  #9360 ) ;
#5468 = PLANE ( 'NONE',  #2546 ) ;
#5469 = CARTESIAN_POINT ( 'NONE',  ( -3.000000000000000000, 0.000000000000000000, -1.799999999999999600 ) ) ;
#5470 = DIRECTION ( 'NONE',  ( 0.000000000000000000, 0.000000000000000000, 1.000000000000000000 ) ) ;
#5471 = ORIENTED_EDGE ( 'NONE', *, *, #7258, .F. ) ;
#5472 = MECHANICAL_DESIGN_GEOMETRIC_PRESENTATION_REPRESENTATION (  '', ( #4054 ), #6585 ) ;
#5473 = DIRECTION ( 'NONE',  ( 0.000000000000000000, 1.000000000000000000, 0.000000000000000000 ) ) ;
#5474 = ORIENTED_EDGE ( 'NONE', *, *, #6239, .T. ) ;
#5475 = FACE_OUTER_BOUND ( 'NONE', #139, .T. ) ;
#5476 = CARTESIAN_POINT ( 'NONE',  ( -1.450000000000000400, 0.7000000000000003997, -2.750000000000000000 ) ) ;
#5477 = ORIENTED_EDGE ( 'NONE', *, *, #2056, .F. ) ;
#5478 = ORIENTED_EDGE ( 'NONE', *, *, #6994, .T. ) ;
#5479 =( GEOMETRIC_REPRESENTATION_CONTEXT ( 3 ) GLOBAL_UNCERTAINTY_ASSIGNED_CONTEXT ( ( #6224 ) ) GLOBAL_UNIT_ASSIGNED_CONTEXT ( ( #9530, #8783, #7717 ) ) REPRESENTATION_CONTEXT ( 'NONE', 'WORKASPACE' ) );
#5480 = CARTESIAN_POINT ( 'NONE',  ( 3.000000000000000000, 0.05000000000000000278, 3.000000000000000000 ) ) ;
#5481 = CARTESIAN_POINT ( 'NONE',  ( 3.000000000000000000, 0.05000000000000000278, -3.000000000000000000 ) ) ;
#5482 = ORIENTED_EDGE ( 'NONE', *, *, #756, .T. ) ;
#5483 = LINE ( 'NONE', #9328, #1617 ) ;
#5484 = ORIENTED_EDGE ( 'NONE', *, *, #8107, .F. ) ;
#5485 = DIRECTION ( 'NONE',  ( 0.000000000000000000, 0.000000000000000000, 1.000000000000000000 ) ) ;
#5486 = CARTESIAN_POINT ( 'NONE',  ( 0.1499999999999999667, 0.1999999999999999833, -3.000000000000000000 ) ) ;
#5487 = VERTEX_POINT ( 'NONE', #3123 ) ;
#5488 = EDGE_CURVE ( 'NONE', #7106, #6214, #9261, .T. ) ;
#5489 = ORIENTED_EDGE ( 'NONE', *, *, #3745, .T. ) ;
#5490 = DIRECTION ( 'NONE',  ( 1.734723475976805714E-15, -0.000000000000000000, 1.000000000000000000 ) ) ;
#5491 = CARTESIAN_POINT ( 'NONE',  ( 2.750000000000000000, 0.05000000000000002359, 1.450000000000000400 ) ) ;
#5492 = CARTESIAN_POINT ( 'NONE',  ( -2.750000000000000000, 0.1999999999999999833, -2.099999999999999201 ) ) ;
#5493 = ORIENTED_EDGE ( 'NONE', *, *, #9803, .F. ) ;
#5494 =( NAMED_UNIT ( * ) SI_UNIT ( $, .STERADIAN. ) SOLID_ANGLE_UNIT ( ) );
#5495 = PLANE ( 'NONE',  #748 ) ;
#5496 = DIRECTION ( 'NONE',  ( 0.000000000000000000, 0.000000000000000000, 1.000000000000000000 ) ) ;
#5497 = VECTOR ( 'NONE', #5607, 1000.000000000000000 ) ;
#5498 = DIRECTION ( 'NONE',  ( 0.000000000000000000, 1.000000000000000000, 0.000000000000000000 ) ) ;
#5499 = ADVANCED_FACE ( 'NONE', ( #7018 ), #1687, .F. ) ;
#5500 = ORIENTED_EDGE ( 'NONE', *, *, #213, .T. ) ;
#5501 = DIRECTION ( 'NONE',  ( 1.000000000000000000, -0.000000000000000000, -0.000000000000000000 ) ) ;
#5502 = PLANE ( 'NONE',  #9548 ) ;
#5503 = ORIENTED_EDGE ( 'NONE', *, *, #3759, .T. ) ;
#5504 = DIRECTION ( 'NONE',  ( 0.000000000000000000, -1.000000000000000000, 0.000000000000000000 ) ) ;
#5505 = LINE ( 'NONE', #4021, #7741 ) ;
#5506 = EDGE_LOOP ( 'NONE', ( #8770, #8539, #9012, #2620 ) ) ;
#5507 = CARTESIAN_POINT ( 'NONE',  ( 2.750000000000000000, 0.000000000000000000, 1.950000000000000622 ) ) ;
#5508 = AXIS2_PLACEMENT_3D ( 'NONE', #380, #8768, #2824 ) ;
#5509 = CLOSED_SHELL ( 'NONE', ( #1005, #1376, #8376, #4965, #413, #4141 ) ) ;
#5510 = CARTESIAN_POINT ( 'NONE',  ( -0.6500000000000000222, 0.1999999999999999833, 2.599999999999999645 ) ) ;
#5511 = ADVANCED_FACE ( 'NONE', ( #9116 ), #3216, .T. ) ;
#5512 = CARTESIAN_POINT ( 'NONE',  ( -3.000000000000000000, 0.1999999999999999833, 2.100000000000000089 ) ) ;
#5513 = EDGE_CURVE ( 'NONE', #2961, #8279, #175, .T. ) ;
#5514 = CARTESIAN_POINT ( 'NONE',  ( -2.100000000000000089, 0.7000000000000003997, 3.000000000000000000 ) ) ;
#5515 = EDGE_CURVE ( 'NONE', #274, #8176, #3875, .T. ) ;
#5516 = DIRECTION ( 'NONE',  ( -0.000000000000000000, -0.000000000000000000, 1.000000000000000000 ) ) ;
#5517 = ORIENTED_EDGE ( 'NONE', *, *, #8095, .T. ) ;
#5518 = DIRECTION ( 'NONE',  ( 0.000000000000000000, 0.000000000000000000, 1.000000000000000000 ) ) ;
#5519 = ORIENTED_EDGE ( 'NONE', *, *, #287, .T. ) ;
#5520 = CARTESIAN_POINT ( 'NONE',  ( -2.538461538461538769, 0.9000000000000000222, -2.538461538461538769 ) ) ;
#5521 = FACE_OUTER_BOUND ( 'NONE', #742, .T. ) ;
#5522 = AXIS2_PLACEMENT_3D ( 'NONE', #1015, #6289, #7099 ) ;
#5523 = EDGE_LOOP ( 'NONE', ( #1618, #735, #4481, #8704 ) ) ;
#5524 = ORIENTED_EDGE ( 'NONE', *, *, #6241, .F. ) ;
#5525 = CARTESIAN_POINT ( 'NONE',  ( 0.000000000000000000, 0.05000000000000000278, 0.8000000000000003775 ) ) ;
#5526 = CARTESIAN_POINT ( 'NONE',  ( -2.750000000000000000, 0.1999999999999999833, -0.4999999999999995559 ) ) ;
#5527 = EDGE_CURVE ( 'NONE', #804, #559, #1539, .T. ) ;
#5528 = CARTESIAN_POINT ( 'NONE',  ( 2.299999999999999822, 0.1999999999999996503, -2.399999999999999911 ) ) ;
#5529 = EDGE_LOOP ( 'NONE', ( #5934, #5843, #6325, #9441 ) ) ;
#5530 = LINE ( 'NONE', #9432, #8944 ) ;
#5531 = VECTOR ( 'NONE', #9610, 1000.000000000000000 ) ;
#5532 = EDGE_LOOP ( 'NONE', ( #8525, #3567, #146, #6150 ) ) ;
#5533 = CARTESIAN_POINT ( 'NONE',  ( 1.949999999999999956, 0.04999999999999999584, 2.750000000000000000 ) ) ;
#5534 = PLANE ( 'NONE',  #3569 ) ;
#5535 = ORIENTED_EDGE ( 'NONE', *, *, #8095, .F. ) ;
#5536 = ORIENTED_EDGE ( 'NONE', *, *, #6106, .F. ) ;
#5537 = DIRECTION ( 'NONE',  ( 0.000000000000000000, -1.000000000000000000, 0.000000000000000000 ) ) ;
#5538 = CARTESIAN_POINT ( 'NONE',  ( -1.949999999999999956, 0.2000000000000000111, -2.750000000000000000 ) ) ;
#5539 = CARTESIAN_POINT ( 'NONE',  ( 2.750000000000000000, 0.7000000000000000666, -1.299999999999999378 ) ) ;
#5540 = ORIENTED_EDGE ( 'NONE', *, *, #5990, .T. ) ;
#5541 = EDGE_CURVE ( 'NONE', #3143, #2028, #8966, .T. ) ;
#5542 = CARTESIAN_POINT ( 'NONE',  ( -1.300000000000000044, 0.2000000000000000111, -2.750000000000000000 ) ) ;
#5543 = DIRECTION ( 'NONE',  ( -1.000000000000000000, 0.000000000000000000, -0.000000000000000000 ) ) ;
#5544 = CARTESIAN_POINT ( 'NONE',  ( -2.399999999999999911, 0.1999999999999996503, -2.049999999999999822 ) ) ;
#5545 = ORIENTED_EDGE ( 'NONE', *, *, #2507, .T. ) ;
#5546 = CARTESIAN_POINT ( 'NONE',  ( 0.1499999999999999667, 0.2000000000000000111, -3.000000000000000000 ) ) ;
#5547 = ORIENTED_EDGE ( 'NONE', *, *, #1645, .F. ) ;
#5548 = DIRECTION ( 'NONE',  ( 0.000000000000000000, 1.000000000000000000, 0.000000000000000000 ) ) ;
#5549 = EDGE_CURVE ( 'NONE', #5910, #4327, #6821, .T. ) ;
#5550 = AXIS2_PLACEMENT_3D ( 'NONE', #8806, #9458, #4068 ) ;
#5551 = CARTESIAN_POINT ( 'NONE',  ( -2.750000000000000000, 0.7000000000000000666, 1.450000000000000400 ) ) ;
#5552 = ORIENTED_EDGE ( 'NONE', *, *, #2658, .T. ) ;
#5553 = ADVANCED_FACE ( 'NONE', ( #4576 ), #8374, .F. ) ;
#5554 = DIRECTION ( 'NONE',  ( 0.000000000000000000, 0.000000000000000000, -1.000000000000000000 ) ) ;
#5555 = VECTOR ( 'NONE', #7192, 1000.000000000000000 ) ;
#5556 = CARTESIAN_POINT ( 'NONE',  ( 1.800000000000000044, 0.7000000000000006217, 3.000000000000000000 ) ) ;
#5557 = ORIENTED_EDGE ( 'NONE', *, *, #8245, .T. ) ;
#5558 = VECTOR ( 'NONE', #9299, 1000.000000000000000 ) ;
#5559 = LINE ( 'NONE', #9514, #3029 ) ;
#5560 = CARTESIAN_POINT ( 'NONE',  ( 3.000000000000000000, 0.7000000000000000666, -1.149999999999999467 ) ) ;
#5561 = CARTESIAN_POINT ( 'NONE',  ( -2.100000000000000089, 0.1999999999999999833, 3.000000000000000000 ) ) ;
#5562 = ORIENTED_EDGE ( 'NONE', *, *, #6050, .F. ) ;
#5563 = PRESENTATION_LAYER_ASSIGNMENT (  '', '', ( #9560 ) ) ;
#5564 = CARTESIAN_POINT ( 'NONE',  ( -0.6500000000000000222, 0.1999999999999999833, 2.750000000000000000 ) ) ;
#5566 = EDGE_LOOP ( 'NONE', ( #4436, #546, #983, #1536 ) ) ;
#5565 = VECTOR ( 'NONE', #4730, 1000.000000000000000 ) ;
#5567 =( GEOMETRIC_REPRESENTATION_CONTEXT ( 3 ) GLOBAL_UNCERTAINTY_ASSIGNED_CONTEXT ( ( #2089 ) ) GLOBAL_UNIT_ASSIGNED_CONTEXT ( ( #1137, #1888, #6360 ) ) REPRESENTATION_CONTEXT ( 'NONE', 'WORKASPACE' ) );
#5568 = EDGE_CURVE ( 'NONE', #4876, #8671, #3832, .T. ) ;
#5569 = DIRECTION ( 'NONE',  ( 1.000000000000000000, 0.000000000000000000, 1.734723475976805714E-15 ) ) ;
#5570 = EDGE_CURVE ( 'NONE', #1066, #131, #6897, .T. ) ;
#5571 = ORIENTED_EDGE ( 'NONE', *, *, #1851, .F. ) ;
#5572 = EDGE_LOOP ( 'NONE', ( #8949, #8368, #7260, #4682 ) ) ;
#5573 = DIRECTION ( 'NONE',  ( -1.000000000000000000, 0.000000000000000000, -1.734723475976805714E-15 ) ) ;
#5574 = FACE_OUTER_BOUND ( 'NONE', #21, .T. ) ;
#5575 = VECTOR ( 'NONE', #5666, 1000.000000000000000 ) ;
#5576 = DIRECTION ( 'NONE',  ( 0.000000000000000000, 1.000000000000000000, 0.000000000000000000 ) ) ;
#5577 = ORIENTED_EDGE ( 'NONE', *, *, #4824, .T. ) ;
#5578 = VECTOR ( 'NONE', #2777, 1000.000000000000000 ) ;
#5579 = CARTESIAN_POINT ( 'NONE',  ( 3.000000000000000000, 0.000000000000000000, 0.1500000000000003830 ) ) ;
#5580 = AXIS2_PLACEMENT_3D ( 'NONE', #4040, #6315, #386 ) ;
#5581 = EDGE_CURVE ( 'NONE', #2796, #6461, #516, .T. ) ;
#5582 = ORIENTED_EDGE ( 'NONE', *, *, #143, .T. ) ;
#5583 = CARTESIAN_POINT ( 'NONE',  ( 1.800000000000000044, 0.2000000000000000111, 3.000000000000000000 ) ) ;
#5584 = VECTOR ( 'NONE', #140, 1000.000000000000000 ) ;
#5585 = LINE ( 'NONE', #2395, #8500 ) ;
#5586 = ORIENTED_EDGE ( 'NONE', *, *, #1476, .T. ) ;
#5587 = ORIENTED_EDGE ( 'NONE', *, *, #1981, .T. ) ;
#5588 = VECTOR ( 'NONE', #4023, 1000.000000000000000 ) ;
#5589 = LINE ( 'NONE', #5784, #3859 ) ;
#5590 = PLANE ( 'NONE',  #6685 ) ;
#5591 = PLANE ( 'NONE',  #802 ) ;
#5592 = LINE ( 'NONE', #1105, #4833 ) ;
#5593 = ORIENTED_EDGE ( 'NONE', *, *, #8301, .F. ) ;
#5594 = DIRECTION ( 'NONE',  ( 1.000000000000000000, -0.000000000000000000, 0.000000000000000000 ) ) ;
#5595 = EDGE_CURVE ( 'NONE', #2501, #7263, #2372, .T. ) ;
#5596 = DIRECTION ( 'NONE',  ( 1.000000000000000000, -0.000000000000000000, 0.000000000000000000 ) ) ;
#5597 = CARTESIAN_POINT ( 'NONE',  ( -3.000000000000000000, 0.1999999999999999833, -1.149999999999999467 ) ) ;
#5598 = VECTOR ( 'NONE', #3609, 1000.000000000000000 ) ;
#5599 = ADVANCED_FACE ( 'NONE', ( #8470 ), #1636, .F. ) ;
#5600 = CARTESIAN_POINT ( 'NONE',  ( -1.949999999999999956, 0.2000000000000000111, -2.750000000000000000 ) ) ;
#5601 = VERTEX_POINT ( 'NONE', #1932 ) ;
#5602 = CIRCLE ( 'NONE', #3372, 0.1499999999999997446 ) ;
#5603 = CARTESIAN_POINT ( 'NONE',  ( -3.000000000000000000, 0.1999999999999999833, -0.4999999999999995559 ) ) ;
#5604 = ORIENTED_EDGE ( 'NONE', *, *, #3180, .F. ) ;
#5605 = CARTESIAN_POINT ( 'NONE',  ( -1.799999999999999822, 0.2000000000000000111, 2.750000000000000000 ) ) ;
#5606 = AXIS2_PLACEMENT_3D ( 'NONE', #3051, #9144, #8397 ) ;
#5607 = DIRECTION ( 'NONE',  ( -0.000000000000000000, -1.000000000000000000, -0.000000000000000000 ) ) ;
#5608 = ORIENTED_EDGE ( 'NONE', *, *, #1920, .T. ) ;
#5609 = LINE ( 'NONE', #3416, #5588 ) ;
#5610 = ADVANCED_FACE ( 'NONE', ( #7919 ), #7262, .F. ) ;
#5611 = VECTOR ( 'NONE', #2175, 1000.000000000000000 ) ;
#5612 = FACE_OUTER_BOUND ( 'NONE', #482, .T. ) ;
#5613 = ORIENTED_EDGE ( 'NONE', *, *, #6239, .F. ) ;
#5614 = DIRECTION ( 'NONE',  ( 0.000000000000000000, 1.000000000000000000, 0.000000000000000000 ) ) ;
#5615 = DIRECTION ( 'NONE',  ( 1.000000000000000000, -0.000000000000000000, 0.000000000000000000 ) ) ;
#5616 = AXIS2_PLACEMENT_3D ( 'NONE', #9281, #2446, #9183 ) ;
#5617 = SURFACE_STYLE_USAGE ( .BOTH. , #9516 ) ;
#5618 = ORIENTED_EDGE ( 'NONE', *, *, #9238, .F. ) ;
#5619 = FACE_OUTER_BOUND ( 'NONE', #7477, .T. ) ;
#5620 = AXIS2_PLACEMENT_3D ( 'NONE', #1362, #2908, #4406 ) ;
#5621 = ORIENTED_EDGE ( 'NONE', *, *, #3329, .T. ) ;
#5622 = CARTESIAN_POINT ( 'NONE',  ( -2.750000000000000000, 0.05000000000000002359, -2.099999999999999201 ) ) ;
#5623 = FILL_AREA_STYLE_COLOUR ( '', #3828 ) ;
#5624 = ORIENTED_EDGE ( 'NONE', *, *, #8619, .T. ) ;
#5625 = ORIENTED_EDGE ( 'NONE', *, *, #8326, .T. ) ;
#5626 = DIRECTION ( 'NONE',  ( -0.000000000000000000, -0.000000000000000000, -1.000000000000000000 ) ) ;
#5627 = DIRECTION ( 'NONE',  ( 0.000000000000000000, -0.000000000000000000, -1.000000000000000000 ) ) ;
#5628 = DIRECTION ( 'NONE',  ( 0.000000000000000000, 1.000000000000000000, 0.000000000000000000 ) ) ;
#5629 = ORIENTED_EDGE ( 'NONE', *, *, #7724, .T. ) ;
#5630 = AXIS2_PLACEMENT_3D ( 'NONE', #3001, #5303, #8353 ) ;
#5631 = PLANE ( 'NONE',  #4767 ) ;
#5632 = EDGE_CURVE ( 'NONE', #9658, #5226, #2423, .T. ) ;
#5633 = VECTOR ( 'NONE', #4999, 1000.000000000000000 ) ;
#5634 = FILL_AREA_STYLE ('',( #4782 ) ) ;
#5635 = EDGE_CURVE ( 'NONE', #1734, #4039, #4867, .T. ) ;
#5636 = EDGE_CURVE ( 'NONE', #4686, #5782, #272, .T. ) ;
#5637 = DIRECTION ( 'NONE',  ( -1.734723475976805517E-15, -0.000000000000000000, 1.000000000000000000 ) ) ;
#5638 = CARTESIAN_POINT ( 'NONE',  ( -1.149999999999999911, 0.2000000000000000111, -2.750000000000000000 ) ) ;
#5639 = ORIENTED_EDGE ( 'NONE', *, *, #7775, .T. ) ;
#5640 = VERTEX_POINT ( 'NONE', #8020 ) ;
#5641 = DIRECTION ( 'NONE',  ( -0.000000000000000000, -1.000000000000000000, -0.000000000000000000 ) ) ;
#5642 = CARTESIAN_POINT ( 'NONE',  ( 3.000000000000000000, 0.1999999999999999833, 0.1500000000000003830 ) ) ;
#5643 = DIRECTION ( 'NONE',  ( 0.000000000000000000, 0.000000000000000000, 1.000000000000000000 ) ) ;
#5644 = EDGE_CURVE ( 'NONE', #2254, #9658, #8817, .T. ) ;
#5645 = DIRECTION ( 'NONE',  ( 0.000000000000000000, -1.000000000000000000, 0.000000000000000000 ) ) ;
#5646 = EDGE_CURVE ( 'NONE', #9603, #3682, #3316, .T. ) ;
#5647 = VECTOR ( 'NONE', #2416, 1000.000000000000000 ) ;
#5648 = ORIENTED_EDGE ( 'NONE', *, *, #8168, .F. ) ;
#5649 = LINE ( 'NONE', #4295, #9282 ) ;
#5650 = CARTESIAN_POINT ( 'NONE',  ( 1.149999999999999467, 0.2000000000000000111, 2.750000000000000000 ) ) ;
#5651 = CARTESIAN_POINT ( 'NONE',  ( 2.750000000000000000, 0.1999999999999999833, 2.100000000000000089 ) ) ;
#5652 = CARTESIAN_POINT ( 'NONE',  ( 2.750000000000000000, 0.7000000000000000666, 0.6500000000000005773 ) ) ;
#5653 = ORIENTED_EDGE ( 'NONE', *, *, #1294, .F. ) ;
#5654 = ADVANCED_FACE ( 'NONE', ( #9470 ), #6350, .T. ) ;
#5655 = DIRECTION ( 'NONE',  ( 0.000000000000000000, 0.000000000000000000, -1.000000000000000000 ) ) ;
#5656 = VERTEX_POINT ( 'NONE', #8714 ) ;
#5657 = DIRECTION ( 'NONE',  ( 1.000000000000000000, -0.000000000000000000, -0.000000000000000000 ) ) ;
#5658 = ADVANCED_FACE ( 'NONE', ( #9417 ), #9515, .T. ) ;
#5659 = LINE ( 'NONE', #9558, #2958 ) ;
#5660 = VERTEX_POINT ( 'NONE', #4763 ) ;
#5661 = DIRECTION ( 'NONE',  ( 1.734723475976805517E-15, 0.000000000000000000, 1.000000000000000000 ) ) ;
#5662 = CARTESIAN_POINT ( 'NONE',  ( 3.000000000000000000, 0.7000000000000000666, -0.7999999999999994893 ) ) ;
#5663 = EDGE_LOOP ( 'NONE', ( #5379, #3098, #1817, #4647 ) ) ;
#5664 = DIRECTION ( 'NONE',  ( 0.000000000000000000, 0.000000000000000000, 1.000000000000000000 ) ) ;
#5665 = DIRECTION ( 'NONE',  ( 1.734723475976805714E-15, 0.000000000000000000, -1.000000000000000000 ) ) ;
#5666 = DIRECTION ( 'NONE',  ( -1.000000000000000000, 0.000000000000000000, 0.000000000000000000 ) ) ;
#5667 = ORIENTED_EDGE ( 'NONE', *, *, #9055, .F. ) ;
#5668 = EDGE_CURVE ( 'NONE', #6248, #5724, #9566, .T. ) ;
#5669 = PLANE ( 'NONE',  #7431 ) ;
#5670 = ORIENTED_EDGE ( 'NONE', *, *, #7211, .F. ) ;
#5671 = LINE ( 'NONE', #1037, #1739 ) ;
#5672 = CLOSED_SHELL ( 'NONE', ( #7570, #6708, #7098, #5499, #5132, #6544 ) ) ;
#5673 = EDGE_LOOP ( 'NONE', ( #3939, #9101, #6638, #7519 ) ) ;
#5674 = VERTEX_POINT ( 'NONE', #4223 ) ;
#5675 = FACE_OUTER_BOUND ( 'NONE', #2716, .T. ) ;
#5676 = CARTESIAN_POINT ( 'NONE',  ( 3.122502256758260264E-15, 0.05000000000000000278, 1.800000000000005596 ) ) ;
#5677 = CARTESIAN_POINT ( 'NONE',  ( 1.449999999999999956, 0.2000000000000000111, 3.000000000000000000 ) ) ;
#5678 = VERTEX_POINT ( 'NONE', #4078 ) ;
#5679 = LINE ( 'NONE', #7984, #4160 ) ;
#5680 = CARTESIAN_POINT ( 'NONE',  ( 2.750000000000000000, 0.1999999999999999833, -0.7999999999999990452 ) ) ;
#5681 = EDGE_CURVE ( 'NONE', #7020, #6679, #3266, .T. ) ;
#5682 = CARTESIAN_POINT ( 'NONE',  ( -2.100000000000000089, 0.7000000000000003997, 2.750000000000000000 ) ) ;
#5683 = VERTEX_POINT ( 'NONE', #419 ) ;
#5684 = ORIENTED_EDGE ( 'NONE', *, *, #4649, .F. ) ;
#5685 = PRODUCT_DEFINITION ( 'UNKNOWN', '', #3654, #8239 ) ;
#5686 = CARTESIAN_POINT ( 'NONE',  ( -0.5000000000000000000, 0.000000000000000000, -2.750000000000000000 ) ) ;
#5687 = FACE_OUTER_BOUND ( 'NONE', #9747, .T. ) ;
#5688 = DIRECTION ( 'NONE',  ( -0.000000000000000000, -0.000000000000000000, 1.000000000000000000 ) ) ;
#5689 = AXIS2_PLACEMENT_3D ( 'NONE', #1537, #778, #6872 ) ;
#5690 = SURFACE_SIDE_STYLE ('',( #6431 ) ) ;
#5691 = CARTESIAN_POINT ( 'NONE',  ( 0.7999999999999999334, 0.7000000000000003997, 3.000000000000000000 ) ) ;
#5692 = FACE_OUTER_BOUND ( 'NONE', #9027, .T. ) ;
#5693 = EDGE_CURVE ( 'NONE', #4333, #7729, #7821, .T. ) ;
#5694 = CARTESIAN_POINT ( 'NONE',  ( -2.538461538461538769, 1.000000000000000000, -2.538461538461538769 ) ) ;
#5695 = CIRCLE ( 'NONE', #4423, 0.1499999999999997446 ) ;
#5696 = LINE ( 'NONE', #1359, #1562 ) ;
#5697 = ADVANCED_FACE ( 'NONE', ( #6304 ), #9362, .T. ) ;
#5698 = DIRECTION ( 'NONE',  ( 0.000000000000000000, -1.000000000000000000, 0.000000000000000000 ) ) ;
#5699 = LINE ( 'NONE', #257, #6484 ) ;
#5700 = ORIENTED_EDGE ( 'NONE', *, *, #3658, .T. ) ;
#5701 = CARTESIAN_POINT ( 'NONE',  ( 1.799999999999999600, 0.7000000000000006217, 2.750000000000000000 ) ) ;
#5702 = ORIENTED_EDGE ( 'NONE', *, *, #8909, .T. ) ;
#5703 = CARTESIAN_POINT ( 'NONE',  ( 1.799999999999999600, 0.2000000000000000111, 2.750000000000000000 ) ) ;
#5704 = CARTESIAN_POINT ( 'NONE',  ( -1.800000000000000044, 0.000000000000000000, 3.000000000000000000 ) ) ;
#5705 = EDGE_CURVE ( 'NONE', #9653, #8873, #7218, .T. ) ;
#5706 = CARTESIAN_POINT ( 'NONE',  ( -0.1500000000000003830, 0.2000000000000000111, 2.750000000000000000 ) ) ;
#5707 = CYLINDRICAL_SURFACE ( 'NONE', #1230, 0.1499999999999999667 ) ;
#5708 = ORIENTED_EDGE ( 'NONE', *, *, #8496, .F. ) ;
#5709 = CARTESIAN_POINT ( 'NONE',  ( -1.149999999999999911, 0.000000000000000000, -3.000000000000000000 ) ) ;
#5710 = DIRECTION ( 'NONE',  ( 1.000000000000000000, 0.000000000000000000, -1.734723475976805714E-15 ) ) ;
#5711 = LINE ( 'NONE', #4224, #2 ) ;
#5712 = VERTEX_POINT ( 'NONE', #1782 ) ;
#5713 = CARTESIAN_POINT ( 'NONE',  ( 2.750000000000000000, 0.1999999999999999833, -1.149999999999999467 ) ) ;
#5714 = ORIENTED_EDGE ( 'NONE', *, *, #5943, .T. ) ;
#5715 = PLANE ( 'NONE',  #3005 ) ;
#5716 = VECTOR ( 'NONE', #8569, 1000.000000000000000 ) ;
#5717 = DIRECTION ( 'NONE',  ( 0.000000000000000000, -1.000000000000000000, 0.000000000000000000 ) ) ;
#5718 = VERTEX_POINT ( 'NONE', #6450 ) ;
#5719 = ORIENTED_EDGE ( 'NONE', *, *, #7858, .T. ) ;
#5720 = CYLINDRICAL_SURFACE ( 'NONE', #1282, 0.1499999999999999667 ) ;
#5721 = CARTESIAN_POINT ( 'NONE',  ( 2.399999999999999911, 0.1999999999999996503, 2.400000000000000355 ) ) ;
#5722 = EDGE_CURVE ( 'NONE', #8348, #6938, #3369, .T. ) ;
#5723 = FACE_OUTER_BOUND ( 'NONE', #4301, .T. ) ;
#5724 = VERTEX_POINT ( 'NONE', #4173 ) ;
#5725 = DIRECTION ( 'NONE',  ( 1.000000000000000000, -0.000000000000000000, -0.000000000000000000 ) ) ;
#5726 = AXIS2_PLACEMENT_3D ( 'NONE', #7019, #6259, #2373 ) ;
#5727 = AXIS2_PLACEMENT_3D ( 'NONE', #4101, #8492, #7698 ) ;
#5728 = CARTESIAN_POINT ( 'NONE',  ( -2.100000000000000089, 0.2000000000000000111, 2.750000000000000000 ) ) ;
#5729 = DIRECTION ( 'NONE',  ( 0.000000000000000000, 0.000000000000000000, -1.000000000000000000 ) ) ;
#5730 = VERTEX_POINT ( 'NONE', #4818 ) ;
#5731 = ORIENTED_EDGE ( 'NONE', *, *, #5763, .T. ) ;
#5732 = CIRCLE ( 'NONE', #953, 0.1499999999999997446 ) ;
#5733 = STYLED_ITEM ( 'NONE', ( #532 ), #3365 ) ;
#5734 = PLANE ( 'NONE',  #2573 ) ;
#5735 = FACE_OUTER_BOUND ( 'NONE', #1528, .T. ) ;
#5736 = EDGE_CURVE ( 'NONE', #2028, #6915, #1031, .T. ) ;
#5737 = VECTOR ( 'NONE', #2738, 1000.000000000000000 ) ;
#5738 = CARTESIAN_POINT ( 'NONE',  ( -3.000000000000000000, 0.1999999999999999833, -0.1499999999999995226 ) ) ;
#5739 = PLANE ( 'NONE',  #8024 ) ;
#5740 = EDGE_CURVE ( 'NONE', #4052, #2189, #1986, .T. ) ;
#5741 = AXIS2_PLACEMENT_3D ( 'NONE', #2080, #5852, #8862 ) ;
#5742 = CARTESIAN_POINT ( 'NONE',  ( 1.300000000000000044, 0.7000000000000003997, 2.750000000000000000 ) ) ;
#5743 = DIRECTION ( 'NONE',  ( 0.000000000000000000, 0.000000000000000000, -1.000000000000000000 ) ) ;
#5744 = VECTOR ( 'NONE', #2986, 1000.000000000000000 ) ;
#5745 = FACE_OUTER_BOUND ( 'NONE', #8258, .T. ) ;
#5746 = LINE ( 'NONE', #7950, #3049 ) ;
#5747 = DIRECTION ( 'NONE',  ( -1.000000000000000000, 0.000000000000000000, 0.000000000000000000 ) ) ;
#5748 = ORIENTED_EDGE ( 'NONE', *, *, #6555, .T. ) ;
#5749 = FACE_OUTER_BOUND ( 'NONE', #2067, .T. ) ;
#5750 = EDGE_CURVE ( 'NONE', #2091, #8712, #840, .T. ) ;
#5751 = EDGE_LOOP ( 'NONE', ( #8089, #3319, #5464, #2869, #5193 ) ) ;
#5752 = DIRECTION ( 'NONE',  ( 1.000000000000000000, 0.000000000000000000, -1.734723475976805517E-15 ) ) ;
#5753 = EDGE_CURVE ( 'NONE', #5065, #1232, #9006, .T. ) ;
#5754 = ADVANCED_FACE ( 'NONE', ( #3672 ), #7309, .T. ) ;
#5755 = CARTESIAN_POINT ( 'NONE',  ( -2.750000000000000000, 0.05000000000000002359, 0.5000000000000008882 ) ) ;
#5756 = CIRCLE ( 'NONE', #9612, 0.1499999999999999667 ) ;
#5757 = DIRECTION ( 'NONE',  ( -0.000000000000000000, -1.000000000000000000, -0.000000000000000000 ) ) ;
#5758 = ORIENTED_EDGE ( 'NONE', *, *, #7955, .T. ) ;
#5759 = PLANE ( 'NONE',  #7335 ) ;
#5760 = DIRECTION ( 'NONE',  ( -1.734723475976805517E-15, -0.000000000000000000, 1.000000000000000000 ) ) ;
#5761 = VECTOR ( 'NONE', #3510, 1000.000000000000000 ) ;
#5762 = DIRECTION ( 'NONE',  ( 0.000000000000000000, 0.000000000000000000, 1.000000000000000000 ) ) ;
#5763 = EDGE_CURVE ( 'NONE', #1591, #639, #5164, .T. ) ;
#5764 = LINE ( 'NONE', #1134, #2649 ) ;
#5765 = ORIENTED_EDGE ( 'NONE', *, *, #1815, .T. ) ;
#5766 = AXIS2_PLACEMENT_3D ( 'NONE', #9758, #1372, #5014 ) ;
#5767 = FILL_AREA_STYLE_COLOUR ( '', #1592 ) ;
#5768 = ORIENTED_EDGE ( 'NONE', *, *, #9628, .F. ) ;
#5769 = ORIENTED_EDGE ( 'NONE', *, *, #3060, .F. ) ;
#5770 = LINE ( 'NONE', #1336, #2088 ) ;
#5771 = DIRECTION ( 'NONE',  ( 1.000000000000000000, 0.000000000000000000, -1.734723475976805714E-15 ) ) ;
#5772 = CARTESIAN_POINT ( 'NONE',  ( -2.750000000000000000, 0.000000000000000000, 0.6500000000000005773 ) ) ;
#5773 = ORIENTED_EDGE ( 'NONE', *, *, #2545, .F. ) ;
#5774 = CARTESIAN_POINT ( 'NONE',  ( 3.000000000000000000, 0.2000000000000005107, 1.800000000000000488 ) ) ;
#5775 = AXIS2_PLACEMENT_3D ( 'NONE', #604, #4496, #5090 ) ;
#5776 = EDGE_CURVE ( 'NONE', #6002, #8169, #8863, .T. ) ;
#5777 = VECTOR ( 'NONE', #5908, 1000.000000000000000 ) ;
#5778 = AXIS2_PLACEMENT_3D ( 'NONE', #7941, #4988, #4843 ) ;
#5779 = DIRECTION ( 'NONE',  ( 0.000000000000000000, -1.000000000000000000, 0.000000000000000000 ) ) ;
#5780 = LINE ( 'NONE', #8837, #3404 ) ;
#5781 = VERTEX_POINT ( 'NONE', #2967 ) ;
#5782 = VERTEX_POINT ( 'NONE', #4268 ) ;
#5783 = AXIS2_PLACEMENT_3D ( 'NONE', #1566, #4700, #7600 ) ;
#5784 = CARTESIAN_POINT ( 'NONE',  ( -0.5000000000000000000, 0.1999999999999999833, -3.000000000000000000 ) ) ;
#5785 = CARTESIAN_POINT ( 'NONE',  ( 0.1499999999999999667, 0.7000000000000003997, 3.000000000000000000 ) ) ;
#5786 = VECTOR ( 'NONE', #7693, 1000.000000000000000 ) ;
#5787 = DIRECTION ( 'NONE',  ( -0.000000000000000000, 1.000000000000000000, -0.000000000000000000 ) ) ;
#5788 = SURFACE_STYLE_USAGE ( .BOTH. , #2755 ) ;
#5789 = DIRECTION ( 'NONE',  ( 0.000000000000000000, -0.000000000000000000, 1.000000000000000000 ) ) ;
#5790 = EDGE_CURVE ( 'NONE', #6988, #2645, #622, .T. ) ;
#5791 = AXIS2_PLACEMENT_3D ( 'NONE', #2049, #1096, #5078 ) ;
#5792 = LINE ( 'NONE', #1058, #2577 ) ;
#5793 = CARTESIAN_POINT ( 'NONE',  ( 3.000000000000000000, 0.05000000000000000278, -3.000000000000000000 ) ) ;
#5794 = CARTESIAN_POINT ( 'NONE',  ( -3.000000000000000000, 0.000000000000000000, 1.450000000000000400 ) ) ;
#5795 = LINE ( 'NONE', #7298, #28 ) ;
#5796 = AXIS2_PLACEMENT_3D ( 'NONE', #2365, #772, #7663 ) ;
#5797 = CARTESIAN_POINT ( 'NONE',  ( 1.799999999999994715, 0.05000000000000000278, 3.122502256758240937E-15 ) ) ;
#5798 = ORIENTED_EDGE ( 'NONE', *, *, #1307, .F. ) ;
#5799 = DIRECTION ( 'NONE',  ( -1.000000000000000000, 0.000000000000000000, 0.000000000000000000 ) ) ;
#5800 = ORIENTED_EDGE ( 'NONE', *, *, #7291, .T. ) ;
#5801 = CARTESIAN_POINT ( 'NONE',  ( -3.000000000000000000, 0.7000000000000000666, -1.449999999999999512 ) ) ;
#5802 = CYLINDRICAL_SURFACE ( 'NONE', #7255, 0.1499999999999997446 ) ;
#5803 = ADVANCED_FACE ( 'NONE', ( #4468 ), #7512, .F. ) ;
#5804 = DIRECTION ( 'NONE',  ( 0.000000000000000000, 0.000000000000000000, 1.000000000000000000 ) ) ;
#5805 = VERTEX_POINT ( 'NONE', #3526 ) ;
#5806 = PLANE ( 'NONE',  #5741 ) ;
#5807 = PLANE ( 'NONE',  #6558 ) ;
#5808 = CARTESIAN_POINT ( 'NONE',  ( 1.949999999999999956, 0.1999999999999999833, 2.750000000000000000 ) ) ;
#5809 = CARTESIAN_POINT ( 'NONE',  ( -1.800000000000000044, 0.2000000000000000111, 3.000000000000000000 ) ) ;
#5810 = ORIENTED_EDGE ( 'NONE', *, *, #2420, .T. ) ;
#5811 = ADVANCED_FACE ( 'NONE', ( #5113 ), #5996, .T. ) ;
#5812 = ORIENTED_EDGE ( 'NONE', *, *, #2972, .F. ) ;
#5813 = EDGE_LOOP ( 'NONE', ( #7878, #1245, #5474, #3435 ) ) ;
#5814 = EDGE_CURVE ( 'NONE', #9819, #231, #8913, .T. ) ;
#5815 = EDGE_CURVE ( 'NONE', #6871, #8482, #2123, .T. ) ;
#5816 = DIRECTION ( 'NONE',  ( 0.000000000000000000, -0.000000000000000000, 1.000000000000000000 ) ) ;
#5817 = LINE ( 'NONE', #8876, #3503 ) ;
#5818 = CARTESIAN_POINT ( 'NONE',  ( -1.800000000000000044, 0.2000000000000000111, 3.000000000000000000 ) ) ;
#5819 = ORIENTED_EDGE ( 'NONE', *, *, #7727, .F. ) ;
#5820 = DIRECTION ( 'NONE',  ( 0.000000000000000000, 0.000000000000000000, -1.000000000000000000 ) ) ;
#5821 = FACE_OUTER_BOUND ( 'NONE', #9368, .T. ) ;
#5822 = ORIENTED_EDGE ( 'NONE', *, *, #5815, .F. ) ;
#5823 = DIRECTION ( 'NONE',  ( 0.000000000000000000, 0.000000000000000000, -1.000000000000000000 ) ) ;
#5824 = DIRECTION ( 'NONE',  ( -0.000000000000000000, -1.000000000000000000, -0.000000000000000000 ) ) ;
#5825 = ORIENTED_EDGE ( 'NONE', *, *, #8619, .F. ) ;
#5826 = VERTEX_POINT ( 'NONE', #9614 ) ;
#5827 = ADVANCED_FACE ( 'NONE', ( #2778 ), #5807, .F. ) ;
#5828 = LINE ( 'NONE', #8890, #7022 ) ;
#5829 = DIRECTION ( 'NONE',  ( 1.734723475976805517E-15, 0.000000000000000000, -1.000000000000000000 ) ) ;
#5830 = VECTOR ( 'NONE', #1937, 1000.000000000000000 ) ;
#5831 = DIRECTION ( 'NONE',  ( 1.000000000000000000, -0.000000000000000000, -0.000000000000000000 ) ) ;
#5832 = DIRECTION ( 'NONE',  ( 0.000000000000000000, -1.000000000000000000, 0.000000000000000000 ) ) ;
#5833 = CARTESIAN_POINT ( 'NONE',  ( -1.800000000000000044, 0.7000000000000003997, 3.000000000000000000 ) ) ;
#5834 = VECTOR ( 'NONE', #5950, 1000.000000000000000 ) ;
#5835 = ORIENTED_EDGE ( 'NONE', *, *, #8058, .T. ) ;
#5836 = LINE ( 'NONE', #5650, #7684 ) ;
#5837 = CARTESIAN_POINT ( 'NONE',  ( 2.750000000000000000, 0.7000000000000000666, -1.149999999999999467 ) ) ;
#5838 = ORIENTED_EDGE ( 'NONE', *, *, #3755, .F. ) ;
#5839 = EDGE_CURVE ( 'NONE', #4039, #4660, #1275, .T. ) ;
#5840 = CARTESIAN_POINT ( 'NONE',  ( -1.149999999999999911, 0.2000000000000000111, -3.000000000000000000 ) ) ;
#5841 = AXIS2_PLACEMENT_3D ( 'NONE', #2358, #5596, #4748 ) ;
#5842 = CARTESIAN_POINT ( 'NONE',  ( 0.1500000000000001887, 0.2000000000000000111, 2.750000000000000000 ) ) ;
#5843 = ORIENTED_EDGE ( 'NONE', *, *, #452, .T. ) ;
#5844 = EDGE_CURVE ( 'NONE', #3924, #3909, #525, .T. ) ;
#5845 = FACE_OUTER_BOUND ( 'NONE', #9340, .T. ) ;
#5846 = VERTEX_POINT ( 'NONE', #7415 ) ;
#5847 = LINE ( 'NONE', #8157, #5122 ) ;
#5848 = AXIS2_PLACEMENT_3D ( 'NONE', #522, #2173, #3573 ) ;
#5849 = LINE ( 'NONE', #2073, #6637 ) ;
#5850 = CARTESIAN_POINT ( 'NONE',  ( -1.949999999999999956, 0.2000000000000000111, 2.750000000000000000 ) ) ;
#5851 = ORIENTED_EDGE ( 'NONE', *, *, #3250, .F. ) ;
#5852 = DIRECTION ( 'NONE',  ( 0.000000000000000000, 1.000000000000000000, 0.000000000000000000 ) ) ;
#5853 = ADVANCED_FACE ( 'NONE', ( #9660 ), #8165, .F. ) ;
#5854 = CARTESIAN_POINT ( 'NONE',  ( -2.399999999999999911, 0.05000000000000143219, 2.299999999999998934 ) ) ;
#5855 = CARTESIAN_POINT ( 'NONE',  ( 3.000000000000000000, 0.7000000000000000666, -0.4999999999999995559 ) ) ;
#5856 = EDGE_CURVE ( 'NONE', #4286, #26, #6657, .T. ) ;
#5857 = ORIENTED_EDGE ( 'NONE', *, *, #5419, .T. ) ;
#5858 = DIRECTION ( 'NONE',  ( 1.734723475976805714E-15, 0.000000000000000000, -1.000000000000000000 ) ) ;
#5859 = VERTEX_POINT ( 'NONE', #6956 ) ;
#5860 = ORIENTED_EDGE ( 'NONE', *, *, #2937, .F. ) ;
#5861 = ORIENTED_EDGE ( 'NONE', *, *, #2702, .F. ) ;
#5862 = PLANE ( 'NONE',  #3999 ) ;
#5863 = PLANE ( 'NONE',  #642 ) ;
#5864 = CARTESIAN_POINT ( 'NONE',  ( -1.449999999999999956, 0.7000000000000003997, -3.000000000000000000 ) ) ;
#5865 = EDGE_LOOP ( 'NONE', ( #5773, #3696, #6009, #3486 ) ) ;
#5866 = DIRECTION ( 'NONE',  ( 0.000000000000000000, -0.000000000000000000, 1.000000000000000000 ) ) ;
#5867 = ORIENTED_EDGE ( 'NONE', *, *, #2886, .F. ) ;
#5868 = ADVANCED_FACE ( 'NONE', ( #7564 ), #9050, .F. ) ;
#5869 = ADVANCED_FACE ( 'NONE', ( #8407 ), #7661, .T. ) ;
#5870 = VECTOR ( 'NONE', #4535, 1000.000000000000000 ) ;
#5871 = CARTESIAN_POINT ( 'NONE',  ( 2.750000000000000000, 0.1999999999999999833, 0.8000000000000003775 ) ) ;
#5872 = CARTESIAN_POINT ( 'NONE',  ( 2.750000000000000000, 0.7000000000000000666, -0.7999999999999990452 ) ) ;
#5873 = ORIENTED_EDGE ( 'NONE', *, *, #6604, .F. ) ;
#5874 = EDGE_LOOP ( 'NONE', ( #1214, #4735, #3160, #7313 ) ) ;
#5875 = CARTESIAN_POINT ( 'NONE',  ( 0.6500000000000000222, 0.04999999999999999584, 2.599999999999999645 ) ) ;
#5876 = DIRECTION ( 'NONE',  ( -0.000000000000000000, -1.000000000000000000, -0.000000000000000000 ) ) ;
#5877 = VECTOR ( 'NONE', #850, 1000.000000000000000 ) ;
#5878 = VECTOR ( 'NONE', #4638, 1000.000000000000000 ) ;
#5879 = CARTESIAN_POINT ( 'NONE',  ( -1.949999999999999956, 0.2000000000000000111, 2.599999999999999645 ) ) ;
#5880 =( GEOMETRIC_REPRESENTATION_CONTEXT ( 3 ) GLOBAL_UNCERTAINTY_ASSIGNED_CONTEXT ( ( #9767 ) ) GLOBAL_UNIT_ASSIGNED_CONTEXT ( ( #5912, #4422, #8220 ) ) REPRESENTATION_CONTEXT ( 'NONE', 'WORKASPACE' ) );
#5881 = CIRCLE ( 'NONE', #462, 0.1499999999999997446 ) ;
#5882 = FILL_AREA_STYLE_COLOUR ( '', #4044 ) ;
#5883 = EDGE_CURVE ( 'NONE', #9270, #4894, #2317, .T. ) ;
#5884 = EDGE_CURVE ( 'NONE', #8761, #6055, #3112, .T. ) ;
#5885 = FACE_OUTER_BOUND ( 'NONE', #8578, .T. ) ;
#5887 = VERTEX_POINT ( 'NONE', #5456 ) ;
#5886 = VECTOR ( 'NONE', #3487, 1000.000000000000000 ) ;
#5888 = DIRECTION ( 'NONE',  ( -0.000000000000000000, -1.000000000000000000, -0.000000000000000000 ) ) ;
#5889 = AXIS2_PLACEMENT_3D ( 'NONE', #37, #9210, #6206 ) ;
#5890 = STYLED_ITEM ( 'NONE', ( #1681 ), #3406 ) ;
#5891 = CARTESIAN_POINT ( 'NONE',  ( -3.000000000000000000, 0.7000000000000000666, -1.149999999999999467 ) ) ;
#5892 = ORIENTED_EDGE ( 'NONE', *, *, #6170, .F. ) ;
#5893 = CARTESIAN_POINT ( 'NONE',  ( -1.949999999999999956, 0.1999999999999999833, 2.750000000000000000 ) ) ;
#5894 = DIRECTION ( 'NONE',  ( 0.000000000000000000, -1.000000000000000000, 0.000000000000000000 ) ) ;
#5895 = CARTESIAN_POINT ( 'NONE',  ( -2.100000000000000089, 0.7000000000000003997, 2.750000000000000000 ) ) ;
#5896 = VERTEX_POINT ( 'NONE', #8506 ) ;
#5897 = CARTESIAN_POINT ( 'NONE',  ( -2.750000000000000000, 0.7000000000000000666, 1.150000000000000799 ) ) ;
#5898 = VECTOR ( 'NONE', #1030, 1000.000000000000000 ) ;
#5899 = VERTEX_POINT ( 'NONE', #117 ) ;
#5900 = CARTESIAN_POINT ( 'NONE',  ( -3.000000000000000000, 0.1999999999999999833, -0.1499999999999995226 ) ) ;
#5901 = VECTOR ( 'NONE', #3941, 1000.000000000000000 ) ;
#5902 = DIRECTION ( 'NONE',  ( -1.734723475976805714E-15, 0.000000000000000000, -1.000000000000000000 ) ) ;
#5903 = CYLINDRICAL_SURFACE ( 'NONE', #2854, 0.1499999999999997446 ) ;
#5904 = ADVANCED_FACE ( 'NONE', ( #8307 ), #6048, .T. ) ;
#5905 = VECTOR ( 'NONE', #6223, 1000.000000000000000 ) ;
#5906 = FACE_OUTER_BOUND ( 'NONE', #6411, .T. ) ;
#5907 = ORIENTED_EDGE ( 'NONE', *, *, #261, .T. ) ;
#5908 = DIRECTION ( 'NONE',  ( 0.000000000000000000, 0.000000000000000000, -1.000000000000000000 ) ) ;
#5909 = CARTESIAN_POINT ( 'NONE',  ( -2.100000000000000089, 0.2000000000000000111, -2.750000000000000000 ) ) ;
#5910 = VERTEX_POINT ( 'NONE', #4519 ) ;
#5911 = EDGE_CURVE ( 'NONE', #8973, #8272, #1674, .T. ) ;
#5912 =( LENGTH_UNIT ( ) NAMED_UNIT ( * ) SI_UNIT ( .MILLI., .METRE. ) );
#5913 = ORIENTED_EDGE ( 'NONE', *, *, #9335, .F. ) ;
#5914 = ORIENTED_EDGE ( 'NONE', *, *, #9605, .T. ) ;
#5915 = VECTOR ( 'NONE', #4187, 1000.000000000000000 ) ;
#5916 = CARTESIAN_POINT ( 'NONE',  ( 3.000000000000000000, 0.000000000000000000, 1.450000000000000400 ) ) ;
#5917 = DIRECTION ( 'NONE',  ( 0.000000000000000000, 0.000000000000000000, -1.000000000000000000 ) ) ;
#5918 = FACE_OUTER_BOUND ( 'NONE', #2567, .T. ) ;
#5919 = ORIENTED_EDGE ( 'NONE', *, *, #8716, .F. ) ;
#5920 = CARTESIAN_POINT ( 'NONE',  ( -0.1500000000000003830, 0.2000000000000000111, -2.750000000000000000 ) ) ;
#5921 = ORIENTED_EDGE ( 'NONE', *, *, #166, .T. ) ;
#5922 = DIRECTION ( 'NONE',  ( 0.000000000000000000, 0.000000000000000000, -1.000000000000000000 ) ) ;
#5923 = ORIENTED_EDGE ( 'NONE', *, *, #8361, .F. ) ;
#5924 = ORIENTED_EDGE ( 'NONE', *, *, #9207, .F. ) ;
#5925 = CARTESIAN_POINT ( 'NONE',  ( 2.750000000000000000, 0.000000000000000000, -0.7999999999999990452 ) ) ;
#5926 = ADVANCED_FACE ( 'NONE', ( #4609 ), #4710, .F. ) ;
#5927 = AXIS2_PLACEMENT_3D ( 'NONE', #4443, #3648, #7342 ) ;
#5928 = DIRECTION ( 'NONE',  ( 0.000000000000000000, -1.000000000000000000, 0.000000000000000000 ) ) ;
#5929 = ADVANCED_FACE ( 'NONE', ( #3920 ), #7759, .F. ) ;
#5930 = EDGE_CURVE ( 'NONE', #1232, #9147, #1574, .T. ) ;
#5931 = CIRCLE ( 'NONE', #1004, 0.1499999999999997446 ) ;
#5932 = DIRECTION ( 'NONE',  ( 1.000000000000000000, -0.000000000000000000, 1.734723475976805517E-15 ) ) ;
#5933 = LINE ( 'NONE', #2992, #8013 ) ;
#5934 = ORIENTED_EDGE ( 'NONE', *, *, #8012, .F. ) ;
#5935 = CARTESIAN_POINT ( 'NONE',  ( -2.750000000000000000, 0.1999999999999999833, -0.1499999999999990785 ) ) ;
#5936 = AXIS2_PLACEMENT_3D ( 'NONE', #4016, #1772, #7057 ) ;
#5937 = FACE_OUTER_BOUND ( 'NONE', #5529, .T. ) ;
#5938 = ORIENTED_EDGE ( 'NONE', *, *, #3139, .T. ) ;
#5939 = EDGE_LOOP ( 'NONE', ( #2953, #3789, #234, #4386 ) ) ;
#5940 = CIRCLE ( 'NONE', #4673, 0.1499999999999999667 ) ;
#5941 = EDGE_CURVE ( 'NONE', #5805, #507, #4191, .T. ) ;
#5942 = LINE ( 'NONE', #6844, #8338 ) ;
#5943 = EDGE_CURVE ( 'NONE', #1003, #7956, #3209, .T. ) ;
#5944 = LINE ( 'NONE', #6846, #9113 ) ;
#5945 = CARTESIAN_POINT ( 'NONE',  ( -2.100000000000000089, 0.2000000000000000111, -2.750000000000000000 ) ) ;
#5946 = PRESENTATION_LAYER_ASSIGNMENT (  '', '', ( #691 ) ) ;
#5947 = EDGE_LOOP ( 'NONE', ( #1447, #6877, #1995, #1088 ) ) ;
#5948 = CARTESIAN_POINT ( 'NONE',  ( 1.949999999999999956, 0.000000000000000000, -2.750000000000000000 ) ) ;
#5949 = VECTOR ( 'NONE', #1500, 1000.000000000000000 ) ;
#5950 = DIRECTION ( 'NONE',  ( -1.000000000000000000, 0.000000000000000000, 0.000000000000000000 ) ) ;
#5951 = LINE ( 'NONE', #2172, #2539 ) ;
#5952 = PRESENTATION_LAYER_ASSIGNMENT (  '', '', ( #377 ) ) ;
#5953 = EDGE_CURVE ( 'NONE', #1194, #534, #8459, .T. ) ;
#5954 = CARTESIAN_POINT ( 'NONE',  ( 3.000000000000000000, 0.7000000000000000666, 2.100000000000000089 ) ) ;
#5955 = ORIENTED_EDGE ( 'NONE', *, *, #7043, .F. ) ;
#5956 = CARTESIAN_POINT ( 'NONE',  ( 3.000000000000000000, 0.7000000000000000666, 0.5000000000000004441 ) ) ;
#5957 = LINE ( 'NONE', #2871, #3834 ) ;
#5958 = ORIENTED_EDGE ( 'NONE', *, *, #7906, .F. ) ;
#5959 = FACE_OUTER_BOUND ( 'NONE', #4912, .T. ) ;
#5960 = ORIENTED_EDGE ( 'NONE', *, *, #1497, .F. ) ;
#5961 = ORIENTED_EDGE ( 'NONE', *, *, #9486, .F. ) ;
#5962 = ORIENTED_EDGE ( 'NONE', *, *, #156, .T. ) ;
#5963 = CARTESIAN_POINT ( 'NONE',  ( -3.000000000000000000, 0.04999999999999969746, -2.099999999999999645 ) ) ;
#5964 = CARTESIAN_POINT ( 'NONE',  ( -1.300000000000000044, 0.1999999999999999833, 2.750000000000000000 ) ) ;
#5965 = DIRECTION ( 'NONE',  ( 0.000000000000000000, -1.000000000000000000, 0.000000000000000000 ) ) ;
#5966 = ORIENTED_EDGE ( 'NONE', *, *, #3375, .F. ) ;
#5967 = DIRECTION ( 'NONE',  ( -1.734723475976805517E-15, -0.000000000000000000, 1.000000000000000000 ) ) ;
#5968 = ORIENTED_EDGE ( 'NONE', *, *, #5018, .F. ) ;
#5969 = ORIENTED_EDGE ( 'NONE', *, *, #8574, .T. ) ;
#5970 = AXIS2_PLACEMENT_3D ( 'NONE', #1122, #6546, #7357 ) ;
#5971 = CARTESIAN_POINT ( 'NONE',  ( 2.100000000000000089, 0.7000000000000006217, 3.000000000000000000 ) ) ;
#5972 = CARTESIAN_POINT ( 'NONE',  ( 3.000000000000000000, 10.48528137423857132, -3.000000000000000000 ) ) ;
#5973 = ORIENTED_EDGE ( 'NONE', *, *, #2606, .T. ) ;
#5974 = EDGE_LOOP ( 'NONE', ( #266, #5351, #1237, #6642 ) ) ;
#5975 = DIRECTION ( 'NONE',  ( 0.000000000000000000, 0.000000000000000000, 1.000000000000000000 ) ) ;
#5976 = DIRECTION ( 'NONE',  ( 0.000000000000000000, 0.000000000000000000, 1.000000000000000000 ) ) ;
#5977 = CYLINDRICAL_SURFACE ( 'NONE', #3355, 0.1499999999999999667 ) ;
#5978 = CARTESIAN_POINT ( 'NONE',  ( -2.750000000000000000, 0.7000000000000000666, -1.149999999999999467 ) ) ;
#5979 = EDGE_CURVE ( 'NONE', #8187, #2099, #820, .T. ) ;
#5980 = ORIENTED_EDGE ( 'NONE', *, *, #3084, .F. ) ;
#5981 = FACE_OUTER_BOUND ( 'NONE', #2197, .T. ) ;
#5982 = DIRECTION ( 'NONE',  ( -1.000000000000000000, 0.000000000000000000, -1.734723475976805714E-15 ) ) ;
#5983 = ORIENTED_EDGE ( 'NONE', *, *, #9052, .T. ) ;
#5984 = EDGE_LOOP ( 'NONE', ( #9201, #777, #7845, #6068 ) ) ;
#5985 = VECTOR ( 'NONE', #3581, 1000.000000000000000 ) ;
#5986 = CARTESIAN_POINT ( 'NONE',  ( -0.4999999999999997780, 0.04999999999999999584, 2.750000000000000000 ) ) ;
#5987 = LINE ( 'NONE', #1519, #7046 ) ;
#5988 = DIRECTION ( 'NONE',  ( 0.000000000000000000, 0.000000000000000000, -1.000000000000000000 ) ) ;
#5989 = ORIENTED_EDGE ( 'NONE', *, *, #36, .T. ) ;
#5990 = EDGE_CURVE ( 'NONE', #4503, #5226, #3872, .T. ) ;
#5991 = LINE ( 'NONE', #5254, #743 ) ;
#5992 = ADVANCED_FACE ( 'NONE', ( #1625 ), #7609, .T. ) ;
#5993 = CARTESIAN_POINT ( 'NONE',  ( 2.299999999999999822, 6.988225099390855455, -2.299999999999999822 ) ) ;
#5994 = CARTESIAN_POINT ( 'NONE',  ( -3.000000000000000000, 0.04999999999999969746, 1.800000000000000488 ) ) ;
#5995 = ORIENTED_EDGE ( 'NONE', *, *, #887, .T. ) ;
#5996 = CYLINDRICAL_SURFACE ( 'NONE', #9452, 0.1499999999999999667 ) ;
#5997 =( LENGTH_UNIT ( ) NAMED_UNIT ( * ) SI_UNIT ( .MILLI., .METRE. ) );
#5998 = CIRCLE ( 'NONE', #5211, 0.1499999999999997446 ) ;
#5999 = ORIENTED_EDGE ( 'NONE', *, *, #9792, .T. ) ;
#6000 = EDGE_CURVE ( 'NONE', #526, #985, #3816, .T. ) ;
#6001 = FACE_OUTER_BOUND ( 'NONE', #7395, .T. ) ;
#6002 = VERTEX_POINT ( 'NONE', #8749 ) ;
#6003 = SURFACE_STYLE_FILL_AREA ( #2783 ) ;
#6004 = ORIENTED_EDGE ( 'NONE', *, *, #3084, .T. ) ;
#6005 = CARTESIAN_POINT ( 'NONE',  ( 0.4999999999999947820, 0.05000000000000000278, 8.673617379883936864E-16 ) ) ;
#6006 = CARTESIAN_POINT ( 'NONE',  ( 1.300000000000000044, 0.2000000000000000111, 2.600000000000000089 ) ) ;
#6007 = DIRECTION ( 'NONE',  ( 1.734723475976805517E-15, 0.000000000000000000, 1.000000000000000000 ) ) ;
#6008 = DIRECTION ( 'NONE',  ( -1.000000000000000000, 0.000000000000000000, -1.734723475976805714E-15 ) ) ;
#6009 = ORIENTED_EDGE ( 'NONE', *, *, #6984, .T. ) ;
#6010 = COLOUR_RGB ( '',0.7921568627450980005, 0.8196078431372548767, 0.9333333333333333481 ) ;
#6011 = EDGE_LOOP ( 'NONE', ( #718, #9161, #3857, #8934 ) ) ;
#6012 = CARTESIAN_POINT ( 'NONE',  ( -3.000000000000000000, 0.7000000000000000666, 0.8000000000000003775 ) ) ;
#6013 = SURFACE_SIDE_STYLE ('',( #2291 ) ) ;
#6014 = EDGE_LOOP ( 'NONE', ( #4106, #7738, #7774, #2069 ) ) ;
#6015 = EDGE_CURVE ( 'NONE', #857, #8251, #1825, .T. ) ;
#6016 = ORIENTED_EDGE ( 'NONE', *, *, #238, .T. ) ;
#6017 = CARTESIAN_POINT ( 'NONE',  ( 2.399999999999999911, 0.000000000000000000, -2.399999999999999911 ) ) ;
#6018 = DIRECTION ( 'NONE',  ( 0.000000000000000000, 0.000000000000000000, 1.000000000000000000 ) ) ;
#6019 = DIRECTION ( 'NONE',  ( -0.000000000000000000, -1.000000000000000000, -0.000000000000000000 ) ) ;
#6020 = COLOUR_RGB ( '',0.7921568627450980005, 0.8196078431372548767, 0.9333333333333333481 ) ;
#6021 = VECTOR ( 'NONE', #6506, 1000.000000000000000 ) ;
#6022 = DIRECTION ( 'NONE',  ( -0.000000000000000000, -1.000000000000000000, -0.000000000000000000 ) ) ;
#6023 = EDGE_LOOP ( 'NONE', ( #1347, #247, #4714, #5973 ) ) ;
#6024 = LINE ( 'NONE', #8290, #190 ) ;
#6025 = DIRECTION ( 'NONE',  ( 0.000000000000000000, 0.000000000000000000, -1.000000000000000000 ) ) ;
#6026 = VERTEX_POINT ( 'NONE', #4113 ) ;
#6027 = EDGE_CURVE ( 'NONE', #6055, #7517, #5931, .T. ) ;
#6028 = ORIENTED_EDGE ( 'NONE', *, *, #3883, .F. ) ;
#6029 = VECTOR ( 'NONE', #1203, 1000.000000000000000 ) ;
#6030 = AXIS2_PLACEMENT_3D ( 'NONE', #817, #4558, #2914 ) ;
#6031 = CARTESIAN_POINT ( 'NONE',  ( -1.800000000000000044, 0.1999999999999999833, 3.000000000000000000 ) ) ;
#6032 = CARTESIAN_POINT ( 'NONE',  ( -2.399999999999999911, 0.1999999999999996503, -2.400000000000000355 ) ) ;
#6033 = CARTESIAN_POINT ( 'NONE',  ( -1.800000000000000044, 0.2000000000000000111, -3.000000000000000000 ) ) ;
#6034 = EDGE_CURVE ( 'NONE', #7686, #46, #7152, .T. ) ;
#6035 = DIRECTION ( 'NONE',  ( 0.000000000000000000, 1.000000000000000000, -0.000000000000000000 ) ) ;
#6036 = EDGE_LOOP ( 'NONE', ( #4701, #828, #1343, #6691 ) ) ;
#6037 = VECTOR ( 'NONE', #782, 1000.000000000000000 ) ;
#6038 = VECTOR ( 'NONE', #1999, 1000.000000000000000 ) ;
#6039 = AXIS2_PLACEMENT_3D ( 'NONE', #8476, #2480, #788 ) ;
#6040 = CARTESIAN_POINT ( 'NONE',  ( 2.750000000000000000, 0.1999999999999999833, 0.8000000000000003775 ) ) ;
#6041 = CARTESIAN_POINT ( 'NONE',  ( 1.149999999999999911, 0.2000000000000000111, 3.000000000000000000 ) ) ;
#6042 = COLOUR_RGB ( '',0.7921568627450980005, 0.8196078431372548767, 0.9333333333333333481 ) ;
#6043 = VECTOR ( 'NONE', #7261, 1000.000000000000000 ) ;
#6044 = DIRECTION ( 'NONE',  ( -0.000000000000000000, -0.000000000000000000, -1.000000000000000000 ) ) ;
#6045 = ADVANCED_FACE ( 'NONE', ( #8551 ), #7252, .F. ) ;
#6046 = ORIENTED_EDGE ( 'NONE', *, *, #8217, .T. ) ;
#6047 = VECTOR ( 'NONE', #923, 1000.000000000000000 ) ;
#6048 = PLANE ( 'NONE',  #2758 ) ;
#6049 = EDGE_CURVE ( 'NONE', #4567, #1003, #6406, .T. ) ;
#6050 = EDGE_CURVE ( 'NONE', #567, #7940, #6293, .T. ) ;
#6051 = FACE_OUTER_BOUND ( 'NONE', #2634, .T. ) ;
#6052 = VERTEX_POINT ( 'NONE', #363 ) ;
#6053 = DIRECTION ( 'NONE',  ( -1.734723475976805714E-15, 0.000000000000000000, -1.000000000000000000 ) ) ;
#6055 = VERTEX_POINT ( 'NONE', #8656 ) ;
#6054 = VECTOR ( 'NONE', #5233, 1000.000000000000000 ) ;
#6056 = AXIS2_PLACEMENT_3D ( 'NONE', #1349, #5285, #3598 ) ;
#6057 = ORIENTED_EDGE ( 'NONE', *, *, #2208, .F. ) ;
#6058 = DIRECTION ( 'NONE',  ( 1.734723475976805714E-15, -0.000000000000000000, 1.000000000000000000 ) ) ;
#6059 = EDGE_CURVE ( 'NONE', #9105, #9138, #4905, .T. ) ;
#6060 = FACE_OUTER_BOUND ( 'NONE', #5230, .T. ) ;
#6061 = DIRECTION ( 'NONE',  ( 0.000000000000000000, 0.000000000000000000, -1.000000000000000000 ) ) ;
#6062 = LINE ( 'NONE', #7525, #6037 ) ;
#6063 = ORIENTED_EDGE ( 'NONE', *, *, #1404, .T. ) ;
#6064 = VERTEX_POINT ( 'NONE', #1169 ) ;
#6065 = CYLINDRICAL_SURFACE ( 'NONE', #1905, 0.2000000000000000944 ) ;
#6066 = CIRCLE ( 'NONE', #9592, 0.1499999999999997446 ) ;
#6067 = SURFACE_SIDE_STYLE ('',( #1395 ) ) ;
#6068 = ORIENTED_EDGE ( 'NONE', *, *, #8544, .F. ) ;
#6069 = ORIENTED_EDGE ( 'NONE', *, *, #9628, .T. ) ;
#6070 = DIRECTION ( 'NONE',  ( 0.000000000000000000, -1.000000000000000000, 0.000000000000000000 ) ) ;
#6071 = DIRECTION ( 'NONE',  ( 1.734723475976805714E-15, -0.000000000000000000, 1.000000000000000000 ) ) ;
#6072 = EDGE_CURVE ( 'NONE', #1335, #3880, #4954, .T. ) ;
#6073 = ORIENTED_EDGE ( 'NONE', *, *, #9740, .T. ) ;
#6074 = DIRECTION ( 'NONE',  ( -0.000000000000000000, -1.000000000000000000, -0.000000000000000000 ) ) ;
#6075 = LINE ( 'NONE', #8286, #206 ) ;
#6076 = VECTOR ( 'NONE', #2856, 1000.000000000000000 ) ;
#6077 = ADVANCED_FACE ( 'NONE', ( #2662 ), #7953, .F. ) ;
#6078 = ORIENTED_EDGE ( 'NONE', *, *, #4276, .F. ) ;
#6079 = CARTESIAN_POINT ( 'NONE',  ( -2.049999999999996714, 0.1999999999999996503, -2.400000000000000355 ) ) ;
#6080 =( GEOMETRIC_REPRESENTATION_CONTEXT ( 3 ) GLOBAL_UNCERTAINTY_ASSIGNED_CONTEXT ( ( #7174 ) ) GLOBAL_UNIT_ASSIGNED_CONTEXT ( ( #9148, #7852, #8847 ) ) REPRESENTATION_CONTEXT ( 'NONE', 'WORKASPACE' ) );
#6081 = LINE ( 'NONE', #6839, #8665 ) ;
#6082 = ORIENTED_EDGE ( 'NONE', *, *, #5856, .F. ) ;
#6083 = ORIENTED_EDGE ( 'NONE', *, *, #8465, .F. ) ;
#6084 = VECTOR ( 'NONE', #324, 1000.000000000000000 ) ;
#6085 = DIRECTION ( 'NONE',  ( 0.000000000000000000, 1.000000000000000000, 0.000000000000000000 ) ) ;
#6086 = FACE_OUTER_BOUND ( 'NONE', #486, .T. ) ;
#6087 = FACE_BOUND ( 'NONE', #4934, .T. ) ;
#6088 = LINE ( 'NONE', #5492, #6909 ) ;
#6089 = VERTEX_POINT ( 'NONE', #1871 ) ;
#6090 = EDGE_CURVE ( 'NONE', #7694, #8425, #309, .T. ) ;
#6091 = VECTOR ( 'NONE', #9190, 1000.000000000000000 ) ;
#6092 = FILL_AREA_STYLE ('',( #8499 ) ) ;
#6093 = DIRECTION ( 'NONE',  ( -1.000000000000000000, 0.000000000000000000, -0.000000000000000000 ) ) ;
#6094 = CARTESIAN_POINT ( 'NONE',  ( -2.049999999999999822, 0.05000000000000000278, -2.399999999999999911 ) ) ;
#6095 = COLOUR_RGB ( '',0.7921568627450980005, 0.8196078431372548767, 0.9333333333333333481 ) ;
#6096 = CARTESIAN_POINT ( 'NONE',  ( -2.750000000000000000, 0.1999999999999999833, -0.7999999999999990452 ) ) ;
#6097 = ORIENTED_EDGE ( 'NONE', *, *, #7208, .T. ) ;
#6098 = VECTOR ( 'NONE', #2806, 1000.000000000000000 ) ;
#6099 = CARTESIAN_POINT ( 'NONE',  ( -0.8000000000000003775, 0.2000000000000000111, 2.750000000000000000 ) ) ;
#6100 = ORIENTED_EDGE ( 'NONE', *, *, #5668, .T. ) ;
#6101 = DIRECTION ( 'NONE',  ( -0.000000000000000000, -1.000000000000000000, -0.000000000000000000 ) ) ;
#6102 = ADVANCED_FACE ( 'NONE', ( #6336 ), #9401, .T. ) ;
#6103 = ORIENTED_EDGE ( 'NONE', *, *, #2394, .F. ) ;
#6104 = DIRECTION ( 'NONE',  ( 0.000000000000000000, 1.000000000000000000, 0.000000000000000000 ) ) ;
#6105 = ORIENTED_EDGE ( 'NONE', *, *, #3974, .T. ) ;
#6106 = EDGE_CURVE ( 'NONE', #7517, #9071, #7909, .T. ) ;
#6107 = FILL_AREA_STYLE ('',( #878 ) ) ;
#6108 = ORIENTED_EDGE ( 'NONE', *, *, #2826, .T. ) ;
#6109 = CYLINDRICAL_SURFACE ( 'NONE', #3140, 0.1499999999999997446 ) ;
#6110 = LINE ( 'NONE', #7768, #6202 ) ;
#6111 = CARTESIAN_POINT ( 'NONE',  ( 3.000000000000000000, 0.1999999999999999833, 2.100000000000000089 ) ) ;
#6112 = VECTOR ( 'NONE', #7762, 1000.000000000000000 ) ;
#6113 = CARTESIAN_POINT ( 'NONE',  ( 3.000000000000000000, 0.1999999999999999833, 0.8000000000000003775 ) ) ;
#6114 = EDGE_LOOP ( 'NONE', ( #2679, #4540, #5577, #2335 ) ) ;
#6115 = ORIENTED_EDGE ( 'NONE', *, *, #7086, .T. ) ;
#6116 = EDGE_CURVE ( 'NONE', #1080, #755, #4753, .T. ) ;
#6117 = EDGE_CURVE ( 'NONE', #2633, #2732, #521, .T. ) ;
#6118 = DIRECTION ( 'NONE',  ( 0.000000000000000000, 1.000000000000000000, 0.000000000000000000 ) ) ;
#6119 = ADVANCED_FACE ( 'NONE', ( #6391 ), #4067, .F. ) ;
#6120 = ORIENTED_EDGE ( 'NONE', *, *, #1853, .T. ) ;
#6121 = ORIENTED_EDGE ( 'NONE', *, *, #4184, .T. ) ;
#6122 = DIRECTION ( 'NONE',  ( 0.000000000000000000, -0.000000000000000000, 1.000000000000000000 ) ) ;
#6123 = DIRECTION ( 'NONE',  ( 0.000000000000000000, -1.000000000000000000, 0.000000000000000000 ) ) ;
#6124 = VERTEX_POINT ( 'NONE', #9349 ) ;
#6125 = LINE ( 'NONE', #6936, #2861 ) ;
#6126 = CARTESIAN_POINT ( 'NONE',  ( -0.1499999999999999667, 0.04999999999999969746, -3.000000000000000000 ) ) ;
#6127 = ADVANCED_FACE ( 'NONE', ( #2510 ), #8601, .T. ) ;
#6128 = ORIENTED_EDGE ( 'NONE', *, *, #6191, .F. ) ;
#6129 = CARTESIAN_POINT ( 'NONE',  ( 2.750000000000000000, 0.1999999999999999833, -0.7999999999999990452 ) ) ;
#6130 = CARTESIAN_POINT ( 'NONE',  ( 1.300000000000000044, 0.2000000000000000111, -2.750000000000000000 ) ) ;
#6131 = ORIENTED_EDGE ( 'NONE', *, *, #9765, .T. ) ;
#6132 = ORIENTED_EDGE ( 'NONE', *, *, #6049, .F. ) ;
#6133 = DIRECTION ( 'NONE',  ( -1.734723475976805714E-15, 0.000000000000000000, 1.000000000000000000 ) ) ;
#6134 = DIRECTION ( 'NONE',  ( 0.000000000000000000, 0.000000000000000000, -1.000000000000000000 ) ) ;
#6135 = DIRECTION ( 'NONE',  ( 0.000000000000000000, 0.000000000000000000, 1.000000000000000000 ) ) ;
#6136 = ORIENTED_EDGE ( 'NONE', *, *, #7943, .F. ) ;
#6137 = ADVANCED_FACE ( 'NONE', ( #2812 ), #5051, .F. ) ;
#6138 = DIRECTION ( 'NONE',  ( 1.734723475976805517E-15, 0.000000000000000000, 1.000000000000000000 ) ) ;
#6139 = AXIS2_PLACEMENT_3D ( 'NONE', #3270, #8672, #749 ) ;
#6140 = LINE ( 'NONE', #3717, #2699 ) ;
#6141 = EDGE_CURVE ( 'NONE', #7734, #4666, #2120, .T. ) ;
#6142 = CARTESIAN_POINT ( 'NONE',  ( 2.399999999999999911, 0.1999999999999996503, -2.399999999999999911 ) ) ;
#6143 = ORIENTED_EDGE ( 'NONE', *, *, #8182, .T. ) ;
#6144 = CARTESIAN_POINT ( 'NONE',  ( 2.100000000000000089, 0.7000000000000006217, -3.000000000000000000 ) ) ;
#6145 = CLOSED_SHELL ( 'NONE', ( #7765, #6422, #1778, #391, #6677, #8442 ) ) ;
#6146 = ORIENTED_EDGE ( 'NONE', *, *, #8168, .T. ) ;
#6147 = DIRECTION ( 'NONE',  ( 0.000000000000000000, 1.000000000000000000, 0.000000000000000000 ) ) ;
#6148 = VERTEX_POINT ( 'NONE', #6647 ) ;
#6149 = DIRECTION ( 'NONE',  ( 1.000000000000000000, -0.000000000000000000, 0.000000000000000000 ) ) ;
#6150 = ORIENTED_EDGE ( 'NONE', *, *, #7417, .F. ) ;
#6151 = EDGE_CURVE ( 'NONE', #9228, #2280, #2022, .T. ) ;
#6152 = LINE ( 'NONE', #5368, #2037 ) ;
#6153 = LINE ( 'NONE', #1538, #477 ) ;
#6154 = AXIS2_PLACEMENT_3D ( 'NONE', #4864, #3419, #1028 ) ;
#6155 = DIRECTION ( 'NONE',  ( -0.000000000000000000, -1.000000000000000000, -0.000000000000000000 ) ) ;
#6156 = DIRECTION ( 'NONE',  ( 0.000000000000000000, 1.000000000000000000, 0.000000000000000000 ) ) ;
#6157 = EDGE_CURVE ( 'NONE', #6361, #6911, #8998, .T. ) ;
#6158 = ORIENTED_EDGE ( 'NONE', *, *, #6455, .F. ) ;
#6159 = VERTEX_POINT ( 'NONE', #5945 ) ;
#6160 = VECTOR ( 'NONE', #3207, 1000.000000000000000 ) ;
#6161 = CARTESIAN_POINT ( 'NONE',  ( 1.799999999999999600, 0.2000000000000000111, -2.750000000000000000 ) ) ;
#6162 = AXIS2_PLACEMENT_3D ( 'NONE', #5893, #4209, #508 ) ;
#6163 = LINE ( 'NONE', #3131, #6687 ) ;
#6164 = ORIENTED_EDGE ( 'NONE', *, *, #8070, .F. ) ;
#6165 = ORIENTED_EDGE ( 'NONE', *, *, #3206, .F. ) ;
#6166 = LINE ( 'NONE', #3179, #3678 ) ;
#6167 = PLANE ( 'NONE',  #6355 ) ;
#6168 = ORIENTED_EDGE ( 'NONE', *, *, #3056, .T. ) ;
#6169 = CARTESIAN_POINT ( 'NONE',  ( -2.750000000000000000, 0.000000000000000000, -2.099999999999999201 ) ) ;
#6170 = EDGE_CURVE ( 'NONE', #9058, #3017, #5197, .T. ) ;
#6171 =( LENGTH_UNIT ( ) NAMED_UNIT ( * ) SI_UNIT ( .MILLI., .METRE. ) );
#6172 = ADVANCED_FACE ( 'NONE', ( #9750 ), #5153, .F. ) ;
#6173 = ORIENTED_EDGE ( 'NONE', *, *, #3578, .T. ) ;
#6174 = DIRECTION ( 'NONE',  ( 0.000000000000000000, 0.000000000000000000, -1.000000000000000000 ) ) ;
#6175 = DIRECTION ( 'NONE',  ( 0.000000000000000000, 0.000000000000000000, 1.000000000000000000 ) ) ;
#6176 = VERTEX_POINT ( 'NONE', #5005 ) ;
#6177 = ORIENTED_EDGE ( 'NONE', *, *, #1476, .F. ) ;
#6178 = PLANE ( 'NONE',  #1108 ) ;
#6179 = PLANE ( 'NONE',  #4943 ) ;
#6180 = EDGE_CURVE ( 'NONE', #7084, #650, #7404, .T. ) ;
#6181 = ADVANCED_FACE ( 'NONE', ( #5749 ), #2166, .T. ) ;
#6182 = LINE ( 'NONE', #3104, #2134 ) ;
#6183 = ORIENTED_EDGE ( 'NONE', *, *, #3269, .T. ) ;
#6184 = FILL_AREA_STYLE ('',( #4603 ) ) ;
#6185 = CARTESIAN_POINT ( 'NONE',  ( 2.750000000000000000, 0.1999999999999999833, 1.150000000000000799 ) ) ;
#6186 = AXIS2_PLACEMENT_3D ( 'NONE', #6194, #217, #770 ) ;
#6187 = VECTOR ( 'NONE', #4193, 1000.000000000000000 ) ;
#6188 = CARTESIAN_POINT ( 'NONE',  ( 0.5000000000000000000, 0.000000000000000000, -3.000000000000000000 ) ) ;
#6189 = CARTESIAN_POINT ( 'NONE',  ( 0.000000000000000000, 0.04999999999999999584, 2.750000000000000000 ) ) ;
#6190 = ORIENTED_EDGE ( 'NONE', *, *, #9435, .F. ) ;
#6191 = EDGE_CURVE ( 'NONE', #2883, #3046, #4982, .T. ) ;
#6192 = VECTOR ( 'NONE', #5516, 1000.000000000000000 ) ;
#6193 = DIRECTION ( 'NONE',  ( 1.000000000000000000, 0.000000000000000000, 0.000000000000000000 ) ) ;
#6194 = CARTESIAN_POINT ( 'NONE',  ( -1.300000000000000044, 0.2000000000000000111, 2.750000000000000000 ) ) ;
#6195 = AXIS2_PLACEMENT_3D ( 'NONE', #9443, #7285, #6475 ) ;
#6196 = COLOUR_RGB ( '',0.7921568627450980005, 0.8196078431372548767, 0.9333333333333333481 ) ;
#6197 = ORIENTED_EDGE ( 'NONE', *, *, #942, .T. ) ;
#6198 = LINE ( 'NONE', #5460, #2619 ) ;
#6199 = CARTESIAN_POINT ( 'NONE',  ( 2.750000000000000000, 0.7000000000000000666, -1.799999999999999600 ) ) ;
#6200 = EDGE_LOOP ( 'NONE', ( #8103, #6605, #96, #2797 ) ) ;
#6201 = AXIS2_PLACEMENT_3D ( 'NONE', #7513, #5114, #1276 ) ;
#6202 = VECTOR ( 'NONE', #7068, 1000.000000000000000 ) ;
#6203 = COLOUR_RGB ( '',0.7921568627450980005, 0.8196078431372548767, 0.9333333333333333481 ) ;
#6204 = CARTESIAN_POINT ( 'NONE',  ( 2.100000000000000089, 0.000000000000000000, -3.000000000000000000 ) ) ;
#6205 = DIRECTION ( 'NONE',  ( 0.000000000000000000, 0.000000000000000000, -1.000000000000000000 ) ) ;
#6206 = DIRECTION ( 'NONE',  ( 0.000000000000000000, 0.000000000000000000, -1.000000000000000000 ) ) ;
#6207 = LINE ( 'NONE', #8563, #4663 ) ;
#6208 = FACE_OUTER_BOUND ( 'NONE', #4739, .T. ) ;
#6209 = ORIENTED_EDGE ( 'NONE', *, *, #7043, .T. ) ;
#6210 = AXIS2_PLACEMENT_3D ( 'NONE', #4370, #5060, #2352 ) ;
#6211 = EDGE_CURVE ( 'NONE', #1886, #5178, #6246, .T. ) ;
#6212 = VECTOR ( 'NONE', #3229, 1000.000000000000000 ) ;
#6213 = DIRECTION ( 'NONE',  ( 0.000000000000000000, 1.000000000000000000, 0.000000000000000000 ) ) ;
#6214 = VERTEX_POINT ( 'NONE', #6597 ) ;
#6215 = DIRECTION ( 'NONE',  ( 1.734723475976805517E-15, 0.000000000000000000, -1.000000000000000000 ) ) ;
#6216 =( NAMED_UNIT ( * ) PLANE_ANGLE_UNIT ( ) SI_UNIT ( $, .RADIAN. ) );
#6217 = ORIENTED_EDGE ( 'NONE', *, *, #3126, .F. ) ;
#6218 = ORIENTED_EDGE ( 'NONE', *, *, #6908, .T. ) ;
#6219 = VECTOR ( 'NONE', #5688, 1000.000000000000000 ) ;
#6220 = CARTESIAN_POINT ( 'NONE',  ( -2.750000000000000000, 0.7000000000000000666, -1.799999999999999600 ) ) ;
#6221 = LINE ( 'NONE', #7833, #6842 ) ;
#6222 = ORIENTED_EDGE ( 'NONE', *, *, #8058, .F. ) ;
#6223 = DIRECTION ( 'NONE',  ( 0.000000000000000000, 0.000000000000000000, -1.000000000000000000 ) ) ;
#6224 = UNCERTAINTY_MEASURE_WITH_UNIT (LENGTH_MEASURE( 1.000000000000000082E-05 ), #9530, 'distance_accuracy_value', 'NONE');
#6225 = VECTOR ( 'NONE', #6702, 1000.000000000000000 ) ;
#6226 = ORIENTED_EDGE ( 'NONE', *, *, #4363, .T. ) ;
#6227 = CARTESIAN_POINT ( 'NONE',  ( -1.149999999999999911, 0.7000000000000003997, -3.000000000000000000 ) ) ;
#6228 = EDGE_CURVE ( 'NONE', #2980, #4585, #566, .T. ) ;
#6229 = FACE_OUTER_BOUND ( 'NONE', #2464, .T. ) ;
#6230 = VERTEX_POINT ( 'NONE', #5102 ) ;
#6231 = ORIENTED_EDGE ( 'NONE', *, *, #2196, .F. ) ;
#6232 = EDGE_CURVE ( 'NONE', #3237, #2849, #3462, .T. ) ;
#6233 = DIRECTION ( 'NONE',  ( 0.000000000000000000, 1.000000000000000000, -0.000000000000000000 ) ) ;
#6234 = VECTOR ( 'NONE', #2882, 1000.000000000000000 ) ;
#6235 = CARTESIAN_POINT ( 'NONE',  ( -1.149999999999999911, 0.2000000000000000111, -2.750000000000000000 ) ) ;
#6236 = ORIENTED_EDGE ( 'NONE', *, *, #7863, .T. ) ;
#6237 = DIRECTION ( 'NONE',  ( -0.000000000000000000, -1.000000000000000000, -0.000000000000000000 ) ) ;
#6238 = VECTOR ( 'NONE', #8320, 1000.000000000000000 ) ;
#6239 = EDGE_CURVE ( 'NONE', #593, #2796, #458, .T. ) ;
#6240 = CARTESIAN_POINT ( 'NONE',  ( -3.000000000000000000, 0.1999999999999999833, 0.8000000000000003775 ) ) ;
#6241 = EDGE_CURVE ( 'NONE', #5128, #5640, #9602, .T. ) ;
#6242 = EDGE_CURVE ( 'NONE', #7734, #5712, #8104, .T. ) ;
#6243 = LINE ( 'NONE', #911, #2673 ) ;
#6244 = VERTEX_POINT ( 'NONE', #3565 ) ;
#6245 = CARTESIAN_POINT ( 'NONE',  ( 3.000000000000000000, 0.7000000000000000666, 0.8000000000000003775 ) ) ;
#6246 = CIRCLE ( 'NONE', #3881, 0.1499999999999999667 ) ;
#6247 =( LENGTH_UNIT ( ) NAMED_UNIT ( * ) SI_UNIT ( .MILLI., .METRE. ) );
#6248 = VERTEX_POINT ( 'NONE', #9652 ) ;
#6249 = CARTESIAN_POINT ( 'NONE',  ( 3.000000000000000000, 0.7000000000000000666, -1.149999999999999467 ) ) ;
#6250 = CARTESIAN_POINT ( 'NONE',  ( 1.149999999999999467, 0.000000000000000000, 2.750000000000000000 ) ) ;
#6251 = ORIENTED_EDGE ( 'NONE', *, *, #4619, .T. ) ;
#6252 = ADVANCED_FACE ( 'NONE', ( #5845 ), #8155, .T. ) ;
#6253 = PRESENTATION_LAYER_ASSIGNMENT (  '', '', ( #3719 ) ) ;
#6254 = DIRECTION ( 'NONE',  ( 0.000000000000000000, 1.000000000000000000, 0.000000000000000000 ) ) ;
#6255 = VECTOR ( 'NONE', #5982, 1000.000000000000000 ) ;
#6256 = DIRECTION ( 'NONE',  ( 0.000000000000000000, -1.000000000000000000, 0.000000000000000000 ) ) ;
#6257 = FACE_OUTER_BOUND ( 'NONE', #215, .T. ) ;
#6258 = DIRECTION ( 'NONE',  ( 1.000000000000000000, -0.000000000000000000, 0.000000000000000000 ) ) ;
#6259 = DIRECTION ( 'NONE',  ( 0.000000000000000000, -1.000000000000000000, 0.000000000000000000 ) ) ;
#6260 = MECHANICAL_DESIGN_GEOMETRIC_PRESENTATION_REPRESENTATION (  '', ( #1018 ), #7874 ) ;
#6261 = ORIENTED_EDGE ( 'NONE', *, *, #8406, .T. ) ;
#6262 = VECTOR ( 'NONE', #8887, 1000.000000000000000 ) ;
#6263 = DIRECTION ( 'NONE',  ( 0.000000000000000000, -0.000000000000000000, 1.000000000000000000 ) ) ;
#6264 = ORIENTED_EDGE ( 'NONE', *, *, #1187, .T. ) ;
#6265 = EDGE_CURVE ( 'NONE', #8116, #3385, #65, .T. ) ;
#6266 = CARTESIAN_POINT ( 'NONE',  ( 3.000000000000000000, 0.04999999999999969746, -2.099999999999999645 ) ) ;
#6267 = FILL_AREA_STYLE_COLOUR ( '', #6196 ) ;
#6268 = VERTEX_POINT ( 'NONE', #8298 ) ;
#6269 = ORIENTED_EDGE ( 'NONE', *, *, #1699, .F. ) ;
#6270 = VECTOR ( 'NONE', #1828, 1000.000000000000000 ) ;
#6271 = CYLINDRICAL_SURFACE ( 'NONE', #5261, 0.1499999999999999667 ) ;
#6272 = CARTESIAN_POINT ( 'NONE',  ( -2.750000000000000000, 0.000000000000000000, 1.950000000000000622 ) ) ;
#6273 = EDGE_CURVE ( 'NONE', #1607, #6938, #6754, .T. ) ;
#6274 = CARTESIAN_POINT ( 'NONE',  ( 0.000000000000000000, 1.000000000000000000, 0.000000000000000000 ) ) ;
#6275 = VERTEX_POINT ( 'NONE', #2263 ) ;
#6276 = LINE ( 'NONE', #894, #5905 ) ;
#6277 =( NAMED_UNIT ( * ) SI_UNIT ( $, .STERADIAN. ) SOLID_ANGLE_UNIT ( ) );
#6278 = EDGE_LOOP ( 'NONE', ( #9043, #9718, #3597, #4034 ) ) ;
#6279 = LINE ( 'NONE', #5343, #2422 ) ;
#6280 = DIRECTION ( 'NONE',  ( -0.000000000000000000, -1.000000000000000000, -0.000000000000000000 ) ) ;
#6281 = ORIENTED_EDGE ( 'NONE', *, *, #6890, .F. ) ;
#6282 = ORIENTED_EDGE ( 'NONE', *, *, #8357, .F. ) ;
#6283 = DIRECTION ( 'NONE',  ( 1.000000000000000000, 0.000000000000000000, -1.734723475976805714E-15 ) ) ;
#6284 = DIRECTION ( 'NONE',  ( 0.000000000000000000, 1.000000000000000000, 0.000000000000000000 ) ) ;
#6285 = LINE ( 'NONE', #3957, #1657 ) ;
#6286 = EDGE_CURVE ( 'NONE', #1334, #3739, #7553, .T. ) ;
#6287 = EDGE_LOOP ( 'NONE', ( #9647, #8044, #7548, #1392 ) ) ;
#6288 = SURFACE_STYLE_FILL_AREA ( #207 ) ;
#6289 = DIRECTION ( 'NONE',  ( -0.000000000000000000, -1.000000000000000000, -0.000000000000000000 ) ) ;
#6290 = DIRECTION ( 'NONE',  ( -1.000000000000000000, 0.000000000000000000, 0.000000000000000000 ) ) ;
#6291 = DIRECTION ( 'NONE',  ( 0.000000000000000000, 0.000000000000000000, 1.000000000000000000 ) ) ;
#6292 = VERTEX_POINT ( 'NONE', #811 ) ;
#6293 = LINE ( 'NONE', #5603, #5305 ) ;
#6294 = EDGE_CURVE ( 'NONE', #4119, #1080, #1811, .T. ) ;
#6295 = ORIENTED_EDGE ( 'NONE', *, *, #7164, .F. ) ;
#6296 = DIRECTION ( 'NONE',  ( 0.000000000000000000, 0.000000000000000000, 1.000000000000000000 ) ) ;
#6297 = EDGE_CURVE ( 'NONE', #9198, #5805, #3761, .T. ) ;
#6298 = CARTESIAN_POINT ( 'NONE',  ( -1.800000000000000044, 0.2000000000000000111, -3.000000000000000000 ) ) ;
#6299 = ORIENTED_EDGE ( 'NONE', *, *, #6932, .T. ) ;
#6300 = DIRECTION ( 'NONE',  ( -0.000000000000000000, -1.000000000000000000, -0.000000000000000000 ) ) ;
#6301 = VECTOR ( 'NONE', #4545, 1000.000000000000000 ) ;
#6302 = CARTESIAN_POINT ( 'NONE',  ( 1.799999999999999600, 0.000000000000000000, 2.750000000000000000 ) ) ;
#6303 = DIRECTION ( 'NONE',  ( 0.000000000000000000, -0.000000000000000000, 1.000000000000000000 ) ) ;
#6304 = FACE_OUTER_BOUND ( 'NONE', #8878, .T. ) ;
#6305 = CARTESIAN_POINT ( 'NONE',  ( -2.299999999999999822, 0.04999999999999969746, 2.299999999999998934 ) ) ;
#6306 = EDGE_CURVE ( 'NONE', #804, #8897, #108, .T. ) ;
#6307 = ORIENTED_EDGE ( 'NONE', *, *, #942, .F. ) ;
#6308 = AXIS2_PLACEMENT_3D ( 'NONE', #7603, #1569, #5902 ) ;
#6309 = CARTESIAN_POINT ( 'NONE',  ( -2.750000000000000000, 0.000000000000000000, -1.299999999999999378 ) ) ;
#6310 = EDGE_LOOP ( 'NONE', ( #5989, #3374, #3934, #6173 ) ) ;
#6311 = DIRECTION ( 'NONE',  ( -0.000000000000000000, 0.000000000000000000, 1.000000000000000000 ) ) ;
#6312 = VECTOR ( 'NONE', #962, 1000.000000000000000 ) ;
#6313 = ORIENTED_EDGE ( 'NONE', *, *, #8871, .F. ) ;
#6314 = ORIENTED_EDGE ( 'NONE', *, *, #8085, .T. ) ;
#6315 = DIRECTION ( 'NONE',  ( 0.000000000000000000, 1.000000000000000000, 0.000000000000000000 ) ) ;
#6316 = PLANE ( 'NONE',  #1118 ) ;
#6317 = DIRECTION ( 'NONE',  ( 0.000000000000000000, -1.000000000000000000, 0.000000000000000000 ) ) ;
#6318 = EDGE_LOOP ( 'NONE', ( #4232, #4972, #7844, #6146 ) ) ;
#6319 = CARTESIAN_POINT ( 'NONE',  ( 3.000000000000000000, 0.04999999999999969746, 1.150000000000000355 ) ) ;
#6320 = EDGE_CURVE ( 'NONE', #9603, #526, #4987, .T. ) ;
#6321 = ORIENTED_EDGE ( 'NONE', *, *, #1534, .T. ) ;
#6322 = CARTESIAN_POINT ( 'NONE',  ( 3.000000000000000000, 0.05000000000000000278, 3.000000000000000000 ) ) ;
#6323 = CARTESIAN_POINT ( 'NONE',  ( -2.750000000000000000, 0.000000000000000000, 1.950000000000000622 ) ) ;
#6324 = ORIENTED_EDGE ( 'NONE', *, *, #2722, .F. ) ;
#6325 = ORIENTED_EDGE ( 'NONE', *, *, #8846, .T. ) ;
#6326 = CARTESIAN_POINT ( 'NONE',  ( 2.750000000000000000, 0.1999999999999999833, -0.6499999999999993561 ) ) ;
#6327 = PLANE ( 'NONE',  #1424 ) ;
#6328 = FACE_OUTER_BOUND ( 'NONE', #6828, .T. ) ;
#6329 = ORIENTED_EDGE ( 'NONE', *, *, #166, .F. ) ;
#6330 = CARTESIAN_POINT ( 'NONE',  ( -2.100000000000000089, 0.000000000000000000, -3.000000000000000000 ) ) ;
#6331 = EDGE_CURVE ( 'NONE', #3880, #2396, #1520, .T. ) ;
#6332 = DIRECTION ( 'NONE',  ( 1.000000000000000000, 0.000000000000000000, -1.734723475976805714E-15 ) ) ;
#6333 = PLANE ( 'NONE',  #3498 ) ;
#6334 = CARTESIAN_POINT ( 'NONE',  ( -3.000000000000000000, 0.000000000000000000, 1.150000000000000355 ) ) ;
#6335 = VERTEX_POINT ( 'NONE', #7649 ) ;
#6336 = FACE_OUTER_BOUND ( 'NONE', #3231, .T. ) ;
#6337 = ORIENTED_EDGE ( 'NONE', *, *, #8701, .F. ) ;
#6338 = DIRECTION ( 'NONE',  ( -1.734723475976805517E-15, 0.000000000000000000, -1.000000000000000000 ) ) ;
#6339 = VECTOR ( 'NONE', #594, 1000.000000000000000 ) ;
#6340 = LINE ( 'NONE', #7812, #3096 ) ;
#6341 = ORIENTED_EDGE ( 'NONE', *, *, #6630, .F. ) ;
#6342 = ADVANCED_FACE ( 'NONE', ( #8447 ), #2309, .F. ) ;
#6343 = DIRECTION ( 'NONE',  ( -0.000000000000000000, -1.000000000000000000, -0.000000000000000000 ) ) ;
#6344 = EDGE_CURVE ( 'NONE', #6292, #2038, #6182, .T. ) ;
#6345 = VECTOR ( 'NONE', #5829, 1000.000000000000000 ) ;
#6346 = LINE ( 'NONE', #5662, #426 ) ;
#6347 = ORIENTED_EDGE ( 'NONE', *, *, #9695, .T. ) ;
#6348 = VECTOR ( 'NONE', #7148, 1000.000000000000000 ) ;
#6349 = FACE_OUTER_BOUND ( 'NONE', #3223, .T. ) ;
#6350 = PLANE ( 'NONE',  #8652 ) ;
#6351 = LINE ( 'NONE', #6451, #5575 ) ;
#6352 = ORIENTED_EDGE ( 'NONE', *, *, #4073, .T. ) ;
#6353 = VECTOR ( 'NONE', #7233, 1000.000000000000000 ) ;
#6354 = CARTESIAN_POINT ( 'NONE',  ( -0.5000000000000000000, 0.1999999999999999833, 3.000000000000000000 ) ) ;
#6356 = ORIENTED_EDGE ( 'NONE', *, *, #706, .T. ) ;
#6355 = AXIS2_PLACEMENT_3D ( 'NONE', #9222, #938, #8528 ) ;
#6357 =( GEOMETRIC_REPRESENTATION_CONTEXT ( 3 ) GLOBAL_UNCERTAINTY_ASSIGNED_CONTEXT ( ( #8074 ) ) GLOBAL_UNIT_ASSIGNED_CONTEXT ( ( #9320, #9269, #4633 ) ) REPRESENTATION_CONTEXT ( 'NONE', 'WORKASPACE' ) );
#6358 = DIRECTION ( 'NONE',  ( -1.000000000000000000, 0.000000000000000000, 0.000000000000000000 ) ) ;
#6359 = ADVANCED_FACE ( 'NONE', ( #14 ), #9240, .T. ) ;
#6360 =( NAMED_UNIT ( * ) SI_UNIT ( $, .STERADIAN. ) SOLID_ANGLE_UNIT ( ) );
#6361 = VERTEX_POINT ( 'NONE', #2960 ) ;
#6362 = ORIENTED_EDGE ( 'NONE', *, *, #1675, .F. ) ;
#6363 = CARTESIAN_POINT ( 'NONE',  ( -2.515349040166358454E-15, 0.05000000000000000278, -1.449999999999994182 ) ) ;
#6364 = CARTESIAN_POINT ( 'NONE',  ( 0.7999999999999999334, 0.000000000000000000, 3.000000000000000000 ) ) ;
#6365 = DIRECTION ( 'NONE',  ( 0.000000000000000000, -0.000000000000000000, 1.000000000000000000 ) ) ;
#6366 = ORIENTED_EDGE ( 'NONE', *, *, #5414, .T. ) ;
#6367 = CIRCLE ( 'NONE', #2085, 0.1499999999999997446 ) ;
#6368 = CARTESIAN_POINT ( 'NONE',  ( -0.1500000000000003830, 0.2000000000000000111, 2.750000000000000000 ) ) ;
#6369 = AXIS2_PLACEMENT_3D ( 'NONE', #8265, #5068, #5219 ) ;
#6370 = PLANE ( 'NONE',  #2529 ) ;
#6371 = VECTOR ( 'NONE', #9378, 1000.000000000000000 ) ;
#6372 = DIRECTION ( 'NONE',  ( 0.000000000000000000, 0.000000000000000000, -1.000000000000000000 ) ) ;
#6373 = ORIENTED_EDGE ( 'NONE', *, *, #2802, .F. ) ;
#6374 = ORIENTED_EDGE ( 'NONE', *, *, #1676, .T. ) ;
#6375 = EDGE_CURVE ( 'NONE', #3262, #6388, #1665, .T. ) ;
#6376 = VECTOR ( 'NONE', #8610, 1000.000000000000000 ) ;
#6377 = LINE ( 'NONE', #4889, #1783 ) ;
#6378 = CARTESIAN_POINT ( 'NONE',  ( 1.149999999999999911, 0.000000000000000000, 3.000000000000000000 ) ) ;
#6379 = CARTESIAN_POINT ( 'NONE',  ( -0.5000000000000000000, 0.7000000000000003997, 3.000000000000000000 ) ) ;
#6380 = ADVANCED_FACE ( 'NONE', ( #9848 ), #9041, .F. ) ;
#6381 = DIRECTION ( 'NONE',  ( 0.000000000000000000, 0.000000000000000000, -1.000000000000000000 ) ) ;
#6382 = EDGE_LOOP ( 'NONE', ( #627, #2440, #6231, #8022 ) ) ;
#6383 = LINE ( 'NONE', #3350, #3220 ) ;
#6384 = DIRECTION ( 'NONE',  ( -0.000000000000000000, -1.000000000000000000, -0.000000000000000000 ) ) ;
#6385 = CARTESIAN_POINT ( 'NONE',  ( 0.1500000000000001887, 0.7000000000000003997, 2.750000000000000000 ) ) ;
#6386 = VECTOR ( 'NONE', #5097, 1000.000000000000000 ) ;
#6387 = CARTESIAN_POINT ( 'NONE',  ( -2.750000000000000000, 0.000000000000000000, -0.7999999999999990452 ) ) ;
#6388 = VERTEX_POINT ( 'NONE', #762 ) ;
#6389 = VECTOR ( 'NONE', #6435, 1000.000000000000000 ) ;
#6390 = ADVANCED_FACE ( 'NONE', ( #669 ), #3712, .F. ) ;
#6391 = FACE_OUTER_BOUND ( 'NONE', #9213, .T. ) ;
#6392 = ORIENTED_EDGE ( 'NONE', *, *, #8871, .T. ) ;
#6393 = PLANE ( 'NONE',  #3904 ) ;
#6394 = AXIS2_PLACEMENT_3D ( 'NONE', #5070, #2977, #9624 ) ;
#6395 = DIRECTION ( 'NONE',  ( 1.000000000000000000, -0.000000000000000000, 0.000000000000000000 ) ) ;
#6396 = ORIENTED_EDGE ( 'NONE', *, *, #7470, .T. ) ;
#6397 = CARTESIAN_POINT ( 'NONE',  ( 0.6500000000000000222, 0.2000000000000000111, -2.750000000000000000 ) ) ;
#6398 = AXIS2_PLACEMENT_3D ( 'NONE', #2919, #8962, #2131 ) ;
#6399 = DIRECTION ( 'NONE',  ( 0.000000000000000000, 0.000000000000000000, -1.000000000000000000 ) ) ;
#6400 = ORIENTED_EDGE ( 'NONE', *, *, #1713, .T. ) ;
#6401 = CYLINDRICAL_SURFACE ( 'NONE', #3349, 0.1499999999999999667 ) ;
#6402 = DIRECTION ( 'NONE',  ( 0.000000000000000000, -0.000000000000000000, -1.000000000000000000 ) ) ;
#6403 = ORIENTED_EDGE ( 'NONE', *, *, #3440, .T. ) ;
#6404 = ADVANCED_FACE ( 'NONE', ( #6801 ), #5350, .T. ) ;
#6405 = CARTESIAN_POINT ( 'NONE',  ( -0.1499999999999999667, 0.2000000000000000111, 3.000000000000000000 ) ) ;
#6406 = CIRCLE ( 'NONE', #8016, 0.1499999999999997446 ) ;
#6407 = VERTEX_POINT ( 'NONE', #3052 ) ;
#6408 = FACE_OUTER_BOUND ( 'NONE', #8861, .T. ) ;
#6409 = CARTESIAN_POINT ( 'NONE',  ( -2.100000000000000089, 0.000000000000000000, 2.750000000000000000 ) ) ;
#6410 = ORIENTED_EDGE ( 'NONE', *, *, #1111, .F. ) ;
#6411 = EDGE_LOOP ( 'NONE', ( #698, #168, #1661, #3363 ) ) ;
#6412 = CARTESIAN_POINT ( 'NONE',  ( -0.7999999999999999334, 0.1999999999999999833, -3.000000000000000000 ) ) ;
#6413 = LINE ( 'NONE', #2787, #796 ) ;
#6414 = CYLINDRICAL_SURFACE ( 'NONE', #2417, 0.09999999999999982514 ) ;
#6415 = ORIENTED_EDGE ( 'NONE', *, *, #4390, .F. ) ;
#6416 = VECTOR ( 'NONE', #5832, 1000.000000000000000 ) ;
#6417 = DIRECTION ( 'NONE',  ( 0.000000000000000000, 0.000000000000000000, 1.000000000000000000 ) ) ;
#6418 = AXIS2_PLACEMENT_3D ( 'NONE', #2656, #2015, #2060 ) ;
#6419 = FILL_AREA_STYLE ('',( #9629 ) ) ;
#6420 = EDGE_CURVE ( 'NONE', #2902, #5335, #6088, .T. ) ;
#6421 = ADVANCED_FACE ( 'NONE', ( #1055 ), #8696, .F. ) ;
#6422 = ADVANCED_FACE ( 'NONE', ( #7144 ), #7850, .T. ) ;
#6423 = DIRECTION ( 'NONE',  ( -1.000000000000000000, 0.000000000000000000, 0.000000000000000000 ) ) ;
#6424 = COLOUR_RGB ( '',0.7921568627450980005, 0.8196078431372548767, 0.9333333333333333481 ) ;
#6425 = LINE ( 'NONE', #3442, #1506 ) ;
#6426 = VERTEX_POINT ( 'NONE', #297 ) ;
#6427 = EDGE_LOOP ( 'NONE', ( #2374, #4306, #6841, #7835, #3822, #8355, #1043, #6941, #8883, #6968, #8392, #4685, #1976, #6190, #1785, #4477, #3053, #8429, #6269, #3894, #2476, #5360, #9067, #59, #2397, #4053, #3426, #8197, #2917, #889, #4350, #9173, #6813, #9174, #2564, #4448, #9617, #768, #5206, #523, #3105, #7592, #3259, #9231, #6931, #2575, #9129, #8719, #6282, #5838, #4115, #9763, #3733, #3604, #6281, #7420, #9883, #841, #2381, #684, #2973, #4006, #541, #4640, #150, #7029, #4444, #957, #4297, #5798, #422, #1690, #8490, #9033, #8366, #9124, #722, #4520, #4722, #1667, #9271, #3649, #3876, #7772, #5454, #7733, #634, #240, #530, #7118, #6930, #7761, #5958, #2264, #5345, #6827, #9372, #3819, #4616, #4696, #8585, #5593, #4871, #5667, #9524, #6083, #4437, #5071, #3630, #7151, #4724, #2195, #2985, #709, #1443, #8804, #8037, #7303, #7033, #8219, #1557, #7436, #6666 ) ) ;
#6428 = CARTESIAN_POINT ( 'NONE',  ( -3.000000000000000000, 0.2000000000000005107, 1.450000000000000400 ) ) ;
#6429 = DIRECTION ( 'NONE',  ( 0.000000000000000000, 1.000000000000000000, -0.000000000000000000 ) ) ;
#6430 = DIRECTION ( 'NONE',  ( 0.000000000000000000, 0.000000000000000000, 1.000000000000000000 ) ) ;
#6431 = SURFACE_STYLE_FILL_AREA ( #3400 ) ;
#6432 = VECTOR ( 'NONE', #8409, 1000.000000000000000 ) ;
#6433 = EDGE_CURVE ( 'NONE', #2883, #6055, #6285, .T. ) ;
#6434 = DIRECTION ( 'NONE',  ( 0.000000000000000000, 0.000000000000000000, 1.000000000000000000 ) ) ;
#6435 = DIRECTION ( 'NONE',  ( 1.000000000000000000, 0.000000000000000000, 0.000000000000000000 ) ) ;
#6436 = CARTESIAN_POINT ( 'NONE',  ( -2.750000000000000000, 0.7000000000000000666, 1.150000000000000799 ) ) ;
#6437 = DIRECTION ( 'NONE',  ( 1.000000000000000000, -0.000000000000000000, 0.000000000000000000 ) ) ;
#6438 = DIRECTION ( 'NONE',  ( 0.000000000000000000, -0.000000000000000000, 1.000000000000000000 ) ) ;
#6439 = EDGE_LOOP ( 'NONE', ( #1741, #3626, #5536, #3528 ) ) ;
#6440 = DIRECTION ( 'NONE',  ( 0.000000000000000000, 1.000000000000000000, 0.000000000000000000 ) ) ;
#6441 = ORIENTED_EDGE ( 'NONE', *, *, #5693, .F. ) ;
#6442 = DIRECTION ( 'NONE',  ( -0.000000000000000000, -1.000000000000000000, -0.000000000000000000 ) ) ;
#6443 = VECTOR ( 'NONE', #4669, 1000.000000000000000 ) ;
#6444 = LINE ( 'NONE', #1979, #5021 ) ;
#6445 = EDGE_CURVE ( 'NONE', #5199, #2980, #9616, .T. ) ;
#6446 = DIRECTION ( 'NONE',  ( 0.000000000000000000, 1.000000000000000000, -0.000000000000000000 ) ) ;
#6447 = CARTESIAN_POINT ( 'NONE',  ( -2.750000000000000000, 0.1999999999999999833, 1.800000000000000711 ) ) ;
#6448 = ORIENTED_EDGE ( 'NONE', *, *, #4089, .F. ) ;
#6449 = DIRECTION ( 'NONE',  ( 0.000000000000000000, -0.000000000000000000, 1.000000000000000000 ) ) ;
#6450 = CARTESIAN_POINT ( 'NONE',  ( 2.750000000000000000, 0.05000000000000002359, 1.150000000000000799 ) ) ;
#6451 = CARTESIAN_POINT ( 'NONE',  ( 2.100000000000000089, 0.1999999999999999833, 3.000000000000000000 ) ) ;
#6452 = ORIENTED_EDGE ( 'NONE', *, *, #865, .F. ) ;
#6453 = DIRECTION ( 'NONE',  ( 0.000000000000000000, -0.000000000000000000, 1.000000000000000000 ) ) ;
#6454 = ORIENTED_EDGE ( 'NONE', *, *, #261, .F. ) ;
#6455 = EDGE_CURVE ( 'NONE', #2961, #6124, #4893, .T. ) ;
#6456 = DIRECTION ( 'NONE',  ( -1.000000000000000000, 0.000000000000000000, -0.000000000000000000 ) ) ;
#6457 = AXIS2_PLACEMENT_3D ( 'NONE', #7074, #5473, #230 ) ;
#6458 = CLOSED_SHELL ( 'NONE', ( #8342, #1250, #2439, #1587, #6172, #464 ) ) ;
#6459 = DIRECTION ( 'NONE',  ( 0.000000000000000000, 0.000000000000000000, -1.000000000000000000 ) ) ;
#6460 = ORIENTED_EDGE ( 'NONE', *, *, #8740, .F. ) ;
#6461 = VERTEX_POINT ( 'NONE', #4745 ) ;
#6462 = LINE ( 'NONE', #6363, #4946 ) ;
#6463 = EDGE_CURVE ( 'NONE', #3256, #6515, #1760, .T. ) ;
#6464 = CARTESIAN_POINT ( 'NONE',  ( -1.949999999999999956, 0.2000000000000000111, 2.750000000000000000 ) ) ;
#6465 = CARTESIAN_POINT ( 'NONE',  ( 3.000000000000000000, 0.7000000000000000666, -2.099999999999999645 ) ) ;
#6466 = EDGE_LOOP ( 'NONE', ( #4213, #4522, #4001, #7933 ) ) ;
#6467 = DIRECTION ( 'NONE',  ( -0.000000000000000000, 0.000000000000000000, 1.000000000000000000 ) ) ;
#6468 = SURFACE_SIDE_STYLE ('',( #2792 ) ) ;
#6469 = CARTESIAN_POINT ( 'NONE',  ( -0.8000000000000003775, 0.7000000000000003997, -2.750000000000000000 ) ) ;
#6470 = CARTESIAN_POINT ( 'NONE',  ( 1.949999999999999956, 0.7000000000000006217, 2.750000000000000000 ) ) ;
#6471 = VERTEX_POINT ( 'NONE', #2500 ) ;
#6472 = EDGE_LOOP ( 'NONE', ( #2220, #3090, #7555, #7701 ) ) ;
#6473 = CARTESIAN_POINT ( 'NONE',  ( 3.000000000000000000, 0.1999999999999999833, -0.4999999999999995559 ) ) ;
#6474 = EDGE_CURVE ( 'NONE', #4916, #116, #4795, .T. ) ;
#6475 = DIRECTION ( 'NONE',  ( 1.000000000000000000, 0.000000000000000000, 1.734723475976805714E-15 ) ) ;
#6476 = EDGE_CURVE ( 'NONE', #1522, #5660, #1010, .T. ) ;
#6477 = EDGE_CURVE ( 'NONE', #3721, #1591, #9390, .T. ) ;
#6478 = CARTESIAN_POINT ( 'NONE',  ( 2.750000000000000000, 0.7000000000000000666, 1.800000000000000711 ) ) ;
#6479 = VECTOR ( 'NONE', #2281, 1000.000000000000000 ) ;
#6480 = CARTESIAN_POINT ( 'NONE',  ( -3.000000000000000000, 0.1999999999999999833, 0.1500000000000003830 ) ) ;
#6481 = DIRECTION ( 'NONE',  ( 0.000000000000000000, 1.000000000000000000, 0.000000000000000000 ) ) ;
#6482 = CYLINDRICAL_SURFACE ( 'NONE', #4335, 0.1499999999999997446 ) ;
#6483 = DIRECTION ( 'NONE',  ( -0.000000000000000000, -1.000000000000000000, -0.000000000000000000 ) ) ;
#6484 = VECTOR ( 'NONE', #9301, 1000.000000000000000 ) ;
#6485 = DIRECTION ( 'NONE',  ( 0.000000000000000000, 1.000000000000000000, 0.000000000000000000 ) ) ;
#6486 = EDGE_CURVE ( 'NONE', #4015, #66, #7749, .T. ) ;
#6487 = CARTESIAN_POINT ( 'NONE',  ( 3.000000000000000000, 0.7000000000000000666, 1.150000000000000355 ) ) ;
#6488 = DIRECTION ( 'NONE',  ( 0.000000000000000000, 0.000000000000000000, -1.000000000000000000 ) ) ;
#6489 = ORIENTED_EDGE ( 'NONE', *, *, #7594, .T. ) ;
#6490 = CARTESIAN_POINT ( 'NONE',  ( 0.000000000000000000, 0.05000000000000000278, -1.799999999999999600 ) ) ;
#6491 = ORIENTED_EDGE ( 'NONE', *, *, #8558, .T. ) ;
#6492 = DIRECTION ( 'NONE',  ( 0.000000000000000000, -1.000000000000000000, 0.000000000000000000 ) ) ;
#6493 = MANIFOLD_SOLID_BREP ( 'LPattern4[9]', #2651 ) ;
#6494 = CARTESIAN_POINT ( 'NONE',  ( -2.750000000000000000, 0.7000000000000000666, -1.149999999999999467 ) ) ;
#6495 = EDGE_CURVE ( 'NONE', #7593, #8918, #204, .T. ) ;
#6496 = DIRECTION ( 'NONE',  ( -1.734723475976805517E-15, 0.000000000000000000, -1.000000000000000000 ) ) ;
#6497 = VERTEX_POINT ( 'NONE', #2551 ) ;
#6498 = CARTESIAN_POINT ( 'NONE',  ( 0.1499999999999999667, 0.1999999999999999833, 3.000000000000000000 ) ) ;
#6499 = CARTESIAN_POINT ( 'NONE',  ( -2.538461538461538769, 1.000000000000000000, -2.538461538461538769 ) ) ;
#6500 = SURFACE_SIDE_STYLE ('',( #2574 ) ) ;
#6501 = VECTOR ( 'NONE', #8731, 1000.000000000000000 ) ;
#6502 = EDGE_CURVE ( 'NONE', #8131, #7545, #5592, .T. ) ;
#6503 = ORIENTED_EDGE ( 'NONE', *, *, #1249, .F. ) ;
#6504 = CARTESIAN_POINT ( 'NONE',  ( 2.750000000000000000, 0.05000000000000002359, -1.149999999999999467 ) ) ;
#6505 = ORIENTED_EDGE ( 'NONE', *, *, #1451, .F. ) ;
#6506 = DIRECTION ( 'NONE',  ( -1.000000000000000000, 0.000000000000000000, -1.807003620809174139E-16 ) ) ;
#6507 = VECTOR ( 'NONE', #9029, 1000.000000000000000 ) ;
#6508 = VECTOR ( 'NONE', #6952, 1000.000000000000000 ) ;
#6509 = FILL_AREA_STYLE_COLOUR ( '', #1911 ) ;
#6510 = ORIENTED_EDGE ( 'NONE', *, *, #6984, .F. ) ;
#6511 = EDGE_LOOP ( 'NONE', ( #1429, #8497, #6917, #3200, #7882 ) ) ;
#6512 = FACE_OUTER_BOUND ( 'NONE', #9491, .T. ) ;
#6513 = DIRECTION ( 'NONE',  ( -1.000000000000000000, 0.000000000000000000, 0.000000000000000000 ) ) ;
#6514 = LINE ( 'NONE', #8036, #2744 ) ;
#6515 = VERTEX_POINT ( 'NONE', #4294 ) ;
#6516 = DIRECTION ( 'NONE',  ( -0.000000000000000000, -1.000000000000000000, -0.000000000000000000 ) ) ;
#6517 = ADVANCED_FACE ( 'NONE', ( #7340 ), #2055, .T. ) ;
#6518 = CIRCLE ( 'NONE', #4457, 0.1499999999999997446 ) ;
#6519 = AXIS2_PLACEMENT_3D ( 'NONE', #9721, #7377, #8971 ) ;
#6520 = CIRCLE ( 'NONE', #6039, 0.1499999999999999667 ) ;
#6521 = DIRECTION ( 'NONE',  ( -1.000000000000000000, -0.000000000000000000, 1.734723475976805517E-15 ) ) ;
#6522 = DIRECTION ( 'NONE',  ( 1.734723475976805714E-15, -0.000000000000000000, 1.000000000000000000 ) ) ;
#6523 = ORIENTED_EDGE ( 'NONE', *, *, #2475, .T. ) ;
#6524 = VERTEX_POINT ( 'NONE', #2801 ) ;
#6525 = CIRCLE ( 'NONE', #9567, 0.1499999999999997446 ) ;
#6526 = CIRCLE ( 'NONE', #2240, 0.1499999999999999667 ) ;
#6527 = DIRECTION ( 'NONE',  ( -1.000000000000000000, 0.000000000000000000, 0.000000000000000000 ) ) ;
#6528 = CARTESIAN_POINT ( 'NONE',  ( -0.5000000000000000000, 0.04999999999999969746, 3.000000000000000000 ) ) ;
#6529 = DIRECTION ( 'NONE',  ( 0.000000000000000000, -0.000000000000000000, 1.000000000000000000 ) ) ;
#6530 = CARTESIAN_POINT ( 'NONE',  ( -1.949999999999999956, 0.04999999999999999584, -2.750000000000000000 ) ) ;
#6531 = AXIS2_PLACEMENT_3D ( 'NONE', #1456, #5187, #9078 ) ;
#6532 = DIRECTION ( 'NONE',  ( -1.000000000000000000, 0.000000000000000000, -0.000000000000000000 ) ) ;
#6533 = EDGE_CURVE ( 'NONE', #6670, #7813, #602, .T. ) ;
#6534 = DIRECTION ( 'NONE',  ( 0.000000000000000000, -1.000000000000000000, 0.000000000000000000 ) ) ;
#6535 = VECTOR ( 'NONE', #496, 1000.000000000000000 ) ;
#6536 = DIRECTION ( 'NONE',  ( 1.000000000000000000, 0.000000000000000000, 0.000000000000000000 ) ) ;
#6537 = CARTESIAN_POINT ( 'NONE',  ( 2.299999999999999822, 6.988225099390855455, 2.400000000000000355 ) ) ;
#6538 = FACE_OUTER_BOUND ( 'NONE', #877, .T. ) ;
#6539 = LINE ( 'NONE', #9600, #8963 ) ;
#6540 = ORIENTED_EDGE ( 'NONE', *, *, #2407, .F. ) ;
#6541 = DIRECTION ( 'NONE',  ( -0.000000000000000000, -1.000000000000000000, -0.000000000000000000 ) ) ;
#6542 = ORIENTED_EDGE ( 'NONE', *, *, #9505, .T. ) ;
#6543 = CARTESIAN_POINT ( 'NONE',  ( 1.149999999999999467, 0.04999999999999999584, 2.750000000000000000 ) ) ;
#6544 = ADVANCED_FACE ( 'NONE', ( #7440 ), #1353, .T. ) ;
#6545 = EDGE_CURVE ( 'NONE', #7153, #848, #553, .T. ) ;
#6546 = DIRECTION ( 'NONE',  ( 0.000000000000000000, 1.000000000000000000, 0.000000000000000000 ) ) ;
#6547 = ADVANCED_FACE ( 'NONE', ( #5141 ), #9641, .F. ) ;
#6548 = VECTOR ( 'NONE', #2070, 1000.000000000000000 ) ;
#6549 = DIRECTION ( 'NONE',  ( 1.000000000000000000, 0.000000000000000000, 0.000000000000000000 ) ) ;
#6550 = ORIENTED_EDGE ( 'NONE', *, *, #6474, .F. ) ;
#6551 = CARTESIAN_POINT ( 'NONE',  ( 2.750000000000000000, 0.1999999999999999833, 1.800000000000000711 ) ) ;
#6552 = DIRECTION ( 'NONE',  ( 0.000000000000000000, 0.000000000000000000, -1.000000000000000000 ) ) ;
#6553 = AXIS2_PLACEMENT_3D ( 'NONE', #9062, #2042, #9774 ) ;
#6554 =( NAMED_UNIT ( * ) SI_UNIT ( $, .STERADIAN. ) SOLID_ANGLE_UNIT ( ) );
#6555 = EDGE_CURVE ( 'NONE', #763, #8761, #9541, .T. ) ;
#6556 = CARTESIAN_POINT ( 'NONE',  ( 2.299999999999999822, 0.05000000000000000278, -2.399999999999999911 ) ) ;
#6557 = ORIENTED_EDGE ( 'NONE', *, *, #9221, .T. ) ;
#6558 = AXIS2_PLACEMENT_3D ( 'NONE', #2031, #5061, #1328 ) ;
#6559 = UNCERTAINTY_MEASURE_WITH_UNIT (LENGTH_MEASURE( 1.000000000000000082E-05 ), #9370, 'distance_accuracy_value', 'NONE');
#6560 = FILL_AREA_STYLE ('',( #5767 ) ) ;
#6561 = EDGE_LOOP ( 'NONE', ( #6961, #9813, #6865, #2020 ) ) ;
#6562 = ORIENTED_EDGE ( 'NONE', *, *, #9361, .T. ) ;
#6563 = DIRECTION ( 'NONE',  ( 0.000000000000000000, 1.000000000000000000, 0.000000000000000000 ) ) ;
#6564 = DIRECTION ( 'NONE',  ( -0.000000000000000000, -0.000000000000000000, -1.000000000000000000 ) ) ;
#6565 = CARTESIAN_POINT ( 'NONE',  ( -2.100000000000000089, 0.1999999999999999833, 2.750000000000000000 ) ) ;
#6566 = ORIENTED_EDGE ( 'NONE', *, *, #4276, .T. ) ;
#6567 = CARTESIAN_POINT ( 'NONE',  ( 1.800000000000000044, 0.000000000000000000, 3.000000000000000000 ) ) ;
#6568 = DIRECTION ( 'NONE',  ( -0.000000000000000000, -1.000000000000000000, -0.000000000000000000 ) ) ;
#6569 = VECTOR ( 'NONE', #969, 1000.000000000000000 ) ;
#6570 = ORIENTED_EDGE ( 'NONE', *, *, #392, .T. ) ;
#6571 = VECTOR ( 'NONE', #515, 1000.000000000000000 ) ;
#6572 = DIRECTION ( 'NONE',  ( 0.000000000000000000, -0.000000000000000000, -1.000000000000000000 ) ) ;
#6573 = DIRECTION ( 'NONE',  ( 0.000000000000000000, 0.000000000000000000, -1.000000000000000000 ) ) ;
#6574 = ORIENTED_EDGE ( 'NONE', *, *, #7100, .F. ) ;
#6575 = EDGE_CURVE ( 'NONE', #3071, #4018, #3888, .T. ) ;
#6576 = ORIENTED_EDGE ( 'NONE', *, *, #6232, .T. ) ;
#6577 = COLOUR_RGB ( '',0.7921568627450980005, 0.8196078431372548767, 0.9333333333333333481 ) ;
#6578 = CARTESIAN_POINT ( 'NONE',  ( 0.5000000000000000000, 0.2000000000000000111, 3.000000000000000000 ) ) ;
#6579 = LINE ( 'NONE', #8048, #2862 ) ;
#6580 = AXIS2_PLACEMENT_3D ( 'NONE', #5438, #8488, #4695 ) ;
#6581 = MANIFOLD_SOLID_BREP ( 'LPattern4[11]', #8546 ) ;
#6582 = CARTESIAN_POINT ( 'NONE',  ( -0.1500000000000003830, 0.1999999999999999833, 2.750000000000000000 ) ) ;
#6583 = DIRECTION ( 'NONE',  ( 0.000000000000000000, -0.000000000000000000, 1.000000000000000000 ) ) ;
#6584 = CARTESIAN_POINT ( 'NONE',  ( -0.6500000000000000222, 0.2000000000000000111, -2.750000000000000000 ) ) ;
#6585 =( GEOMETRIC_REPRESENTATION_CONTEXT ( 3 ) GLOBAL_UNCERTAINTY_ASSIGNED_CONTEXT ( ( #3679 ) ) GLOBAL_UNIT_ASSIGNED_CONTEXT ( ( #1296, #5133, #8277 ) ) REPRESENTATION_CONTEXT ( 'NONE', 'WORKASPACE' ) );
#6586 = ORIENTED_EDGE ( 'NONE', *, *, #5750, .T. ) ;
#6587 = DIRECTION ( 'NONE',  ( 0.000000000000000000, -1.000000000000000000, 0.000000000000000000 ) ) ;
#6588 = DIRECTION ( 'NONE',  ( -0.000000000000000000, -1.000000000000000000, 0.000000000000000000 ) ) ;
#6589 = EDGE_LOOP ( 'NONE', ( #1627, #9366, #7780, #1721 ) ) ;
#6590 = EDGE_CURVE ( 'NONE', #2624, #9781, #2700, .T. ) ;
#6591 = SURFACE_STYLE_USAGE ( .BOTH. , #9694 ) ;
#6592 = CARTESIAN_POINT ( 'NONE',  ( -0.5000000000000000000, 0.04999999999999969746, -3.000000000000000000 ) ) ;
#6593 = AXIS2_PLACEMENT_3D ( 'NONE', #7957, #6442, #6296 ) ;
#6594 = CARTESIAN_POINT ( 'NONE',  ( -0.1500000000000003830, 0.2000000000000000111, 2.750000000000000000 ) ) ;
#6595 = ADVANCED_FACE ( 'NONE', ( #3601 ), #5739, .F. ) ;
#6596 = VERTEX_POINT ( 'NONE', #8050 ) ;
#6597 = CARTESIAN_POINT ( 'NONE',  ( 2.399999999999999911, 0.1999999999999996503, 2.300000000000000266 ) ) ;
#6598 = AXIS2_PLACEMENT_3D ( 'NONE', #3727, #5318, #1532 ) ;
#6599 = ORIENTED_EDGE ( 'NONE', *, *, #560, .T. ) ;
#6600 = CARTESIAN_POINT ( 'NONE',  ( 2.399999999999999911, 0.05000000000000000278, 2.300000000000000266 ) ) ;
#6601 = MANIFOLD_SOLID_BREP ( 'LPattern4[5]', #2176 ) ;
#6602 = DIRECTION ( 'NONE',  ( 1.734723475976805714E-15, -0.000000000000000000, 1.000000000000000000 ) ) ;
#6603 = DIRECTION ( 'NONE',  ( 0.000000000000000000, 1.000000000000000000, 0.000000000000000000 ) ) ;
#6604 = EDGE_CURVE ( 'NONE', #7940, #246, #6075, .T. ) ;
#6605 = ORIENTED_EDGE ( 'NONE', *, *, #826, .T. ) ;
#6606 = CARTESIAN_POINT ( 'NONE',  ( -1.450000000000000400, 0.2000000000000000111, 2.750000000000000000 ) ) ;
#6607 = DIRECTION ( 'NONE',  ( -0.000000000000000000, -1.000000000000000000, -0.000000000000000000 ) ) ;
#6608 = ADVANCED_FACE ( 'NONE', ( #1206 ), #4590, .T. ) ;
#6609 = DIRECTION ( 'NONE',  ( 0.000000000000000000, 1.000000000000000000, 0.000000000000000000 ) ) ;
#6610 = VERTEX_POINT ( 'NONE', #6834 ) ;
#6611 = LINE ( 'NONE', #4176, #575 ) ;
#6612 = VERTEX_POINT ( 'NONE', #6126 ) ;
#6613 = MANIFOLD_SOLID_BREP ( 'LPattern4[6]', #5509 ) ;
#6614 = SURFACE_STYLE_USAGE ( .BOTH. , #4326 ) ;
#6615 = VERTEX_POINT ( 'NONE', #1457 ) ;
#6616 = ORIENTED_EDGE ( 'NONE', *, *, #8161, .T. ) ;
#6617 = CARTESIAN_POINT ( 'NONE',  ( 2.750000000000000000, 0.7000000000000000666, -1.149999999999999467 ) ) ;
#6618 = DIRECTION ( 'NONE',  ( 0.000000000000000000, -1.000000000000000000, 0.000000000000000000 ) ) ;
#6619 = EDGE_CURVE ( 'NONE', #8969, #7282, #9079, .T. ) ;
#6620 = PLANE ( 'NONE',  #2904 ) ;
#6621 = ORIENTED_EDGE ( 'NONE', *, *, #7314, .T. ) ;
#6622 = DIRECTION ( 'NONE',  ( 1.734723475976805517E-15, 0.000000000000000000, -1.000000000000000000 ) ) ;
#6623 = ORIENTED_EDGE ( 'NONE', *, *, #2507, .F. ) ;
#6624 = CARTESIAN_POINT ( 'NONE',  ( -2.299999999999999822, 0.05000000000000000278, 2.399999999999999467 ) ) ;
#6625 = LINE ( 'NONE', #5281, #5949 ) ;
#6626 = ORIENTED_EDGE ( 'NONE', *, *, #1017, .F. ) ;
#6627 = ORIENTED_EDGE ( 'NONE', *, *, #2669, .F. ) ;
#6628 = DIRECTION ( 'NONE',  ( 0.000000000000000000, 1.000000000000000000, -0.000000000000000000 ) ) ;
#6629 = CARTESIAN_POINT ( 'NONE',  ( 3.000000000000000000, 0.000000000000000000, 1.450000000000000400 ) ) ;
#6630 = EDGE_CURVE ( 'NONE', #2149, #2339, #7554, .T. ) ;
#6631 = CLOSED_SHELL ( 'NONE', ( #685, #6342, #3449, #7665, #7108, #1893 ) ) ;
#6632 = PLANE ( 'NONE',  #3687 ) ;
#6633 = CARTESIAN_POINT ( 'NONE',  ( -3.000000000000000000, 0.7000000000000000666, 1.450000000000000400 ) ) ;
#6634 = UNCERTAINTY_MEASURE_WITH_UNIT (LENGTH_MEASURE( 1.000000000000000082E-05 ), #7310, 'distance_accuracy_value', 'NONE');
#6635 = EDGE_CURVE ( 'NONE', #9305, #4099, #1605, .T. ) ;
#6636 = FACE_OUTER_BOUND ( 'NONE', #2530, .T. ) ;
#6637 = VECTOR ( 'NONE', #9510, 1000.000000000000000 ) ;
#6638 = ORIENTED_EDGE ( 'NONE', *, *, #3886, .T. ) ;
#6639 = DIRECTION ( 'NONE',  ( 0.000000000000000000, -1.000000000000000000, 0.000000000000000000 ) ) ;
#6640 = DIRECTION ( 'NONE',  ( 0.000000000000000000, 1.000000000000000000, -0.000000000000000000 ) ) ;
#6641 = EDGE_LOOP ( 'NONE', ( #4712, #5478, #1575, #6770, #104, #7510, #1695, #6665, #3530, #7491, #3670, #3152, #5225, #1482, #9232, #2187, #185, #33, #4588, #2629, #1708, #3972, #2129, #1732, #3177, #6660, #9315, #8542, #5731, #6131, #4279, #9125 ) ) ;
#6642 = ORIENTED_EDGE ( 'NONE', *, *, #2466, .T. ) ;
#6643 = PLANE ( 'NONE',  #6880 ) ;
#6644 = VECTOR ( 'NONE', #3264, 1000.000000000000000 ) ;
#6645 = PLANE ( 'NONE',  #4650 ) ;
#6646 = EDGE_LOOP ( 'NONE', ( #8999, #6783, #3689, #8149 ) ) ;
#6647 = CARTESIAN_POINT ( 'NONE',  ( 1.800000000000000044, 0.000000000000000000, -3.000000000000000000 ) ) ;
#6648 = ORIENTED_EDGE ( 'NONE', *, *, #5722, .T. ) ;
#6649 = LINE ( 'NONE', #5801, #3534 ) ;
#6650 = EDGE_CURVE ( 'NONE', #8572, #5656, #5289, .T. ) ;
#6651 = MANIFOLD_SOLID_BREP ( 'LPattern3[12]', #1375 ) ;
#6652 = CIRCLE ( 'NONE', #1723, 0.1499999999999999667 ) ;
#6653 = DIRECTION ( 'NONE',  ( 0.000000000000000000, 0.000000000000000000, -1.000000000000000000 ) ) ;
#6654 = CARTESIAN_POINT ( 'NONE',  ( -1.949999999999999956, 0.2000000000000000111, 2.600000000000000089 ) ) ;
#6655 = ORIENTED_EDGE ( 'NONE', *, *, #6650, .T. ) ;
#6656 = DIRECTION ( 'NONE',  ( 0.000000000000000000, 1.000000000000000000, -0.000000000000000000 ) ) ;
#6657 = LINE ( 'NONE', #2870, #5777 ) ;
#6658 = FILL_AREA_STYLE_COLOUR ( '', #6042 ) ;
#6659 = DIRECTION ( 'NONE',  ( 1.000000000000000000, 0.000000000000000000, -0.000000000000000000 ) ) ;
#6660 = ORIENTED_EDGE ( 'NONE', *, *, #6151, .T. ) ;
#6661 = ADVANCED_FACE ( 'NONE', ( #895 ), #3748, .F. ) ;
#6662 = EDGE_CURVE ( 'NONE', #6214, #2182, #2144, .T. ) ;
#6663 = ADVANCED_FACE ( 'NONE', ( #7890 ), #1046, .F. ) ;
#6664 = MANIFOLD_SOLID_BREP ( 'LPattern3[9]', #7112 ) ;
#6665 = ORIENTED_EDGE ( 'NONE', *, *, #5213, .T. ) ;
#6666 = ORIENTED_EDGE ( 'NONE', *, *, #6994, .F. ) ;
#6667 = FACE_OUTER_BOUND ( 'NONE', #198, .T. ) ;
#6668 = DIRECTION ( 'NONE',  ( 0.000000000000000000, 0.000000000000000000, 1.000000000000000000 ) ) ;
#6669 = CARTESIAN_POINT ( 'NONE',  ( -3.000000000000000000, 0.000000000000000000, 1.450000000000000400 ) ) ;
#6670 = VERTEX_POINT ( 'NONE', #1094 ) ;
#6671 = DIRECTION ( 'NONE',  ( 0.000000000000000000, 0.000000000000000000, -1.000000000000000000 ) ) ;
#6672 = ORIENTED_EDGE ( 'NONE', *, *, #5048, .F. ) ;
#6673 = PRESENTATION_LAYER_ASSIGNMENT (  '', '', ( #4450 ) ) ;
#6674 = EDGE_CURVE ( 'NONE', #9377, #7126, #3998, .T. ) ;
#6675 = VECTOR ( 'NONE', #5637, 1000.000000000000000 ) ;
#6676 = DIRECTION ( 'NONE',  ( 0.000000000000000000, 0.000000000000000000, -1.000000000000000000 ) ) ;
#6677 = ADVANCED_FACE ( 'NONE', ( #142 ), #7184, .T. ) ;
#6678 = LINE ( 'NONE', #9732, #5253 ) ;
#6679 = VERTEX_POINT ( 'NONE', #8631 ) ;
#6680 = ORIENTED_EDGE ( 'NONE', *, *, #5636, .T. ) ;
#6681 = DIRECTION ( 'NONE',  ( 1.000000000000000000, -0.000000000000000000, 0.000000000000000000 ) ) ;
#6682 = DIRECTION ( 'NONE',  ( 1.000000000000000000, -0.000000000000000000, 1.734723475976805714E-15 ) ) ;
#6683 = VECTOR ( 'NONE', #8879, 1000.000000000000000 ) ;
#6684 = MANIFOLD_SOLID_BREP ( 'LPattern3[4]', #4884 ) ;
#6685 = AXIS2_PLACEMENT_3D ( 'NONE', #1614, #5537, #7747 ) ;
#6686 = CARTESIAN_POINT ( 'NONE',  ( 3.000000000000000000, 0.9999999999999991118, 3.000000000000000000 ) ) ;
#6687 = VECTOR ( 'NONE', #2380, 1000.000000000000000 ) ;
#6688 = DIRECTION ( 'NONE',  ( 0.000000000000000000, 0.000000000000000000, -1.000000000000000000 ) ) ;
#6689 = EDGE_CURVE ( 'NONE', #1261, #6837, #1426, .T. ) ;
#6691 = ORIENTED_EDGE ( 'NONE', *, *, #3505, .F. ) ;
#6690 = CIRCLE ( 'NONE', #629, 0.1499999999999999667 ) ;
#6692 = DIRECTION ( 'NONE',  ( 0.000000000000000000, -1.000000000000000000, 0.000000000000000000 ) ) ;
#6693 = AXIS2_PLACEMENT_3D ( 'NONE', #6272, #3847, #8428 ) ;
#6694 = CARTESIAN_POINT ( 'NONE',  ( -2.750000000000000000, 0.7000000000000000666, -1.949999999999999289 ) ) ;
#6695 = ORIENTED_EDGE ( 'NONE', *, *, #2475, .F. ) ;
#6696 = ORIENTED_EDGE ( 'NONE', *, *, #8574, .F. ) ;
#6697 = DIRECTION ( 'NONE',  ( -0.000000000000000000, -1.000000000000000000, -0.000000000000000000 ) ) ;
#6698 = LINE ( 'NONE', #9749, #3700 ) ;
#6699 = DIRECTION ( 'NONE',  ( -0.000000000000000000, -1.000000000000000000, -0.000000000000000000 ) ) ;
#6700 = VECTOR ( 'NONE', #1781, 1000.000000000000000 ) ;
#6701 = ORIENTED_EDGE ( 'NONE', *, *, #9544, .T. ) ;
#6702 = DIRECTION ( 'NONE',  ( 0.000000000000000000, 0.000000000000000000, -1.000000000000000000 ) ) ;
#6703 = AXIS2_PLACEMENT_3D ( 'NONE', #281, #4087, #3277 ) ;
#6704 = MANIFOLD_SOLID_BREP ( 'Boss-Extrude3[2]', #9187 ) ;
#6705 = LINE ( 'NONE', #2215, #5040 ) ;
#6706 = CARTESIAN_POINT ( 'NONE',  ( 3.000000000000000000, 0.04999999999999969746, 0.8000000000000003775 ) ) ;
#6707 = CIRCLE ( 'NONE', #2403, 0.1499999999999999667 ) ;
#6708 = ADVANCED_FACE ( 'NONE', ( #5821 ), #9379, .T. ) ;
#6709 = CYLINDRICAL_SURFACE ( 'NONE', #4581, 0.1499999999999999667 ) ;
#6710 = ORIENTED_EDGE ( 'NONE', *, *, #2621, .F. ) ;
#6711 = CARTESIAN_POINT ( 'NONE',  ( 0.6500000000000000222, 0.7000000000000003997, -2.750000000000000000 ) ) ;
#6712 = CARTESIAN_POINT ( 'NONE',  ( 3.000000000000000000, 0.9999999999999991118, -3.000000000000000000 ) ) ;
#6713 = EDGE_LOOP ( 'NONE', ( #5999, #580, #1550, #1378 ) ) ;
#6714 = MANIFOLD_SOLID_BREP ( 'LPattern3[2]', #617 ) ;
#6715 = FACE_OUTER_BOUND ( 'NONE', #1254, .T. ) ;
#6716 = ORIENTED_EDGE ( 'NONE', *, *, #8858, .T. ) ;
#6717 = ORIENTED_EDGE ( 'NONE', *, *, #392, .F. ) ;
#6718 = EDGE_CURVE ( 'NONE', #3359, #4094, #1240, .T. ) ;
#6719 = VECTOR ( 'NONE', #6774, 1000.000000000000000 ) ;
#6720 = FACE_OUTER_BOUND ( 'NONE', #7468, .T. ) ;
#6721 = CARTESIAN_POINT ( 'NONE',  ( -2.750000000000000000, 0.05000000000000002359, -1.799999999999999600 ) ) ;
#6722 = DIRECTION ( 'NONE',  ( 0.000000000000000000, 1.000000000000000000, 0.000000000000000000 ) ) ;
#6723 = ORIENTED_EDGE ( 'NONE', *, *, #6034, .T. ) ;
#6724 = LINE ( 'NONE', #2098, #151 ) ;
#6725 = EDGE_CURVE ( 'NONE', #7157, #5199, #5264, .T. ) ;
#6726 = EDGE_LOOP ( 'NONE', ( #6849, #874, #1502, #307 ) ) ;
#6727 = AXIS2_PLACEMENT_3D ( 'NONE', #1656, #1000, #6174 ) ;
#6728 = VECTOR ( 'NONE', #3024, 1000.000000000000000 ) ;
#6729 = ORIENTED_EDGE ( 'NONE', *, *, #1509, .F. ) ;
#6730 = LINE ( 'NONE', #4486, #1104 ) ;
#6731 = LINE ( 'NONE', #9123, #8833 ) ;
#6732 = ORIENTED_EDGE ( 'NONE', *, *, #250, .F. ) ;
#6733 = EDGE_LOOP ( 'NONE', ( #2909, #338, #9005, #6723, #7865, #8025, #4820, #1704, #4697, #3582, #1340, #8981, #6942, #2132, #2891, #6958, #2233, #5406, #1870, #6307, #7585, #6073, #2450, #3242, #8538, #5240, #7075, #9094, #7216, #6840, #8865, #6976 ) ) ;
#6734 = LINE ( 'NONE', #700, #8784 ) ;
#6735 = STYLED_ITEM ( 'NONE', ( #3055 ), #118 ) ;
#6736 = CARTESIAN_POINT ( 'NONE',  ( 2.750000000000000000, 0.7000000000000000666, -1.449999999999999067 ) ) ;
#6737 = MANIFOLD_SOLID_BREP ( 'LPattern3[3]', #1381 ) ;
#6738 = VECTOR ( 'NONE', #9700, 1000.000000000000000 ) ;
#6739 = FACE_OUTER_BOUND ( 'NONE', #7091, .T. ) ;
#6740 = EDGE_CURVE ( 'NONE', #9138, #7270, #544, .T. ) ;
#6741 =( NAMED_UNIT ( * ) SI_UNIT ( $, .STERADIAN. ) SOLID_ANGLE_UNIT ( ) );
#6742 = VECTOR ( 'NONE', #6521, 1000.000000000000000 ) ;
#6743 = EDGE_CURVE ( 'NONE', #9651, #3237, #3211, .T. ) ;
#6744 = CYLINDRICAL_SURFACE ( 'NONE', #41, 0.1499999999999999667 ) ;
#6745 = VERTEX_POINT ( 'NONE', #3161 ) ;
#6746 = CARTESIAN_POINT ( 'NONE',  ( -2.750000000000000000, 0.7000000000000000666, 2.100000000000000089 ) ) ;
#6747 = DIRECTION ( 'NONE',  ( 0.000000000000000000, 0.000000000000000000, 1.000000000000000000 ) ) ;
#6748 = EDGE_LOOP ( 'NONE', ( #8550, #7580, #7664, #3066 ) ) ;
#6749 = ORIENTED_EDGE ( 'NONE', *, *, #8701, .T. ) ;
#6750 = CIRCLE ( 'NONE', #1496, 0.1499999999999999667 ) ;
#6751 = FACE_OUTER_BOUND ( 'NONE', #2993, .T. ) ;
#6752 = PLANE ( 'NONE',  #4338 ) ;
#6753 = EDGE_CURVE ( 'NONE', #7063, #6915, #6198, .T. ) ;
#6754 = LINE ( 'NONE', #3807, #2278 ) ;
#6755 = MECHANICAL_DESIGN_GEOMETRIC_PRESENTATION_REPRESENTATION (  '', ( #5161 ), #8503 ) ;
#6756 = VERTEX_POINT ( 'NONE', #3013 ) ;
#6757 = AXIS2_PLACEMENT_3D ( 'NONE', #4194, #9535, #8088 ) ;
#6758 = PLANE ( 'NONE',  #8400 ) ;
#6759 = PLANE ( 'NONE',  #4293 ) ;
#6760 = CIRCLE ( 'NONE', #2454, 0.1499999999999999667 ) ;
#6761 = CARTESIAN_POINT ( 'NONE',  ( -2.750000000000000000, 0.1999999999999999833, 0.8000000000000003775 ) ) ;
#6762 = EDGE_LOOP ( 'NONE', ( #3371, #8505, #9630, #3958 ) ) ;
#6763 = ADVANCED_FACE ( 'NONE', ( #875 ), #9255, .T. ) ;
#6764 = CARTESIAN_POINT ( 'NONE',  ( -1.949999999999999956, 0.1999999999999999833, 2.750000000000000000 ) ) ;
#6765 = CARTESIAN_POINT ( 'NONE',  ( 2.399999999999999911, 0.05000000000000143219, -2.299999999999999822 ) ) ;
#6766 = SURFACE_STYLE_FILL_AREA ( #8834 ) ;
#6767 = VERTEX_POINT ( 'NONE', #8553 ) ;
#6768 = DIRECTION ( 'NONE',  ( 0.000000000000000000, 1.000000000000000000, 0.000000000000000000 ) ) ;
#6769 = ORIENTED_EDGE ( 'NONE', *, *, #6211, .F. ) ;
#6770 = ORIENTED_EDGE ( 'NONE', *, *, #4264, .T. ) ;
#6771 = PLANE ( 'NONE',  #6369 ) ;
#6772 = DIRECTION ( 'NONE',  ( -0.000000000000000000, -1.000000000000000000, 0.000000000000000000 ) ) ;
#6773 = UNCERTAINTY_MEASURE_WITH_UNIT (LENGTH_MEASURE( 1.000000000000000082E-05 ), #6870, 'distance_accuracy_value', 'NONE');
#6774 = DIRECTION ( 'NONE',  ( -1.000000000000000000, 0.000000000000000000, 1.734723475976805714E-15 ) ) ;
#6775 = CARTESIAN_POINT ( 'NONE',  ( 1.799999999999999600, 0.000000000000000000, -2.750000000000000000 ) ) ;
#6776 = ORIENTED_EDGE ( 'NONE', *, *, #4126, .T. ) ;
#6777 = EDGE_CURVE ( 'NONE', #800, #9071, #3115, .T. ) ;
#6778 = EDGE_LOOP ( 'NONE', ( #5445, #2191, #3952, #5800 ) ) ;
#6779 = VECTOR ( 'NONE', #9407, 1000.000000000000000 ) ;
#6780 = DIRECTION ( 'NONE',  ( 0.000000000000000000, -0.000000000000000000, -1.000000000000000000 ) ) ;
#6781 = EDGE_CURVE ( 'NONE', #8348, #1026, #5316, .T. ) ;
#6782 = EDGE_LOOP ( 'NONE', ( #1494, #5919, #8232, #6803 ) ) ;
#6783 = ORIENTED_EDGE ( 'NONE', *, *, #5392, .F. ) ;
#6784 = CARTESIAN_POINT ( 'NONE',  ( -2.750000000000000000, 0.1999999999999999833, -0.6499999999999993561 ) ) ;
#6785 = DIRECTION ( 'NONE',  ( 1.734723475976805517E-15, 0.000000000000000000, -1.000000000000000000 ) ) ;
#6786 = LINE ( 'NONE', #9178, #4139 ) ;
#6787 = FILL_AREA_STYLE_COLOUR ( '', #3896 ) ;
#6788 = LINE ( 'NONE', #708, #4812 ) ;
#6789 = VERTEX_POINT ( 'NONE', #4566 ) ;
#6790 = DIRECTION ( 'NONE',  ( -1.000000000000000000, 0.000000000000000000, 0.000000000000000000 ) ) ;
#6791 = EDGE_CURVE ( 'NONE', #6515, #428, #1530, .T. ) ;
#6792 = CARTESIAN_POINT ( 'NONE',  ( 0.000000000000000000, 0.7000000000000003997, 2.600000000000000089 ) ) ;
#6793 = ORIENTED_EDGE ( 'NONE', *, *, #76, .F. ) ;
#6794 = ORIENTED_EDGE ( 'NONE', *, *, #9666, .T. ) ;
#6795 = EDGE_CURVE ( 'NONE', #6407, #4567, #9202, .T. ) ;
#6797 = ADVANCED_FACE ( 'NONE', ( #6051 ), #2319, .F. ) ;
#6796 = AXIS2_PLACEMENT_3D ( 'NONE', #1035, #9472, #2628 ) ;
#6798 = CLOSED_SHELL ( 'NONE', ( #8196, #4811, #7556, #7597, #3948, #8803 ) ) ;
#6799 = CARTESIAN_POINT ( 'NONE',  ( 0.7999999999999999334, 0.7000000000000003997, 3.000000000000000000 ) ) ;
#6800 = CARTESIAN_POINT ( 'NONE',  ( -1.949999999999999956, 0.2000000000000000111, -2.750000000000000000 ) ) ;
#6801 = FACE_OUTER_BOUND ( 'NONE', #9839, .T. ) ;
#6802 = VECTOR ( 'NONE', #2667, 1000.000000000000000 ) ;
#6803 = ORIENTED_EDGE ( 'NONE', *, *, #6982, .T. ) ;
#6804 = DIRECTION ( 'NONE',  ( 1.000000000000000000, -0.000000000000000000, 1.734723475976805714E-15 ) ) ;
#6805 = EDGE_CURVE ( 'NONE', #3940, #7106, #3247, .T. ) ;
#6806 = CARTESIAN_POINT ( 'NONE',  ( 0.7999999999999999334, 0.1999999999999999833, -3.000000000000000000 ) ) ;
#6807 = CARTESIAN_POINT ( 'NONE',  ( -2.750000000000000000, 0.000000000000000000, 1.150000000000000799 ) ) ;
#6808 = EDGE_LOOP ( 'NONE', ( #1895, #9065, #5336, #1396, #8293 ) ) ;
#6809 = DIRECTION ( 'NONE',  ( 1.000000000000000000, 0.000000000000000000, -0.000000000000000000 ) ) ;
#6810 = SURFACE_STYLE_FILL_AREA ( #623 ) ;
#6811 = DIRECTION ( 'NONE',  ( -1.000000000000000000, 0.000000000000000000, 0.000000000000000000 ) ) ;
#6812 = CIRCLE ( 'NONE', #3785, 0.1499999999999999667 ) ;
#6813 = ORIENTED_EDGE ( 'NONE', *, *, #3329, .F. ) ;
#6814 = FACE_OUTER_BOUND ( 'NONE', #3835, .T. ) ;
#6815 = ORIENTED_EDGE ( 'NONE', *, *, #1509, .T. ) ;
#6816 = EDGE_CURVE ( 'NONE', #4129, #9456, #6959, .T. ) ;
#6817 = VERTEX_POINT ( 'NONE', #6916 ) ;
#6818 = CARTESIAN_POINT ( 'NONE',  ( 3.000000000000000000, 0.000000000000000000, 2.100000000000000089 ) ) ;
#6819 = CARTESIAN_POINT ( 'NONE',  ( 2.100000000000000089, 0.1999999999999999833, -3.000000000000000000 ) ) ;
#6820 = EDGE_CURVE ( 'NONE', #6612, #7271, #5407, .T. ) ;
#6821 = LINE ( 'NONE', #3780, #1319 ) ;
#6822 = DIRECTION ( 'NONE',  ( 0.000000000000000000, 1.000000000000000000, 0.000000000000000000 ) ) ;
#6823 = ORIENTED_EDGE ( 'NONE', *, *, #3377, .F. ) ;
#6824 = ORIENTED_EDGE ( 'NONE', *, *, #7406, .F. ) ;
#6825 = DIRECTION ( 'NONE',  ( 0.000000000000000000, 0.000000000000000000, 1.000000000000000000 ) ) ;
#6826 = SURFACE_STYLE_USAGE ( .BOTH. , #6013 ) ;
#6827 = ORIENTED_EDGE ( 'NONE', *, *, #5330, .F. ) ;
#6828 = EDGE_LOOP ( 'NONE', ( #2644, #2301, #6403, #4196 ) ) ;
#6829 = CARTESIAN_POINT ( 'NONE',  ( -0.8000000000000003775, 0.000000000000000000, 2.750000000000000000 ) ) ;
#6830 = DIRECTION ( 'NONE',  ( 1.000000000000000000, -0.000000000000000000, -0.000000000000000000 ) ) ;
#6831 = ADVANCED_FACE ( 'NONE', ( #1678 ), #7811, .F. ) ;
#6832 = VERTEX_POINT ( 'NONE', #2273 ) ;
#6833 = DIRECTION ( 'NONE',  ( 0.000000000000000000, 0.000000000000000000, -1.000000000000000000 ) ) ;
#6834 = CARTESIAN_POINT ( 'NONE',  ( 2.100000000000000089, 0.1999999999999999833, -2.750000000000000000 ) ) ;
#6835 = AXIS2_PLACEMENT_3D ( 'NONE', #2794, #5823, #2839 ) ;
#6836 = LINE ( 'NONE', #6354, #6301 ) ;
#6837 = VERTEX_POINT ( 'NONE', #8365 ) ;
#6838 = FACE_OUTER_BOUND ( 'NONE', #5171, .T. ) ;
#6839 = CARTESIAN_POINT ( 'NONE',  ( 2.100000000000000089, 0.000000000000000000, 3.000000000000000000 ) ) ;
#6840 = ORIENTED_EDGE ( 'NONE', *, *, #8301, .T. ) ;
#6841 = ORIENTED_EDGE ( 'NONE', *, *, #6725, .F. ) ;
#6842 = VECTOR ( 'NONE', #3278, 1000.000000000000000 ) ;
#6843 = AXIS2_PLACEMENT_3D ( 'NONE', #7076, #3322, #5569 ) ;
#6844 = CARTESIAN_POINT ( 'NONE',  ( -3.000000000000000000, 0.7000000000000000666, 1.800000000000000488 ) ) ;
#6845 = LINE ( 'NONE', #1615, #9580 ) ;
#6846 = CARTESIAN_POINT ( 'NONE',  ( -0.7999999999999999334, 0.2000000000000000111, -3.000000000000000000 ) ) ;
#6847 = DIRECTION ( 'NONE',  ( 1.734723475976805517E-15, 0.000000000000000000, 1.000000000000000000 ) ) ;
#6848 = EDGE_CURVE ( 'NONE', #3990, #8911, #6862, .T. ) ;
#6849 = ORIENTED_EDGE ( 'NONE', *, *, #1307, .T. ) ;
#6850 = VECTOR ( 'NONE', #6008, 1000.000000000000000 ) ;
#6851 = VECTOR ( 'NONE', #5069, 1000.000000000000000 ) ;
#6852 = LINE ( 'NONE', #9809, #1063 ) ;
#6853 = PLANE ( 'NONE',  #6030 ) ;
#6854 = STYLED_ITEM ( 'NONE', ( #1079 ), #9802 ) ;
#6855 = VECTOR ( 'NONE', #295, 1000.000000000000000 ) ;
#6856 = DIRECTION ( 'NONE',  ( -1.000000000000000000, 0.000000000000000000, 0.000000000000000000 ) ) ;
#6857 = EDGE_LOOP ( 'NONE', ( #7387, #8414, #5983, #378 ) ) ;
#6858 = AXIS2_PLACEMENT_3D ( 'NONE', #2585, #2532, #4924 ) ;
#6859 = DIRECTION ( 'NONE',  ( 0.000000000000000000, -0.000000000000000000, -1.000000000000000000 ) ) ;
#6860 = EDGE_CURVE ( 'NONE', #6497, #6615, #9158, .T. ) ;
#6861 = ORIENTED_EDGE ( 'NONE', *, *, #3002, .T. ) ;
#6862 = LINE ( 'NONE', #3067, #5002 ) ;
#6863 = EDGE_CURVE ( 'NONE', #763, #2883, #1576, .T. ) ;
#6864 = EDGE_CURVE ( 'NONE', #985, #6089, #9460, .T. ) ;
#6865 = ORIENTED_EDGE ( 'NONE', *, *, #8977, .F. ) ;
#6866 = CARTESIAN_POINT ( 'NONE',  ( 1.300000000000000044, 0.2000000000000000111, -2.750000000000000000 ) ) ;
#6868 = ORIENTED_EDGE ( 'NONE', *, *, #716, .F. ) ;
#6867 = AXIS2_PLACEMENT_3D ( 'NONE', #4247, #5140, #6833 ) ;
#6869 = VECTOR ( 'NONE', #6681, 1000.000000000000000 ) ;
#6870 =( LENGTH_UNIT ( ) NAMED_UNIT ( * ) SI_UNIT ( .MILLI., .METRE. ) );
#6871 = VERTEX_POINT ( 'NONE', #3360 ) ;
#6872 = DIRECTION ( 'NONE',  ( 0.000000000000000000, -0.000000000000000000, -1.000000000000000000 ) ) ;
#6873 = DIRECTION ( 'NONE',  ( -0.000000000000000000, -1.000000000000000000, -0.000000000000000000 ) ) ;
#6874 = DIRECTION ( 'NONE',  ( -0.000000000000000000, -1.000000000000000000, -0.000000000000000000 ) ) ;
#6875 = FACE_OUTER_BOUND ( 'NONE', #1515, .T. ) ;
#6876 = ADVANCED_FACE ( 'NONE', ( #2616 ), #6393, .T. ) ;
#6877 = ORIENTED_EDGE ( 'NONE', *, *, #9054, .T. ) ;
#6878 = EDGE_LOOP ( 'NONE', ( #1680, #2102, #6374, #8213 ) ) ;
#6879 = LINE ( 'NONE', #44, #7155 ) ;
#6880 = AXIS2_PLACEMENT_3D ( 'NONE', #8746, #9696, #1259 ) ;
#6881 = VERTEX_POINT ( 'NONE', #8009 ) ;
#6882 = ORIENTED_EDGE ( 'NONE', *, *, #2515, .F. ) ;
#6883 = DIRECTION ( 'NONE',  ( 0.000000000000000000, 1.000000000000000000, 0.000000000000000000 ) ) ;
#6884 = VECTOR ( 'NONE', #1255, 1000.000000000000000 ) ;
#6885 = CARTESIAN_POINT ( 'NONE',  ( -0.4999999999999997780, 0.1999999999999999833, 2.750000000000000000 ) ) ;
#6886 = ORIENTED_EDGE ( 'NONE', *, *, #4752, .F. ) ;
#6887 = DIRECTION ( 'NONE',  ( 0.000000000000000000, 0.000000000000000000, -1.000000000000000000 ) ) ;
#6888 = SURFACE_STYLE_USAGE ( .BOTH. , #656 ) ;
#6889 = AXIS2_PLACEMENT_3D ( 'NONE', #8802, #9551, #1971 ) ;
#6890 = EDGE_CURVE ( 'NONE', #2287, #730, #7080, .T. ) ;
#6891 = ORIENTED_EDGE ( 'NONE', *, *, #6816, .F. ) ;
#6892 = CARTESIAN_POINT ( 'NONE',  ( 0.6500000000000000222, 0.2000000000000000111, 2.750000000000000000 ) ) ;
#6893 = AXIS2_PLACEMENT_3D ( 'NONE', #5691, #2701, #6532 ) ;
#6894 = DIRECTION ( 'NONE',  ( 0.000000000000000000, 1.000000000000000000, 0.000000000000000000 ) ) ;
#6895 = ORIENTED_EDGE ( 'NONE', *, *, #362, .T. ) ;
#6896 = EDGE_LOOP ( 'NONE', ( #262, #2368, #5033, #2928 ) ) ;
#6897 = CIRCLE ( 'NONE', #4814, 0.1499999999999997446 ) ;
#6898 = CARTESIAN_POINT ( 'NONE',  ( 3.000000000000000000, 0.000000000000000000, 1.150000000000000355 ) ) ;
#6899 = PLANE ( 'NONE',  #9569 ) ;
#6900 = FACE_OUTER_BOUND ( 'NONE', #4591, .T. ) ;
#6901 = DIRECTION ( 'NONE',  ( 0.000000000000000000, 1.000000000000000000, 0.000000000000000000 ) ) ;
#6902 = VERTEX_POINT ( 'NONE', #8707 ) ;
#6903 = VECTOR ( 'NONE', #8059, 1000.000000000000000 ) ;
#6904 = DIRECTION ( 'NONE',  ( 0.000000000000000000, 0.000000000000000000, -1.000000000000000000 ) ) ;
#6905 = EDGE_CURVE ( 'NONE', #1573, #2486, #9478, .T. ) ;
#6906 = DIRECTION ( 'NONE',  ( 0.000000000000000000, -0.000000000000000000, 1.000000000000000000 ) ) ;
#6907 = DIRECTION ( 'NONE',  ( 1.000000000000000000, 0.000000000000000000, -0.000000000000000000 ) ) ;
#6908 = EDGE_CURVE ( 'NONE', #1718, #7171, #1023, .T. ) ;
#6909 = VECTOR ( 'NONE', #7795, 1000.000000000000000 ) ;
#6910 = CARTESIAN_POINT ( 'NONE',  ( -2.750000000000000000, 0.05000000000000002359, -0.4999999999999995559 ) ) ;
#6911 = VERTEX_POINT ( 'NONE', #2665 ) ;
#6912 = VECTOR ( 'NONE', #9545, 1000.000000000000000 ) ;
#6913 = DIRECTION ( 'NONE',  ( -0.000000000000000000, -1.000000000000000000, -0.000000000000000000 ) ) ;
#6914 = SURFACE_SIDE_STYLE ('',( #4017 ) ) ;
#6915 = VERTEX_POINT ( 'NONE', #7911 ) ;
#6916 = CARTESIAN_POINT ( 'NONE',  ( 1.799999999999999600, 0.2000000000000000111, 2.750000000000000000 ) ) ;
#6917 = ORIENTED_EDGE ( 'NONE', *, *, #736, .F. ) ;
#6918 = PLANE ( 'NONE',  #3928 ) ;
#6919 = VECTOR ( 'NONE', #7688, 1000.000000000000000 ) ;
#6920 = ORIENTED_EDGE ( 'NONE', *, *, #1436, .T. ) ;
#6921 = EDGE_CURVE ( 'NONE', #4503, #1092, #4058, .T. ) ;
#6922 = CARTESIAN_POINT ( 'NONE',  ( -0.1500000000000003830, 0.1999999999999999833, 2.750000000000000000 ) ) ;
#6923 = CARTESIAN_POINT ( 'NONE',  ( 3.000000000000000000, 0.2000000000000005107, -0.1499999999999995226 ) ) ;
#6924 = DIRECTION ( 'NONE',  ( 1.000000000000000000, -0.000000000000000000, -0.000000000000000000 ) ) ;
#6925 = DIRECTION ( 'NONE',  ( 0.000000000000000000, 0.000000000000000000, 1.000000000000000000 ) ) ;
#6926 = ORIENTED_EDGE ( 'NONE', *, *, #4785, .F. ) ;
#6927 = ORIENTED_EDGE ( 'NONE', *, *, #3403, .F. ) ;
#6928 = DIRECTION ( 'NONE',  ( -0.000000000000000000, -0.000000000000000000, -1.000000000000000000 ) ) ;
#6929 = EDGE_CURVE ( 'NONE', #7114, #4333, #3093, .T. ) ;
#6930 = ORIENTED_EDGE ( 'NONE', *, *, #3759, .F. ) ;
#6931 = ORIENTED_EDGE ( 'NONE', *, *, #5302, .F. ) ;
#6932 = EDGE_CURVE ( 'NONE', #534, #5718, #3414, .T. ) ;
#6933 = CARTESIAN_POINT ( 'NONE',  ( 1.949999999999999956, 0.2000000000000000111, 2.750000000000000000 ) ) ;
#6934 = LINE ( 'NONE', #5481, #1918 ) ;
#6935 = EDGE_LOOP ( 'NONE', ( #5396, #136, #9159, #6121 ) ) ;
#6936 = CARTESIAN_POINT ( 'NONE',  ( 0.1499999999999999667, 0.7000000000000003997, -2.750000000000000000 ) ) ;
#6937 = PRESENTATION_STYLE_ASSIGNMENT (( #4543 ) ) ;
#6938 = VERTEX_POINT ( 'NONE', #4217 ) ;
#6939 = DIRECTION ( 'NONE',  ( -0.000000000000000000, -1.000000000000000000, -0.000000000000000000 ) ) ;
#6940 = DIRECTION ( 'NONE',  ( 0.000000000000000000, -1.000000000000000000, 0.000000000000000000 ) ) ;
#6941 = ORIENTED_EDGE ( 'NONE', *, *, #6151, .F. ) ;
#6942 = ORIENTED_EDGE ( 'NONE', *, *, #6816, .T. ) ;
#6943 = ADVANCED_FACE ( 'NONE', ( #367 ), #3464, .T. ) ;
#6944 = CARTESIAN_POINT ( 'NONE',  ( 0.4999999999999995559, 0.1999999999999999833, 2.750000000000000000 ) ) ;
#6945 = DIRECTION ( 'NONE',  ( 0.000000000000000000, -0.000000000000000000, 1.000000000000000000 ) ) ;
#6946 = ADVANCED_FACE ( 'NONE', ( #2565 ), #4807, .T. ) ;
#6947 = CARTESIAN_POINT ( 'NONE',  ( 3.000000000000000000, 0.05000000000000000278, 3.000000000000000000 ) ) ;
#6948 = ORIENTED_EDGE ( 'NONE', *, *, #2719, .T. ) ;
#6949 = SURFACE_STYLE_USAGE ( .BOTH. , #3959 ) ;
#6950 = CYLINDRICAL_SURFACE ( 'NONE', #5522, 0.1499999999999997446 ) ;
#6951 = AXIS2_PLACEMENT_3D ( 'NONE', #929, #6263, #6659 ) ;
#6952 = DIRECTION ( 'NONE',  ( 0.000000000000000000, -1.000000000000000000, 0.000000000000000000 ) ) ;
#6953 = LINE ( 'NONE', #115, #121 ) ;
#6954 = EDGE_LOOP ( 'NONE', ( #2227, #4360, #2436, #5099 ) ) ;
#6955 = EDGE_CURVE ( 'NONE', #4628, #4537, #8751, .T. ) ;
#6956 = CARTESIAN_POINT ( 'NONE',  ( -1.149999999999999911, 0.000000000000000000, 3.000000000000000000 ) ) ;
#6957 = PRESENTATION_STYLE_ASSIGNMENT (( #4564 ) ) ;
#6958 = ORIENTED_EDGE ( 'NONE', *, *, #6241, .T. ) ;
#6959 = LINE ( 'NONE', #2465, #5325 ) ;
#6960 = CARTESIAN_POINT ( 'NONE',  ( 1.450000000000000178, 0.7000000000000003997, 2.750000000000000000 ) ) ;
#6961 = ORIENTED_EDGE ( 'NONE', *, *, #6286, .F. ) ;
#6962 = SURFACE_STYLE_FILL_AREA ( #2369 ) ;
#6963 = CARTESIAN_POINT ( 'NONE',  ( 1.149999999999994804, 0.05000000000000000278, 1.994931997373317115E-15 ) ) ;
#6964 = CARTESIAN_POINT ( 'NONE',  ( 3.000000000000000000, 0.1999999999999999833, 1.150000000000000355 ) ) ;
#6965 = VECTOR ( 'NONE', #6044, 1000.000000000000000 ) ;
#6966 = CARTESIAN_POINT ( 'NONE',  ( 0.5000000000000000000, 0.7000000000000003997, 3.000000000000000000 ) ) ;
#6967 = CARTESIAN_POINT ( 'NONE',  ( 1.949999999999999956, 0.000000000000000000, 2.750000000000000000 ) ) ;
#6968 = ORIENTED_EDGE ( 'NONE', *, *, #4717, .F. ) ;
#6969 = EDGE_CURVE ( 'NONE', #800, #763, #9555, .T. ) ;
#6970 = ADVANCED_FACE ( 'NONE', ( #1977 ), #7061, .F. ) ;
#6971 = ORIENTED_EDGE ( 'NONE', *, *, #2455, .T. ) ;
#6972 = CIRCLE ( 'NONE', #9044, 0.1499999999999999667 ) ;
#6973 = CARTESIAN_POINT ( 'NONE',  ( 3.000000000000000000, 0.1999999999999999833, 0.1500000000000003830 ) ) ;
#6974 = FILL_AREA_STYLE ('',( #6267 ) ) ;
#6975 = ORIENTED_EDGE ( 'NONE', *, *, #9322, .F. ) ;
#6976 = ORIENTED_EDGE ( 'NONE', *, *, #3236, .T. ) ;
#6977 = DIRECTION ( 'NONE',  ( 0.000000000000000000, 0.000000000000000000, 1.000000000000000000 ) ) ;
#6978 = DIRECTION ( 'NONE',  ( 0.000000000000000000, 0.000000000000000000, -1.000000000000000000 ) ) ;
#6979 = ORIENTED_EDGE ( 'NONE', *, *, #4542, .F. ) ;
#6980 = DIRECTION ( 'NONE',  ( 0.000000000000000000, -1.000000000000000000, 0.000000000000000000 ) ) ;
#6981 = PRESENTATION_LAYER_ASSIGNMENT (  '', '', ( #1410 ) ) ;
#6982 = EDGE_CURVE ( 'NONE', #26, #1261, #4070, .T. ) ;
#6983 = EDGE_CURVE ( 'NONE', #9620, #8434, #6760, .T. ) ;
#6984 = EDGE_CURVE ( 'NONE', #1793, #2412, #1774, .T. ) ;
#6985 = ORIENTED_EDGE ( 'NONE', *, *, #2955, .T. ) ;
#6986 = CARTESIAN_POINT ( 'NONE',  ( 2.299999999999999822, 0.000000000000000000, -2.299999999999999822 ) ) ;
#6987 = DIRECTION ( 'NONE',  ( -1.000000000000000000, 0.000000000000000000, 1.734723475976805714E-15 ) ) ;
#6988 = VERTEX_POINT ( 'NONE', #4116 ) ;
#6989 = ORIENTED_EDGE ( 'NONE', *, *, #630, .T. ) ;
#6990 = CARTESIAN_POINT ( 'NONE',  ( 3.000000000000000000, 0.7000000000000000666, 0.8000000000000003775 ) ) ;
#6991 = DIRECTION ( 'NONE',  ( 0.000000000000000000, -1.000000000000000000, 0.000000000000000000 ) ) ;
#6992 = VECTOR ( 'NONE', #787, 1000.000000000000000 ) ;
#6993 = ORIENTED_EDGE ( 'NONE', *, *, #7633, .F. ) ;
#6994 = EDGE_CURVE ( 'NONE', #4585, #773, #3661, .T. ) ;
#6995 = LINE ( 'NONE', #162, #3294 ) ;
#6996 = AXIS2_PLACEMENT_3D ( 'NONE', #3196, #1758, #7898 ) ;
#6997 = VECTOR ( 'NONE', #4772, 1000.000000000000000 ) ;
#6998 = CARTESIAN_POINT ( 'NONE',  ( 3.000000000000000000, 0.7000000000000000666, 1.450000000000000400 ) ) ;
#6999 = PLANE ( 'NONE',  #7295 ) ;
#7000 = ORIENTED_EDGE ( 'NONE', *, *, #2815, .T. ) ;
#7001 = COLOUR_RGB ( '',0.7921568627450980005, 0.8196078431372548767, 0.9333333333333333481 ) ;
#7002 = CARTESIAN_POINT ( 'NONE',  ( 2.750000000000000000, 0.1999999999999999833, -1.299999999999999378 ) ) ;
#7003 =( NAMED_UNIT ( * ) SI_UNIT ( $, .STERADIAN. ) SOLID_ANGLE_UNIT ( ) );
#7004 = AXIS2_PLACEMENT_3D ( 'NONE', #1505, #9736, #5976 ) ;
#7005 = MECHANICAL_DESIGN_GEOMETRIC_PRESENTATION_REPRESENTATION (  '', ( #2232 ), #2707 ) ;
#7006 = ORIENTED_EDGE ( 'NONE', *, *, #6180, .F. ) ;
#7007 = DIRECTION ( 'NONE',  ( -0.000000000000000000, -1.000000000000000000, -0.000000000000000000 ) ) ;
#7008 = CARTESIAN_POINT ( 'NONE',  ( -4.336808689942017736E-16, 0.05000000000000000278, 2.399999999999999911 ) ) ;
#7009 = VERTEX_POINT ( 'NONE', #3614 ) ;
#7010 = EDGE_CURVE ( 'NONE', #8279, #9170, #1318, .T. ) ;
#7011 = MECHANICAL_DESIGN_GEOMETRIC_PRESENTATION_REPRESENTATION (  '', ( #1442 ), #2063 ) ;
#7012 = VECTOR ( 'NONE', #6123, 1000.000000000000000 ) ;
#7013 = VECTOR ( 'NONE', #4571, 1000.000000000000000 ) ;
#7014 = CARTESIAN_POINT ( 'NONE',  ( 0.4999999999999995559, 0.2000000000000000111, 2.750000000000000000 ) ) ;
#7015 = AXIS2_PLACEMENT_3D ( 'NONE', #4974, #7272, #3483 ) ;
#7016 = CARTESIAN_POINT ( 'NONE',  ( -3.000000000000000000, 0.04999999999999969746, 2.100000000000000089 ) ) ;
#7017 = LINE ( 'NONE', #4574, #9727 ) ;
#7018 = FACE_OUTER_BOUND ( 'NONE', #565, .T. ) ;
#7019 = CARTESIAN_POINT ( 'NONE',  ( 0.6500000000000000222, 0.2000000000000000111, 2.750000000000000000 ) ) ;
#7020 = VERTEX_POINT ( 'NONE', #5900 ) ;
#7021 = AXIS2_PLACEMENT_3D ( 'NONE', #3122, #2326, #8373 ) ;
#7022 = VECTOR ( 'NONE', #1398, 1000.000000000000000 ) ;
#7023 = DIRECTION ( 'NONE',  ( 0.000000000000000000, 1.000000000000000000, 0.000000000000000000 ) ) ;
#7024 = ORIENTED_EDGE ( 'NONE', *, *, #8632, .F. ) ;
#7025 = EDGE_CURVE ( 'NONE', #2509, #1334, #8956, .T. ) ;
#7026 = DIRECTION ( 'NONE',  ( 0.000000000000000000, 0.000000000000000000, -1.000000000000000000 ) ) ;
#7027 = DIRECTION ( 'NONE',  ( 0.000000000000000000, 0.000000000000000000, -1.000000000000000000 ) ) ;
#7028 = ORIENTED_EDGE ( 'NONE', *, *, #3632, .T. ) ;
#7029 = ORIENTED_EDGE ( 'NONE', *, *, #88, .F. ) ;
#7030 = DIRECTION ( 'NONE',  ( -0.000000000000000000, -1.000000000000000000, -0.000000000000000000 ) ) ;
#7031 = EDGE_CURVE ( 'NONE', #7153, #6789, #5847, .T. ) ;
#7032 = DIRECTION ( 'NONE',  ( -0.000000000000000000, -1.000000000000000000, -0.000000000000000000 ) ) ;
#7033 = ORIENTED_EDGE ( 'NONE', *, *, #547, .F. ) ;
#7034 = DIRECTION ( 'NONE',  ( -1.000000000000000000, 0.000000000000000000, -9.035018104045871927E-17 ) ) ;
#7035 = DIRECTION ( 'NONE',  ( 0.000000000000000000, 0.000000000000000000, 1.000000000000000000 ) ) ;
#7036 = UNCERTAINTY_MEASURE_WITH_UNIT (LENGTH_MEASURE( 1.000000000000000082E-05 ), #2663, 'distance_accuracy_value', 'NONE');
#7037 = VECTOR ( 'NONE', #5894, 1000.000000000000000 ) ;
#7038 = VERTEX_POINT ( 'NONE', #6543 ) ;
#7039 = DIRECTION ( 'NONE',  ( -1.000000000000000000, 0.000000000000000000, 1.734723475976805714E-15 ) ) ;
#7040 = LINE ( 'NONE', #7090, #7066 ) ;
#7041 = ORIENTED_EDGE ( 'NONE', *, *, #4366, .F. ) ;
#7042 = VERTEX_POINT ( 'NONE', #4260 ) ;
#7043 = EDGE_CURVE ( 'NONE', #9415, #7063, #6649, .T. ) ;
#7044 = DIRECTION ( 'NONE',  ( -0.000000000000000000, -1.000000000000000000, -0.000000000000000000 ) ) ;
#7045 = ADVANCED_FACE ( 'NONE', ( #5053 ), #2122, .F. ) ;
#7046 = VECTOR ( 'NONE', #761, 1000.000000000000000 ) ;
#7047 = CARTESIAN_POINT ( 'NONE',  ( 0.000000000000000000, 0.2000000000000000111, 2.750000000000000000 ) ) ;
#7048 = VERTEX_POINT ( 'NONE', #3517 ) ;
#7049 = CARTESIAN_POINT ( 'NONE',  ( 0.1500000000000001887, 0.04999999999999999584, 2.750000000000000000 ) ) ;
#7050 = AXIS2_PLACEMENT_3D ( 'NONE', #9691, #2850, #7444 ) ;
#7051 = CYLINDRICAL_SURFACE ( 'NONE', #7279, 0.1499999999999997446 ) ;
#7052 = VECTOR ( 'NONE', #781, 1000.000000000000000 ) ;
#7053 = LINE ( 'NONE', #5597, #8595 ) ;
#7054 = EDGE_CURVE ( 'NONE', #8712, #9456, #7453, .T. ) ;
#7055 = DIRECTION ( 'NONE',  ( -0.000000000000000000, -1.000000000000000000, -0.000000000000000000 ) ) ;
#7056 = ORIENTED_EDGE ( 'NONE', *, *, #7331, .T. ) ;
#7057 = DIRECTION ( 'NONE',  ( 0.000000000000000000, 0.000000000000000000, 1.000000000000000000 ) ) ;
#7058 = VECTOR ( 'NONE', #410, 1000.000000000000000 ) ;
#7059 = VECTOR ( 'NONE', #3656, 1000.000000000000000 ) ;
#7060 = VERTEX_POINT ( 'NONE', #9604 ) ;
#7061 = PLANE ( 'NONE',  #9151 ) ;
#7062 = CARTESIAN_POINT ( 'NONE',  ( 2.399999999999999911, 0.000000000000000000, -2.299999999999999822 ) ) ;
#7063 = VERTEX_POINT ( 'NONE', #8857 ) ;
#7064 = MECHANICAL_DESIGN_GEOMETRIC_PRESENTATION_REPRESENTATION (  '', ( #691 ), #1974 ) ;
#7065 = PLANE ( 'NONE',  #5268 ) ;
#7066 = VECTOR ( 'NONE', #6987, 1000.000000000000000 ) ;
#7067 = CARTESIAN_POINT ( 'NONE',  ( 3.000000000000000000, 0.04999999999999969746, 1.450000000000000400 ) ) ;
#7068 = DIRECTION ( 'NONE',  ( -1.734723475976805517E-15, 0.000000000000000000, -1.000000000000000000 ) ) ;
#7069 = DIRECTION ( 'NONE',  ( -0.000000000000000000, 0.000000000000000000, 1.000000000000000000 ) ) ;
#7070 = FILL_AREA_STYLE ('',( #926 ) ) ;
#7071 = ADVANCED_FACE ( 'NONE', ( #8063 ), #4361, .F. ) ;
#7072 = ORIENTED_EDGE ( 'NONE', *, *, #8028, .F. ) ;
#7073 = STYLED_ITEM ( 'NONE', ( #2194 ), #3120 ) ;
#7074 = CARTESIAN_POINT ( 'NONE',  ( -1.949999999999999956, 0.2000000000000000111, -2.750000000000000000 ) ) ;
#7075 = ORIENTED_EDGE ( 'NONE', *, *, #4766, .F. ) ;
#7076 = CARTESIAN_POINT ( 'NONE',  ( -2.750000000000000000, 0.7000000000000000666, -0.1499999999999990785 ) ) ;
#7077 = SURFACE_STYLE_USAGE ( .BOTH. , #134 ) ;
#7078 = VERTEX_POINT ( 'NONE', #4408 ) ;
#7079 = VERTEX_POINT ( 'NONE', #2770 ) ;
#7080 = CIRCLE ( 'NONE', #6593, 0.1499999999999997446 ) ;
#7081 = DIRECTION ( 'NONE',  ( 1.000000000000000000, 0.000000000000000000, -1.734723475976805714E-15 ) ) ;
#7082 = CARTESIAN_POINT ( 'NONE',  ( 1.799999999999999600, 0.1999999999999999833, -2.750000000000000000 ) ) ;
#7083 = LINE ( 'NONE', #239, #9268 ) ;
#7084 = VERTEX_POINT ( 'NONE', #8106 ) ;
#7085 = CARTESIAN_POINT ( 'NONE',  ( -1.949999999999999956, 0.2000000000000000111, 2.750000000000000000 ) ) ;
#7086 = EDGE_CURVE ( 'NONE', #7060, #9603, #5756, .T. ) ;
#7087 = CARTESIAN_POINT ( 'NONE',  ( 2.299999999999999822, 0.1999999999999996503, 2.300000000000000266 ) ) ;
#7088 = ORIENTED_EDGE ( 'NONE', *, *, #5160, .T. ) ;
#7089 = FACE_OUTER_BOUND ( 'NONE', #3762, .T. ) ;
#7090 = CARTESIAN_POINT ( 'NONE',  ( 2.750000000000000000, 0.1999999999999999833, -2.099999999999999201 ) ) ;
#7091 = EDGE_LOOP ( 'NONE', ( #9586, #9302, #3413, #4175 ) ) ;
#7092 = ORIENTED_EDGE ( 'NONE', *, *, #6555, .F. ) ;
#7093 = CARTESIAN_POINT ( 'NONE',  ( 3.000000000000000000, 0.1999999999999999833, -0.4999999999999995559 ) ) ;
#7094 = PLANE ( 'NONE',  #6996 ) ;
#7095 = DIRECTION ( 'NONE',  ( 1.000000000000000000, 0.000000000000000000, 0.000000000000000000 ) ) ;
#7096 =( NAMED_UNIT ( * ) SI_UNIT ( $, .STERADIAN. ) SOLID_ANGLE_UNIT ( ) );
#7097 = ORIENTED_EDGE ( 'NONE', *, *, #2235, .F. ) ;
#7098 = ADVANCED_FACE ( 'NONE', ( #2168 ), #5105, .F. ) ;
#7099 = DIRECTION ( 'NONE',  ( 0.000000000000000000, 0.000000000000000000, -1.000000000000000000 ) ) ;
#7100 = EDGE_CURVE ( 'NONE', #2339, #7521, #1365, .T. ) ;
#7101 = EDGE_CURVE ( 'NONE', #6052, #639, #4311, .T. ) ;
#7102 = LINE ( 'NONE', #8453, #786 ) ;
#7103 = CARTESIAN_POINT ( 'NONE',  ( -2.750000000000000000, 0.000000000000000000, 6.505213034913026604E-16 ) ) ;
#7104 = ORIENTED_EDGE ( 'NONE', *, *, #1481, .F. ) ;
#7105 = DIRECTION ( 'NONE',  ( -1.000000000000000000, 0.000000000000000000, 0.000000000000000000 ) ) ;
#7106 = VERTEX_POINT ( 'NONE', #6600 ) ;
#7107 = CARTESIAN_POINT ( 'NONE',  ( -0.1500000000000003830, 0.2000000000000000111, -2.750000000000000000 ) ) ;
#7108 = ADVANCED_FACE ( 'NONE', ( #2814 ), #3342, .F. ) ;
#7109 = DIRECTION ( 'NONE',  ( -1.734723475976805714E-15, 0.000000000000000000, 1.000000000000000000 ) ) ;
#7110 = ORIENTED_EDGE ( 'NONE', *, *, #2848, .T. ) ;
#7111 = DIRECTION ( 'NONE',  ( 0.000000000000000000, 0.000000000000000000, 1.000000000000000000 ) ) ;
#7112 = CLOSED_SHELL ( 'NONE', ( #752, #2146, #2190, #1155, #9030, #7713, #6380 ) ) ;
#7113 = CARTESIAN_POINT ( 'NONE',  ( 3.000000000000000000, 0.1999999999999999833, -2.099999999999999645 ) ) ;
#7114 = VERTEX_POINT ( 'NONE', #2548 ) ;
#7115 = LINE ( 'NONE', #4172, #651 ) ;
#7116 = CARTESIAN_POINT ( 'NONE',  ( -2.750000000000000000, 0.7000000000000000666, -1.449999999999999067 ) ) ;
#7117 = SURFACE_STYLE_FILL_AREA ( #4079 ) ;
#7118 = ORIENTED_EDGE ( 'NONE', *, *, #455, .F. ) ;
#7119 = VECTOR ( 'NONE', #5307, 1000.000000000000000 ) ;
#7120 = EDGE_CURVE ( 'NONE', #3256, #7460, #6377, .T. ) ;
#7121 = FACE_OUTER_BOUND ( 'NONE', #409, .T. ) ;
#7122 = EDGE_LOOP ( 'NONE', ( #6621, #2167, #6016, #7810 ) ) ;
#7123 = CARTESIAN_POINT ( 'NONE',  ( 2.750000000000000000, 0.7000000000000000666, 6.505213034913026604E-16 ) ) ;
#7124 = PLANE ( 'NONE',  #7329 ) ;
#7125 = VERTEX_POINT ( 'NONE', #7897 ) ;
#7126 = VERTEX_POINT ( 'NONE', #2695 ) ;
#7127 = DIRECTION ( 'NONE',  ( -0.000000000000000000, -1.000000000000000000, -0.000000000000000000 ) ) ;
#7128 = DIRECTION ( 'NONE',  ( 1.000000000000000000, 0.000000000000000000, 1.807003620809174385E-16 ) ) ;
#7129 = LINE ( 'NONE', #4235, #8800 ) ;
#7130 = ORIENTED_EDGE ( 'NONE', *, *, #4785, .T. ) ;
#7131 = FACE_OUTER_BOUND ( 'NONE', #9291, .T. ) ;
#7132 = SURFACE_SIDE_STYLE ('',( #1747 ) ) ;
#7133 = VECTOR ( 'NONE', #4659, 1000.000000000000000 ) ;
#7134 = COLOUR_RGB ( '',0.7921568627450980005, 0.8196078431372548767, 0.9333333333333333481 ) ;
#7135 = EDGE_LOOP ( 'NONE', ( #9723, #4546, #3560, #6105 ) ) ;
#7136 = CARTESIAN_POINT ( 'NONE',  ( -3.000000000000000000, 0.7000000000000000666, 2.100000000000000089 ) ) ;
#7137 = DIRECTION ( 'NONE',  ( -1.000000000000000000, 0.000000000000000000, 0.000000000000000000 ) ) ;
#7138 = ORIENTED_EDGE ( 'NONE', *, *, #3937, .F. ) ;
#7139 = ADVANCED_FACE ( 'NONE', ( #8691 ), #5734, .F. ) ;
#7140 = VERTEX_POINT ( 'NONE', #1246 ) ;
#7141 = LINE ( 'NONE', #1052, #1966 ) ;
#7142 = CARTESIAN_POINT ( 'NONE',  ( 3.000000000000000000, 0.7000000000000000666, 0.8000000000000003775 ) ) ;
#7143 = CARTESIAN_POINT ( 'NONE',  ( -2.750000000000000000, 0.7000000000000000666, 1.800000000000000711 ) ) ;
#7144 = FACE_OUTER_BOUND ( 'NONE', #8567, .T. ) ;
#7145 = VERTEX_POINT ( 'NONE', #7093 ) ;
#7146 = DIRECTION ( 'NONE',  ( 0.000000000000000000, -1.000000000000000000, 0.000000000000000000 ) ) ;
#7147 = DIRECTION ( 'NONE',  ( 0.000000000000000000, -1.000000000000000000, 0.000000000000000000 ) ) ;
#7148 = DIRECTION ( 'NONE',  ( -1.000000000000000000, -0.000000000000000000, 1.734723475976805517E-15 ) ) ;
#7149 = DIRECTION ( 'NONE',  ( 0.000000000000000000, 0.000000000000000000, 1.000000000000000000 ) ) ;
#7150 = ADVANCED_FACE ( 'NONE', ( #9442 ), #4100, .F. ) ;
#7151 = ORIENTED_EDGE ( 'NONE', *, *, #9740, .F. ) ;
#7152 = LINE ( 'NONE', #5546, #1324 ) ;
#7153 = VERTEX_POINT ( 'NONE', #6428 ) ;
#7154 = CARTESIAN_POINT ( 'NONE',  ( 2.750000000000000000, 0.7000000000000000666, 1.150000000000000799 ) ) ;
#7155 = VECTOR ( 'NONE', #3083, 1000.000000000000000 ) ;
#7156 = DIRECTION ( 'NONE',  ( 0.000000000000000000, -1.000000000000000000, 0.000000000000000000 ) ) ;
#7157 = VERTEX_POINT ( 'NONE', #7240 ) ;
#7158 = DIRECTION ( 'NONE',  ( -1.000000000000000000, 0.000000000000000000, 7.228014483236695816E-17 ) ) ;
#7159 = VECTOR ( 'NONE', #3910, 1000.000000000000000 ) ;
#7160 = CARTESIAN_POINT ( 'NONE',  ( -1.149999999999999911, 0.2000000000000000111, -3.000000000000000000 ) ) ;
#7161 = ADVANCED_FACE ( 'NONE', ( #2646 ), #9587, .F. ) ;
#7162 = EDGE_LOOP ( 'NONE', ( #9785, #8244, #1189, #7624 ) ) ;
#7163 = CARTESIAN_POINT ( 'NONE',  ( 0.4999999999999995559, 0.2000000000000000111, 2.750000000000000000 ) ) ;
#7164 = EDGE_CURVE ( 'NONE', #1889, #8061, #2601, .T. ) ;
#7165 = CARTESIAN_POINT ( 'NONE',  ( -2.750000000000000000, 0.1999999999999999833, 1.800000000000000711 ) ) ;
#7166 = EDGE_CURVE ( 'NONE', #8581, #8807, #827, .T. ) ;
#7167 = ORIENTED_EDGE ( 'NONE', *, *, #4544, .F. ) ;
#7168 = CIRCLE ( 'NONE', #1116, 0.1499999999999999667 ) ;
#7169 = DIRECTION ( 'NONE',  ( -0.000000000000000000, -1.000000000000000000, -0.000000000000000000 ) ) ;
#7171 = VERTEX_POINT ( 'NONE', #5686 ) ;
#7170 = AXIS2_PLACEMENT_3D ( 'NONE', #3684, #2184, #9866 ) ;
#7172 = VECTOR ( 'NONE', #5465, 1000.000000000000000 ) ;
#7173 = DIRECTION ( 'NONE',  ( 0.000000000000000000, -1.000000000000000000, 0.000000000000000000 ) ) ;
#7174 = UNCERTAINTY_MEASURE_WITH_UNIT (LENGTH_MEASURE( 1.000000000000000082E-05 ), #9148, 'distance_accuracy_value', 'NONE');
#7175 = ORIENTED_EDGE ( 'NONE', *, *, #9307, .T. ) ;
#7176 = ORIENTED_EDGE ( 'NONE', *, *, #9236, .F. ) ;
#7177 = CARTESIAN_POINT ( 'NONE',  ( 3.000000000000000000, 0.05000000000000000278, 3.000000000000000000 ) ) ;
#7178 = LINE ( 'NONE', #5676, #2387 ) ;
#7179 = EDGE_CURVE ( 'NONE', #4340, #893, #7141, .T. ) ;
#7180 = DIRECTION ( 'NONE',  ( 0.000000000000000000, 0.000000000000000000, 1.000000000000000000 ) ) ;
#7181 = EDGE_LOOP ( 'NONE', ( #7496, #5960, #7928, #5016 ) ) ;
#7182 = CIRCLE ( 'NONE', #3514, 0.1499999999999997446 ) ;
#7183 = CARTESIAN_POINT ( 'NONE',  ( -3.000000000000000000, 0.1999999999999999833, -0.4999999999999995559 ) ) ;
#7184 = PLANE ( 'NONE',  #3728 ) ;
#7185 = CIRCLE ( 'NONE', #4157, 0.1499999999999999667 ) ;
#7186 = CARTESIAN_POINT ( 'NONE',  ( -2.750000000000000000, 0.7000000000000000666, 1.800000000000000711 ) ) ;
#7187 = AXIS2_PLACEMENT_3D ( 'NONE', #1551, #4441, #9738 ) ;
#7188 = DIRECTION ( 'NONE',  ( -1.734723475976805517E-15, 0.000000000000000000, -1.000000000000000000 ) ) ;
#7189 = ORIENTED_EDGE ( 'NONE', *, *, #99, .T. ) ;
#7190 = ORIENTED_EDGE ( 'NONE', *, *, #9375, .F. ) ;
#7191 = LINE ( 'NONE', #9492, #8311 ) ;
#7192 = DIRECTION ( 'NONE',  ( 0.000000000000000000, -1.000000000000000000, 0.000000000000000000 ) ) ;
#7193 = ADVANCED_FACE ( 'NONE', ( #3445 ), #3396, .T. ) ;
#7194 = DIRECTION ( 'NONE',  ( 0.000000000000000000, 1.000000000000000000, 0.000000000000000000 ) ) ;
#7195 = DIRECTION ( 'NONE',  ( -0.000000000000000000, -1.000000000000000000, -0.000000000000000000 ) ) ;
#7196 = EDGE_CURVE ( 'NONE', #7956, #3133, #1202, .T. ) ;
#7197 = CARTESIAN_POINT ( 'NONE',  ( -2.750000000000000000, 0.7000000000000000666, -1.949999999999999289 ) ) ;
#7198 = FACE_OUTER_BOUND ( 'NONE', #7413, .T. ) ;
#7199 = DIRECTION ( 'NONE',  ( -1.734723475976805517E-15, -0.000000000000000000, 1.000000000000000000 ) ) ;
#7200 = LINE ( 'NONE', #5794, #4901 ) ;
#7201 = AXIS2_PLACEMENT_3D ( 'NONE', #1193, #5026, #8628 ) ;
#7202 = FACE_OUTER_BOUND ( 'NONE', #845, .T. ) ;
#7203 = CARTESIAN_POINT ( 'NONE',  ( -2.750000000000000000, 0.05000000000000002359, 1.150000000000000799 ) ) ;
#7204 = EDGE_LOOP ( 'NONE', ( #8156, #9, #9355, #3613 ) ) ;
#7205 = CARTESIAN_POINT ( 'NONE',  ( 2.299999999999999822, 6.988225099390855455, 2.300000000000000266 ) ) ;
#7206 = VERTEX_POINT ( 'NONE', #7993 ) ;
#7207 = DIRECTION ( 'NONE',  ( 0.000000000000000000, 0.000000000000000000, 1.000000000000000000 ) ) ;
#7208 = EDGE_CURVE ( 'NONE', #1546, #8922, #7191, .T. ) ;
#7209 = VECTOR ( 'NONE', #8259, 1000.000000000000000 ) ;
#7210 = CARTESIAN_POINT ( 'NONE',  ( 0.8000000000000001554, 0.2000000000000000111, 2.750000000000000000 ) ) ;
#7211 = EDGE_CURVE ( 'NONE', #8128, #1718, #5589, .T. ) ;
#7212 = MECHANICAL_DESIGN_GEOMETRIC_PRESENTATION_REPRESENTATION (  '', ( #6735 ), #6080 ) ;
#7213 = DIRECTION ( 'NONE',  ( 0.000000000000000000, 0.000000000000000000, 1.000000000000000000 ) ) ;
#7214 = VECTOR ( 'NONE', #6699, 1000.000000000000000 ) ;
#7215 = DIRECTION ( 'NONE',  ( -0.000000000000000000, -1.000000000000000000, -0.000000000000000000 ) ) ;
#7216 = ORIENTED_EDGE ( 'NONE', *, *, #1017, .T. ) ;
#7217 = FACE_OUTER_BOUND ( 'NONE', #4144, .T. ) ;
#7218 = LINE ( 'NONE', #5560, #6084 ) ;
#7219 = ORIENTED_EDGE ( 'NONE', *, *, #6590, .T. ) ;
#7220 = FACE_OUTER_BOUND ( 'NONE', #8278, .T. ) ;
#7221 = VERTEX_POINT ( 'NONE', #4199 ) ;
#7222 = ADVANCED_FACE ( 'NONE', ( #397 ), #4243, .T. ) ;
#7223 = AXIS2_PLACEMENT_3D ( 'NONE', #8583, #9382, #3854 ) ;
#7224 = CARTESIAN_POINT ( 'NONE',  ( 2.100000000000000089, 0.04999999999999999584, -2.750000000000000000 ) ) ;
#7225 = ADVANCED_FACE ( 'NONE', ( #8091 ), #248, .F. ) ;
#7226 = VERTEX_POINT ( 'NONE', #5840 ) ;
#7227 = ORIENTED_EDGE ( 'NONE', *, *, #822, .F. ) ;
#7228 = PLANE ( 'NONE',  #5580 ) ;
#7229 = CARTESIAN_POINT ( 'NONE',  ( -0.8000000000000003775, 0.1999999999999999833, 2.750000000000000000 ) ) ;
#7230 = CARTESIAN_POINT ( 'NONE',  ( -0.1500000000000001887, 0.1999999999999999833, -2.750000000000000000 ) ) ;
#7231 = EDGE_LOOP ( 'NONE', ( #1326, #6136, #284, #3346 ) ) ;
#7232 = AXIS2_PLACEMENT_3D ( 'NONE', #2653, #4057, #8590 ) ;
#7233 = DIRECTION ( 'NONE',  ( -0.000000000000000000, -0.000000000000000000, 1.000000000000000000 ) ) ;
#7234 = VECTOR ( 'NONE', #1049, 1000.000000000000000 ) ;
#7235 = DIRECTION ( 'NONE',  ( 0.000000000000000000, -0.000000000000000000, 1.000000000000000000 ) ) ;
#7236 = MECHANICAL_DESIGN_GEOMETRIC_PRESENTATION_REPRESENTATION (  '', ( #377 ), #2933 ) ;
#7237 = PLANE ( 'NONE',  #4523 ) ;
#7238 = ORIENTED_EDGE ( 'NONE', *, *, #6420, .F. ) ;
#7239 = ORIENTED_EDGE ( 'NONE', *, *, #6433, .F. ) ;
#7240 = CARTESIAN_POINT ( 'NONE',  ( 3.000000000000000000, 0.04999999999999969746, 0.1500000000000003830 ) ) ;
#7241 = LINE ( 'NONE', #8137, #6029 ) ;
#7242 = CARTESIAN_POINT ( 'NONE',  ( -0.6500000000000000222, 0.2000000000000000111, -2.750000000000000000 ) ) ;
#7243 = CYLINDRICAL_SURFACE ( 'NONE', #5455, 0.1499999999999997446 ) ;
#7244 = ADVANCED_FACE ( 'NONE', ( #6538 ), #4254, .F. ) ;
#7245 = CARTESIAN_POINT ( 'NONE',  ( -0.1499999999999999667, 0.7000000000000003997, -3.000000000000000000 ) ) ;
#7246 = CARTESIAN_POINT ( 'NONE',  ( 0.6500000000000000222, 0.2000000000000000111, -2.750000000000000000 ) ) ;
#7247 = FILL_AREA_STYLE ('',( #8901 ) ) ;
#7248 = PLANE ( 'NONE',  #4958 ) ;
#7249 = ADVANCED_FACE ( 'NONE', ( #7202 ), #7248, .F. ) ;
#7250 = DIRECTION ( 'NONE',  ( 1.734723475976805714E-15, 0.000000000000000000, -1.000000000000000000 ) ) ;
#7251 = ORIENTED_EDGE ( 'NONE', *, *, #3164, .F. ) ;
#7252 = CYLINDRICAL_SURFACE ( 'NONE', #9609, 0.09999999999999982514 ) ;
#7253 = ORIENTED_EDGE ( 'NONE', *, *, #362, .F. ) ;
#7254 = CARTESIAN_POINT ( 'NONE',  ( 0.6500000000000000222, 0.000000000000000000, 2.750000000000000000 ) ) ;
#7255 = AXIS2_PLACEMENT_3D ( 'NONE', #7305, #463, #5055 ) ;
#7256 = DIRECTION ( 'NONE',  ( 1.000000000000000000, 0.000000000000000000, -1.734723475976805714E-15 ) ) ;
#7257 = CARTESIAN_POINT ( 'NONE',  ( 0.000000000000000000, 0.04999999999999999584, 2.750000000000000000 ) ) ;
#7258 = EDGE_CURVE ( 'NONE', #7805, #3593, #4356, .T. ) ;
#7259 = CARTESIAN_POINT ( 'NONE',  ( -2.538461538461538769, 0.9000000000000000222, -2.338461538461539035 ) ) ;
#7260 = ORIENTED_EDGE ( 'NONE', *, *, #5433, .T. ) ;
#7261 = DIRECTION ( 'NONE',  ( 0.000000000000000000, -1.000000000000000000, 0.000000000000000000 ) ) ;
#7262 = PLANE ( 'NONE',  #3065 ) ;
#7263 = VERTEX_POINT ( 'NONE', #4902 ) ;
#7264 = CARTESIAN_POINT ( 'NONE',  ( 1.149999999999999911, 0.1999999999999999833, -3.000000000000000000 ) ) ;
#7265 = EDGE_LOOP ( 'NONE', ( #1135, #9831, #1210, #193 ) ) ;
#7266 = CARTESIAN_POINT ( 'NONE',  ( 1.799999999999999600, 0.2000000000000000111, -2.750000000000000000 ) ) ;
#7267 = AXIS2_PLACEMENT_3D ( 'NONE', #9160, #3773, #2321 ) ;
#7268 = CLOSED_SHELL ( 'NONE', ( #4180, #2108, #6970, #1172, #8991, #5224 ) ) ;
#7269 = FACE_OUTER_BOUND ( 'NONE', #6023, .T. ) ;
#7270 = VERTEX_POINT ( 'NONE', #8852 ) ;
#7271 = VERTEX_POINT ( 'NONE', #6592 ) ;
#7272 = DIRECTION ( 'NONE',  ( 0.000000000000000000, -1.000000000000000000, 0.000000000000000000 ) ) ;
#7273 = DIRECTION ( 'NONE',  ( 1.734723475976805714E-15, -0.000000000000000000, 1.000000000000000000 ) ) ;
#7274 = CARTESIAN_POINT ( 'NONE',  ( -3.000000000000000000, 0.1999999999999999833, -1.799999999999999600 ) ) ;
#7275 = ORIENTED_EDGE ( 'NONE', *, *, #3218, .F. ) ;
#7276 = CARTESIAN_POINT ( 'NONE',  ( -3.000000000000000000, 0.1999999999999999833, -1.449999999999999512 ) ) ;
#7277 = EDGE_CURVE ( 'NONE', #9118, #559, #7351, .T. ) ;
#7278 =( NAMED_UNIT ( * ) PLANE_ANGLE_UNIT ( ) SI_UNIT ( $, .RADIAN. ) );
#7279 = AXIS2_PLACEMENT_3D ( 'NONE', #3251, #4998, #449 ) ;
#7280 = CARTESIAN_POINT ( 'NONE',  ( -2.750000000000000000, 0.7000000000000000666, 0.1500000000000003830 ) ) ;
#7281 = DIRECTION ( 'NONE',  ( 0.000000000000000000, 0.000000000000000000, -1.000000000000000000 ) ) ;
#7282 = VERTEX_POINT ( 'NONE', #8101 ) ;
#7283 = ORIENTED_EDGE ( 'NONE', *, *, #3797, .F. ) ;
#7284 = CARTESIAN_POINT ( 'NONE',  ( 1.449999999999999956, 0.2000000000000000111, -3.000000000000000000 ) ) ;
#7285 = DIRECTION ( 'NONE',  ( -1.734723475976805714E-15, 0.000000000000000000, 1.000000000000000000 ) ) ;
#7286 = CARTESIAN_POINT ( 'NONE',  ( 2.399999999999999911, 0.1999999999999996503, -2.299999999999999822 ) ) ;
#7287 = EDGE_CURVE ( 'NONE', #4059, #8690, #5746, .T. ) ;
#7288 = VECTOR ( 'NONE', #9357, 1000.000000000000000 ) ;
#7289 = EDGE_CURVE ( 'NONE', #7106, #1409, #9649, .T. ) ;
#7290 =( NAMED_UNIT ( * ) SI_UNIT ( $, .STERADIAN. ) SOLID_ANGLE_UNIT ( ) );
#7291 = EDGE_CURVE ( 'NONE', #9713, #5420, #9599, .T. ) ;
#7292 = FACE_OUTER_BOUND ( 'NONE', #43, .T. ) ;
#7293 = DIRECTION ( 'NONE',  ( 0.000000000000000000, -0.000000000000000000, -1.000000000000000000 ) ) ;
#7294 = LINE ( 'NONE', #3800, #6255 ) ;
#7295 = AXIS2_PLACEMENT_3D ( 'NONE', #5600, #5498, #1717 ) ;
#7296 = FACE_OUTER_BOUND ( 'NONE', #4596, .T. ) ;
#7297 = VECTOR ( 'NONE', #7752, 1000.000000000000000 ) ;
#7298 = CARTESIAN_POINT ( 'NONE',  ( -1.149999999999999911, 0.2000000000000000111, 3.000000000000000000 ) ) ;
#7299 = LINE ( 'NONE', #511, #2897 ) ;
#7300 = ORIENTED_EDGE ( 'NONE', *, *, #7560, .T. ) ;
#7301 = EDGE_CURVE ( 'NONE', #9384, #8405, #8152, .T. ) ;
#7302 = DIRECTION ( 'NONE',  ( 1.000000000000000000, 0.000000000000000000, -1.734723475976805714E-15 ) ) ;
#7303 = ORIENTED_EDGE ( 'NONE', *, *, #8371, .F. ) ;
#7304 = CARTESIAN_POINT ( 'NONE',  ( 1.149999999999999467, 0.7000000000000003997, 2.750000000000000000 ) ) ;
#7305 = CARTESIAN_POINT ( 'NONE',  ( -2.750000000000000000, 0.7000000000000000666, 0.6500000000000005773 ) ) ;
#7306 = CARTESIAN_POINT ( 'NONE',  ( -2.750000000000000000, 0.05000000000000002359, -0.7999999999999990452 ) ) ;
#7307 = ORIENTED_EDGE ( 'NONE', *, *, #1068, .T. ) ;
#7308 = LINE ( 'NONE', #6498, #1609 ) ;
#7309 = PLANE ( 'NONE',  #6398 ) ;
#7310 =( LENGTH_UNIT ( ) NAMED_UNIT ( * ) SI_UNIT ( .MILLI., .METRE. ) );
#7311 = MECHANICAL_DESIGN_GEOMETRIC_PRESENTATION_REPRESENTATION (  '', ( #5075 ), #7635 ) ;
#7312 = AXIS2_PLACEMENT_3D ( 'NONE', #4178, #4872, #3478 ) ;
#7313 = ORIENTED_EDGE ( 'NONE', *, *, #6157, .F. ) ;
#7314 = EDGE_CURVE ( 'NONE', #5781, #6052, #5306, .T. ) ;
#7315 = DIRECTION ( 'NONE',  ( 0.000000000000000000, 0.000000000000000000, -1.000000000000000000 ) ) ;
#7316 = ORIENTED_EDGE ( 'NONE', *, *, #7529, .T. ) ;
#7317 = AXIS2_PLACEMENT_3D ( 'NONE', #8480, #2484, #2384 ) ;
#7318 = AXIS2_PLACEMENT_3D ( 'NONE', #8211, #9098, #5308 ) ;
#7319 = VERTEX_POINT ( 'NONE', #562 ) ;
#7320 = ORIENTED_EDGE ( 'NONE', *, *, #1672, .F. ) ;
#7321 = LINE ( 'NONE', #5916, #8773 ) ;
#7322 = DIRECTION ( 'NONE',  ( 0.000000000000000000, -0.000000000000000000, 1.000000000000000000 ) ) ;
#7323 = PLANE ( 'NONE',  #988 ) ;
#7324 = ORIENTED_EDGE ( 'NONE', *, *, #3206, .T. ) ;
#7325 = CARTESIAN_POINT ( 'NONE',  ( 0.1499999999999999667, 0.1999999999999999833, 3.000000000000000000 ) ) ;
#7326 = AXIS2_PLACEMENT_3D ( 'NONE', #9365, #6156, #6925 ) ;
#7327 = EDGE_LOOP ( 'NONE', ( #6143, #8722, #7650, #8234 ) ) ;
#7328 = AXIS2_PLACEMENT_3D ( 'NONE', #2881, #6772, #5917 ) ;
#7329 = AXIS2_PLACEMENT_3D ( 'NONE', #3531, #8075, #4874 ) ;
#7330 = CARTESIAN_POINT ( 'NONE',  ( -1.800000000000000044, 0.05000000000000000278, 0.000000000000000000 ) ) ;
#7331 = EDGE_CURVE ( 'NONE', #3482, #8131, #5795, .T. ) ;
#7332 = DIRECTION ( 'NONE',  ( 0.000000000000000000, -1.000000000000000000, 0.000000000000000000 ) ) ;
#7333 = EDGE_LOOP ( 'NONE', ( #4072, #2741, #280, #6069 ) ) ;
#7334 = ORIENTED_EDGE ( 'NONE', *, *, #1867, .T. ) ;
#7335 = AXIS2_PLACEMENT_3D ( 'NONE', #8816, #1879, #8068 ) ;
#7336 = DIRECTION ( 'NONE',  ( -1.000000000000000000, 0.000000000000000000, 0.000000000000000000 ) ) ;
#7337 = FACE_OUTER_BOUND ( 'NONE', #1751, .T. ) ;
#7338 = AXIS2_PLACEMENT_3D ( 'NONE', #1634, #4674, #6205 ) ;
#7339 = LINE ( 'NONE', #1959, #6219 ) ;
#7340 = FACE_OUTER_BOUND ( 'NONE', #8921, .T. ) ;
#7341 = AXIS2_PLACEMENT_3D ( 'NONE', #5084, #5787, #4292 ) ;
#7342 = DIRECTION ( 'NONE',  ( 1.000000000000000000, 0.000000000000000000, 1.734723475976805714E-15 ) ) ;
#7343 = ORIENTED_EDGE ( 'NONE', *, *, #6575, .T. ) ;
#7344 = DIRECTION ( 'NONE',  ( 0.000000000000000000, -1.000000000000000000, 0.000000000000000000 ) ) ;
#7345 =( GEOMETRIC_REPRESENTATION_CONTEXT ( 3 ) GLOBAL_UNCERTAINTY_ASSIGNED_CONTEXT ( ( #6773 ) ) GLOBAL_UNIT_ASSIGNED_CONTEXT ( ( #6870, #9162, #4219 ) ) REPRESENTATION_CONTEXT ( 'NONE', 'WORKASPACE' ) );
#7346 = EDGE_CURVE ( 'NONE', #2189, #8322, #6066, .T. ) ;
#7347 = CARTESIAN_POINT ( 'NONE',  ( 0.4999999999999995559, 0.2000000000000000111, 2.750000000000000000 ) ) ;
#7348 = ORIENTED_EDGE ( 'NONE', *, *, #5740, .T. ) ;
#7349 = CARTESIAN_POINT ( 'NONE',  ( -0.1500000000000003830, 0.2000000000000005107, -2.999999999999999556 ) ) ;
#7350 = EDGE_CURVE ( 'NONE', #5718, #9228, #2018, .T. ) ;
#7351 = LINE ( 'NONE', #407, #7037 ) ;
#7352 = DIRECTION ( 'NONE',  ( 1.000000000000000000, 0.000000000000000000, 0.000000000000000000 ) ) ;
#7353 = EDGE_LOOP ( 'NONE', ( #5758, #279, #692, #3802 ) ) ;
#7354 = DIRECTION ( 'NONE',  ( -0.000000000000000000, -1.000000000000000000, 0.000000000000000000 ) ) ;
#7355 = ORIENTED_EDGE ( 'NONE', *, *, #3164, .T. ) ;
#7356 = CARTESIAN_POINT ( 'NONE',  ( 8.673617379884126191E-16, 0.05000000000000000278, 0.5000000000000056621 ) ) ;
#7357 = DIRECTION ( 'NONE',  ( 0.000000000000000000, -0.000000000000000000, 1.000000000000000000 ) ) ;
#7358 = VECTOR ( 'NONE', #4149, 1000.000000000000000 ) ;
#7359 = ADVANCED_FACE ( 'NONE', ( #4304 ), #6643, .F. ) ;
#7360 = VECTOR ( 'NONE', #1964, 1000.000000000000000 ) ;
#7361 = CARTESIAN_POINT ( 'NONE',  ( 3.000000000000000000, 0.000000000000000000, -1.149999999999999467 ) ) ;
#7362 = ORIENTED_EDGE ( 'NONE', *, *, #9711, .T. ) ;
#7363 = DIRECTION ( 'NONE',  ( -0.000000000000000000, -1.000000000000000000, -0.000000000000000000 ) ) ;
#7364 = DIRECTION ( 'NONE',  ( 0.000000000000000000, -1.000000000000000000, 0.000000000000000000 ) ) ;
#7365 = VECTOR ( 'NONE', #5965, 1000.000000000000000 ) ;
#7366 = SURFACE_STYLE_USAGE ( .BOTH. , #8215 ) ;
#7367 = EDGE_LOOP ( 'NONE', ( #9601, #9241, #5423, #8222 ) ) ;
#7368 = LINE ( 'NONE', #5062, #5830 ) ;
#7369 = ORIENTED_EDGE ( 'NONE', *, *, #114, .F. ) ;
#7370 = AXIS2_PLACEMENT_3D ( 'NONE', #2156, #5238, #6688 ) ;
#7371 = ADVANCED_FACE ( 'NONE', ( #3509 ), #2855, .F. ) ;
#7372 = UNCERTAINTY_MEASURE_WITH_UNIT (LENGTH_MEASURE( 1.000000000000000082E-05 ), #2808, 'distance_accuracy_value', 'NONE');
#7373 = DIRECTION ( 'NONE',  ( 0.000000000000000000, -1.000000000000000000, 0.000000000000000000 ) ) ;
#7374 = ORIENTED_EDGE ( 'NONE', *, *, #2828, .F. ) ;
#7375 = ORIENTED_EDGE ( 'NONE', *, *, #726, .F. ) ;
#7376 = CARTESIAN_POINT ( 'NONE',  ( -0.6500000000000000222, 0.2000000000000000111, 2.750000000000000000 ) ) ;
#7377 = DIRECTION ( 'NONE',  ( 0.000000000000000000, 0.000000000000000000, -1.000000000000000000 ) ) ;
#7378 = EDGE_CURVE ( 'NONE', #8697, #2588, #2737, .T. ) ;
#7379 = DIRECTION ( 'NONE',  ( -1.734723475976805714E-15, 0.000000000000000000, -1.000000000000000000 ) ) ;
#7380 = ORIENTED_EDGE ( 'NONE', *, *, #6863, .F. ) ;
#7381 = LINE ( 'NONE', #4237, #6683 ) ;
#7382 = AXIS2_PLACEMENT_3D ( 'NONE', #5395, #6901, #9093 ) ;
#7383 = ORIENTED_EDGE ( 'NONE', *, *, #1363, .F. ) ;
#7384 = CARTESIAN_POINT ( 'NONE',  ( -0.1500000000000003830, 0.1999999999999999833, -2.750000000000000000 ) ) ;
#7385 = LINE ( 'NONE', #5972, #9303 ) ;
#7386 = EDGE_LOOP ( 'NONE', ( #7024, #9013, #7480, #5104 ) ) ;
#7387 = ORIENTED_EDGE ( 'NONE', *, *, #3758, .F. ) ;
#7388 = CARTESIAN_POINT ( 'NONE',  ( 0.7999999999999999334, 0.1999999999999999833, -2.750000000000000000 ) ) ;
#7389 = CARTESIAN_POINT ( 'NONE',  ( -3.000000000000000000, 0.1999999999999999833, 1.800000000000000488 ) ) ;
#7390 = EDGE_CURVE ( 'NONE', #1194, #9228, #4210, .T. ) ;
#7391 = AXIS2_PLACEMENT_3D ( 'NONE', #7246, #7397, #1110 ) ;
#7392 = DIRECTION ( 'NONE',  ( 0.000000000000000000, -1.000000000000000000, 0.000000000000000000 ) ) ;
#7393 = CARTESIAN_POINT ( 'NONE',  ( -1.949999999999999956, 0.2000000000000000111, -2.750000000000000000 ) ) ;
#7394 = CARTESIAN_POINT ( 'NONE',  ( -1.949999999999999956, 0.2000000000000000111, -2.750000000000000000 ) ) ;
#7395 = EDGE_LOOP ( 'NONE', ( #6078, #6226, #3708, #9635 ) ) ;
#7396 = DIRECTION ( 'NONE',  ( 1.000000000000000000, -0.000000000000000000, -0.000000000000000000 ) ) ;
#7397 = DIRECTION ( 'NONE',  ( 0.000000000000000000, -1.000000000000000000, 0.000000000000000000 ) ) ;
#7398 = ORIENTED_EDGE ( 'NONE', *, *, #5073, .F. ) ;
#7399 = DIRECTION ( 'NONE',  ( -0.000000000000000000, 1.000000000000000000, -0.000000000000000000 ) ) ;
#7400 = CARTESIAN_POINT ( 'NONE',  ( -2.399999999999999911, 6.988225099390855455, 2.299999999999998934 ) ) ;
#7401 = PRESENTATION_LAYER_ASSIGNMENT (  '', '', ( #1510 ) ) ;
#7402 = DIRECTION ( 'NONE',  ( 0.000000000000000000, 0.000000000000000000, 1.000000000000000000 ) ) ;
#7403 = VERTEX_POINT ( 'NONE', #9550 ) ;
#7404 = LINE ( 'NONE', #3659, #6903 ) ;
#7405 = AXIS2_PLACEMENT_3D ( 'NONE', #682, #2275, #4521 ) ;
#7406 = EDGE_CURVE ( 'NONE', #1138, #8697, #758, .T. ) ;
#7407 = ORIENTED_EDGE ( 'NONE', *, *, #3718, .F. ) ;
#7408 = DIRECTION ( 'NONE',  ( -0.000000000000000000, -1.000000000000000000, -0.000000000000000000 ) ) ;
#7409 = EDGE_CURVE ( 'NONE', #333, #3463, #3100, .T. ) ;
#7410 = ADVANCED_FACE ( 'NONE', ( #4598 ), #666, .F. ) ;
#7411 = LINE ( 'NONE', #369, #6802 ) ;
#7412 = CARTESIAN_POINT ( 'NONE',  ( -1.949999999999999956, 0.000000000000000000, 2.750000000000000000 ) ) ;
#7413 = EDGE_LOOP ( 'NONE', ( #885, #8076, #2330, #1011 ) ) ;
#7414 = CARTESIAN_POINT ( 'NONE',  ( -3.000000000000000000, 0.7000000000000000666, -1.449999999999999512 ) ) ;
#7415 = CARTESIAN_POINT ( 'NONE',  ( -1.449999999999999956, 0.000000000000000000, 3.000000000000000000 ) ) ;
#7416 = DIRECTION ( 'NONE',  ( 0.000000000000000000, -1.000000000000000000, 0.000000000000000000 ) ) ;
#7417 = EDGE_CURVE ( 'NONE', #6407, #103, #1559, .T. ) ;
#7418 = EDGE_CURVE ( 'NONE', #5226, #6524, #3804, .T. ) ;
#7419 = FACE_OUTER_BOUND ( 'NONE', #6935, .T. ) ;
#7420 = ORIENTED_EDGE ( 'NONE', *, *, #4619, .F. ) ;
#7421 =( NAMED_UNIT ( * ) PLANE_ANGLE_UNIT ( ) SI_UNIT ( $, .RADIAN. ) );
#7422 = ORIENTED_EDGE ( 'NONE', *, *, #4896, .T. ) ;
#7423 = ORIENTED_EDGE ( 'NONE', *, *, #6117, .F. ) ;
#7424 = DIRECTION ( 'NONE',  ( 1.734723475976805517E-15, 0.000000000000000000, 1.000000000000000000 ) ) ;
#7425 = DIRECTION ( 'NONE',  ( -1.734723475976805714E-15, 0.000000000000000000, 1.000000000000000000 ) ) ;
#7426 = CARTESIAN_POINT ( 'NONE',  ( -2.399999999999999911, 0.1999999999999996503, 2.299999999999998934 ) ) ;
#7427 = EDGE_LOOP ( 'NONE', ( #4432, #5921, #8624, #4430 ) ) ;
#7428 = CARTESIAN_POINT ( 'NONE',  ( -3.000000000000000000, 0.04999999999999969746, 0.5000000000000004441 ) ) ;
#7429 = EDGE_CURVE ( 'NONE', #5459, #9664, #2998, .T. ) ;
#7430 = VERTEX_POINT ( 'NONE', #2905 ) ;
#7431 = AXIS2_PLACEMENT_3D ( 'NONE', #9317, #7023, #9421 ) ;
#7432 = EDGE_CURVE ( 'NONE', #8955, #8163, #667, .T. ) ;
#7433 = CARTESIAN_POINT ( 'NONE',  ( 0.7999999999999999334, 0.2000000000000000111, 3.000000000000000000 ) ) ;
#7434 = CARTESIAN_POINT ( 'NONE',  ( -2.750000000000000000, 0.7000000000000000666, 0.5000000000000008882 ) ) ;
#7435 = EDGE_LOOP ( 'NONE', ( #9422, #8667, #1845, #6415 ) ) ;
#7436 = ORIENTED_EDGE ( 'NONE', *, *, #3087, .F. ) ;
#7437 = DIRECTION ( 'NONE',  ( 0.000000000000000000, 1.000000000000000000, 0.000000000000000000 ) ) ;
#7438 = LINE ( 'NONE', #7584, #6507 ) ;
#7439 = CYLINDRICAL_SURFACE ( 'NONE', #7187, 0.1499999999999999667 ) ;
#7440 = FACE_OUTER_BOUND ( 'NONE', #9049, .T. ) ;
#7441 = DIRECTION ( 'NONE',  ( -1.000000000000000000, 0.000000000000000000, -0.000000000000000000 ) ) ;
#7442 = EDGE_CURVE ( 'NONE', #46, #6612, #611, .T. ) ;
#7443 = VERTEX_POINT ( 'NONE', #3710 ) ;
#7444 = DIRECTION ( 'NONE',  ( 0.000000000000000000, 0.000000000000000000, 1.000000000000000000 ) ) ;
#7445 = FACE_OUTER_BOUND ( 'NONE', #7333, .T. ) ;
#7446 = ORIENTED_EDGE ( 'NONE', *, *, #913, .F. ) ;
#7447 = ORIENTED_EDGE ( 'NONE', *, *, #8520, .F. ) ;
#7448 = PLANE ( 'NONE',  #3663 ) ;
#7449 = VECTOR ( 'NONE', #3868, 1000.000000000000000 ) ;
#7450 = DIRECTION ( 'NONE',  ( -1.734723475976805517E-15, 0.000000000000000000, -1.000000000000000000 ) ) ;
#7451 = DIRECTION ( 'NONE',  ( -0.000000000000000000, -1.000000000000000000, -0.000000000000000000 ) ) ;
#7452 = ORIENTED_EDGE ( 'NONE', *, *, #2171, .F. ) ;
#7453 = LINE ( 'NONE', #9702, #6548 ) ;
#7454 = VECTOR ( 'NONE', #7804, 1000.000000000000000 ) ;
#7455 = CARTESIAN_POINT ( 'NONE',  ( 1.799999999999999600, 0.1999999999999999833, 2.750000000000000000 ) ) ;
#7456 = CARTESIAN_POINT ( 'NONE',  ( 3.000000000000000000, 0.04999999999999969746, -1.449999999999999512 ) ) ;
#7457 = EDGE_CURVE ( 'NONE', #5092, #650, #5299, .T. ) ;
#7458 = EDGE_CURVE ( 'NONE', #2954, #9523, #5942, .T. ) ;
#7459 = PLANE ( 'NONE',  #5848 ) ;
#7460 = VERTEX_POINT ( 'NONE', #9748 ) ;
#7461 = DIRECTION ( 'NONE',  ( 0.000000000000000000, 0.000000000000000000, -1.000000000000000000 ) ) ;
#7462 = FACE_OUTER_BOUND ( 'NONE', #6713, .T. ) ;
#7463 = DIRECTION ( 'NONE',  ( 0.000000000000000000, -1.000000000000000000, 0.000000000000000000 ) ) ;
#7464 = VERTEX_POINT ( 'NONE', #6898 ) ;
#7465 = EDGE_CURVE ( 'NONE', #1421, #1546, #7515, .T. ) ;
#7466 = PLANE ( 'NONE',  #4938 ) ;
#7467 = VERTEX_POINT ( 'NONE', #5986 ) ;
#7468 = EDGE_LOOP ( 'NONE', ( #9778, #9391, #750, #7355 ) ) ;
#7469 = ADVANCED_FACE ( 'NONE', ( #5151 ), #5247, .T. ) ;
#7470 = EDGE_CURVE ( 'NONE', #8922, #6596, #9142, .T. ) ;
#7471 = CARTESIAN_POINT ( 'NONE',  ( -2.100000000000000089, 0.04999999999999999584, -2.750000000000000000 ) ) ;
#7472 = CARTESIAN_POINT ( 'NONE',  ( -2.750000000000000000, 0.000000000000000000, 1.800000000000000711 ) ) ;
#7473 = LINE ( 'NONE', #4332, #1471 ) ;
#7474 = ORIENTED_EDGE ( 'NONE', *, *, #2277, .T. ) ;
#7475 = DIRECTION ( 'NONE',  ( 1.000000000000000000, 0.000000000000000000, 0.000000000000000000 ) ) ;
#7476 = ORIENTED_EDGE ( 'NONE', *, *, #6777, .T. ) ;
#7477 = EDGE_LOOP ( 'NONE', ( #8221, #8473, #3305, #8775 ) ) ;
#7478 = VECTOR ( 'NONE', #4239, 1000.000000000000000 ) ;
#7479 = DIRECTION ( 'NONE',  ( 0.000000000000000000, 0.000000000000000000, -1.000000000000000000 ) ) ;
#7480 = ORIENTED_EDGE ( 'NONE', *, *, #8028, .T. ) ;
#7481 = ORIENTED_EDGE ( 'NONE', *, *, #8995, .T. ) ;
#7482 = EDGE_CURVE ( 'NONE', #4379, #6745, #9090, .T. ) ;
#7483 = CARTESIAN_POINT ( 'NONE',  ( -0.8000000000000003775, 0.7000000000000003997, 2.750000000000000000 ) ) ;
#7484 = FACE_OUTER_BOUND ( 'NONE', #3743, .T. ) ;
#7485 = VECTOR ( 'NONE', #9063, 1000.000000000000000 ) ;
#7486 = VECTOR ( 'NONE', #7994, 1000.000000000000000 ) ;
#7487 = DIRECTION ( 'NONE',  ( -0.000000000000000000, -1.000000000000000000, -0.000000000000000000 ) ) ;
#7488 = DIRECTION ( 'NONE',  ( 1.000000000000000000, 0.000000000000000000, -1.734723475976805714E-15 ) ) ;
#7489 = CARTESIAN_POINT ( 'NONE',  ( 3.000000000000000000, 0.05000000000000000278, -3.000000000000000000 ) ) ;
#7491 = ORIENTED_EDGE ( 'NONE', *, *, #1033, .T. ) ;
#7490 = MECHANICAL_DESIGN_GEOMETRIC_PRESENTATION_REPRESENTATION (  '', ( #6854 ), #3348 ) ;
#7492 = CARTESIAN_POINT ( 'NONE',  ( -1.149999999999999689, 0.000000000000000000, 2.750000000000000000 ) ) ;
#7493 = CIRCLE ( 'NONE', #3667, 0.1499999999999999667 ) ;
#7494 = COLOUR_RGB ( '',0.7921568627450980005, 0.8196078431372548767, 0.9333333333333333481 ) ;
#7495 = DIRECTION ( 'NONE',  ( -1.000000000000000000, 0.000000000000000000, -0.000000000000000000 ) ) ;
#7496 = ORIENTED_EDGE ( 'NONE', *, *, #4665, .T. ) ;
#7497 = VERTEX_POINT ( 'NONE', #4403 ) ;
#7498 = VECTOR ( 'NONE', #335, 1000.000000000000000 ) ;
#7499 = DIRECTION ( 'NONE',  ( 0.000000000000000000, -0.000000000000000000, -1.000000000000000000 ) ) ;
#7500 = DIRECTION ( 'NONE',  ( -0.000000000000000000, -1.000000000000000000, -0.000000000000000000 ) ) ;
#7501 = ADVANCED_FACE ( 'NONE', ( #9038 ), #7448, .F. ) ;
#7502 = CARTESIAN_POINT ( 'NONE',  ( -2.602085213965110062E-16, 0.05000000000000000278, -0.1499999999999943323 ) ) ;
#7503 = CIRCLE ( 'NONE', #2723, 0.2000000000000000944 ) ;
#7504 = ORIENTED_EDGE ( 'NONE', *, *, #6034, .F. ) ;
#7505 = VECTOR ( 'NONE', #5626, 1000.000000000000000 ) ;
#7506 = FACE_OUTER_BOUND ( 'NONE', #8888, .T. ) ;
#7507 = CARTESIAN_POINT ( 'NONE',  ( 0.7999999999999999334, 0.7000000000000003997, -3.000000000000000000 ) ) ;
#7508 = VECTOR ( 'NONE', #5831, 1000.000000000000000 ) ;
#7509 = CARTESIAN_POINT ( 'NONE',  ( 0.4999999999999995559, 0.7000000000000003997, -2.750000000000000000 ) ) ;
#7510 = ORIENTED_EDGE ( 'NONE', *, *, #547, .T. ) ;
#7511 = ADVANCED_FACE ( 'NONE', ( #6751 ), #9804, .F. ) ;
#7512 = CYLINDRICAL_SURFACE ( 'NONE', #5766, 0.1499999999999999667 ) ;
#7513 = CARTESIAN_POINT ( 'NONE',  ( 2.750000000000000000, 0.7000000000000000666, -0.6499999999999993561 ) ) ;
#7514 = FILL_AREA_STYLE ('',( #9053 ) ) ;
#7515 = CIRCLE ( 'NONE', #1006, 0.1499999999999997446 ) ;
#7516 = ADVANCED_FACE ( 'NONE', ( #714 ), #8350, .T. ) ;
#7517 = VERTEX_POINT ( 'NONE', #859 ) ;
#7518 = CYLINDRICAL_SURFACE ( 'NONE', #7405, 0.1499999999999999667 ) ;
#7519 = ORIENTED_EDGE ( 'NONE', *, *, #4855, .T. ) ;
#7520 = SURFACE_STYLE_USAGE ( .BOTH. , #3680 ) ;
#7521 = VERTEX_POINT ( 'NONE', #4055 ) ;
#7522 = LINE ( 'NONE', #8875, #4783 ) ;
#7523 = LINE ( 'NONE', #4428, #466 ) ;
#7524 = DIRECTION ( 'NONE',  ( -0.000000000000000000, -1.000000000000000000, -0.000000000000000000 ) ) ;
#7525 = CARTESIAN_POINT ( 'NONE',  ( 3.000000000000000000, 0.7000000000000000666, 0.8000000000000003775 ) ) ;
#7526 = VERTEX_POINT ( 'NONE', #9386 ) ;
#7527 = VECTOR ( 'NONE', #7396, 1000.000000000000000 ) ;
#7528 = ADVANCED_FACE ( 'NONE', ( #4793 ), #5590, .T. ) ;
#7529 = EDGE_CURVE ( 'NONE', #1066, #7662, #903, .T. ) ;
#7530 = VECTOR ( 'NONE', #1422, 1000.000000000000000 ) ;
#7531 = VERTEX_POINT ( 'NONE', #1007 ) ;
#7532 = DIRECTION ( 'NONE',  ( -0.000000000000000000, -1.000000000000000000, -0.000000000000000000 ) ) ;
#7533 = DIRECTION ( 'NONE',  ( -0.000000000000000000, -1.000000000000000000, -0.000000000000000000 ) ) ;
#7534 = VERTEX_POINT ( 'NONE', #106 ) ;
#7535 = ORIENTED_EDGE ( 'NONE', *, *, #1558, .T. ) ;
#7536 = CARTESIAN_POINT ( 'NONE',  ( 0.4999999999999995559, 0.000000000000000000, 2.750000000000000000 ) ) ;
#7537 = AXIS2_PLACEMENT_3D ( 'NONE', #5742, #9594, #2654 ) ;
#7538 = CARTESIAN_POINT ( 'NONE',  ( 0.4999999999999995559, 0.2000000000000000111, -2.750000000000000000 ) ) ;
#7539 = VECTOR ( 'NONE', #2713, 1000.000000000000000 ) ;
#7540 = FACE_OUTER_BOUND ( 'NONE', #8750, .T. ) ;
#7541 = VECTOR ( 'NONE', #3756, 1000.000000000000000 ) ;
#7542 = EDGE_CURVE ( 'NONE', #5724, #5296, #954, .T. ) ;
#7543 = UNCERTAINTY_MEASURE_WITH_UNIT (LENGTH_MEASURE( 1.000000000000000082E-05 ), #6247, 'distance_accuracy_value', 'NONE');
#7544 = FACE_OUTER_BOUND ( 'NONE', #5163, .T. ) ;
#7545 = VERTEX_POINT ( 'NONE', #3292 ) ;
#7546 = DIRECTION ( 'NONE',  ( 0.000000000000000000, -1.000000000000000000, 0.000000000000000000 ) ) ;
#7547 = DIRECTION ( 'NONE',  ( 0.000000000000000000, 0.000000000000000000, -1.000000000000000000 ) ) ;
#7548 = ORIENTED_EDGE ( 'NONE', *, *, #5169, .F. ) ;
#7549 = VERTEX_POINT ( 'NONE', #1813 ) ;
#7550 = CIRCLE ( 'NONE', #858, 0.1499999999999999667 ) ;
#7551 = DIRECTION ( 'NONE',  ( 0.000000000000000000, 0.000000000000000000, 1.000000000000000000 ) ) ;
#7552 = CARTESIAN_POINT ( 'NONE',  ( -1.450000000000000400, 0.2000000000000000111, 2.750000000000000000 ) ) ;
#7553 = LINE ( 'NONE', #4601, #6091 ) ;
#7554 = CIRCLE ( 'NONE', #1503, 0.1499999999999999667 ) ;
#7555 = ORIENTED_EDGE ( 'NONE', *, *, #5010, .T. ) ;
#7556 = ADVANCED_FACE ( 'NONE', ( #3954 ), #6178, .F. ) ;
#7557 = COLOUR_RGB ( '',1.000000000000000000, 1.000000000000000000, 1.000000000000000000 ) ;
#7558 = CARTESIAN_POINT ( 'NONE',  ( 0.000000000000000000, 0.1999999999999999833, 2.750000000000000000 ) ) ;
#7559 = LINE ( 'NONE', #6041, #4761 ) ;
#7560 = EDGE_CURVE ( 'NONE', #906, #5782, #152, .T. ) ;
#7561 = VECTOR ( 'NONE', #9654, 1000.000000000000000 ) ;
#7562 = CARTESIAN_POINT ( 'NONE',  ( 0.1499999999999999667, 0.2000000000000000111, -2.750000000000000000 ) ) ;
#7563 = VERTEX_POINT ( 'NONE', #7846 ) ;
#7564 = FACE_OUTER_BOUND ( 'NONE', #1855, .T. ) ;
#7565 = CARTESIAN_POINT ( 'NONE',  ( -2.100000000000000089, 0.1999999999999999833, -3.000000000000000000 ) ) ;
#7566 = CARTESIAN_POINT ( 'NONE',  ( 0.000000000000000000, 0.05000000000000000278, 0.1500000000000003830 ) ) ;
#7567 = ORIENTED_EDGE ( 'NONE', *, *, #9589, .F. ) ;
#7568 = CARTESIAN_POINT ( 'NONE',  ( 2.750000000000000000, 0.000000000000000000, -1.799999999999999600 ) ) ;
#7569 = ORIENTED_EDGE ( 'NONE', *, *, #3843, .T. ) ;
#7570 = ADVANCED_FACE ( 'NONE', ( #2400 ), #6327, .F. ) ;
#7571 = ORIENTED_EDGE ( 'NONE', *, *, #5753, .T. ) ;
#7572 = CYLINDRICAL_SURFACE ( 'NONE', #4110, 0.1499999999999999667 ) ;
#7573 = LINE ( 'NONE', #1386, #4621 ) ;
#7574 = CARTESIAN_POINT ( 'NONE',  ( 2.399999999999999911, 0.000000000000000000, -2.399999999999999911 ) ) ;
#7575 = CARTESIAN_POINT ( 'NONE',  ( -3.000000000000000000, 0.7000000000000000666, -0.1499999999999995226 ) ) ;
#7576 = VERTEX_POINT ( 'NONE', #6944 ) ;
#7577 = ORIENTED_EDGE ( 'NONE', *, *, #4854, .F. ) ;
#7578 = CARTESIAN_POINT ( 'NONE',  ( -1.949999999999999956, 0.2000000000000000111, 2.750000000000000000 ) ) ;
#7579 =( NAMED_UNIT ( * ) SI_UNIT ( $, .STERADIAN. ) SOLID_ANGLE_UNIT ( ) );
#7580 = ORIENTED_EDGE ( 'NONE', *, *, #6455, .T. ) ;
#7581 = ORIENTED_EDGE ( 'NONE', *, *, #1175, .F. ) ;
#7582 = CARTESIAN_POINT ( 'NONE',  ( 0.000000000000000000, 0.05000000000000000278, 0.8000000000000003775 ) ) ;
#7583 = EDGE_CURVE ( 'NONE', #514, #326, #4845, .T. ) ;
#7584 = CARTESIAN_POINT ( 'NONE',  ( -3.000000000000000000, 0.7000000000000000666, 1.450000000000000400 ) ) ;
#7585 = ORIENTED_EDGE ( 'NONE', *, *, #3127, .T. ) ;
#7586 = LINE ( 'NONE', #8987, #8786 ) ;
#7587 =( NAMED_UNIT ( * ) PLANE_ANGLE_UNIT ( ) SI_UNIT ( $, .RADIAN. ) );
#7588 = LINE ( 'NONE', #9265, #7754 ) ;
#7589 = ORIENTED_EDGE ( 'NONE', *, *, #80, .F. ) ;
#7590 = CARTESIAN_POINT ( 'NONE',  ( -2.750000000000000000, 0.1999999999999999833, 0.5000000000000008882 ) ) ;
#7591 = CARTESIAN_POINT ( 'NONE',  ( 3.000000000000000000, 0.7000000000000000666, -1.149999999999999467 ) ) ;
#7592 = ORIENTED_EDGE ( 'NONE', *, *, #3809, .F. ) ;
#7593 = VERTEX_POINT ( 'NONE', #2549 ) ;
#7594 = EDGE_CURVE ( 'NONE', #9331, #2139, #4930, .T. ) ;
#7595 = DIRECTION ( 'NONE',  ( -0.000000000000000000, -1.000000000000000000, -0.000000000000000000 ) ) ;
#7596 = ADVANCED_FACE ( 'NONE', ( #8643 ), #7094, .F. ) ;
#7597 = ADVANCED_FACE ( 'NONE', ( #1053 ), #2497, .F. ) ;
#7598 = CARTESIAN_POINT ( 'NONE',  ( -3.000000000000000000, 0.000000000000000000, 0.8000000000000003775 ) ) ;
#7599 = FACE_OUTER_BOUND ( 'NONE', #384, .T. ) ;
#7600 = DIRECTION ( 'NONE',  ( 0.000000000000000000, -0.000000000000000000, -1.000000000000000000 ) ) ;
#7601 = AXIS2_PLACEMENT_3D ( 'NONE', #2864, #8209, #1368 ) ;
#7602 = ORIENTED_EDGE ( 'NONE', *, *, #3935, .T. ) ;
#7603 = CARTESIAN_POINT ( 'NONE',  ( -0.1500000000000003830, 0.7000000000000003997, 2.750000000000000000 ) ) ;
#7604 = LINE ( 'NONE', #8359, #2226 ) ;
#7605 = AXIS2_PLACEMENT_3D ( 'NONE', #5542, #1820, #9342 ) ;
#7606 = EDGE_CURVE ( 'NONE', #8671, #9830, #9287, .T. ) ;
#7607 = LINE ( 'NONE', #9503, #6160 ) ;
#7608 = ORIENTED_EDGE ( 'NONE', *, *, #7086, .F. ) ;
#7609 = CYLINDRICAL_SURFACE ( 'NONE', #1485, 0.1499999999999997446 ) ;
#7610 = VERTEX_POINT ( 'NONE', #1663 ) ;
#7611 = DIRECTION ( 'NONE',  ( -0.000000000000000000, -1.000000000000000000, -0.000000000000000000 ) ) ;
#7612 = AXIS2_PLACEMENT_3D ( 'NONE', #1013, #3106, #6904 ) ;
#7613 = VERTEX_POINT ( 'NONE', #4698 ) ;
#7614 = CARTESIAN_POINT ( 'NONE',  ( 2.100000000000000089, 0.2000000000000000111, -3.000000000000000000 ) ) ;
#7615 = ORIENTED_EDGE ( 'NONE', *, *, #6000, .T. ) ;
#7616 = PRESENTATION_STYLE_ASSIGNMENT (( #8557 ) ) ;
#7617 = ORIENTED_EDGE ( 'NONE', *, *, #9055, .T. ) ;
#7618 = EDGE_CURVE ( 'NONE', #8121, #1484, #7792, .T. ) ;
#7619 = DIRECTION ( 'NONE',  ( 1.000000000000000000, -0.000000000000000000, -7.228014483236695816E-17 ) ) ;
#7620 = FACE_OUTER_BOUND ( 'NONE', #4746, .T. ) ;
#7621 = CARTESIAN_POINT ( 'NONE',  ( 1.949999999999999956, 0.2000000000000000111, 2.750000000000000000 ) ) ;
#7622 = DIRECTION ( 'NONE',  ( 0.000000000000000000, 0.000000000000000000, 1.000000000000000000 ) ) ;
#7623 = EDGE_CURVE ( 'NONE', #7221, #1793, #2350, .T. ) ;
#7624 = ORIENTED_EDGE ( 'NONE', *, *, #6502, .F. ) ;
#7625 = VERTEX_POINT ( 'NONE', #6378 ) ;
#7626 = DIRECTION ( 'NONE',  ( 0.000000000000000000, 0.000000000000000000, 1.000000000000000000 ) ) ;
#7627 = VERTEX_POINT ( 'NONE', #6528 ) ;
#7628 = EDGE_LOOP ( 'NONE', ( #3839, #1501, #2180, #9111 ) ) ;
#7629 = FACE_BOUND ( 'NONE', #1427, .T. ) ;
#7630 = CARTESIAN_POINT ( 'NONE',  ( -3.000000000000000000, 0.04999999999999969746, -1.799999999999999600 ) ) ;
#7631 = ORIENTED_EDGE ( 'NONE', *, *, #5186, .T. ) ;
#7632 = FACE_OUTER_BOUND ( 'NONE', #2627, .T. ) ;
#7633 = EDGE_CURVE ( 'NONE', #5385, #2456, #1902, .T. ) ;
#7634 =( LENGTH_UNIT ( ) NAMED_UNIT ( * ) SI_UNIT ( .MILLI., .METRE. ) );
#7635 =( GEOMETRIC_REPRESENTATION_CONTEXT ( 3 ) GLOBAL_UNCERTAINTY_ASSIGNED_CONTEXT ( ( #7036 ) ) GLOBAL_UNIT_ASSIGNED_CONTEXT ( ( #2663, #8060, #365 ) ) REPRESENTATION_CONTEXT ( 'NONE', 'WORKASPACE' ) );
#7636 = UNCERTAINTY_MEASURE_WITH_UNIT (LENGTH_MEASURE( 1.000000000000000082E-05 ), #7634, 'distance_accuracy_value', 'NONE');
#7637 = AXIS2_PLACEMENT_3D ( 'NONE', #7578, #3594, #6572 ) ;
#7638 = EDGE_CURVE ( 'NONE', #4565, #7686, #6579, .T. ) ;
#7639 = ORIENTED_EDGE ( 'NONE', *, *, #8743, .F. ) ;
#7640 = PLANE ( 'NONE',  #5616 ) ;
#7641 = DIRECTION ( 'NONE',  ( 0.000000000000000000, 0.000000000000000000, -1.000000000000000000 ) ) ;
#7642 = ORIENTED_EDGE ( 'NONE', *, *, #3883, .T. ) ;
#7643 = ORIENTED_EDGE ( 'NONE', *, *, #6059, .T. ) ;
#7644 = AXIS2_PLACEMENT_3D ( 'NONE', #5441, #6233, #1709 ) ;
#7645 = VECTOR ( 'NONE', #4658, 1000.000000000000000 ) ;
#7646 = CARTESIAN_POINT ( 'NONE',  ( 0.000000000000000000, 0.1999999999999999833, 2.750000000000000000 ) ) ;
#7647 = CARTESIAN_POINT ( 'NONE',  ( 2.750000000000000000, 0.000000000000000000, -0.1499999999999990785 ) ) ;
#7648 = FACE_OUTER_BOUND ( 'NONE', #8226, .T. ) ;
#7649 = CARTESIAN_POINT ( 'NONE',  ( -0.1499999999999999667, 0.1999999999999999833, 3.000000000000000000 ) ) ;
#7650 = ORIENTED_EDGE ( 'NONE', *, *, #992, .T. ) ;
#7651 = VECTOR ( 'NONE', #4677, 1000.000000000000000 ) ;
#7652 = AXIS2_PLACEMENT_3D ( 'NONE', #892, #3942, #6978 ) ;
#7653 = PRESENTATION_LAYER_ASSIGNMENT (  '', '', ( #2077 ) ) ;
#7654 = EDGE_CURVE ( 'NONE', #7226, #4129, #8792, .T. ) ;
#7655 = FACE_OUTER_BOUND ( 'NONE', #4137, .T. ) ;
#7656 = DIRECTION ( 'NONE',  ( 0.000000000000000000, -1.000000000000000000, 0.000000000000000000 ) ) ;
#7657 = VECTOR ( 'NONE', #4744, 1000.000000000000000 ) ;
#7658 = CARTESIAN_POINT ( 'NONE',  ( -0.6500000000000000222, 0.000000000000000000, 2.750000000000000000 ) ) ;
#7659 = ORIENTED_EDGE ( 'NONE', *, *, #5595, .F. ) ;
#7660 = VECTOR ( 'NONE', #2424, 1000.000000000000000 ) ;
#7661 = PLANE ( 'NONE',  #364 ) ;
#7662 = VERTEX_POINT ( 'NONE', #551 ) ;
#7663 = DIRECTION ( 'NONE',  ( 1.734723475976805714E-15, 0.000000000000000000, -1.000000000000000000 ) ) ;
#7664 = ORIENTED_EDGE ( 'NONE', *, *, #7893, .T. ) ;
#7665 = ADVANCED_FACE ( 'NONE', ( #1956 ), #4289, .T. ) ;
#7666 = EDGE_CURVE ( 'NONE', #893, #4537, #4200, .T. ) ;
#7667 = DIRECTION ( 'NONE',  ( 0.000000000000000000, 0.000000000000000000, -1.000000000000000000 ) ) ;
#7669 = ORIENTED_EDGE ( 'NONE', *, *, #3073, .T. ) ;
#7668 = VECTOR ( 'NONE', #9685, 1000.000000000000000 ) ;
#7670 = DIRECTION ( 'NONE',  ( -1.000000000000000000, 0.000000000000000000, 0.000000000000000000 ) ) ;
#7671 = CARTESIAN_POINT ( 'NONE',  ( -1.949999999999999956, 0.2000000000000000111, -2.750000000000000000 ) ) ;
#7672 = CARTESIAN_POINT ( 'NONE',  ( -1.949999999999999956, 0.000000000000000000, 2.750000000000000000 ) ) ;
#7673 = CARTESIAN_POINT ( 'NONE',  ( 3.000000000000000000, 0.1999999999999999833, -1.149999999999999467 ) ) ;
#7674 = ORIENTED_EDGE ( 'NONE', *, *, #8648, .F. ) ;
#7675 = ADVANCED_FACE ( 'NONE', ( #7337 ), #2010, .F. ) ;
#7676 = ORIENTED_EDGE ( 'NONE', *, *, #6420, .T. ) ;
#7677 = CYLINDRICAL_SURFACE ( 'NONE', #1425, 0.1499999999999999667 ) ;
#7678 = VECTOR ( 'NONE', #7595, 1000.000000000000000 ) ;
#7679 = CARTESIAN_POINT ( 'NONE',  ( 3.000000000000000000, 0.04999999999999969746, -1.799999999999999600 ) ) ;
#7680 = EDGE_LOOP ( 'NONE', ( #2514, #9482, #3444, #6028, #7275 ) ) ;
#7681 = EDGE_CURVE ( 'NONE', #7613, #1507, #9556, .T. ) ;
#7682 = ORIENTED_EDGE ( 'NONE', *, *, #8386, .T. ) ;
#7683 = DIRECTION ( 'NONE',  ( 0.000000000000000000, 0.000000000000000000, -1.000000000000000000 ) ) ;
#7684 = VECTOR ( 'NONE', #9645, 1000.000000000000000 ) ;
#7685 = DIRECTION ( 'NONE',  ( 0.000000000000000000, 0.000000000000000000, -1.000000000000000000 ) ) ;
#7686 = VERTEX_POINT ( 'NONE', #2751 ) ;
#7687 = LINE ( 'NONE', #7784, #301 ) ;
#7688 = DIRECTION ( 'NONE',  ( -1.000000000000000000, 0.000000000000000000, 0.000000000000000000 ) ) ;
#7689 = CIRCLE ( 'NONE', #2116, 0.09999999999999982514 ) ;
#7690 = EDGE_LOOP ( 'NONE', ( #6576, #8274, #2461, #2243 ) ) ;
#7691 = CARTESIAN_POINT ( 'NONE',  ( 2.750000000000000000, 0.1999999999999999833, -0.1499999999999990785 ) ) ;
#7692 = PRESENTATION_LAYER_ASSIGNMENT (  '', '', ( #6735 ) ) ;
#7693 = DIRECTION ( 'NONE',  ( 0.000000000000000000, 0.000000000000000000, -1.000000000000000000 ) ) ;
#7694 = VERTEX_POINT ( 'NONE', #5642 ) ;
#7695 = ADVANCED_FACE ( 'NONE', ( #1153 ), #4890, .F. ) ;
#7696 = ORIENTED_EDGE ( 'NONE', *, *, #825, .F. ) ;
#7697 = AXIS2_PLACEMENT_3D ( 'NONE', #6764, #471, #6552 ) ;
#7698 = DIRECTION ( 'NONE',  ( 0.000000000000000000, 0.000000000000000000, 1.000000000000000000 ) ) ;
#7699 = LINE ( 'NONE', #2261, #9085 ) ;
#7700 = CARTESIAN_POINT ( 'NONE',  ( 2.399999999999999911, 6.988225099390855455, -2.299999999999999822 ) ) ;
#7701 = ORIENTED_EDGE ( 'NONE', *, *, #1008, .F. ) ;
#7702 = VECTOR ( 'NONE', #6193, 1000.000000000000000 ) ;
#7703 = CARTESIAN_POINT ( 'NONE',  ( 3.000000000000000000, 0.000000000000000000, 1.450000000000000400 ) ) ;
#7704 = AXIS2_PLACEMENT_3D ( 'NONE', #753, #6640, #7547 ) ;
#7705 = CARTESIAN_POINT ( 'NONE',  ( -1.799999999999999822, 0.04999999999999999584, 2.750000000000000000 ) ) ;
#7706 = DIRECTION ( 'NONE',  ( 0.000000000000000000, -1.000000000000000000, 0.000000000000000000 ) ) ;
#7707 = AXIS2_PLACEMENT_3D ( 'NONE', #1711, #4152, #4848 ) ;
#7708 = DIRECTION ( 'NONE',  ( 0.000000000000000000, 1.000000000000000000, -0.000000000000000000 ) ) ;
#7709 = EDGE_CURVE ( 'NONE', #2339, #2214, #7241, .T. ) ;
#7710 = EDGE_LOOP ( 'NONE', ( #5822, #1878, #1297, #6823, #2043 ) ) ;
#7711 = AXIS2_PLACEMENT_3D ( 'NONE', #5694, #1256, #558 ) ;
#7712 = CARTESIAN_POINT ( 'NONE',  ( -3.642919299551282276E-15, 0.05000000000000000278, -2.099999999999994316 ) ) ;
#7713 = ADVANCED_FACE ( 'NONE', ( #5735 ), #3550, .F. ) ;
#7714 = EDGE_CURVE ( 'NONE', #4880, #2336, #4940, .T. ) ;
#7715 = FILL_AREA_STYLE ('',( #821 ) ) ;
#7716 = ORIENTED_EDGE ( 'NONE', *, *, #757, .T. ) ;
#7717 =( NAMED_UNIT ( * ) SI_UNIT ( $, .STERADIAN. ) SOLID_ANGLE_UNIT ( ) );
#7718 = DIRECTION ( 'NONE',  ( 0.000000000000000000, 0.000000000000000000, 1.000000000000000000 ) ) ;
#7719 = AXIS2_PLACEMENT_3D ( 'NONE', #7087, #4093, #4883 ) ;
#7720 = ORIENTED_EDGE ( 'NONE', *, *, #5160, .F. ) ;
#7721 = AXIS2_PLACEMENT_3D ( 'NONE', #313, #4861, #171 ) ;
#7722 = DIRECTION ( 'NONE',  ( 0.000000000000000000, -1.000000000000000000, 0.000000000000000000 ) ) ;
#7723 = CARTESIAN_POINT ( 'NONE',  ( -1.450000000000000844, 0.2000000000000005107, -2.999999999999999556 ) ) ;
#7724 = EDGE_CURVE ( 'NONE', #8306, #6612, #443, .T. ) ;
#7725 = LINE ( 'NONE', #3977, #9561 ) ;
#7726 = DIRECTION ( 'NONE',  ( 0.000000000000000000, -1.000000000000000000, 0.000000000000000000 ) ) ;
#7727 = EDGE_CURVE ( 'NONE', #2028, #9415, #4343, .T. ) ;
#7728 = DIRECTION ( 'NONE',  ( -0.000000000000000000, -0.000000000000000000, 1.000000000000000000 ) ) ;
#7729 = VERTEX_POINT ( 'NONE', #7389 ) ;
#7730 = ORIENTED_EDGE ( 'NONE', *, *, #8287, .F. ) ;
#7731 = FACE_OUTER_BOUND ( 'NONE', #3855, .T. ) ;
#7732 = FILL_AREA_STYLE_COLOUR ( '', #4771 ) ;
#7733 = ORIENTED_EDGE ( 'NONE', *, *, #8032, .F. ) ;
#7734 = VERTEX_POINT ( 'NONE', #3446 ) ;
#7735 = FACE_OUTER_BOUND ( 'NONE', #7690, .T. ) ;
#7736 = CARTESIAN_POINT ( 'NONE',  ( 0.7999999999999999334, 0.05000000000000000278, 0.000000000000000000 ) ) ;
#7737 = EDGE_CURVE ( 'NONE', #9427, #1463, #7942, .T. ) ;
#7738 = ORIENTED_EDGE ( 'NONE', *, *, #5722, .F. ) ;
#7739 = DIRECTION ( 'NONE',  ( -0.000000000000000000, -1.000000000000000000, -0.000000000000000000 ) ) ;
#7740 = PRESENTATION_STYLE_ASSIGNMENT (( #8686 ) ) ;
#7741 = VECTOR ( 'NONE', #8661, 1000.000000000000000 ) ;
#7742 = EDGE_LOOP ( 'NONE', ( #3516, #1792, #6168, #2135 ) ) ;
#7743 = DIRECTION ( 'NONE',  ( 0.000000000000000000, 0.000000000000000000, -1.000000000000000000 ) ) ;
#7744 = CARTESIAN_POINT ( 'NONE',  ( 1.449999999999999956, 0.2000000000000000111, -3.000000000000000000 ) ) ;
#7745 = ORIENTED_EDGE ( 'NONE', *, *, #5356, .F. ) ;
#7746 = ORIENTED_EDGE ( 'NONE', *, *, #3269, .F. ) ;
#7747 = DIRECTION ( 'NONE',  ( 0.000000000000000000, -0.000000000000000000, -1.000000000000000000 ) ) ;
#7748 = DIRECTION ( 'NONE',  ( 0.000000000000000000, 0.000000000000000000, 1.000000000000000000 ) ) ;
#7749 = LINE ( 'NONE', #1816, #1012 ) ;
#7750 = ORIENTED_EDGE ( 'NONE', *, *, #2879, .F. ) ;
#7751 = ADVANCED_FACE ( 'NONE', ( #348 ), #3495, .T. ) ;
#7752 = DIRECTION ( 'NONE',  ( -0.000000000000000000, -1.000000000000000000, -0.000000000000000000 ) ) ;
#7753 = FACE_OUTER_BOUND ( 'NONE', #2001, .T. ) ;
#7754 = VECTOR ( 'NONE', #4821, 1000.000000000000000 ) ;
#7755 = CLOSED_SHELL ( 'NONE', ( #2354, #5754, #7751, #1604, #5904, #5868, #3925, #1571, #4315, #1323 ) ) ;
#7756 = CARTESIAN_POINT ( 'NONE',  ( 0.5000000000000000000, 0.1999999999999999833, 3.000000000000000000 ) ) ;
#7757 = DIRECTION ( 'NONE',  ( -0.000000000000000000, -1.000000000000000000, -0.000000000000000000 ) ) ;
#7758 = ORIENTED_EDGE ( 'NONE', *, *, #603, .T. ) ;
#7759 = PLANE ( 'NONE',  #3558 ) ;
#7760 = FILL_AREA_STYLE ('',( #9156 ) ) ;
#7761 = ORIENTED_EDGE ( 'NONE', *, *, #4868, .F. ) ;
#7762 = DIRECTION ( 'NONE',  ( 0.000000000000000000, 0.000000000000000000, -1.000000000000000000 ) ) ;
#7763 = FACE_OUTER_BOUND ( 'NONE', #8464, .T. ) ;
#7764 = EDGE_LOOP ( 'NONE', ( #3801, #7130, #8201, #7682 ) ) ;
#7765 = ADVANCED_FACE ( 'NONE', ( #5687 ), #8736, .F. ) ;
#7766 = SURFACE_SIDE_STYLE ('',( #6962 ) ) ;
#7767 = DIRECTION ( 'NONE',  ( 0.000000000000000000, 1.000000000000000000, 0.000000000000000000 ) ) ;
#7768 = CARTESIAN_POINT ( 'NONE',  ( 1.149999999999994804, 0.05000000000000000278, -1.994931997373317115E-15 ) ) ;
#7769 = VECTOR ( 'NONE', #7215, 1000.000000000000000 ) ;
#7770 = DIRECTION ( 'NONE',  ( -1.000000000000000000, 0.000000000000000000, 0.000000000000000000 ) ) ;
#7771 = LINE ( 'NONE', #8715, #7814 ) ;
#7772 = ORIENTED_EDGE ( 'NONE', *, *, #6575, .F. ) ;
#7773 = PLANE ( 'NONE',  #6951 ) ;
#7774 = ORIENTED_EDGE ( 'NONE', *, *, #6781, .T. ) ;
#7775 = EDGE_CURVE ( 'NONE', #4727, #7126, #4539, .T. ) ;
#7776 = AXIS2_PLACEMENT_3D ( 'NONE', #4357, #8204, #1260 ) ;
#7777 = CARTESIAN_POINT ( 'NONE',  ( -3.000000000000000000, 0.1999999999999999833, -1.449999999999999512 ) ) ;
#7778 = CARTESIAN_POINT ( 'NONE',  ( 0.6500000000000000222, 0.2000000000000000111, 2.599999999999999645 ) ) ;
#7779 = ORIENTED_EDGE ( 'NONE', *, *, #6476, .T. ) ;
#7780 = ORIENTED_EDGE ( 'NONE', *, *, #2208, .T. ) ;
#7781 = CARTESIAN_POINT ( 'NONE',  ( 3.000000000000000000, 0.1999999999999999833, 0.8000000000000003775 ) ) ;
#7782 = CARTESIAN_POINT ( 'NONE',  ( 0.1499999999999999667, 0.1999999999999999833, -2.750000000000000000 ) ) ;
#7783 = VERTEX_POINT ( 'NONE', #5286 ) ;
#7784 = CARTESIAN_POINT ( 'NONE',  ( 2.399999999999999911, 0.1999999999999996503, 2.400000000000000355 ) ) ;
#7785 =( GEOMETRIC_REPRESENTATION_CONTEXT ( 3 ) GLOBAL_UNCERTAINTY_ASSIGNED_CONTEXT ( ( #1085 ) ) GLOBAL_UNIT_ASSIGNED_CONTEXT ( ( #8543, #8592, #2357 ) ) REPRESENTATION_CONTEXT ( 'NONE', 'WORKASPACE' ) );
#7786 = ADVANCED_FACE ( 'NONE', ( #7484 ), #2844, .T. ) ;
#7787 = EDGE_LOOP ( 'NONE', ( #7964, #596, #8509, #6794 ) ) ;
#7788 = CARTESIAN_POINT ( 'NONE',  ( -0.5000000000000000000, 0.1999999999999999833, -2.750000000000000000 ) ) ;
#7789 = DIRECTION ( 'NONE',  ( 0.000000000000000000, 1.000000000000000000, -0.000000000000000000 ) ) ;
#7790 = ORIENTED_EDGE ( 'NONE', *, *, #402, .F. ) ;
#7791 = ORIENTED_EDGE ( 'NONE', *, *, #6864, .F. ) ;
#7792 = LINE ( 'NONE', #3343, #9234 ) ;
#7793 = DIRECTION ( 'NONE',  ( 0.000000000000000000, -1.000000000000000000, 0.000000000000000000 ) ) ;
#7794 = AXIS2_PLACEMENT_3D ( 'NONE', #5333, #1544, #7626 ) ;
#7795 = DIRECTION ( 'NONE',  ( -1.000000000000000000, 0.000000000000000000, -1.734723475976805714E-15 ) ) ;
#7796 = ORIENTED_EDGE ( 'NONE', *, *, #6533, .T. ) ;
#7797 =( NAMED_UNIT ( * ) PLANE_ANGLE_UNIT ( ) SI_UNIT ( $, .RADIAN. ) );
#7798 = EDGE_CURVE ( 'NONE', #3290, #7545, #8919, .T. ) ;
#7799 = CARTESIAN_POINT ( 'NONE',  ( 2.750000000000000000, 0.7000000000000000666, 1.800000000000000711 ) ) ;
#7800 = CIRCLE ( 'NONE', #8594, 0.1499999999999997446 ) ;
#7801 = VECTOR ( 'NONE', #1061, 1000.000000000000000 ) ;
#7802 = DIRECTION ( 'NONE',  ( -1.000000000000000000, 0.000000000000000000, 0.000000000000000000 ) ) ;
#7803 = EDGE_CURVE ( 'NONE', #2149, #5426, #9074, .T. ) ;
#7804 = DIRECTION ( 'NONE',  ( 1.734723475976805517E-15, 0.000000000000000000, 1.000000000000000000 ) ) ;
#7805 = VERTEX_POINT ( 'NONE', #8383 ) ;
#7806 = AXIS2_PLACEMENT_3D ( 'NONE', #5326, #8928, #4431 ) ;
#7807 = CARTESIAN_POINT ( 'NONE',  ( 2.750000000000000000, 0.7000000000000000666, -1.799999999999999600 ) ) ;
#7808 = VECTOR ( 'NONE', #4762, 1000.000000000000000 ) ;
#7809 = PRESENTATION_LAYER_ASSIGNMENT (  '', '', ( #3175 ) ) ;
#7810 = ORIENTED_EDGE ( 'NONE', *, *, #3375, .T. ) ;
#7811 = PLANE ( 'NONE',  #8203 ) ;
#7812 = CARTESIAN_POINT ( 'NONE',  ( 2.750000000000000000, 0.7000000000000000666, -0.4999999999999995559 ) ) ;
#7813 = VERTEX_POINT ( 'NONE', #4587 ) ;
#7814 = VECTOR ( 'NONE', #472, 1000.000000000000000 ) ;
#7815 = VECTOR ( 'NONE', #203, 1000.000000000000000 ) ;
#7816 = CARTESIAN_POINT ( 'NONE',  ( 0.5000000000000000000, 0.04999999999999969746, 3.000000000000000000 ) ) ;
#7817 = EDGE_CURVE ( 'NONE', #5805, #4066, #8938, .T. ) ;
#7818 = VECTOR ( 'NONE', #8970, 1000.000000000000000 ) ;
#7819 = LINE ( 'NONE', #1073, #3465 ) ;
#7820 = FACE_OUTER_BOUND ( 'NONE', #6726, .T. ) ;
#7821 = LINE ( 'NONE', #7165, #4025 ) ;
#7822 = DIRECTION ( 'NONE',  ( 0.000000000000000000, 0.000000000000000000, 1.000000000000000000 ) ) ;
#7823 = EDGE_CURVE ( 'NONE', #7627, #6292, #3599, .T. ) ;
#7824 = ORIENTED_EDGE ( 'NONE', *, *, #2636, .T. ) ;
#7825 = AXIS2_PLACEMENT_3D ( 'NONE', #9590, #3553, #8844 ) ;
#7826 = CIRCLE ( 'NONE', #8302, 0.1499999999999997446 ) ;
#7827 = PLANE ( 'NONE',  #2488 ) ;
#7828 = ORIENTED_EDGE ( 'NONE', *, *, #6545, .F. ) ;
#7829 = FACE_OUTER_BOUND ( 'NONE', #5287, .T. ) ;
#7830 = ORIENTED_EDGE ( 'NONE', *, *, #9064, .T. ) ;
#7831 = ORIENTED_EDGE ( 'NONE', *, *, #402, .T. ) ;
#7832 = CARTESIAN_POINT ( 'NONE',  ( 0.000000000000000000, 0.2000000000000000111, 2.750000000000000000 ) ) ;
#7833 = CARTESIAN_POINT ( 'NONE',  ( 2.100000000000000089, 0.05000000000000000278, 0.000000000000000000 ) ) ;
#7834 = CARTESIAN_POINT ( 'NONE',  ( -0.1500000000000003830, 0.2000000000000000111, -2.750000000000000000 ) ) ;
#7835 = ORIENTED_EDGE ( 'NONE', *, *, #9765, .F. ) ;
#7836 = CARTESIAN_POINT ( 'NONE',  ( 0.000000000000000000, 0.000000000000000000, -2.750000000000000000 ) ) ;
#7837 = EDGE_CURVE ( 'NONE', #3213, #3695, #2249, .T. ) ;
#7838 = ADVANCED_FACE ( 'NONE', ( #8281 ), #5185, .F. ) ;
#7839 = EDGE_CURVE ( 'NONE', #7084, #6002, #9128, .T. ) ;
#7840 = VECTOR ( 'NONE', #1812, 1000.000000000000000 ) ;
#7841 = ORIENTED_EDGE ( 'NONE', *, *, #4155, .T. ) ;
#7842 = CARTESIAN_POINT ( 'NONE',  ( -0.6500000000000000222, 0.7000000000000003997, 2.600000000000000089 ) ) ;
#7843 = DIRECTION ( 'NONE',  ( 0.000000000000000000, 0.000000000000000000, 1.000000000000000000 ) ) ;
#7844 = ORIENTED_EDGE ( 'NONE', *, *, #4854, .T. ) ;
#7845 = ORIENTED_EDGE ( 'NONE', *, *, #6805, .F. ) ;
#7846 = CARTESIAN_POINT ( 'NONE',  ( 2.750000000000000000, 0.1999999999999999833, 0.5000000000000008882 ) ) ;
#7847 = VECTOR ( 'NONE', #6317, 1000.000000000000000 ) ;
#7848 = DIRECTION ( 'NONE',  ( 0.000000000000000000, 0.000000000000000000, -1.000000000000000000 ) ) ;
#7849 = ADVANCED_FACE ( 'NONE', ( #2152 ), #1454, .F. ) ;
#7850 = CYLINDRICAL_SURFACE ( 'NONE', #8345, 0.1499999999999997446 ) ;
#7851 = EDGE_LOOP ( 'NONE', ( #3891, #7991, #7571, #2683 ) ) ;
#7852 =( NAMED_UNIT ( * ) PLANE_ANGLE_UNIT ( ) SI_UNIT ( $, .RADIAN. ) );
#7853 = CARTESIAN_POINT ( 'NONE',  ( -1.300000000000000044, 0.7000000000000003997, 2.600000000000000089 ) ) ;
#7854 = AXIS2_PLACEMENT_3D ( 'NONE', #38, #2283, #733 ) ;
#7855 = CARTESIAN_POINT ( 'NONE',  ( 3.000000000000000000, 0.7000000000000000666, -1.449999999999999512 ) ) ;
#7856 = DIRECTION ( 'NONE',  ( 0.000000000000000000, -0.000000000000000000, 1.000000000000000000 ) ) ;
#7857 = ORIENTED_EDGE ( 'NONE', *, *, #7905, .F. ) ;
#7858 = EDGE_CURVE ( 'NONE', #5896, #5364, #7438, .T. ) ;
#7859 = CARTESIAN_POINT ( 'NONE',  ( 3.000000000000000000, 0.1999999999999999833, 0.1500000000000003830 ) ) ;
#7860 = AXIS2_PLACEMENT_3D ( 'NONE', #2858, #8905, #1413 ) ;
#7861 = ORIENTED_EDGE ( 'NONE', *, *, #4475, .T. ) ;
#7862 = CARTESIAN_POINT ( 'NONE',  ( 3.000000000000000000, 0.1999999999999999833, -1.149999999999999467 ) ) ;
#7863 = EDGE_CURVE ( 'NONE', #585, #4066, #7800, .T. ) ;
#7864 = DIRECTION ( 'NONE',  ( -0.000000000000000000, -1.000000000000000000, -0.000000000000000000 ) ) ;
#7865 = ORIENTED_EDGE ( 'NONE', *, *, #7442, .T. ) ;
#7866 =( GEOMETRIC_REPRESENTATION_CONTEXT ( 3 ) GLOBAL_UNCERTAINTY_ASSIGNED_CONTEXT ( ( #1654 ) ) GLOBAL_UNIT_ASSIGNED_CONTEXT ( ( #4395, #9739, #7290 ) ) REPRESENTATION_CONTEXT ( 'NONE', 'WORKASPACE' ) );
#7867 = CARTESIAN_POINT ( 'NONE',  ( 3.000000000000000000, 0.05000000000000000278, -3.000000000000000000 ) ) ;
#7868 = CIRCLE ( 'NONE', #9466, 0.1499999999999999667 ) ;
#7869 = LINE ( 'NONE', #2569, #910 ) ;
#7870 = EDGE_LOOP ( 'NONE', ( #512, #7824, #1776, #4253 ) ) ;
#7871 = FACE_OUTER_BOUND ( 'NONE', #2615, .T. ) ;
#7872 = DIRECTION ( 'NONE',  ( 0.000000000000000000, 0.000000000000000000, -1.000000000000000000 ) ) ;
#7873 = LINE ( 'NONE', #8519, #6192 ) ;
#7874 =( GEOMETRIC_REPRESENTATION_CONTEXT ( 3 ) GLOBAL_UNCERTAINTY_ASSIGNED_CONTEXT ( ( #8340 ) ) GLOBAL_UNIT_ASSIGNED_CONTEXT ( ( #489, #680, #8084 ) ) REPRESENTATION_CONTEXT ( 'NONE', 'WORKASPACE' ) );
#7875 = ORIENTED_EDGE ( 'NONE', *, *, #4678, .T. ) ;
#7876 = EDGE_CURVE ( 'NONE', #7078, #7443, #1549, .T. ) ;
#7877 = DIRECTION ( 'NONE',  ( -1.000000000000000000, 0.000000000000000000, -1.734723475976805517E-15 ) ) ;
#7878 = ORIENTED_EDGE ( 'NONE', *, *, #1924, .F. ) ;
#7879 = DIRECTION ( 'NONE',  ( -1.734723475976805714E-15, 0.000000000000000000, -1.000000000000000000 ) ) ;
#7880 = PRESENTATION_STYLE_ASSIGNMENT (( #480 ) ) ;
#7881 = VERTEX_POINT ( 'NONE', #7630 ) ;
#7882 = ORIENTED_EDGE ( 'NONE', *, *, #5515, .F. ) ;
#7883 = VECTOR ( 'NONE', #5504, 1000.000000000000000 ) ;
#7884 = DIRECTION ( 'NONE',  ( 0.000000000000000000, -0.000000000000000000, -1.000000000000000000 ) ) ;
#7885 = LINE ( 'NONE', #1041, #1757 ) ;
#7886 = DIRECTION ( 'NONE',  ( 0.000000000000000000, -0.000000000000000000, 1.000000000000000000 ) ) ;
#7887 = CIRCLE ( 'NONE', #6598, 0.1499999999999999667 ) ;
#7888 = ORIENTED_EDGE ( 'NONE', *, *, #3440, .F. ) ;
#7889 = CARTESIAN_POINT ( 'NONE',  ( 2.750000000000000000, 0.7000000000000000666, -1.449999999999999067 ) ) ;
#7890 = FACE_OUTER_BOUND ( 'NONE', #2039, .T. ) ;
#7891 = VERTEX_POINT ( 'NONE', #701 ) ;
#7892 = CARTESIAN_POINT ( 'NONE',  ( -2.049999999999999378, 6.988225099390855455, -2.400000000000000355 ) ) ;
#7893 = EDGE_CURVE ( 'NONE', #6124, #9170, #8190, .T. ) ;
#7894 = DIRECTION ( 'NONE',  ( -0.000000000000000000, -0.000000000000000000, -1.000000000000000000 ) ) ;
#7895 = VERTEX_POINT ( 'NONE', #9881 ) ;
#7896 = ORIENTED_EDGE ( 'NONE', *, *, #2518, .F. ) ;
#7897 = CARTESIAN_POINT ( 'NONE',  ( 1.149999999999999911, 0.000000000000000000, -3.000000000000000000 ) ) ;
#7898 = DIRECTION ( 'NONE',  ( 0.000000000000000000, 0.000000000000000000, -1.000000000000000000 ) ) ;
#7899 = DIRECTION ( 'NONE',  ( -1.734723475976805714E-15, 0.000000000000000000, 1.000000000000000000 ) ) ;
#7900 = DIRECTION ( 'NONE',  ( -0.000000000000000000, -1.000000000000000000, -0.000000000000000000 ) ) ;
#7901 = ORIENTED_EDGE ( 'NONE', *, *, #4597, .T. ) ;
#7902 = DIRECTION ( 'NONE',  ( 0.000000000000000000, -1.000000000000000000, 0.000000000000000000 ) ) ;
#7903 = EDGE_CURVE ( 'NONE', #92, #7464, #3037, .T. ) ;
#7904 = CARTESIAN_POINT ( 'NONE',  ( 3.000000000000000000, 0.05000000000000000278, 3.000000000000000000 ) ) ;
#7905 = EDGE_CURVE ( 'NONE', #9404, #8521, #3646, .T. ) ;
#7906 = EDGE_CURVE ( 'NONE', #7271, #3593, #8985, .T. ) ;
#7907 = DIRECTION ( 'NONE',  ( 0.000000000000000000, 0.000000000000000000, 1.000000000000000000 ) ) ;
#7908 = VERTEX_POINT ( 'NONE', #6885 ) ;
#7909 = LINE ( 'NONE', #2462, #8975 ) ;
#7910 = ORIENTED_EDGE ( 'NONE', *, *, #564, .F. ) ;
#7911 = CARTESIAN_POINT ( 'NONE',  ( -2.750000000000000000, 0.05000000000000002359, -1.449999999999999067 ) ) ;
#7912 = DIRECTION ( 'NONE',  ( 0.000000000000000000, -0.000000000000000000, -1.000000000000000000 ) ) ;
#7913 = ORIENTED_EDGE ( 'NONE', *, *, #4169, .T. ) ;
#7914 = EDGE_CURVE ( 'NONE', #559, #6275, #1590, .T. ) ;
#7915 = DIRECTION ( 'NONE',  ( 0.000000000000000000, -0.000000000000000000, 1.000000000000000000 ) ) ;
#7916 = DIRECTION ( 'NONE',  ( 0.000000000000000000, 1.000000000000000000, 0.000000000000000000 ) ) ;
#7917 = ORIENTED_EDGE ( 'NONE', *, *, #5450, .F. ) ;
#7918 = LINE ( 'NONE', #8614, #6700 ) ;
#7919 = FACE_OUTER_BOUND ( 'NONE', #783, .T. ) ;
#7920 = SURFACE_STYLE_USAGE ( .BOTH. , #3318 ) ;
#7921 = ORIENTED_EDGE ( 'NONE', *, *, #1688, .T. ) ;
#7922 = FACE_OUTER_BOUND ( 'NONE', #9825, .T. ) ;
#7923 = ORIENTED_EDGE ( 'NONE', *, *, #5581, .F. ) ;
#7924 = LINE ( 'NONE', #1084, #3488 ) ;
#7925 = SURFACE_SIDE_STYLE ('',( #8774 ) ) ;
#7926 = VECTOR ( 'NONE', #9864, 1000.000000000000000 ) ;
#7927 = ORIENTED_EDGE ( 'NONE', *, *, #9791, .F. ) ;
#7928 = ORIENTED_EDGE ( 'NONE', *, *, #865, .T. ) ;
#7929 = FACE_OUTER_BOUND ( 'NONE', #205, .T. ) ;
#7930 = DIRECTION ( 'NONE',  ( 0.000000000000000000, 0.000000000000000000, 1.000000000000000000 ) ) ;
#7931 = ADVANCED_FACE ( 'NONE', ( #5574 ), #9325, .T. ) ;
#7932 = DIRECTION ( 'NONE',  ( 0.000000000000000000, 0.000000000000000000, 1.000000000000000000 ) ) ;
#7933 = ORIENTED_EDGE ( 'NONE', *, *, #6674, .T. ) ;
#7934 = CARTESIAN_POINT ( 'NONE',  ( 0.6500000000000000222, 0.2000000000000000111, 2.750000000000000000 ) ) ;
#7935 = AXIS2_PLACEMENT_3D ( 'NONE', #9152, #7708, #3814 ) ;
#7936 = VECTOR ( 'NONE', #8054, 1000.000000000000000 ) ;
#7937 = CARTESIAN_POINT ( 'NONE',  ( -2.750000000000000000, 0.000000000000000000, -1.799999999999999600 ) ) ;
#7938 = FACE_OUTER_BOUND ( 'NONE', #2540, .T. ) ;
#7939 = ORIENTED_EDGE ( 'NONE', *, *, #6781, .F. ) ;
#7940 = VERTEX_POINT ( 'NONE', #5526 ) ;
#7941 = CARTESIAN_POINT ( 'NONE',  ( -1.300000000000000044, 0.2000000000000000111, 2.750000000000000000 ) ) ;
#7942 = LINE ( 'NONE', #4989, #5555 ) ;
#7943 = EDGE_CURVE ( 'NONE', #8132, #2099, #792, .T. ) ;
#7944 = CARTESIAN_POINT ( 'NONE',  ( -0.8000000000000003775, 0.2000000000000000111, 2.750000000000000000 ) ) ;
#7945 = CARTESIAN_POINT ( 'NONE',  ( 3.000000000000000000, 0.1999999999999999833, 0.8000000000000003775 ) ) ;
#7946 = EDGE_CURVE ( 'NONE', #5678, #6268, #1648, .T. ) ;
#7947 = EDGE_LOOP ( 'NONE', ( #4828, #7746, #4525, #6505 ) ) ;
#7948 = CARTESIAN_POINT ( 'NONE',  ( 0.5000000000000000000, 0.1999999999999999833, -3.000000000000000000 ) ) ;
#7949 = DIRECTION ( 'NONE',  ( 1.000000000000000000, 0.000000000000000000, -1.734723475976805517E-15 ) ) ;
#7950 = CARTESIAN_POINT ( 'NONE',  ( 0.000000000000000000, 0.2000000000000000111, 2.600000000000000089 ) ) ;
#7951 = FACE_OUTER_BOUND ( 'NONE', #6310, .T. ) ;
#7952 = ORIENTED_EDGE ( 'NONE', *, *, #8406, .F. ) ;
#7953 = PLANE ( 'NONE',  #4352 ) ;
#7954 = SHAPE_DEFINITION_REPRESENTATION ( #8882, #3947 ) ;
#7955 = EDGE_CURVE ( 'NONE', #9564, #2214, #6221, .T. ) ;
#7956 = VERTEX_POINT ( 'NONE', #3089 ) ;
#7957 = CARTESIAN_POINT ( 'NONE',  ( -2.750000000000000000, 0.05000000000000002359, 1.950000000000000622 ) ) ;
#7958 = EDGE_CURVE ( 'NONE', #9147, #7534, #8118, .T. ) ;
#7959 = VECTOR ( 'NONE', #9583, 1000.000000000000000 ) ;
#7960 = CARTESIAN_POINT ( 'NONE',  ( 2.750000000000000000, 0.7000000000000000666, -0.1499999999999990785 ) ) ;
#7961 = CARTESIAN_POINT ( 'NONE',  ( 3.000000000000000000, 0.9999999999999991118, 3.000000000000000000 ) ) ;
#7962 = AXIS2_PLACEMENT_3D ( 'NONE', #2934, #6671, #689 ) ;
#7963 = DIRECTION ( 'NONE',  ( 0.000000000000000000, -1.000000000000000000, 0.000000000000000000 ) ) ;
#7964 = ORIENTED_EDGE ( 'NONE', *, *, #2353, .T. ) ;
#7965 = CARTESIAN_POINT ( 'NONE',  ( -2.100000000000000089, 0.2000000000000000111, 2.750000000000000000 ) ) ;
#7966 = DIRECTION ( 'NONE',  ( 0.000000000000000000, 0.000000000000000000, 1.000000000000000000 ) ) ;
#7967 = DIRECTION ( 'NONE',  ( 0.000000000000000000, 0.000000000000000000, -1.000000000000000000 ) ) ;
#7968 = EDGE_CURVE ( 'NONE', #1026, #1607, #2438, .T. ) ;
#7969 = EDGE_LOOP ( 'NONE', ( #6886, #805, #1984, #2969 ) ) ;
#7970 =( GEOMETRIC_REPRESENTATION_CONTEXT ( 3 ) GLOBAL_UNCERTAINTY_ASSIGNED_CONTEXT ( ( #657 ) ) GLOBAL_UNIT_ASSIGNED_CONTEXT ( ( #5997, #1423, #724 ) ) REPRESENTATION_CONTEXT ( 'NONE', 'WORKASPACE' ) );
#7971 = LINE ( 'NONE', #8820, #5985 ) ;
#7973 = EDGE_LOOP ( 'NONE', ( #1884, #6452, #5571, #7238 ) ) ;
#7972 = VECTOR ( 'NONE', #3635, 1000.000000000000000 ) ;
#7974 = PRESENTATION_LAYER_ASSIGNMENT (  '', '', ( #2389 ) ) ;
#7975 = FACE_OUTER_BOUND ( 'NONE', #199, .T. ) ;
#7976 = CARTESIAN_POINT ( 'NONE',  ( -2.750000000000000000, 0.7000000000000000666, 1.300000000000000488 ) ) ;
#7977 = ORIENTED_EDGE ( 'NONE', *, *, #1252, .T. ) ;
#7978 = ORIENTED_EDGE ( 'NONE', *, *, #1175, .T. ) ;
#7979 = LINE ( 'NONE', #4829, #3352 ) ;
#7980 = PLANE ( 'NONE',  #2714 ) ;
#7981 = PLANE ( 'NONE',  #4174 ) ;
#7982 = ORIENTED_EDGE ( 'NONE', *, *, #5943, .F. ) ;
#7983 = AXIS2_PLACEMENT_3D ( 'NONE', #1075, #9416, #5664 ) ;
#7984 = CARTESIAN_POINT ( 'NONE',  ( -2.399999999999999911, 0.1999999999999996503, -2.049999999999999822 ) ) ;
#7985 = ADVANCED_FACE ( 'NONE', ( #9176 ), #6316, .F. ) ;
#7986 = VECTOR ( 'NONE', #5975, 1000.000000000000000 ) ;
#7987 = EDGE_CURVE ( 'NONE', #1591, #2051, #5382, .T. ) ;
#7988 = LINE ( 'NONE', #9437, #7478 ) ;
#7989 = VECTOR ( 'NONE', #7194, 1000.000000000000000 ) ;
#7990 = LINE ( 'NONE', #4097, #702 ) ;
#7991 = ORIENTED_EDGE ( 'NONE', *, *, #576, .T. ) ;
#7992 = ORIENTED_EDGE ( 'NONE', *, *, #7958, .F. ) ;
#7993 = CARTESIAN_POINT ( 'NONE',  ( -1.149999999999999911, 0.04999999999999969746, -3.000000000000000000 ) ) ;
#7994 = DIRECTION ( 'NONE',  ( -1.000000000000000000, 0.000000000000000000, -1.734723475976805714E-15 ) ) ;
#7995 = CARTESIAN_POINT ( 'NONE',  ( -2.750000000000000000, 0.000000000000000000, -0.1499999999999990785 ) ) ;
#7996 = VECTOR ( 'NONE', #1517, 1000.000000000000000 ) ;
#7997 = DIRECTION ( 'NONE',  ( 0.000000000000000000, 0.000000000000000000, -1.000000000000000000 ) ) ;
#7998 = EDGE_CURVE ( 'NONE', #6837, #1641, #9374, .T. ) ;
#7999 = CARTESIAN_POINT ( 'NONE',  ( 2.750000000000000000, 0.7000000000000000666, -0.1499999999999990785 ) ) ;
#8000 = DIRECTION ( 'NONE',  ( 1.000000000000000000, -0.000000000000000000, 0.000000000000000000 ) ) ;
#8001 = DIRECTION ( 'NONE',  ( 1.000000000000000000, -0.000000000000000000, 0.000000000000000000 ) ) ;
#8002 = AXIS2_PLACEMENT_3D ( 'NONE', #9017, #7524, #1387 ) ;
#8003 = DIRECTION ( 'NONE',  ( 0.000000000000000000, 0.000000000000000000, 1.000000000000000000 ) ) ;
#8004 = CARTESIAN_POINT ( 'NONE',  ( -2.100000000000000089, 0.1999999999999999833, -2.750000000000000000 ) ) ;
#8005 = ORIENTED_EDGE ( 'NONE', *, *, #6805, .T. ) ;
#8006 = DIRECTION ( 'NONE',  ( 1.000000000000000000, 0.000000000000000000, -1.734723475976805517E-15 ) ) ;
#8007 = ORIENTED_EDGE ( 'NONE', *, *, #2907, .T. ) ;
#8008 = AXIS2_PLACEMENT_3D ( 'NONE', #4048, #8435, #3950 ) ;
#8009 = CARTESIAN_POINT ( 'NONE',  ( 1.450000000000000178, 0.2000000000000005107, 3.000000000000000000 ) ) ;
#8010 = VECTOR ( 'NONE', #375, 1000.000000000000000 ) ;
#8011 = CARTESIAN_POINT ( 'NONE',  ( 2.750000000000000000, 0.7000000000000000666, -0.1499999999999990785 ) ) ;
#8012 = EDGE_CURVE ( 'NONE', #7908, #5296, #2533, .T. ) ;
#8013 = VECTOR ( 'NONE', #2057, 1000.000000000000000 ) ;
#8014 = LINE ( 'NONE', #4863, #4007 ) ;
#8015 = EDGE_CURVE ( 'NONE', #1177, #1889, #5732, .T. ) ;
#8016 = AXIS2_PLACEMENT_3D ( 'NONE', #1065, #6440, #3306 ) ;
#8017 = CARTESIAN_POINT ( 'NONE',  ( 2.750000000000000000, 0.1999999999999999833, -1.949999999999999289 ) ) ;
#8018 = ORIENTED_EDGE ( 'NONE', *, *, #1142, .F. ) ;
#8019 = LINE ( 'NONE', #418, #3994 ) ;
#8020 = CARTESIAN_POINT ( 'NONE',  ( -2.100000000000000089, 0.2000000000000000111, -3.000000000000000000 ) ) ;
#8021 = SURFACE_STYLE_FILL_AREA ( #7070 ) ;
#8022 = ORIENTED_EDGE ( 'NONE', *, *, #8, .T. ) ;
#8023 = CARTESIAN_POINT ( 'NONE',  ( -1.949999999999999956, 0.2000000000000000111, -2.750000000000000000 ) ) ;
#8024 = AXIS2_PLACEMENT_3D ( 'NONE', #8794, #1960, #4993 ) ;
#8025 = ORIENTED_EDGE ( 'NONE', *, *, #6820, .T. ) ;
#8026 = AXIS2_PLACEMENT_3D ( 'NONE', #197, #9333, #2494 ) ;
#8027 = PLANE ( 'NONE',  #4131 ) ;
#8028 = EDGE_CURVE ( 'NONE', #2412, #7403, #4769, .T. ) ;
#8029 = SURFACE_STYLE_USAGE ( .BOTH. , #1229 ) ;
#8030 = ORIENTED_EDGE ( 'NONE', *, *, #1249, .T. ) ;
#8031 = VERTEX_POINT ( 'NONE', #847 ) ;
#8032 = EDGE_CURVE ( 'NONE', #9456, #591, #6934, .T. ) ;
#8033 = ADVANCED_FACE ( 'NONE', ( #1698 ), #6167, .F. ) ;
#8034 = CARTESIAN_POINT ( 'NONE',  ( -1.450000000000000400, 0.2000000000000000111, -2.750000000000000000 ) ) ;
#8035 = CARTESIAN_POINT ( 'NONE',  ( 0.000000000000000000, 0.05000000000000000278, -1.149999999999999467 ) ) ;
#8036 = CARTESIAN_POINT ( 'NONE',  ( -3.000000000000000000, 0.7000000000000000666, 2.100000000000000089 ) ) ;
#8037 = ORIENTED_EDGE ( 'NONE', *, *, #7863, .F. ) ;
#8038 = VECTOR ( 'NONE', #191, 1000.000000000000000 ) ;
#8039 = CARTESIAN_POINT ( 'NONE',  ( 2.100000000000000089, 0.04999999999999999584, 2.750000000000000000 ) ) ;
#8040 = AXIS2_PLACEMENT_3D ( 'NONE', #6470, #5824, #6573 ) ;
#8041 = FILL_AREA_STYLE_COLOUR ( '', #1341 ) ;
#8042 = CARTESIAN_POINT ( 'NONE',  ( 3.000000000000000000, 0.000000000000000000, 1.800000000000000488 ) ) ;
#8043 = LINE ( 'NONE', #9439, #7234 ) ;
#8044 = ORIENTED_EDGE ( 'NONE', *, *, #179, .F. ) ;
#8045 = VERTEX_POINT ( 'NONE', #7782 ) ;
#8046 = EDGE_CURVE ( 'NONE', #7813, #4967, #5430, .T. ) ;
#8047 = DIRECTION ( 'NONE',  ( -0.000000000000000000, -0.000000000000000000, 1.000000000000000000 ) ) ;
#8048 = CARTESIAN_POINT ( 'NONE',  ( 0.1499999999999999667, 0.2000000000000000111, -3.000000000000000000 ) ) ;
#8049 = DIRECTION ( 'NONE',  ( 0.000000000000000000, -0.000000000000000000, -1.000000000000000000 ) ) ;
#8050 = CARTESIAN_POINT ( 'NONE',  ( -3.000000000000000000, 0.000000000000000000, -0.1499999999999995226 ) ) ;
#8051 = DIRECTION ( 'NONE',  ( -0.000000000000000000, -1.000000000000000000, -0.000000000000000000 ) ) ;
#8052 = CARTESIAN_POINT ( 'NONE',  ( 0.1499999999999999667, 0.000000000000000000, 3.000000000000000000 ) ) ;
#8053 = CARTESIAN_POINT ( 'NONE',  ( 2.750000000000000000, 0.7000000000000000666, -2.099999999999999201 ) ) ;
#8054 = DIRECTION ( 'NONE',  ( -1.000000000000000000, 0.000000000000000000, -1.734723475976805714E-15 ) ) ;
#8055 = DIRECTION ( 'NONE',  ( 0.000000000000000000, 0.000000000000000000, -1.000000000000000000 ) ) ;
#8056 = CARTESIAN_POINT ( 'NONE',  ( 3.000000000000000000, 0.7000000000000000666, 0.1500000000000003830 ) ) ;
#8057 = ORIENTED_EDGE ( 'NONE', *, *, #4031, .F. ) ;
#8058 = EDGE_CURVE ( 'NONE', #9427, #6817, #3984, .T. ) ;
#8059 = DIRECTION ( 'NONE',  ( 0.7071067811865519026, -0.000000000000000000, -0.7071067811865431318 ) ) ;
#8060 =( NAMED_UNIT ( * ) PLANE_ANGLE_UNIT ( ) SI_UNIT ( $, .RADIAN. ) );
#8061 = VERTEX_POINT ( 'NONE', #1090 ) ;
#8062 = APPLICATION_CONTEXT ( 'automotive_design' ) ;
#8063 = FACE_OUTER_BOUND ( 'NONE', #31, .T. ) ;
#8064 = CIRCLE ( 'NONE', #8533, 0.1499999999999999667 ) ;
#8065 = CARTESIAN_POINT ( 'NONE',  ( -0.7999999999999999334, 0.2000000000000000111, 3.000000000000000000 ) ) ;
#8066 = PLANE ( 'NONE',  #4892 ) ;
#8067 = VERTEX_POINT ( 'NONE', #7229 ) ;
#8068 = DIRECTION ( 'NONE',  ( -0.000000000000000000, 0.000000000000000000, 1.000000000000000000 ) ) ;
#8069 = CARTESIAN_POINT ( 'NONE',  ( -1.300000000000000044, 0.04999999999999999584, -2.750000000000000000 ) ) ;
#8070 = EDGE_CURVE ( 'NONE', #567, #2938, #2586, .T. ) ;
#8071 = PLANE ( 'NONE',  #3119 ) ;
#8072 = ORIENTED_EDGE ( 'NONE', *, *, #4401, .T. ) ;
#8073 = VECTOR ( 'NONE', #7877, 1000.000000000000000 ) ;
#8074 = UNCERTAINTY_MEASURE_WITH_UNIT (LENGTH_MEASURE( 1.000000000000000082E-05 ), #9320, 'distance_accuracy_value', 'NONE');
#8075 = DIRECTION ( 'NONE',  ( 7.228014483236694583E-17, -0.000000000000000000, 1.000000000000000000 ) ) ;
#8076 = ORIENTED_EDGE ( 'NONE', *, *, #7837, .T. ) ;
#8077 = ORIENTED_EDGE ( 'NONE', *, *, #2988, .T. ) ;
#8078 = DIRECTION ( 'NONE',  ( 0.000000000000000000, 1.000000000000000000, 0.000000000000000000 ) ) ;
#8079 = LINE ( 'NONE', #9526, #8450 ) ;
#8080 = LINE ( 'NONE', #6465, #4966 ) ;
#8081 = VERTEX_POINT ( 'NONE', #3536 ) ;
#8082 = DIRECTION ( 'NONE',  ( 0.000000000000000000, 1.000000000000000000, -0.000000000000000000 ) ) ;
#8083 = CIRCLE ( 'NONE', #2493, 0.1499999999999999667 ) ;
#8084 =( NAMED_UNIT ( * ) SI_UNIT ( $, .STERADIAN. ) SOLID_ANGLE_UNIT ( ) );
#8085 = EDGE_CURVE ( 'NONE', #4225, #428, #9429, .T. ) ;
#8086 = VECTOR ( 'NONE', #3961, 1000.000000000000000 ) ;
#8087 = PLANE ( 'NONE',  #8267 ) ;
#8088 = DIRECTION ( 'NONE',  ( -1.000000000000000000, 0.000000000000000000, -0.000000000000000000 ) ) ;
#8089 = ORIENTED_EDGE ( 'NONE', *, *, #9364, .F. ) ;
#8090 = ORIENTED_EDGE ( 'NONE', *, *, #6795, .T. ) ;
#8091 = FACE_OUTER_BOUND ( 'NONE', #9698, .T. ) ;
#8092 = CARTESIAN_POINT ( 'NONE',  ( -0.1500000000000051570, 0.05000000000000000278, -2.602085213965297909E-16 ) ) ;
#8093 = CARTESIAN_POINT ( 'NONE',  ( 0.8000000000000001554, 0.1999999999999999833, 2.750000000000000000 ) ) ;
#8094 = DIRECTION ( 'NONE',  ( -0.000000000000000000, -1.000000000000000000, -0.000000000000000000 ) ) ;
#8095 = EDGE_CURVE ( 'NONE', #8434, #9490, #8079, .T. ) ;
#8096 = LINE ( 'NONE', #1253, #354 ) ;
#8097 = ORIENTED_EDGE ( 'NONE', *, *, #1114, .F. ) ;
#8098 = PLANE ( 'NONE',  #831 ) ;
#8099 = CARTESIAN_POINT ( 'NONE',  ( -3.000000000000000000, 0.1999999999999999833, 2.100000000000000089 ) ) ;
#8100 = CARTESIAN_POINT ( 'NONE',  ( -2.299999999999998490, 0.000000000000000000, 2.399999999999999467 ) ) ;
#8101 = CARTESIAN_POINT ( 'NONE',  ( 2.750000000000000000, 0.000000000000000000, 0.5000000000000008882 ) ) ;
#8102 = LINE ( 'NONE', #5895, #5217 ) ;
#8103 = ORIENTED_EDGE ( 'NONE', *, *, #7378, .F. ) ;
#8104 = LINE ( 'NONE', #4308, #8812 ) ;
#8105 = ORIENTED_EDGE ( 'NONE', *, *, #3452, .F. ) ;
#8106 = CARTESIAN_POINT ( 'NONE',  ( -2.399999999999999911, 0.1999999999999996503, -2.050000000000004263 ) ) ;
#8107 = EDGE_CURVE ( 'NONE', #2336, #578, #387, .T. ) ;
#8108 = PLANE ( 'NONE',  #4706 ) ;
#8109 = DIRECTION ( 'NONE',  ( 0.000000000000000000, -1.000000000000000000, 0.000000000000000000 ) ) ;
#8110 = ORIENTED_EDGE ( 'NONE', *, *, #5186, .F. ) ;
#8111 = DIRECTION ( 'NONE',  ( 0.000000000000000000, -0.000000000000000000, 1.000000000000000000 ) ) ;
#8112 = DIRECTION ( 'NONE',  ( 0.000000000000000000, 0.000000000000000000, 1.000000000000000000 ) ) ;
#8113 = DIRECTION ( 'NONE',  ( -0.000000000000000000, -1.000000000000000000, 0.000000000000000000 ) ) ;
#8114 = VECTOR ( 'NONE', #6423, 1000.000000000000000 ) ;
#8115 = CARTESIAN_POINT ( 'NONE',  ( -0.1499999999999999667, 0.2000000000000000111, 3.000000000000000000 ) ) ;
#8116 = VERTEX_POINT ( 'NONE', #4135 ) ;
#8117 = EDGE_CURVE ( 'NONE', #6230, #3533, #6413, .T. ) ;
#8118 = CIRCLE ( 'NONE', #5411, 0.1499999999999999667 ) ;
#8119 = AXIS2_PLACEMENT_3D ( 'NONE', #2217, #720, #1525 ) ;
#8120 = ORIENTED_EDGE ( 'NONE', *, *, #6955, .T. ) ;
#8121 = VERTEX_POINT ( 'NONE', #484 ) ;
#8122 = LINE ( 'NONE', #6617, #8295 ) ;
#8123 = PLANE ( 'NONE',  #2231 ) ;
#8124 = CARTESIAN_POINT ( 'NONE',  ( 1.449999999999999956, 0.2000000000000000111, 3.000000000000000000 ) ) ;
#8125 = ORIENTED_EDGE ( 'NONE', *, *, #6141, .T. ) ;
#8126 = DIRECTION ( 'NONE',  ( 0.000000000000000000, 1.000000000000000000, 0.000000000000000000 ) ) ;
#8127 = CIRCLE ( 'NONE', #7806, 0.1499999999999999667 ) ;
#8128 = VERTEX_POINT ( 'NONE', #431 ) ;
#8129 = VECTOR ( 'NONE', #3735, 1000.000000000000000 ) ;
#8130 = FACE_OUTER_BOUND ( 'NONE', #2561, .T. ) ;
#8131 = VERTEX_POINT ( 'NONE', #3433 ) ;
#8132 = VERTEX_POINT ( 'NONE', #8828 ) ;
#8133 = COLOUR_RGB ( '',0.7921568627450980005, 0.8196078431372548767, 0.9333333333333333481 ) ;
#8134 = CIRCLE ( 'NONE', #1452, 0.09999999999999982514 ) ;
#8135 = CARTESIAN_POINT ( 'NONE',  ( -0.6500000000000000222, 0.04999999999999999584, 2.599999999999999645 ) ) ;
#8136 = EDGE_CURVE ( 'NONE', #15, #4099, #7178, .T. ) ;
#8137 = CARTESIAN_POINT ( 'NONE',  ( 2.100000000000000089, 0.2000000000000000111, -2.750000000000000000 ) ) ;
#8138 = AXIS2_PLACEMENT_3D ( 'NONE', #7376, #2832, #3734 ) ;
#8139 = EDGE_CURVE ( 'NONE', #5128, #591, #5817, .T. ) ;
#8140 = EDGE_CURVE ( 'NONE', #72, #4380, #3484, .T. ) ;
#8141 = PLANE ( 'NONE',  #965 ) ;
#8142 = SURFACE_SIDE_STYLE ('',( #8194 ) ) ;
#8143 = VECTOR ( 'NONE', #1508, 1000.000000000000000 ) ;
#8144 = FACE_OUTER_BOUND ( 'NONE', #4754, .T. ) ;
#8145 = EDGE_LOOP ( 'NONE', ( #3314, #7504, #2890, #2687 ) ) ;
#8146 = DIRECTION ( 'NONE',  ( 0.000000000000000000, 0.000000000000000000, -1.000000000000000000 ) ) ;
#8147 = VECTOR ( 'NONE', #9511, 1000.000000000000000 ) ;
#8148 = DIRECTION ( 'NONE',  ( -0.000000000000000000, -1.000000000000000000, -0.000000000000000000 ) ) ;
#8149 = ORIENTED_EDGE ( 'NONE', *, *, #527, .T. ) ;
#8150 = LINE ( 'NONE', #561, #7936 ) ;
#8151 = ADVANCED_FACE ( 'NONE', ( #5025 ), #7980, .F. ) ;
#8152 = LINE ( 'NONE', #359, #4488 ) ;
#8153 = DIRECTION ( 'NONE',  ( 0.000000000000000000, 0.000000000000000000, -1.000000000000000000 ) ) ;
#8154 = EDGE_LOOP ( 'NONE', ( #9818, #9371, #7056, #1127 ) ) ;
#8155 = PLANE ( 'NONE',  #4822 ) ;
#8156 = ORIENTED_EDGE ( 'NONE', *, *, #3644, .F. ) ;
#8157 = CARTESIAN_POINT ( 'NONE',  ( -3.000000000000000000, 0.1999999999999999833, 1.450000000000000400 ) ) ;
#8158 = CARTESIAN_POINT ( 'NONE',  ( 1.149999999999999911, 0.2000000000000000111, -3.000000000000000000 ) ) ;
#8159 = AXIS2_PLACEMENT_3D ( 'NONE', #5948, #2860, #3568 ) ;
#8160 = VECTOR ( 'NONE', #8699, 1000.000000000000000 ) ;
#8161 = EDGE_CURVE ( 'NONE', #4015, #2293, #4088, .T. ) ;
#8162 = CARTESIAN_POINT ( 'NONE',  ( -2.100000000000004974, 0.05000000000000000278, 3.642919299551300420E-15 ) ) ;
#8163 = VERTEX_POINT ( 'NONE', #1141 ) ;
#8164 = CARTESIAN_POINT ( 'NONE',  ( -1.450000000000000400, 0.04999999999999999584, -2.750000000000000000 ) ) ;
#8165 = PLANE ( 'NONE',  #8657 ) ;
#8166 = VECTOR ( 'NONE', #7352, 1000.000000000000000 ) ;
#8167 = FACE_OUTER_BOUND ( 'NONE', #8263, .T. ) ;
#8168 = EDGE_CURVE ( 'NONE', #344, #1051, #9623, .T. ) ;
#8169 = VERTEX_POINT ( 'NONE', #1235 ) ;
#8170 = LINE ( 'NONE', #5909, #1859 ) ;
#8171 = ORIENTED_EDGE ( 'NONE', *, *, #3765, .F. ) ;
#8172 = CIRCLE ( 'NONE', #7370, 0.1499999999999999667 ) ;
#8173 = VECTOR ( 'NONE', #1224, 1000.000000000000000 ) ;
#8174 =( LENGTH_UNIT ( ) NAMED_UNIT ( * ) SI_UNIT ( .MILLI., .METRE. ) );
#8175 = ORIENTED_EDGE ( 'NONE', *, *, #1081, .F. ) ;
#8176 = VERTEX_POINT ( 'NONE', #8778 ) ;
#8177 = FACE_OUTER_BOUND ( 'NONE', #2872, .T. ) ;
#8178 = DIRECTION ( 'NONE',  ( 0.000000000000000000, -1.000000000000000000, 0.000000000000000000 ) ) ;
#8179 = CARTESIAN_POINT ( 'NONE',  ( 0.6500000000000000222, 0.1999999999999999833, 2.750000000000000000 ) ) ;
#8180 = EDGE_LOOP ( 'NONE', ( #4923, #1170, #1201, #4122 ) ) ;
#8181 = DIRECTION ( 'NONE',  ( 0.000000000000000000, 1.000000000000000000, 0.000000000000000000 ) ) ;
#8182 = EDGE_CURVE ( 'NONE', #8478, #4340, #4975, .T. ) ;
#8183 = AXIS2_PLACEMENT_3D ( 'NONE', #6144, #167, #6809 ) ;
#8184 = ORIENTED_EDGE ( 'NONE', *, *, #9002, .T. ) ;
#8185 = FACE_OUTER_BOUND ( 'NONE', #1083, .T. ) ;
#8186 = DIRECTION ( 'NONE',  ( 1.000000000000000000, 0.000000000000000000, -1.734723475976805714E-15 ) ) ;
#8187 = VERTEX_POINT ( 'NONE', #4186 ) ;
#8188 = VERTEX_POINT ( 'NONE', #2739 ) ;
#8189 = DIRECTION ( 'NONE',  ( 0.000000000000000000, -1.000000000000000000, 0.000000000000000000 ) ) ;
#8190 = LINE ( 'NONE', #3746, #3496 ) ;
#8191 = CIRCLE ( 'NONE', #531, 0.1499999999999999667 ) ;
#8192 = FACE_OUTER_BOUND ( 'NONE', #8927, .T. ) ;
#8193 = ADVANCED_FACE ( 'NONE', ( #8682 ), #1192, .F. ) ;
#8194 = SURFACE_STYLE_FILL_AREA ( #4942 ) ;
#8195 = CARTESIAN_POINT ( 'NONE',  ( -2.750000000000000000, 0.000000000000000000, -0.4999999999999995559 ) ) ;
#8196 = ADVANCED_FACE ( 'NONE', ( #4234 ), #4878, .F. ) ;
#8197 = ORIENTED_EDGE ( 'NONE', *, *, #6273, .F. ) ;
#8198 = LINE ( 'NONE', #3650, #7527 ) ;
#8199 = AXIS2_PLACEMENT_3D ( 'NONE', #3971, #1724, #7912 ) ;
#8200 = LINE ( 'NONE', #803, #208 ) ;
#8201 = ORIENTED_EDGE ( 'NONE', *, *, #9215, .F. ) ;
#8202 = CARTESIAN_POINT ( 'NONE',  ( -2.750000000000000000, 0.000000000000000000, -0.1499999999999990785 ) ) ;
#8203 = AXIS2_PLACEMENT_3D ( 'NONE', #3771, #6811, #9104 ) ;
#8204 = DIRECTION ( 'NONE',  ( -0.000000000000000000, -1.000000000000000000, -0.000000000000000000 ) ) ;
#8205 = DIRECTION ( 'NONE',  ( -0.000000000000000000, -1.000000000000000000, -0.000000000000000000 ) ) ;
#8206 = ORIENTED_EDGE ( 'NONE', *, *, #1233, .F. ) ;
#8207 = DIRECTION ( 'NONE',  ( -1.000000000000000000, 0.000000000000000000, -0.000000000000000000 ) ) ;
#8208 = EDGE_CURVE ( 'NONE', #7467, #7627, #7885, .T. ) ;
#8209 = DIRECTION ( 'NONE',  ( -1.000000000000000000, 0.000000000000000000, 0.000000000000000000 ) ) ;
#8210 = EDGE_CURVE ( 'NONE', #1150, #9726, #9821, .T. ) ;
#8211 = CARTESIAN_POINT ( 'NONE',  ( -2.750000000000000000, 0.000000000000000000, -1.949999999999999289 ) ) ;
#8212 = FACE_OUTER_BOUND ( 'NONE', #8874, .T. ) ;
#8213 = ORIENTED_EDGE ( 'NONE', *, *, #9196, .T. ) ;
#8214 = DIRECTION ( 'NONE',  ( 0.000000000000000000, -1.000000000000000000, 0.000000000000000000 ) ) ;
#8215 = SURFACE_SIDE_STYLE ('',( #577 ) ) ;
#8216 = ORIENTED_EDGE ( 'NONE', *, *, #3452, .T. ) ;
#8217 = EDGE_CURVE ( 'NONE', #9107, #5063, #4331, .T. ) ;
#8218 = CYLINDRICAL_SURFACE ( 'NONE', #3583, 0.1499999999999999667 ) ;
#8219 = ORIENTED_EDGE ( 'NONE', *, *, #7876, .F. ) ;
#8220 =( NAMED_UNIT ( * ) SI_UNIT ( $, .STERADIAN. ) SOLID_ANGLE_UNIT ( ) );
#8221 = ORIENTED_EDGE ( 'NONE', *, *, #8327, .T. ) ;
#8222 = ORIENTED_EDGE ( 'NONE', *, *, #2545, .T. ) ;
#8223 = CARTESIAN_POINT ( 'NONE',  ( -2.299999999999998490, 0.1999999999999996503, 2.399999999999999467 ) ) ;
#8224 = FACE_OUTER_BOUND ( 'NONE', #9855, .T. ) ;
#8225 = LINE ( 'NONE', #8124, #672 ) ;
#8226 = EDGE_LOOP ( 'NONE', ( #4887, #491, #8057, #3325 ) ) ;
#8227 = CARTESIAN_POINT ( 'NONE',  ( -2.538461538461538769, 1.000000000000000000, -2.538461538461538769 ) ) ;
#8228 = VERTEX_POINT ( 'NONE', #8268 ) ;
#8229 = AXIS2_PLACEMENT_3D ( 'NONE', #5809, #1379, #30 ) ;
#8230 = ORIENTED_EDGE ( 'NONE', *, *, #826, .F. ) ;
#8231 = LINE ( 'NONE', #8932, #933 ) ;
#8232 = ORIENTED_EDGE ( 'NONE', *, *, #5856, .T. ) ;
#8233 = ADVANCED_FACE ( 'NONE', ( #8224 ), #732, .F. ) ;
#8234 = ORIENTED_EDGE ( 'NONE', *, *, #250, .T. ) ;
#8235 = LINE ( 'NONE', #3697, #815 ) ;
#8236 = DIRECTION ( 'NONE',  ( -0.000000000000000000, -1.000000000000000000, -0.000000000000000000 ) ) ;
#8237 = CARTESIAN_POINT ( 'NONE',  ( 0.4999999999999995559, 0.2000000000000005107, -3.000000000000000000 ) ) ;
#8238 = PRESENTATION_STYLE_ASSIGNMENT (( #6888 ) ) ;
#8239 = PRODUCT_DEFINITION_CONTEXT ( 'detailed design', #907, 'design' ) ;
#8240 = DIRECTION ( 'NONE',  ( -1.000000000000000000, 0.000000000000000000, 0.000000000000000000 ) ) ;
#8241 = ORIENTED_EDGE ( 'NONE', *, *, #9016, .F. ) ;
#8242 = CARTESIAN_POINT ( 'NONE',  ( -3.000000000000000000, 0.1999999999999999833, 0.5000000000000004441 ) ) ;
#8243 = DIRECTION ( 'NONE',  ( 0.000000000000000000, -1.000000000000000000, 0.000000000000000000 ) ) ;
#8244 = ORIENTED_EDGE ( 'NONE', *, *, #9375, .T. ) ;
#8245 = EDGE_CURVE ( 'NONE', #7114, #730, #7573, .T. ) ;
#8246 = ORIENTED_EDGE ( 'NONE', *, *, #5814, .T. ) ;
#8247 = CARTESIAN_POINT ( 'NONE',  ( 1.149999999999999467, 0.7000000000000003997, -2.750000000000000000 ) ) ;
#8248 = CARTESIAN_POINT ( 'NONE',  ( -2.100000000000000089, 0.04999999999999999584, -3.000000000000000000 ) ) ;
#8249 = ADVANCED_FACE ( 'NONE', ( #9015 ), #5863, .T. ) ;
#8250 = DIRECTION ( 'NONE',  ( -1.734723475976805714E-15, 0.000000000000000000, 1.000000000000000000 ) ) ;
#8251 = VERTEX_POINT ( 'NONE', #4479 ) ;
#8252 = DIRECTION ( 'NONE',  ( 0.000000000000000000, 0.000000000000000000, -1.000000000000000000 ) ) ;
#8253 = CARTESIAN_POINT ( 'NONE',  ( -1.450000000000000400, 0.2000000000000000111, -2.750000000000000000 ) ) ;
#8254 = STYLED_ITEM ( 'NONE', ( #9648 ), #74 ) ;
#8255 = CARTESIAN_POINT ( 'NONE',  ( -0.5000000000000000000, 0.2000000000000000111, -3.000000000000000000 ) ) ;
#8256 = DIRECTION ( 'NONE',  ( 0.000000000000000000, -1.000000000000000000, 0.000000000000000000 ) ) ;
#8257 = EDGE_CURVE ( 'NONE', #7403, #9523, #536, .T. ) ;
#8258 = EDGE_LOOP ( 'NONE', ( #7452, #2045, #8788, #5244 ) ) ;
#8259 = DIRECTION ( 'NONE',  ( 0.000000000000000000, -1.000000000000000000, 0.000000000000000000 ) ) ;
#8260 = EDGE_CURVE ( 'NONE', #6268, #269, #1337, .T. ) ;
#8261 = DIRECTION ( 'NONE',  ( -0.000000000000000000, -1.000000000000000000, -0.000000000000000000 ) ) ;
#8262 = CARTESIAN_POINT ( 'NONE',  ( 1.449999999999999956, 0.1999999999999999833, 3.000000000000000000 ) ) ;
#8263 = EDGE_LOOP ( 'NONE', ( #2349, #697, #5358, #1289 ) ) ;
#8264 = ORIENTED_EDGE ( 'NONE', *, *, #1081, .T. ) ;
#8265 = CARTESIAN_POINT ( 'NONE',  ( -2.750000000000000000, 0.000000000000000000, 1.300000000000000488 ) ) ;
#8266 = EDGE_CURVE ( 'NONE', #1692, #5487, #7493, .T. ) ;
#8267 = AXIS2_PLACEMENT_3D ( 'NONE', #7892, #2541, #9533 ) ;
#8268 = CARTESIAN_POINT ( 'NONE',  ( 1.449999999999999956, 0.04999999999999969746, 3.000000000000000000 ) ) ;
#8269 = DIRECTION ( 'NONE',  ( 0.000000000000000000, -0.000000000000000000, 1.000000000000000000 ) ) ;
#8270 = EDGE_LOOP ( 'NONE', ( #8294, #3798, #4728, #4425 ) ) ;
#8271 = LINE ( 'NONE', #9868, #6850 ) ;
#8272 = VERTEX_POINT ( 'NONE', #9671 ) ;
#8274 = ORIENTED_EDGE ( 'NONE', *, *, #879, .F. ) ;
#8273 = AXIS2_PLACEMENT_3D ( 'NONE', #8842, #2696, #9588 ) ;
#8275 = VECTOR ( 'NONE', #7706, 1000.000000000000000 ) ;
#8276 = PLANE ( 'NONE',  #9227 ) ;
#8277 =( NAMED_UNIT ( * ) SI_UNIT ( $, .STERADIAN. ) SOLID_ANGLE_UNIT ( ) );
#8278 = EDGE_LOOP ( 'NONE', ( #790, #1916, #2736, #9504 ) ) ;
#8279 = VERTEX_POINT ( 'NONE', #8319 ) ;
#8280 = CARTESIAN_POINT ( 'NONE',  ( -0.8000000000000003775, 0.04999999999999999584, -2.750000000000000000 ) ) ;
#8281 = FACE_OUTER_BOUND ( 'NONE', #8673, .T. ) ;
#8282 = EDGE_CURVE ( 'NONE', #5092, #2482, #5094, .T. ) ;
#8283 = AXIS2_PLACEMENT_3D ( 'NONE', #6305, #982, #3217 ) ;
#8284 = VECTOR ( 'NONE', #2637, 1000.000000000000000 ) ;
#8285 = CYLINDRICAL_SURFACE ( 'NONE', #3845, 0.1499999999999997446 ) ;
#8286 = CARTESIAN_POINT ( 'NONE',  ( -2.750000000000000000, 0.7000000000000000666, -0.4999999999999995559 ) ) ;
#8287 = EDGE_CURVE ( 'NONE', #4686, #8031, #9077, .T. ) ;
#8288 = CARTESIAN_POINT ( 'NONE',  ( -3.000000000000000000, 0.2000000000000005107, 0.8000000000000003775 ) ) ;
#8289 = VERTEX_POINT ( 'NONE', #2833 ) ;
#8290 = CARTESIAN_POINT ( 'NONE',  ( 1.449999999999999956, 0.05000000000000000278, 0.000000000000000000 ) ) ;
#8291 = VECTOR ( 'NONE', #3328, 1000.000000000000000 ) ;
#8292 = DIRECTION ( 'NONE',  ( 0.000000000000000000, 1.000000000000000000, -0.000000000000000000 ) ) ;
#8293 = ORIENTED_EDGE ( 'NONE', *, *, #2838, .F. ) ;
#8294 = ORIENTED_EDGE ( 'NONE', *, *, #3566, .F. ) ;
#8295 = VECTOR ( 'NONE', #9772, 1000.000000000000000 ) ;
#8296 = CARTESIAN_POINT ( 'NONE',  ( -1.149999999999999911, 0.000000000000000000, -3.000000000000000000 ) ) ;
#8297 = LINE ( 'NONE', #1466, #1629 ) ;
#8298 = CARTESIAN_POINT ( 'NONE',  ( 1.800000000000000044, 0.1999999999999999833, -3.000000000000000000 ) ) ;
#8299 = VECTOR ( 'NONE', #323, 1000.000000000000000 ) ;
#8300 = ORIENTED_EDGE ( 'NONE', *, *, #7727, .T. ) ;
#8301 = EDGE_CURVE ( 'NONE', #9770, #7813, #9115, .T. ) ;
#8302 = AXIS2_PLACEMENT_3D ( 'NONE', #5507, #6446, #5554 ) ;
#8303 = DIRECTION ( 'NONE',  ( -0.000000000000000000, 0.000000000000000000, 1.000000000000000000 ) ) ;
#8304 = DIRECTION ( 'NONE',  ( 0.000000000000000000, -0.000000000000000000, -1.000000000000000000 ) ) ;
#8305 = CARTESIAN_POINT ( 'NONE',  ( 3.000000000000000000, 0.04999999999999969746, -0.1499999999999995226 ) ) ;
#8306 = VERTEX_POINT ( 'NONE', #5174 ) ;
#8307 = FACE_OUTER_BOUND ( 'NONE', #728, .T. ) ;
#8308 = CARTESIAN_POINT ( 'NONE',  ( 0.000000000000000000, 0.2000000000000000111, -2.750000000000000000 ) ) ;
#8309 = CARTESIAN_POINT ( 'NONE',  ( 0.6500000000000000222, 0.2000000000000000111, -2.750000000000000000 ) ) ;
#8310 = EDGE_CURVE ( 'NONE', #7038, #5063, #2867, .T. ) ;
#8311 = VECTOR ( 'NONE', #1152, 1000.000000000000000 ) ;
#8312 = ORIENTED_EDGE ( 'NONE', *, *, #331, .T. ) ;
#8313 = CARTESIAN_POINT ( 'NONE',  ( -1.949999999999999956, 0.2000000000000000111, 2.750000000000000000 ) ) ;
#8314 = ORIENTED_EDGE ( 'NONE', *, *, #4639, .T. ) ;
#8315 = EDGE_CURVE ( 'NONE', #2456, #1692, #7523, .T. ) ;
#8316 = ORIENTED_EDGE ( 'NONE', *, *, #1548, .F. ) ;
#8317 = AXIS2_PLACEMENT_3D ( 'NONE', #5772, #1894, #6365 ) ;
#8318 = FACE_OUTER_BOUND ( 'NONE', #5172, .T. ) ;
#8319 = CARTESIAN_POINT ( 'NONE',  ( 3.000000000000000000, 0.1999999999999999833, 0.1500000000000003830 ) ) ;
#8320 = DIRECTION ( 'NONE',  ( 1.000000000000000000, -0.000000000000000000, -0.000000000000000000 ) ) ;
#8321 = CARTESIAN_POINT ( 'NONE',  ( -2.750000000000000000, 0.1999999999999999833, 6.505213034913026604E-16 ) ) ;
#8322 = VERTEX_POINT ( 'NONE', #6721 ) ;
#8323 = VECTOR ( 'NONE', #9744, 1000.000000000000000 ) ;
#8324 = VECTOR ( 'NONE', #5760, 1000.000000000000000 ) ;
#8325 = ORIENTED_EDGE ( 'NONE', *, *, #3141, .F. ) ;
#8326 = EDGE_CURVE ( 'NONE', #8831, #3815, #310, .T. ) ;
#8327 = EDGE_CURVE ( 'NONE', #3990, #2310, #4299, .T. ) ;
#8328 = DIRECTION ( 'NONE',  ( 0.000000000000000000, 0.000000000000000000, 1.000000000000000000 ) ) ;
#8329 = EDGE_CURVE ( 'NONE', #7270, #4967, #2094, .T. ) ;
#8330 = FILL_AREA_STYLE_COLOUR ( '', #7557 ) ;
#8331 = EDGE_LOOP ( 'NONE', ( #2468, #2878, #1972, #9186 ) ) ;
#8332 = ORIENTED_EDGE ( 'NONE', *, *, #6674, .F. ) ;
#8333 = PLANE ( 'NONE',  #4316 ) ;
#8334 = CARTESIAN_POINT ( 'NONE',  ( -2.399999999999999911, 0.1999999999999996503, -2.400000000000000355 ) ) ;
#8335 = ORIENTED_EDGE ( 'NONE', *, *, #54, .T. ) ;
#8336 = VECTOR ( 'NONE', #1021, 1000.000000000000000 ) ;
#8337 = CARTESIAN_POINT ( 'NONE',  ( 3.000000000000000000, 0.000000000000000000, -1.149999999999999467 ) ) ;
#8338 = VECTOR ( 'NONE', #6697, 1000.000000000000000 ) ;
#8339 = SURFACE_STYLE_FILL_AREA ( #9835 ) ;
#8340 = UNCERTAINTY_MEASURE_WITH_UNIT (LENGTH_MEASURE( 1.000000000000000082E-05 ), #489, 'distance_accuracy_value', 'NONE');
#8341 = LINE ( 'NONE', #2948, #2429 ) ;
#8342 = ADVANCED_FACE ( 'NONE', ( #6060 ), #8123, .F. ) ;
#8343 = ORIENTED_EDGE ( 'NONE', *, *, #1802, .F. ) ;
#8344 = CARTESIAN_POINT ( 'NONE',  ( 1.949999999999999956, 0.04999999999999999584, 2.599999999999999645 ) ) ;
#8345 = AXIS2_PLACEMENT_3D ( 'NONE', #5539, #7195, #6381 ) ;
#8346 = DIRECTION ( 'NONE',  ( -0.000000000000000000, -1.000000000000000000, -0.000000000000000000 ) ) ;
#8347 = VERTEX_POINT ( 'NONE', #226 ) ;
#8348 = VERTEX_POINT ( 'NONE', #3831 ) ;
#8349 = VECTOR ( 'NONE', #8243, 1000.000000000000000 ) ;
#8350 = CYLINDRICAL_SURFACE ( 'NONE', #9395, 0.1499999999999999667 ) ;
#8351 = DIRECTION ( 'NONE',  ( 0.000000000000000000, -1.000000000000000000, 0.000000000000000000 ) ) ;
#8352 = LINE ( 'NONE', #3102, #3544 ) ;
#8353 = DIRECTION ( 'NONE',  ( 0.000000000000000000, 0.000000000000000000, -1.000000000000000000 ) ) ;
#8354 = COLOUR_RGB ( '',0.7921568627450980005, 0.8196078431372548767, 0.9333333333333333481 ) ;
#8355 = ORIENTED_EDGE ( 'NONE', *, *, #7314, .F. ) ;
#8356 = PRESENTATION_LAYER_ASSIGNMENT (  '', '', ( #7073 ) ) ;
#8357 = EDGE_CURVE ( 'NONE', #4384, #1261, #4463, .T. ) ;
#8358 = PLANE ( 'NONE',  #6308 ) ;
#8359 = CARTESIAN_POINT ( 'NONE',  ( -0.1499999999999999667, 0.7000000000000003997, 3.000000000000000000 ) ) ;
#8360 = VECTOR ( 'NONE', #4019, 1000.000000000000000 ) ;
#8361 = EDGE_CURVE ( 'NONE', #2332, #5385, #924, .T. ) ;
#8362 = LINE ( 'NONE', #818, #7449 ) ;
#8363 = ORIENTED_EDGE ( 'NONE', *, *, #4844, .T. ) ;
#8364 = DIRECTION ( 'NONE',  ( 1.000000000000000000, 0.000000000000000000, -1.734723475976805714E-15 ) ) ;
#8365 = CARTESIAN_POINT ( 'NONE',  ( -1.800000000000000044, 0.04999999999999999584, 3.000000000000000000 ) ) ;
#8366 = ORIENTED_EDGE ( 'NONE', *, *, #630, .F. ) ;
#8367 = LINE ( 'NONE', #3676, #1833 ) ;
#8368 = ORIENTED_EDGE ( 'NONE', *, *, #3461, .T. ) ;
#8369 = FACE_OUTER_BOUND ( 'NONE', #7367, .T. ) ;
#8370 = ORIENTED_EDGE ( 'NONE', *, *, #7196, .T. ) ;
#8371 = EDGE_CURVE ( 'NONE', #8873, #585, #7725, .T. ) ;
#8372 = PLANE ( 'NONE',  #5689 ) ;
#8373 = DIRECTION ( 'NONE',  ( 1.734723475976805517E-15, 0.000000000000000000, -1.000000000000000000 ) ) ;
#8374 = CYLINDRICAL_SURFACE ( 'NONE', #356, 0.1499999999999999667 ) ;
#8375 = CARTESIAN_POINT ( 'NONE',  ( 3.000000000000000000, 0.1999999999999999833, -0.4999999999999995559 ) ) ;
#8376 = ADVANCED_FACE ( 'NONE', ( #881 ), #5468, .F. ) ;
#8377 = ORIENTED_EDGE ( 'NONE', *, *, #5636, .F. ) ;
#8378 = ORIENTED_EDGE ( 'NONE', *, *, #1197, .F. ) ;
#8379 = CARTESIAN_POINT ( 'NONE',  ( -3.000000000000000000, 0.05000000000000000278, 3.000000000000000444 ) ) ;
#8380 = VERTEX_POINT ( 'NONE', #6964 ) ;
#8381 = ORIENTED_EDGE ( 'NONE', *, *, #5008, .F. ) ;
#8382 = DIRECTION ( 'NONE',  ( -0.000000000000000000, -0.000000000000000000, -1.000000000000000000 ) ) ;
#8383 = CARTESIAN_POINT ( 'NONE',  ( -0.5000000000000000000, 0.2000000000000000111, -2.750000000000000000 ) ) ;
#8384 = ORIENTED_EDGE ( 'NONE', *, *, #4261, .F. ) ;
#8385 = CARTESIAN_POINT ( 'NONE',  ( 2.399999999999999911, 0.1999999999999996503, 2.299999999999999378 ) ) ;
#8386 = EDGE_CURVE ( 'NONE', #614, #5092, #7017, .T. ) ;
#8387 = DIRECTION ( 'NONE',  ( 0.000000000000000000, -1.000000000000000000, 0.000000000000000000 ) ) ;
#8388 = ADVANCED_FACE ( 'NONE', ( #7820 ), #1584, .T. ) ;
#8389 = ORIENTED_EDGE ( 'NONE', *, *, #976, .T. ) ;
#8390 = FACE_OUTER_BOUND ( 'NONE', #2813, .T. ) ;
#8391 = DIRECTION ( 'NONE',  ( 0.000000000000000000, 0.000000000000000000, -1.000000000000000000 ) ) ;
#8392 = ORIENTED_EDGE ( 'NONE', *, *, #1867, .F. ) ;
#8393 = EDGE_LOOP ( 'NONE', ( #1810, #8408, #7631, #5962 ) ) ;
#8394 = CLOSED_SHELL ( 'NONE', ( #7516, #3304, #9436, #2222, #4322, #2775, #5599 ) ) ;
#8395 = DIRECTION ( 'NONE',  ( 0.000000000000000000, 0.000000000000000000, 1.000000000000000000 ) ) ;
#8396 = CARTESIAN_POINT ( 'NONE',  ( 2.100000000000000089, 0.7000000000000006217, 2.750000000000000000 ) ) ;
#8397 = DIRECTION ( 'NONE',  ( 1.000000000000000000, 0.000000000000000000, 1.734723475976805714E-15 ) ) ;
#8398 = EDGE_CURVE ( 'NONE', #6244, #7038, #6110, .T. ) ;
#8399 = DIRECTION ( 'NONE',  ( -1.000000000000000000, 0.000000000000000000, 1.734723475976805714E-15 ) ) ;
#8400 = AXIS2_PLACEMENT_3D ( 'NONE', #17, #2266, #8957 ) ;
#8401 = EDGE_LOOP ( 'NONE', ( #345, #3424, #4955, #3965 ) ) ;
#8402 = DIRECTION ( 'NONE',  ( 0.000000000000000000, 1.000000000000000000, 0.000000000000000000 ) ) ;
#8403 = FACE_OUTER_BOUND ( 'NONE', #1384, .T. ) ;
#8404 = CYLINDRICAL_SURFACE ( 'NONE', #113, 0.1499999999999997446 ) ;
#8405 = VERTEX_POINT ( 'NONE', #1684 ) ;
#8406 = EDGE_CURVE ( 'NONE', #1886, #2139, #1635, .T. ) ;
#8407 = FACE_OUTER_BOUND ( 'NONE', #6561, .T. ) ;
#8408 = ORIENTED_EDGE ( 'NONE', *, *, #8829, .T. ) ;
#8409 = DIRECTION ( 'NONE',  ( -0.000000000000000000, -1.000000000000000000, -0.000000000000000000 ) ) ;
#8410 = VECTOR ( 'NONE', #8666, 1000.000000000000000 ) ;
#8411 = ORIENTED_EDGE ( 'NONE', *, *, #9064, .F. ) ;
#8412 = EDGE_CURVE ( 'NONE', #7576, #9431, #9402, .T. ) ;
#8413 = CARTESIAN_POINT ( 'NONE',  ( -2.750000000000000000, 0.05000000000000002359, 1.450000000000000400 ) ) ;
#8414 = ORIENTED_EDGE ( 'NONE', *, *, #3856, .T. ) ;
#8415 =( NAMED_UNIT ( * ) SI_UNIT ( $, .STERADIAN. ) SOLID_ANGLE_UNIT ( ) );
#8416 = CARTESIAN_POINT ( 'NONE',  ( -1.300000000000000044, 0.2000000000000000111, 2.750000000000000000 ) ) ;
#8417 = CARTESIAN_POINT ( 'NONE',  ( 3.000000000000000000, 0.7000000000000000666, 0.1500000000000003830 ) ) ;
#8418 = CARTESIAN_POINT ( 'NONE',  ( -2.750000000000000000, 0.1999999999999999833, 0.6500000000000005773 ) ) ;
#8419 = LINE ( 'NONE', #5418, #1430 ) ;
#8420 = ORIENTED_EDGE ( 'NONE', *, *, #80, .T. ) ;
#8421 = EDGE_CURVE ( 'NONE', #7729, #1696, #9260, .T. ) ;
#8422 = ORIENTED_EDGE ( 'NONE', *, *, #8663, .F. ) ;
#8423 = CARTESIAN_POINT ( 'NONE',  ( -2.399999999999999911, 0.000000000000000000, -2.400000000000000355 ) ) ;
#8424 = SURFACE_STYLE_FILL_AREA ( #3938 ) ;
#8425 = VERTEX_POINT ( 'NONE', #6923 ) ;
#8426 = EDGE_LOOP ( 'NONE', ( #7138, #9399, #9801, #9266 ) ) ;
#8427 = LINE ( 'NONE', #5480, #1613 ) ;
#8428 = DIRECTION ( 'NONE',  ( 0.000000000000000000, 0.000000000000000000, 1.000000000000000000 ) ) ;
#8429 = ORIENTED_EDGE ( 'NONE', *, *, #9361, .F. ) ;
#8430 = DIRECTION ( 'NONE',  ( 1.000000000000000000, 0.000000000000000000, -1.734723475976805714E-15 ) ) ;
#8431 = DIRECTION ( 'NONE',  ( 1.734723475976805714E-15, 0.000000000000000000, 1.000000000000000000 ) ) ;
#8432 = UNCERTAINTY_MEASURE_WITH_UNIT (LENGTH_MEASURE( 1.000000000000000082E-05 ), #8764, 'distance_accuracy_value', 'NONE');
#8433 = VECTOR ( 'NONE', #931, 1000.000000000000000 ) ;
#8434 = VERTEX_POINT ( 'NONE', #2371 ) ;
#8435 = DIRECTION ( 'NONE',  ( 0.000000000000000000, -1.000000000000000000, 0.000000000000000000 ) ) ;
#8436 = EDGE_CURVE ( 'NONE', #5640, #5148, #2425, .T. ) ;
#8437 = CARTESIAN_POINT ( 'NONE',  ( 0.5000000000000000000, 0.7000000000000003997, -3.000000000000000000 ) ) ;
#8438 = ORIENTED_EDGE ( 'NONE', *, *, #2595, .F. ) ;
#8439 = ORIENTED_EDGE ( 'NONE', *, *, #2463, .T. ) ;
#8440 = VECTOR ( 'NONE', #996, 1000.000000000000000 ) ;
#8441 = ADVANCED_FACE ( 'NONE', ( #6257 ), #9312, .T. ) ;
#8442 = ADVANCED_FACE ( 'NONE', ( #7620 ), #8561, .T. ) ;
#8443 = AXIS2_PLACEMENT_3D ( 'NONE', #9833, #6071, #9684 ) ;
#8444 = AXIS2_PLACEMENT_3D ( 'NONE', #5872, #2101, #8186 ) ;
#8445 = CARTESIAN_POINT ( 'NONE',  ( -2.750000000000000000, 0.7000000000000000666, 0.8000000000000003775 ) ) ;
#8446 = CARTESIAN_POINT ( 'NONE',  ( 0.4999999999999995559, 0.7000000000000003997, 2.750000000000000000 ) ) ;
#8447 = FACE_OUTER_BOUND ( 'NONE', #7427, .T. ) ;
#8448 = ORIENTED_EDGE ( 'NONE', *, *, #9811, .T. ) ;
#8449 = VECTOR ( 'NONE', #7475, 1000.000000000000000 ) ;
#8450 = VECTOR ( 'NONE', #6564, 1000.000000000000000 ) ;
#8451 = VECTOR ( 'NONE', #9110, 1000.000000000000000 ) ;
#8452 = FACE_OUTER_BOUND ( 'NONE', #5532, .T. ) ;
#8453 = CARTESIAN_POINT ( 'NONE',  ( -3.000000000000000000, 0.1999999999999999833, 0.8000000000000003775 ) ) ;
#8454 = ADVANCED_FACE ( 'NONE', ( #82 ), #5323, .T. ) ;
#8455 = VECTOR ( 'NONE', #3344, 1000.000000000000000 ) ;
#8456 = CARTESIAN_POINT ( 'NONE',  ( -0.5000000000000000000, 0.000000000000000000, -3.000000000000000000 ) ) ;
#8457 = ORIENTED_EDGE ( 'NONE', *, *, #1763, .T. ) ;
#8458 = CIRCLE ( 'NONE', #2398, 0.09999999999999982514 ) ;
#8459 = LINE ( 'NONE', #5262, #52 ) ;
#8460 = ORIENTED_EDGE ( 'NONE', *, *, #4264, .F. ) ;
#8461 = CARTESIAN_POINT ( 'NONE',  ( -3.000000000000000000, 10.48528137423857132, 3.000000000000000444 ) ) ;
#8462 = LINE ( 'NONE', #7008, #9782 ) ;
#8464 = EDGE_LOOP ( 'NONE', ( #4869, #3129, #5825, #1941 ) ) ;
#8463 = AXIS2_PLACEMENT_3D ( 'NONE', #2200, #1400, #2989 ) ;
#8465 = EDGE_CURVE ( 'NONE', #936, #1231, #6153, .T. ) ;
#8466 = SURFACE_STYLE_USAGE ( .BOTH. , #7766 ) ;
#8467 = PLANE ( 'NONE',  #8939 ) ;
#8468 = PLANE ( 'NONE',  #2554 ) ;
#8469 = ADVANCED_FACE ( 'NONE', ( #5416 ), #8468, .T. ) ;
#8470 = FACE_OUTER_BOUND ( 'NONE', #1151, .T. ) ;
#8471 = DIRECTION ( 'NONE',  ( 0.000000000000000000, -1.000000000000000000, 0.000000000000000000 ) ) ;
#8472 = ORIENTED_EDGE ( 'NONE', *, *, #4290, .F. ) ;
#8473 = ORIENTED_EDGE ( 'NONE', *, *, #1233, .T. ) ;
#8474 = CARTESIAN_POINT ( 'NONE',  ( -2.538461538461538769, 0.9000000000000000222, -2.538461538461538769 ) ) ;
#8475 = VECTOR ( 'NONE', #1236, 1000.000000000000000 ) ;
#8476 = CARTESIAN_POINT ( 'NONE',  ( -1.949999999999999956, 0.1999999999999999833, -2.750000000000000000 ) ) ;
#8477 = ORIENTED_EDGE ( 'NONE', *, *, #1114, .T. ) ;
#8478 = VERTEX_POINT ( 'NONE', #5013 ) ;
#8479 = CARTESIAN_POINT ( 'NONE',  ( -1.949999999999999956, 0.04999999999999999584, 2.750000000000000000 ) ) ;
#8480 = CARTESIAN_POINT ( 'NONE',  ( 2.299999999999999822, 0.000000000000000000, 2.299999999999999378 ) ) ;
#8481 = EDGE_CURVE ( 'NONE', #578, #1545, #8019, .T. ) ;
#8482 = VERTEX_POINT ( 'NONE', #1837 ) ;
#8483 = CARTESIAN_POINT ( 'NONE',  ( -3.000000000000000000, 0.7000000000000000666, -0.7999999999999994893 ) ) ;
#8484 = SURFACE_SIDE_STYLE ('',( #2537 ) ) ;
#8485 = AXIS2_PLACEMENT_3D ( 'NONE', #9313, #2473, #6061 ) ;
#8486 = ORIENTED_EDGE ( 'NONE', *, *, #3627, .F. ) ;
#8487 = CARTESIAN_POINT ( 'NONE',  ( 3.000000000000000000, 0.2000000000000005107, 0.5000000000000004441 ) ) ;
#8488 = DIRECTION ( 'NONE',  ( -1.734723475976805714E-15, 0.000000000000000000, 1.000000000000000000 ) ) ;
#8489 = ORIENTED_EDGE ( 'NONE', *, *, #8884, .T. ) ;
#8490 = ORIENTED_EDGE ( 'NONE', *, *, #7179, .F. ) ;
#8491 = VECTOR ( 'NONE', #6607, 1000.000000000000000 ) ;
#8492 = DIRECTION ( 'NONE',  ( -0.000000000000000000, -1.000000000000000000, -0.000000000000000000 ) ) ;
#8493 = EDGE_CURVE ( 'NONE', #2588, #6767, #5559, .T. ) ;
#8494 = LINE ( 'NONE', #8541, #7657 ) ;
#8495 = DIRECTION ( 'NONE',  ( -1.000000000000000000, 0.000000000000000000, 0.000000000000000000 ) ) ;
#8496 = EDGE_CURVE ( 'NONE', #6515, #9058, #1985, .T. ) ;
#8497 = ORIENTED_EDGE ( 'NONE', *, *, #1686, .F. ) ;
#8498 = VECTOR ( 'NONE', #499, 1000.000000000000000 ) ;
#8499 = FILL_AREA_STYLE_COLOUR ( '', #6010 ) ;
#8500 = VECTOR ( 'NONE', #6280, 1000.000000000000000 ) ;
#8501 = LINE ( 'NONE', #4656, #4255 ) ;
#8502 = DIRECTION ( 'NONE',  ( 0.000000000000000000, 0.000000000000000000, -1.000000000000000000 ) ) ;
#8503 =( GEOMETRIC_REPRESENTATION_CONTEXT ( 3 ) GLOBAL_UNCERTAINTY_ASSIGNED_CONTEXT ( ( #2947 ) ) GLOBAL_UNIT_ASSIGNED_CONTEXT ( ( #2991, #7587, #6277 ) ) REPRESENTATION_CONTEXT ( 'NONE', 'WORKASPACE' ) );
#8504 = PLANE ( 'NONE',  #9531 ) ;
#8505 = ORIENTED_EDGE ( 'NONE', *, *, #9559, .T. ) ;
#8506 = CARTESIAN_POINT ( 'NONE',  ( -3.000000000000000000, 0.1999999999999999833, 1.450000000000000400 ) ) ;
#8507 = CARTESIAN_POINT ( 'NONE',  ( -1.949999999999999956, 0.2000000000000000111, -2.750000000000000000 ) ) ;
#8508 = EDGE_CURVE ( 'NONE', #9309, #6335, #7308, .T. ) ;
#8509 = ORIENTED_EDGE ( 'NONE', *, *, #1129, .T. ) ;
#8510 = DIRECTION ( 'NONE',  ( 0.000000000000000000, 0.000000000000000000, 1.000000000000000000 ) ) ;
#8511 = EDGE_CURVE ( 'NONE', #6524, #2254, #470, .T. ) ;
#8512 = LINE ( 'NONE', #920, #1205 ) ;
#8513 = ORIENTED_EDGE ( 'NONE', *, *, #1377, .T. ) ;
#8514 = AXIS2_PLACEMENT_3D ( 'NONE', #1631, #7109, #122 ) ;
#8515 = PLANE ( 'NONE',  #2241 ) ;
#8516 = LINE ( 'NONE', #3166, #759 ) ;
#8517 = CARTESIAN_POINT ( 'NONE',  ( -1.949999999999999956, 0.04999999999999999584, 2.750000000000000000 ) ) ;
#8518 = CARTESIAN_POINT ( 'NONE',  ( 2.399999999999999911, 0.1999999999999996503, 2.300000000000000266 ) ) ;
#8519 = CARTESIAN_POINT ( 'NONE',  ( -3.000000000000000000, 0.05000000000000000278, 3.000000000000000444 ) ) ;
#8520 = EDGE_CURVE ( 'NONE', #9336, #893, #7918, .T. ) ;
#8521 = VERTEX_POINT ( 'NONE', #1178 ) ;
#8522 = PLANE ( 'NONE',  #6796 ) ;
#8523 = ORIENTED_EDGE ( 'NONE', *, *, #1767, .F. ) ;
#8524 = DIRECTION ( 'NONE',  ( 1.000000000000000000, 0.000000000000000000, 1.734723475976805714E-15 ) ) ;
#8525 = ORIENTED_EDGE ( 'NONE', *, *, #2399, .F. ) ;
#8526 = ORIENTED_EDGE ( 'NONE', *, *, #2375, .T. ) ;
#8527 = DIRECTION ( 'NONE',  ( -0.000000000000000000, -1.000000000000000000, -0.000000000000000000 ) ) ;
#8528 = DIRECTION ( 'NONE',  ( 0.000000000000000000, 0.000000000000000000, 1.000000000000000000 ) ) ;
#8529 = ORIENTED_EDGE ( 'NONE', *, *, #1907, .F. ) ;
#8530 = LINE ( 'NONE', #2442, #5877 ) ;
#8531 = ADVANCED_FACE ( 'NONE', ( #6349 ), #8668, .F. ) ;
#8532 = UNCERTAINTY_MEASURE_WITH_UNIT (LENGTH_MEASURE( 1.000000000000000082E-05 ), #4469, 'distance_accuracy_value', 'NONE');
#8533 = AXIS2_PLACEMENT_3D ( 'NONE', #2367, #9256, #2418 ) ;
#8534 = EDGE_CURVE ( 'NONE', #1507, #7497, #2393, .T. ) ;
#8535 = ORIENTED_EDGE ( 'NONE', *, *, #6929, .T. ) ;
#8536 = PLANE ( 'NONE',  #8808 ) ;
#8537 = DIRECTION ( 'NONE',  ( -1.000000000000000000, 0.000000000000000000, -1.734723475976805714E-15 ) ) ;
#8538 = ORIENTED_EDGE ( 'NONE', *, *, #4089, .T. ) ;
#8539 = ORIENTED_EDGE ( 'NONE', *, *, #195, .T. ) ;
#8540 = DIRECTION ( 'NONE',  ( 0.000000000000000000, 0.000000000000000000, 1.000000000000000000 ) ) ;
#8541 = CARTESIAN_POINT ( 'NONE',  ( -3.000000000000000000, 0.1999999999999999833, 0.8000000000000003775 ) ) ;
#8542 = ORIENTED_EDGE ( 'NONE', *, *, #6477, .T. ) ;
#8543 =( LENGTH_UNIT ( ) NAMED_UNIT ( * ) SI_UNIT ( .MILLI., .METRE. ) );
#8544 = EDGE_CURVE ( 'NONE', #2182, #3940, #4222, .T. ) ;
#8545 = CARTESIAN_POINT ( 'NONE',  ( 2.399999999999999911, 0.1999999999999996503, -2.399999999999999911 ) ) ;
#8546 = CLOSED_SHELL ( 'NONE', ( #8742, #7244, #2730, #5992, #2896, #3409 ) ) ;
#8547 = CARTESIAN_POINT ( 'NONE',  ( 2.750000000000000000, 0.7000000000000000666, 0.5000000000000008882 ) ) ;
#8548 = ADVANCED_FACE ( 'NONE', ( #2521 ), #5759, .T. ) ;
#8549 = FACE_OUTER_BOUND ( 'NONE', #7973, .T. ) ;
#8550 = ORIENTED_EDGE ( 'NONE', *, *, #5513, .F. ) ;
#8551 = FACE_OUTER_BOUND ( 'NONE', #5984, .T. ) ;
#8552 = ORIENTED_EDGE ( 'NONE', *, *, #6072, .T. ) ;
#8553 = CARTESIAN_POINT ( 'NONE',  ( 2.750000000000000000, 0.000000000000000000, 2.100000000000000089 ) ) ;
#8554 = LINE ( 'NONE', #6199, #6779 ) ;
#8555 = VERTEX_POINT ( 'NONE', #1223 ) ;
#8556 = ADVANCED_FACE ( 'NONE', ( #7871 ), #4913, .T. ) ;
#8557 = SURFACE_STYLE_USAGE ( .BOTH. , #2279 ) ;
#8558 = EDGE_CURVE ( 'NONE', #985, #8347, #7115, .T. ) ;
#8559 = ADVANCED_FACE ( 'NONE', ( #3315 ), #1931, .F. ) ;
#8560 = CARTESIAN_POINT ( 'NONE',  ( 2.299999999999999822, 6.988225099390855455, -2.299999999999999822 ) ) ;
#8561 = PLANE ( 'NONE',  #1123 ) ;
#8562 = VECTOR ( 'NONE', #2128, 1000.000000000000000 ) ;
#8563 = CARTESIAN_POINT ( 'NONE',  ( 2.100000000000000089, 0.2000000000000000111, 3.000000000000000000 ) ) ;
#8564 = PLANE ( 'NONE',  #1908 ) ;
#8565 = ORIENTED_EDGE ( 'NONE', *, *, #3236, .F. ) ;
#8566 = DIRECTION ( 'NONE',  ( -1.000000000000000000, 0.000000000000000000, 7.228014483236695816E-17 ) ) ;
#8567 = EDGE_LOOP ( 'NONE', ( #6128, #172, #2661, #2790 ) ) ;
#8568 = AXIS2_PLACEMENT_3D ( 'NONE', #6189, #9250, #5453 ) ;
#8569 = DIRECTION ( 'NONE',  ( 1.000000000000000000, 0.000000000000000000, 0.000000000000000000 ) ) ;
#8570 = EDGE_CURVE ( 'NONE', #2732, #2633, #7503, .T. ) ;
#8571 = CARTESIAN_POINT ( 'NONE',  ( -3.000000000000000000, 0.000000000000000000, 0.1500000000000003830 ) ) ;
#8572 = VERTEX_POINT ( 'NONE', #4866 ) ;
#8573 = ORIENTED_EDGE ( 'NONE', *, *, #3674, .F. ) ;
#8574 = EDGE_CURVE ( 'NONE', #3411, #5339, #4123, .T. ) ;
#8575 = FACE_OUTER_BOUND ( 'NONE', #3808, .T. ) ;
#8576 = CARTESIAN_POINT ( 'NONE',  ( 3.000000000000000000, 0.7000000000000000666, -2.099999999999999645 ) ) ;
#8577 = DIRECTION ( 'NONE',  ( 0.000000000000000000, 0.000000000000000000, -1.000000000000000000 ) ) ;
#8578 = EDGE_LOOP ( 'NONE', ( #4241, #839, #7720, #4654 ) ) ;
#8579 = CARTESIAN_POINT ( 'NONE',  ( -0.1500000000000000222, 0.1999999999999999833, -3.000000000000000000 ) ) ;
#8580 = DIRECTION ( 'NONE',  ( 0.000000000000000000, 0.000000000000000000, -1.000000000000000000 ) ) ;
#8581 = VERTEX_POINT ( 'NONE', #3368 ) ;
#8582 = DIRECTION ( 'NONE',  ( -0.000000000000000000, -1.000000000000000000, -0.000000000000000000 ) ) ;
#8583 = CARTESIAN_POINT ( 'NONE',  ( -1.300000000000000044, 0.000000000000000000, 2.750000000000000000 ) ) ;
#8584 = EDGE_LOOP ( 'NONE', ( #4005, #2887, #9351, #2006 ) ) ;
#8585 = ORIENTED_EDGE ( 'NONE', *, *, #8046, .F. ) ;
#8586 = CARTESIAN_POINT ( 'NONE',  ( -0.5000000000000000000, 0.000000000000000000, 3.000000000000000000 ) ) ;
#8587 = DIRECTION ( 'NONE',  ( 0.000000000000000000, -0.000000000000000000, 1.000000000000000000 ) ) ;
#8588 = AXIS2_PLACEMENT_3D ( 'NONE', #7186, #2691, #1148 ) ;
#8589 = ADVANCED_FACE ( 'NONE', ( #7217 ), #6401, .T. ) ;
#8590 = DIRECTION ( 'NONE',  ( 0.000000000000000000, 0.000000000000000000, 1.000000000000000000 ) ) ;
#8591 = ORIENTED_EDGE ( 'NONE', *, *, #5029, .F. ) ;
#8592 =( NAMED_UNIT ( * ) PLANE_ANGLE_UNIT ( ) SI_UNIT ( $, .RADIAN. ) );
#8593 = DIRECTION ( 'NONE',  ( 0.000000000000000000, 1.000000000000000000, 0.000000000000000000 ) ) ;
#8594 = AXIS2_PLACEMENT_3D ( 'NONE', #2199, #5232, #745 ) ;
#8595 = VECTOR ( 'NONE', #1715, 1000.000000000000000 ) ;
#8596 = CARTESIAN_POINT ( 'NONE',  ( -2.399999999999999911, 6.988225099390855455, -2.400000000000000355 ) ) ;
#8597 = PLANE ( 'NONE',  #9203 ) ;
#8598 = ORIENTED_EDGE ( 'NONE', *, *, #520, .F. ) ;
#8599 = EDGE_CURVE ( 'NONE', #4880, #5420, #3805, .T. ) ;
#8600 = VECTOR ( 'NONE', #5276, 1000.000000000000000 ) ;
#8601 = PLANE ( 'NONE',  #1640 ) ;
#8602 = AXIS2_PLACEMENT_3D ( 'NONE', #9773, #1490, #2930 ) ;
#8603 = MECHANICAL_DESIGN_GEOMETRIC_PRESENTATION_REPRESENTATION (  '', ( #4612 ), #5567 ) ;
#8604 = ORIENTED_EDGE ( 'NONE', *, *, #3551, .F. ) ;
#8605 = DIRECTION ( 'NONE',  ( 0.000000000000000000, 0.000000000000000000, 1.000000000000000000 ) ) ;
#8606 = LINE ( 'NONE', #6960, #2472 ) ;
#8607 = ORIENTED_EDGE ( 'NONE', *, *, #9387, .T. ) ;
#8608 =( GEOMETRIC_REPRESENTATION_CONTEXT ( 3 ) GLOBAL_UNCERTAINTY_ASSIGNED_CONTEXT ( ( #6634 ) ) GLOBAL_UNIT_ASSIGNED_CONTEXT ( ( #7310, #2676, #325 ) ) REPRESENTATION_CONTEXT ( 'NONE', 'WORKASPACE' ) );
#8609 = AXIS2_PLACEMENT_3D ( 'NONE', #2727, #9565, #8713 ) ;
#8610 = DIRECTION ( 'NONE',  ( 1.734723475976805714E-15, 0.000000000000000000, -1.000000000000000000 ) ) ;
#8611 = VECTOR ( 'NONE', #8382, 1000.000000000000000 ) ;
#8612 = CYLINDRICAL_SURFACE ( 'NONE', #1069, 0.09999999999999982514 ) ;
#8613 = ORIENTED_EDGE ( 'NONE', *, *, #5450, .T. ) ;
#8614 = CARTESIAN_POINT ( 'NONE',  ( -3.000000000000000000, 0.7000000000000000666, -0.7999999999999994893 ) ) ;
#8615 = CARTESIAN_POINT ( 'NONE',  ( -3.000000000000000000, 0.1999999999999999833, -0.4999999999999995559 ) ) ;
#8616 = CARTESIAN_POINT ( 'NONE',  ( 0.6500000000000000222, 0.04999999999999999584, -2.750000000000000000 ) ) ;
#8617 = ORIENTED_EDGE ( 'NONE', *, *, #4579, .F. ) ;
#8618 = AXIS2_PLACEMENT_3D ( 'NONE', #7836, #3137, #1746 ) ;
#8619 = EDGE_CURVE ( 'NONE', #6767, #2645, #6845, .T. ) ;
#8620 = CIRCLE ( 'NONE', #4474, 0.1499999999999997446 ) ;
#8621 = LINE ( 'NONE', #6405, #4716 ) ;
#8622 = ORIENTED_EDGE ( 'NONE', *, *, #6725, .T. ) ;
#8623 = CYLINDRICAL_SURFACE ( 'NONE', #9389, 0.1499999999999997446 ) ;
#8624 = ORIENTED_EDGE ( 'NONE', *, *, #223, .T. ) ;
#8625 = ORIENTED_EDGE ( 'NONE', *, *, #379, .T. ) ;
#8626 = CARTESIAN_POINT ( 'NONE',  ( -1.800000000000000044, 0.1999999999999999833, -2.750000000000000000 ) ) ;
#8627 = CARTESIAN_POINT ( 'NONE',  ( 0.6500000000000000222, 0.7000000000000003997, 2.750000000000000000 ) ) ;
#8628 = DIRECTION ( 'NONE',  ( 1.000000000000000000, 0.000000000000000000, -1.734723475976805714E-15 ) ) ;
#8629 = ORIENTED_EDGE ( 'NONE', *, *, #6180, .T. ) ;
#8630 = CARTESIAN_POINT ( 'NONE',  ( 3.000000000000000000, 0.05000000000000000278, 3.000000000000000000 ) ) ;
#8631 = CARTESIAN_POINT ( 'NONE',  ( -3.000000000000000000, 0.1999999999999999833, 0.1500000000000003830 ) ) ;
#8632 = EDGE_CURVE ( 'NONE', #5899, #2491, #8781, .T. ) ;
#8633 = EDGE_CURVE ( 'NONE', #7282, #5168, #7182, .T. ) ;
#8634 = ADVANCED_FACE ( 'NONE', ( #6086 ), #3860, .F. ) ;
#8635 = AXIS2_PLACEMENT_3D ( 'NONE', #2024, #8252, #8207 ) ;
#8636 = ORIENTED_EDGE ( 'NONE', *, *, #4952, .T. ) ;
#8637 = CARTESIAN_POINT ( 'NONE',  ( -1.450000000000000400, 0.2000000000000000111, -2.750000000000000000 ) ) ;
#8638 = VECTOR ( 'NONE', #4398, 1000.000000000000000 ) ;
#8639 = DIRECTION ( 'NONE',  ( 0.000000000000000000, 1.000000000000000000, 0.000000000000000000 ) ) ;
#8640 = ORIENTED_EDGE ( 'NONE', *, *, #4668, .F. ) ;
#8641 = ORIENTED_EDGE ( 'NONE', *, *, #6157, .T. ) ;
#8642 = DIRECTION ( 'NONE',  ( 1.000000000000000000, -0.000000000000000000, 0.000000000000000000 ) ) ;
#8643 = FACE_OUTER_BOUND ( 'NONE', #3157, .T. ) ;
#8644 = AXIS2_PLACEMENT_3D ( 'NONE', #8056, #8747, #7402 ) ;
#8645 = CARTESIAN_POINT ( 'NONE',  ( 3.000000000000000000, 0.000000000000000000, -1.449999999999999512 ) ) ;
#8646 = CARTESIAN_POINT ( 'NONE',  ( 0.1500000000000001887, 0.2000000000000000111, 2.750000000000000000 ) ) ;
#8647 = ORIENTED_EDGE ( 'NONE', *, *, #4168, .F. ) ;
#8648 = EDGE_CURVE ( 'NONE', #2061, #3133, #2821, .T. ) ;
#8649 = DIRECTION ( 'NONE',  ( 0.000000000000000000, -1.000000000000000000, 0.000000000000000000 ) ) ;
#8650 = AXIS2_PLACEMENT_3D ( 'NONE', #2898, #3555, #2111 ) ;
#8651 = LINE ( 'NONE', #8545, #6312 ) ;
#8652 = AXIS2_PLACEMENT_3D ( 'NONE', #1077, #8669, #7069 ) ;
#8653 = CARTESIAN_POINT ( 'NONE',  ( -2.538461538461538769, 1.000000000000000000, -2.538461538461538769 ) ) ;
#8654 = FACE_OUTER_BOUND ( 'NONE', #1309, .T. ) ;
#8655 = ORIENTED_EDGE ( 'NONE', *, *, #2719, .F. ) ;
#8656 = CARTESIAN_POINT ( 'NONE',  ( 2.750000000000000000, 0.000000000000000000, -1.449999999999999067 ) ) ;
#8657 = AXIS2_PLACEMENT_3D ( 'NONE', #4371, #574, #3621 ) ;
#8658 = VERTEX_POINT ( 'NONE', #3050 ) ;
#8659 = CARTESIAN_POINT ( 'NONE',  ( 0.000000000000000000, 0.000000000000000000, -2.750000000000000000 ) ) ;
#8660 = EDGE_CURVE ( 'NONE', #2305, #92, #4651, .T. ) ;
#8661 = DIRECTION ( 'NONE',  ( -0.000000000000000000, -1.000000000000000000, -0.000000000000000000 ) ) ;
#8662 = VERTEX_POINT ( 'NONE', #6606 ) ;
#8663 = EDGE_CURVE ( 'NONE', #7576, #5601, #524, .T. ) ;
#8664 = CARTESIAN_POINT ( 'NONE',  ( -1.949999999999999956, 0.2000000000000000111, -2.750000000000000000 ) ) ;
#8665 = VECTOR ( 'NONE', #7641, 1000.000000000000000 ) ;
#8666 = DIRECTION ( 'NONE',  ( -0.000000000000000000, -1.000000000000000000, -0.000000000000000000 ) ) ;
#8667 = ORIENTED_EDGE ( 'NONE', *, *, #945, .F. ) ;
#8668 = PLANE ( 'NONE',  #5103 ) ;
#8669 = DIRECTION ( 'NONE',  ( -1.000000000000000000, 0.000000000000000000, -0.000000000000000000 ) ) ;
#8670 = VECTOR ( 'NONE', #3092, 1000.000000000000000 ) ;
#8671 = VERTEX_POINT ( 'NONE', #3620 ) ;
#8672 = DIRECTION ( 'NONE',  ( -0.000000000000000000, -1.000000000000000000, -0.000000000000000000 ) ) ;
#8673 = EDGE_LOOP ( 'NONE', ( #2671, #3043, #8072, #4690 ) ) ;
#8674 = EDGE_CURVE ( 'NONE', #7694, #7157, #7699, .T. ) ;
#8675 = CARTESIAN_POINT ( 'NONE',  ( 0.1499999999999999667, 0.7000000000000003997, 3.000000000000000000 ) ) ;
#8676 = FILL_AREA_STYLE ('',( #5623 ) ) ;
#8677 = ORIENTED_EDGE ( 'NONE', *, *, #8818, .T. ) ;
#8678 = VERTEX_POINT ( 'NONE', #7647 ) ;
#8679 = AXIS2_PLACEMENT_3D ( 'NONE', #5703, #5752, #6338 ) ;
#8680 = LINE ( 'NONE', #7177, #7498 ) ;
#8681 = ADVANCED_FACE ( 'NONE', ( #1518 ), #860, .F. ) ;
#8682 = FACE_OUTER_BOUND ( 'NONE', #178, .T. ) ;
#8683 = CARTESIAN_POINT ( 'NONE',  ( -1.300000000000000044, 0.04999999999999999584, 2.750000000000000000 ) ) ;
#8684 = ORIENTED_EDGE ( 'NONE', *, *, #5953, .T. ) ;
#8685 = CARTESIAN_POINT ( 'NONE',  ( 1.449999999999999956, 0.2000000000000000111, 3.000000000000000000 ) ) ;
#8686 = SURFACE_STYLE_USAGE ( .BOTH. , #7132 ) ;
#8687 = FACE_OUTER_BOUND ( 'NONE', #1655, .T. ) ;
#8688 = CYLINDRICAL_SURFACE ( 'NONE', #4681, 0.2000000000000000944 ) ;
#8689 = ORIENTED_EDGE ( 'NONE', *, *, #7442, .F. ) ;
#8690 = VERTEX_POINT ( 'NONE', #9143 ) ;
#8691 = FACE_OUTER_BOUND ( 'NONE', #4421, .T. ) ;
#8692 = ADVANCED_FACE ( 'NONE', ( #3576 ), #6899, .T. ) ;
#8693 = CARTESIAN_POINT ( 'NONE',  ( -3.000000000000000000, 10.48528137423857132, 3.000000000000000444 ) ) ;
#8694 = ADVANCED_FACE ( 'NONE', ( #5348 ), #5806, .F. ) ;
#8695 = LINE ( 'NONE', #7944, #4629 ) ;
#8696 = PLANE ( 'NONE',  #7707 ) ;
#8697 = VERTEX_POINT ( 'NONE', #6551 ) ;
#8698 = CARTESIAN_POINT ( 'NONE',  ( 2.750000000000000000, 0.1999999999999999833, 0.6500000000000005773 ) ) ;
#8699 = DIRECTION ( 'NONE',  ( -1.000000000000000000, 0.000000000000000000, 0.000000000000000000 ) ) ;
#8700 = LINE ( 'NONE', #5837, #1978 ) ;
#8701 = EDGE_CURVE ( 'NONE', #5178, #9331, #9613, .T. ) ;
#8702 = EDGE_CURVE ( 'NONE', #8188, #8272, #4780, .T. ) ;
#8703 = CYLINDRICAL_SURFACE ( 'NONE', #1401, 0.1499999999999997446 ) ;
#8704 = ORIENTED_EDGE ( 'NONE', *, *, #1997, .F. ) ;
#8705 = DIRECTION ( 'NONE',  ( 1.734723475976805517E-15, 0.000000000000000000, 1.000000000000000000 ) ) ;
#8706 = ORIENTED_EDGE ( 'NONE', *, *, #4031, .T. ) ;
#8707 = CARTESIAN_POINT ( 'NONE',  ( 3.000000000000000000, 0.000000000000000000, -0.7999999999999994893 ) ) ;
#8708 = DIRECTION ( 'NONE',  ( 0.000000000000000000, 0.000000000000000000, 1.000000000000000000 ) ) ;
#8709 = DIRECTION ( 'NONE',  ( 0.000000000000000000, -0.000000000000000000, 1.000000000000000000 ) ) ;
#8710 = CLOSED_SHELL ( 'NONE', ( #9112, #4554, #252, #3111, #5129, #6831, #7501 ) ) ;
#8711 = DIRECTION ( 'NONE',  ( -0.000000000000000000, -1.000000000000000000, -0.000000000000000000 ) ) ;
#8712 = VERTEX_POINT ( 'NONE', #8164 ) ;
#8713 = DIRECTION ( 'NONE',  ( 0.000000000000000000, 0.000000000000000000, -1.000000000000000000 ) ) ;
#8714 = CARTESIAN_POINT ( 'NONE',  ( -0.7999999999999999334, 0.1999999999999999833, 3.000000000000000000 ) ) ;
#8715 = CARTESIAN_POINT ( 'NONE',  ( 3.000000000000000000, 0.05000000000000000278, -3.000000000000000000 ) ) ;
#8716 = EDGE_CURVE ( 'NONE', #4286, #6837, #4599, .T. ) ;
#8717 = EDGE_LOOP ( 'NONE', ( #1516, #385, #8535, #4449 ) ) ;
#8718 = CYLINDRICAL_SURFACE ( 'NONE', #6139, 0.1499999999999999667 ) ;
#8719 = ORIENTED_EDGE ( 'NONE', *, *, #6689, .F. ) ;
#8720 = DIRECTION ( 'NONE',  ( -1.000000000000000000, 0.000000000000000000, -1.734723475976805714E-15 ) ) ;
#8721 = CIRCLE ( 'NONE', #4734, 0.1499999999999999667 ) ;
#8722 = ORIENTED_EDGE ( 'NONE', *, *, #2658, .F. ) ;
#8723 = ORIENTED_EDGE ( 'NONE', *, *, #9215, .T. ) ;
#8724 = LINE ( 'NONE', #1140, #5422 ) ;
#8725 = CARTESIAN_POINT ( 'NONE',  ( -3.000000000000000000, 0.05000000000000000278, 3.000000000000000444 ) ) ;
#8726 = DIRECTION ( 'NONE',  ( -0.000000000000000000, 0.000000000000000000, 1.000000000000000000 ) ) ;
#8727 = ORIENTED_EDGE ( 'NONE', *, *, #2988, .F. ) ;
#8728 = CARTESIAN_POINT ( 'NONE',  ( 0.1499999999999999667, 0.1999999999999999833, 3.000000000000000000 ) ) ;
#8729 = EDGE_CURVE ( 'NONE', #6026, #7662, #2999, .T. ) ;
#8730 = VECTOR ( 'NONE', #5152, 1000.000000000000000 ) ;
#8731 = DIRECTION ( 'NONE',  ( -1.000000000000000000, 0.000000000000000000, 1.734723475976805714E-15 ) ) ;
#8732 = PLANE ( 'NONE',  #4997 ) ;
#8733 = VERTEX_POINT ( 'NONE', #5491 ) ;
#8734 = ORIENTED_EDGE ( 'NONE', *, *, #5393, .T. ) ;
#8735 = CARTESIAN_POINT ( 'NONE',  ( -2.750000000000000000, 0.000000000000000000, -0.6499999999999993561 ) ) ;
#8736 = PLANE ( 'NONE',  #8443 ) ;
#8737 = CARTESIAN_POINT ( 'NONE',  ( 2.100000000000000089, 0.04999999999999969746, 3.000000000000000000 ) ) ;
#8738 = SURFACE_STYLE_USAGE ( .BOTH. , #5690 ) ;
#8739 = FACE_OUTER_BOUND ( 'NONE', #4400, .T. ) ;
#8740 = EDGE_CURVE ( 'NONE', #3188, #3924, #3150, .T. ) ;
#8741 = LINE ( 'NONE', #2609, #9438 ) ;
#8742 = ADVANCED_FACE ( 'NONE', ( #4891 ), #9388, .F. ) ;
#8743 = EDGE_CURVE ( 'NONE', #6214, #2482, #1054, .T. ) ;
#8744 = LINE ( 'NONE', #8850, #6098 ) ;
#8745 = CARTESIAN_POINT ( 'NONE',  ( 3.000000000000000000, 0.1999999999999999833, 2.100000000000000089 ) ) ;
#8746 = CARTESIAN_POINT ( 'NONE',  ( -1.949999999999999956, 0.2000000000000000111, -2.750000000000000000 ) ) ;
#8747 = DIRECTION ( 'NONE',  ( -1.000000000000000000, 0.000000000000000000, 0.000000000000000000 ) ) ;
#8748 = ORIENTED_EDGE ( 'NONE', *, *, #2343, .T. ) ;
#8749 = CARTESIAN_POINT ( 'NONE',  ( -2.399999999999999911, 0.1999999999999996503, 2.299999999999998934 ) ) ;
#8750 = EDGE_LOOP ( 'NONE', ( #8206, #6321, #396, #9182 ) ) ;
#8751 = LINE ( 'NONE', #412, #2299 ) ;
#8752 = EDGE_CURVE ( 'NONE', #66, #9713, #8134, .T. ) ;
#8753 = AXIS2_PLACEMENT_3D ( 'NONE', #5971, #2244, #8328 ) ;
#8754 = FACE_OUTER_BOUND ( 'NONE', #1946, .T. ) ;
#8755 = EDGE_CURVE ( 'NONE', #326, #597, #2550, .T. ) ;
#8756 = LINE ( 'NONE', #7961, #8147 ) ;
#8757 = CIRCLE ( 'NONE', #4620, 0.2000000000000000944 ) ;
#8758 = VECTOR ( 'NONE', #2106, 1000.000000000000000 ) ;
#8759 = STYLED_ITEM ( 'NONE', ( #7880 ), #3253 ) ;
#8760 = FACE_OUTER_BOUND ( 'NONE', #2841, .T. ) ;
#8761 = VERTEX_POINT ( 'NONE', #8645 ) ;
#8762 = DIRECTION ( 'NONE',  ( -1.734723475976805517E-15, 0.000000000000000000, -1.000000000000000000 ) ) ;
#8763 = CARTESIAN_POINT ( 'NONE',  ( -0.8000000000000003775, 0.7000000000000003997, -2.750000000000000000 ) ) ;
#8764 =( LENGTH_UNIT ( ) NAMED_UNIT ( * ) SI_UNIT ( .MILLI., .METRE. ) );
#8765 = ORIENTED_EDGE ( 'NONE', *, *, #564, .T. ) ;
#8766 = ADVANCED_FACE ( 'NONE', ( #6328 ), #6179, .F. ) ;
#8767 = VECTOR ( 'NONE', #8261, 1000.000000000000000 ) ;
#8768 = DIRECTION ( 'NONE',  ( 1.000000000000000000, 0.000000000000000000, -1.734723475976805714E-15 ) ) ;
#8770 = ORIENTED_EDGE ( 'NONE', *, *, #2366, .F. ) ;
#8769 = AXIS2_PLACEMENT_3D ( 'NONE', #2041, #7273, #5771 ) ;
#8771 =( GEOMETRIC_REPRESENTATION_CONTEXT ( 3 ) GLOBAL_UNCERTAINTY_ASSIGNED_CONTEXT ( ( #581 ) ) GLOBAL_UNIT_ASSIGNED_CONTEXT ( ( #8174, #7421, #8415 ) ) REPRESENTATION_CONTEXT ( 'NONE', 'WORKASPACE' ) );
#8772 = DIRECTION ( 'NONE',  ( 0.000000000000000000, 0.000000000000000000, -1.000000000000000000 ) ) ;
#8773 = VECTOR ( 'NONE', #1385, 1000.000000000000000 ) ;
#8774 = SURFACE_STYLE_FILL_AREA ( #8676 ) ;
#8775 = ORIENTED_EDGE ( 'NONE', *, *, #6848, .F. ) ;
#8776 = EDGE_LOOP ( 'NONE', ( #3241, #4318, #8316, #5851 ) ) ;
#8777 = CARTESIAN_POINT ( 'NONE',  ( 3.000000000000000000, 0.000000000000000000, -0.4999999999999995559 ) ) ;
#8778 = CARTESIAN_POINT ( 'NONE',  ( 1.450000000000000178, 0.1999999999999999833, 2.750000000000000000 ) ) ;
#8779 = FACE_OUTER_BOUND ( 'NONE', #3380, .T. ) ;
#8780 = ORIENTED_EDGE ( 'NONE', *, *, #928, .F. ) ;
#8781 = CIRCLE ( 'NONE', #6210, 0.1499999999999997446 ) ;
#8782 = LINE ( 'NONE', #4881, #2376 ) ;
#8783 =( NAMED_UNIT ( * ) PLANE_ANGLE_UNIT ( ) SI_UNIT ( $, .RADIAN. ) );
#8784 = VECTOR ( 'NONE', #652, 1000.000000000000000 ) ;
#8785 = LINE ( 'NONE', #4838, #6742 ) ;
#8786 = VECTOR ( 'NONE', #9834, 1000.000000000000000 ) ;
#8787 = CARTESIAN_POINT ( 'NONE',  ( 3.000000000000000000, 0.05000000000000000278, 3.000000000000000000 ) ) ;
#8788 = ORIENTED_EDGE ( 'NONE', *, *, #50, .T. ) ;
#8789 = EDGE_CURVE ( 'NONE', #8121, #3359, #4056, .T. ) ;
#8790 = EDGE_LOOP ( 'NONE', ( #4865, #5155, #1144, #4953, #665 ) ) ;
#8791 = DIRECTION ( 'NONE',  ( 0.000000000000000000, 1.000000000000000000, 0.000000000000000000 ) ) ;
#8792 = LINE ( 'NONE', #2799, #631 ) ;
#8793 = FACE_OUTER_BOUND ( 'NONE', #8994, .T. ) ;
#8794 = CARTESIAN_POINT ( 'NONE',  ( 1.449999999999999956, 0.7000000000000003997, 3.000000000000000000 ) ) ;
#8795 = VECTOR ( 'NONE', #1360, 1000.000000000000000 ) ;
#8796 = CYLINDRICAL_SURFACE ( 'NONE', #3714, 0.1499999999999999667 ) ;
#8797 = DIRECTION ( 'NONE',  ( 0.000000000000000000, 0.000000000000000000, -1.000000000000000000 ) ) ;
#8798 = DIRECTION ( 'NONE',  ( 0.000000000000000000, 0.000000000000000000, 1.000000000000000000 ) ) ;
#8799 = CARTESIAN_POINT ( 'NONE',  ( -2.299999999999999378, 0.1999999999999996503, 2.399999999999999467 ) ) ;
#8800 = VECTOR ( 'NONE', #1091, 1000.000000000000000 ) ;
#8801 = CARTESIAN_POINT ( 'NONE',  ( -2.750000000000000000, 0.05000000000000002359, -1.949999999999999289 ) ) ;
#8802 = CARTESIAN_POINT ( 'NONE',  ( -1.300000000000000044, 0.000000000000000000, 2.750000000000000000 ) ) ;
#8803 = ADVANCED_FACE ( 'NONE', ( #1860 ), #5591, .T. ) ;
#8804 = ORIENTED_EDGE ( 'NONE', *, *, #3899, .F. ) ;
#8805 = CARTESIAN_POINT ( 'NONE',  ( 3.000000000000000000, 10.48528137423857132, 3.000000000000000000 ) ) ;
#8806 = CARTESIAN_POINT ( 'NONE',  ( 0.000000000000000000, 0.000000000000000000, 0.000000000000000000 ) ) ;
#8807 = VERTEX_POINT ( 'NONE', #1814 ) ;
#8808 = AXIS2_PLACEMENT_3D ( 'NONE', #9135, #3144, #3095 ) ;
#8809 = CARTESIAN_POINT ( 'NONE',  ( -0.5000000000000000000, 0.2000000000000000111, 3.000000000000000000 ) ) ;
#8810 = VECTOR ( 'NONE', #83, 1000.000000000000000 ) ;
#8811 = PLANE ( 'NONE',  #5365 ) ;
#8812 = VECTOR ( 'NONE', #513, 1000.000000000000000 ) ;
#8813 = DIRECTION ( 'NONE',  ( 0.000000000000000000, 0.000000000000000000, -1.000000000000000000 ) ) ;
#8814 = ORIENTED_EDGE ( 'NONE', *, *, #3026, .T. ) ;
#8815 = VECTOR ( 'NONE', #7408, 1000.000000000000000 ) ;
#8816 = CARTESIAN_POINT ( 'NONE',  ( 0.1499999999999999667, 0.2000000000000000111, 3.000000000000000000 ) ) ;
#8817 = LINE ( 'NONE', #3422, #8324 ) ;
#8818 = EDGE_CURVE ( 'NONE', #4039, #4628, #6367, .T. ) ;
#8819 = FACE_OUTER_BOUND ( 'NONE', #8145, .T. ) ;
#8820 = CARTESIAN_POINT ( 'NONE',  ( -1.800000000000000044, 0.000000000000000000, 3.000000000000000000 ) ) ;
#8821 = AXIS2_PLACEMENT_3D ( 'NONE', #7393, #4203, #6583 ) ;
#8822 = ORIENTED_EDGE ( 'NONE', *, *, #2087, .F. ) ;
#8823 = CIRCLE ( 'NONE', #4201, 0.1499999999999999667 ) ;
#8824 =( LENGTH_UNIT ( ) NAMED_UNIT ( * ) SI_UNIT ( .MILLI., .METRE. ) );
#8825 = ORIENTED_EDGE ( 'NONE', *, *, #7301, .T. ) ;
#8826 = ORIENTED_EDGE ( 'NONE', *, *, #3141, .T. ) ;
#8827 = LINE ( 'NONE', #4381, #7818 ) ;
#8828 = CARTESIAN_POINT ( 'NONE',  ( 3.000000000000000000, 0.2000000000000005107, -2.100000000000000089 ) ) ;
#8829 = EDGE_CURVE ( 'NONE', #6361, #7895, #9239, .T. ) ;
#8830 = FACE_OUTER_BOUND ( 'NONE', #7435, .T. ) ;
#8831 = VERTEX_POINT ( 'NONE', #1664 ) ;
#8832 = DIRECTION ( 'NONE',  ( -0.7071067811865502373, -0.000000000000000000, 0.7071067811865449082 ) ) ;
#8833 = VECTOR ( 'NONE', #7533, 1000.000000000000000 ) ;
#8834 = FILL_AREA_STYLE ('',( #8041 ) ) ;
#8835 = FACE_OUTER_BOUND ( 'NONE', #609, .T. ) ;
#8836 = AXIS2_PLACEMENT_3D ( 'NONE', #3821, #824, #8510 ) ;
#8837 = CARTESIAN_POINT ( 'NONE',  ( -2.100000000000000089, 0.2000000000000000111, 3.000000000000000000 ) ) ;
#8838 = EDGE_LOOP ( 'NONE', ( #5653, #8906, #8439, #9636 ) ) ;
#8839 = EDGE_LOOP ( 'NONE', ( #4164, #3981, #5545, #5557 ) ) ;
#8840 = AXIS2_PLACEMENT_3D ( 'NONE', #4756, #7864, #7718 ) ;
#8841 = DIRECTION ( 'NONE',  ( 0.000000000000000000, 0.000000000000000000, 1.000000000000000000 ) ) ;
#8842 = CARTESIAN_POINT ( 'NONE',  ( -1.949999999999999956, 0.7000000000000003997, -2.750000000000000000 ) ) ;
#8843 = EDGE_CURVE ( 'NONE', #4059, #3474, #6526, .T. ) ;
#8844 = DIRECTION ( 'NONE',  ( 0.000000000000000000, 0.000000000000000000, -1.000000000000000000 ) ) ;
#8845 = PRESENTATION_STYLE_ASSIGNMENT (( #5788 ) ) ;
#8846 = EDGE_CURVE ( 'NONE', #8572, #5724, #2453, .T. ) ;
#8847 =( NAMED_UNIT ( * ) SI_UNIT ( $, .STERADIAN. ) SOLID_ANGLE_UNIT ( ) );
#8848 = VERTEX_POINT ( 'NONE', #9445 ) ;
#8849 = CARTESIAN_POINT ( 'NONE',  ( -0.8000000000000001554, 0.1999999999999999833, -2.750000000000000000 ) ) ;
#8850 = CARTESIAN_POINT ( 'NONE',  ( -1.149999999999999911, 0.000000000000000000, 3.000000000000000000 ) ) ;
#8851 = LINE ( 'NONE', #6537, #3458 ) ;
#8852 = CARTESIAN_POINT ( 'NONE',  ( 0.7999999999999999334, 0.2000000000000000111, -2.750000000000000000 ) ) ;
#8853 = DIRECTION ( 'NONE',  ( 1.734723475976805517E-15, 0.000000000000000000, -1.000000000000000000 ) ) ;
#8854 = ORIENTED_EDGE ( 'NONE', *, *, #3060, .T. ) ;
#8855 = CARTESIAN_POINT ( 'NONE',  ( -3.000000000000000000, 0.7000000000000000666, -1.799999999999999600 ) ) ;
#8856 = ORIENTED_EDGE ( 'NONE', *, *, #6050, .T. ) ;
#8857 = CARTESIAN_POINT ( 'NONE',  ( -3.000000000000000000, 0.04999999999999969746, -1.449999999999999512 ) ) ;
#8858 = EDGE_CURVE ( 'NONE', #333, #4686, #8494, .T. ) ;
#8859 = DIRECTION ( 'NONE',  ( -1.000000000000000000, 0.000000000000000000, 7.228014483236694583E-17 ) ) ;
#8860 = FACE_OUTER_BOUND ( 'NONE', #754, .T. ) ;
#8861 = EDGE_LOOP ( 'NONE', ( #3430, #5768, #9862, #4484 ) ) ;
#8862 = DIRECTION ( 'NONE',  ( 0.000000000000000000, -0.000000000000000000, 1.000000000000000000 ) ) ;
#8863 = LINE ( 'NONE', #5854, #5298 ) ;
#8864 = CARTESIAN_POINT ( 'NONE',  ( 1.149999999999999911, 0.04999999999999969746, -3.000000000000000000 ) ) ;
#8865 = ORIENTED_EDGE ( 'NONE', *, *, #6533, .F. ) ;
#8866 = FACE_OUTER_BOUND ( 'NONE', #4433, .T. ) ;
#8867 = ORIENTED_EDGE ( 'NONE', *, *, #4413, .F. ) ;
#8868 = EDGE_CURVE ( 'NONE', #526, #2496, #8695, .T. ) ;
#8869 = ADVANCED_FACE ( 'NONE', ( #2603 ), #4699, .F. ) ;
#8871 = EDGE_CURVE ( 'NONE', #3080, #2091, #9338, .T. ) ;
#8870 = AXIS2_PLACEMENT_3D ( 'NONE', #5564, #4768, #2477 ) ;
#8872 = FILL_AREA_STYLE ('',( #9619 ) ) ;
#8873 = VERTEX_POINT ( 'NONE', #4009 ) ;
#8874 = EDGE_LOOP ( 'NONE', ( #6115, #2971, #4195, #4850 ) ) ;
#8875 = CARTESIAN_POINT ( 'NONE',  ( 3.000000000000000000, 0.1999999999999999833, 1.450000000000000400 ) ) ;
#8876 = CARTESIAN_POINT ( 'NONE',  ( -1.800000000000000044, 0.2000000000000000111, -3.000000000000000000 ) ) ;
#8877 = CARTESIAN_POINT ( 'NONE',  ( -1.450000000000000400, 0.2000000000000000111, 2.750000000000000000 ) ) ;
#8878 = EDGE_LOOP ( 'NONE', ( #9191, #6103, #5321, #3740 ) ) ;
#8879 = DIRECTION ( 'NONE',  ( -0.000000000000000000, -1.000000000000000000, -0.000000000000000000 ) ) ;
#8880 = AXIS2_PLACEMENT_3D ( 'NONE', #8011, #1174, #7256 ) ;
#8881 = SURFACE_STYLE_USAGE ( .BOTH. , #6468 ) ;
#8882 = PRODUCT_DEFINITION_SHAPE ( 'NONE', 'NONE',  #5685 ) ;
#8883 = ORIENTED_EDGE ( 'NONE', *, *, #7350, .F. ) ;
#8884 = EDGE_CURVE ( 'NONE', #7881, #7063, #2498, .T. ) ;
#8885 = AXIS2_PLACEMENT_3D ( 'NONE', #9595, #2757, #6534 ) ;
#8886 = CARTESIAN_POINT ( 'NONE',  ( -2.750000000000000000, 0.7000000000000000666, 0.1500000000000003830 ) ) ;
#8887 = DIRECTION ( 'NONE',  ( -0.000000000000000000, -1.000000000000000000, -0.000000000000000000 ) ) ;
#8888 = EDGE_LOOP ( 'NONE', ( #1612, #6948, #950, #1596 ) ) ;
#8889 = ORIENTED_EDGE ( 'NONE', *, *, #1925, .T. ) ;
#8890 = CARTESIAN_POINT ( 'NONE',  ( 3.000000000000000000, 0.1999999999999999833, 1.450000000000000400 ) ) ;
#8891 = CARTESIAN_POINT ( 'NONE',  ( 1.387778780781434631E-15, 0.05000000000000000278, -0.7999999999999942712 ) ) ;
#8892 = LINE ( 'NONE', #1103, #1768 ) ;
#8893 = VECTOR ( 'NONE', #9756, 1000.000000000000000 ) ;
#8894 = DIRECTION ( 'NONE',  ( 0.000000000000000000, 0.000000000000000000, 1.000000000000000000 ) ) ;
#8895 = CARTESIAN_POINT ( 'NONE',  ( 1.300000000000000044, 0.1999999999999999833, 2.599999999999999645 ) ) ;
#8896 = EDGE_CURVE ( 'NONE', #5887, #7805, #6707, .T. ) ;
#8897 = VERTEX_POINT ( 'NONE', #7286 ) ;
#8898 = CYLINDRICAL_SURFACE ( 'NONE', #2976, 0.1499999999999999667 ) ;
#8899 = CARTESIAN_POINT ( 'NONE',  ( -3.000000000000000000, 0.1999999999999999833, -1.149999999999999467 ) ) ;
#8900 = ORIENTED_EDGE ( 'NONE', *, *, #6619, .F. ) ;
#8901 = FILL_AREA_STYLE_COLOUR ( '', #7134 ) ;
#8902 = DIRECTION ( 'NONE',  ( -0.000000000000000000, -1.000000000000000000, -0.000000000000000000 ) ) ;
#8903 = DIRECTION ( 'NONE',  ( 0.000000000000000000, 0.000000000000000000, 1.000000000000000000 ) ) ;
#8904 = ORIENTED_EDGE ( 'NONE', *, *, #9192, .F. ) ;
#8905 = DIRECTION ( 'NONE',  ( 0.000000000000000000, 1.000000000000000000, 0.000000000000000000 ) ) ;
#8906 = ORIENTED_EDGE ( 'NONE', *, *, #1802, .T. ) ;
#8907 = CARTESIAN_POINT ( 'NONE',  ( 3.000000000000000000, 0.000000000000000000, -1.799999999999999600 ) ) ;
#8908 = CARTESIAN_POINT ( 'NONE',  ( 1.799999999999999600, 0.2000000000000000111, -2.750000000000000000 ) ) ;
#8909 = EDGE_CURVE ( 'NONE', #8961, #7084, #9540, .T. ) ;
#8910 = CARTESIAN_POINT ( 'NONE',  ( -0.6500000000000000222, 0.2000000000000000111, 2.750000000000000000 ) ) ;
#8911 = VERTEX_POINT ( 'NONE', #2800 ) ;
#8912 = DIRECTION ( 'NONE',  ( 0.000000000000000000, 1.000000000000000000, -0.000000000000000000 ) ) ;
#8913 = LINE ( 'NONE', #3723, #8173 ) ;
#8914 = FILL_AREA_STYLE ('',( #9103 ) ) ;
#8915 = AXIS2_PLACEMENT_3D ( 'NONE', #25, #1626, #9200 ) ;
#8916 = AXIS2_PLACEMENT_3D ( 'NONE', #7136, #4283, #9488 ) ;
#8917 = CARTESIAN_POINT ( 'NONE',  ( 3.000000000000000000, 0.1999999999999999833, 2.100000000000000089 ) ) ;
#8918 = VERTEX_POINT ( 'NONE', #1904 ) ;
#8919 = CIRCLE ( 'NONE', #3173, 0.1499999999999999667 ) ;
#8920 = CIRCLE ( 'NONE', #8119, 0.1499999999999997446 ) ;
#8921 = EDGE_LOOP ( 'NONE', ( #4419, #1222, #5587, #7796 ) ) ;
#8922 = VERTEX_POINT ( 'NONE', #7995 ) ;
#8923 = EDGE_CURVE ( 'NONE', #322, #4503, #8892, .T. ) ;
#8924 = CYLINDRICAL_SURFACE ( 'NONE', #3518, 0.1499999999999997446 ) ;
#8925 = CARTESIAN_POINT ( 'NONE',  ( 3.000000000000000000, 0.05000000000000000278, -3.000000000000000000 ) ) ;
#8926 = DIRECTION ( 'NONE',  ( -0.000000000000000000, -1.000000000000000000, -0.000000000000000000 ) ) ;
#8927 = EDGE_LOOP ( 'NONE', ( #329, #6776, #6920, #5059 ) ) ;
#8928 = DIRECTION ( 'NONE',  ( 0.000000000000000000, 1.000000000000000000, -0.000000000000000000 ) ) ;
#8929 = EDGE_CURVE ( 'NONE', #6789, #9743, #9741, .T. ) ;
#8930 = ORIENTED_EDGE ( 'NONE', *, *, #8752, .T. ) ;
#8931 = VECTOR ( 'NONE', #5124, 1000.000000000000000 ) ;
#8932 = CARTESIAN_POINT ( 'NONE',  ( -0.1500000000000003830, 0.2000000000000000111, -2.750000000000000000 ) ) ;
#8933 = ORIENTED_EDGE ( 'NONE', *, *, #8846, .F. ) ;
#8934 = ORIENTED_EDGE ( 'NONE', *, *, #6375, .T. ) ;
#8935 = STYLED_ITEM ( 'NONE', ( #3673 ), #9815 ) ;
#8936 = VECTOR ( 'NONE', #760, 1000.000000000000000 ) ;
#8937 = LINE ( 'NONE', #5184, #1292 ) ;
#8938 = LINE ( 'NONE', #6736, #4759 ) ;
#8939 = AXIS2_PLACEMENT_3D ( 'NONE', #3121, #7767, #1582 ) ;
#8940 = FACE_OUTER_BOUND ( 'NONE', #2677, .T. ) ;
#8941 = ADVANCED_FACE ( 'NONE', ( #3399 ), #6632, .F. ) ;
#8942 = SURFACE_STYLE_USAGE ( .BOTH. , #8142 ) ;
#8943 = ADVANCED_FACE ( 'NONE', ( #8793 ), #498, .F. ) ;
#8944 = VECTOR ( 'NONE', #241, 1000.000000000000000 ) ;
#8945 = PLANE ( 'NONE',  #8650 ) ;
#8946 = ORIENTED_EDGE ( 'NONE', *, *, #3718, .T. ) ;
#8947 = CARTESIAN_POINT ( 'NONE',  ( 1.449999999999999956, 0.2000000000000000111, -3.000000000000000000 ) ) ;
#8948 = DIRECTION ( 'NONE',  ( 1.734723475976805517E-15, 0.000000000000000000, 1.000000000000000000 ) ) ;
#8949 = ORIENTED_EDGE ( 'NONE', *, *, #3195, .F. ) ;
#8950 = CYLINDRICAL_SURFACE ( 'NONE', #9204, 0.1499999999999999667 ) ;
#8951 = CARTESIAN_POINT ( 'NONE',  ( -1.949999999999999956, 0.2000000000000000111, -2.750000000000000000 ) ) ;
#8952 = LINE ( 'NONE', #8004, #3370 ) ;
#8953 = EDGE_CURVE ( 'NONE', #2531, #8289, #658, .T. ) ;
#8954 = DIRECTION ( 'NONE',  ( 0.000000000000000000, -0.000000000000000000, -1.000000000000000000 ) ) ;
#8955 = VERTEX_POINT ( 'NONE', #6582 ) ;
#8956 = LINE ( 'NONE', #8907, #6225 ) ;
#8957 = DIRECTION ( 'NONE',  ( 0.000000000000000000, -0.000000000000000000, 1.000000000000000000 ) ) ;
#8958 = VECTOR ( 'NONE', #8853, 1000.000000000000000 ) ;
#8959 = CARTESIAN_POINT ( 'NONE',  ( -0.8000000000000003775, 0.7000000000000003997, 2.750000000000000000 ) ) ;
#8960 = LINE ( 'NONE', #7259, #8562 ) ;
#8961 = VERTEX_POINT ( 'NONE', #2011 ) ;
#8962 = DIRECTION ( 'NONE',  ( -1.807003620809174385E-16, 0.000000000000000000, 1.000000000000000000 ) ) ;
#8963 = VECTOR ( 'NONE', #3563, 1000.000000000000000 ) ;
#8964 = DIRECTION ( 'NONE',  ( 0.000000000000000000, -1.000000000000000000, 0.000000000000000000 ) ) ;
#8965 = ORIENTED_EDGE ( 'NONE', *, *, #7998, .T. ) ;
#8966 = CIRCLE ( 'NONE', #7854, 0.1499999999999997446 ) ;
#8967 = DIRECTION ( 'NONE',  ( -0.000000000000000000, -1.000000000000000000, -0.000000000000000000 ) ) ;
#8968 = VERTEX_POINT ( 'NONE', #8093 ) ;
#8969 = VERTEX_POINT ( 'NONE', #5037 ) ;
#8970 = DIRECTION ( 'NONE',  ( 0.000000000000000000, -1.000000000000000000, 0.000000000000000000 ) ) ;
#8971 = DIRECTION ( 'NONE',  ( -1.000000000000000000, 0.000000000000000000, -0.000000000000000000 ) ) ;
#8972 = DIRECTION ( 'NONE',  ( 0.000000000000000000, 0.000000000000000000, -1.000000000000000000 ) ) ;
#8973 = VERTEX_POINT ( 'NONE', #399 ) ;
#8974 = LINE ( 'NONE', #3781, #8600 ) ;
#8975 = VECTOR ( 'NONE', #5501, 1000.000000000000000 ) ;
#8976 = VERTEX_POINT ( 'NONE', #5738 ) ;
#8977 = EDGE_CURVE ( 'NONE', #755, #2509, #2054, .T. ) ;
#8978 = VECTOR ( 'NONE', #4252, 1000.000000000000000 ) ;
#8979 = DIRECTION ( 'NONE',  ( -1.000000000000000000, 0.000000000000000000, -0.000000000000000000 ) ) ;
#8980 = EDGE_CURVE ( 'NONE', #9523, #1793, #7339, .T. ) ;
#8981 = ORIENTED_EDGE ( 'NONE', *, *, #7654, .T. ) ;
#8982 = ORIENTED_EDGE ( 'NONE', *, *, #4214, .T. ) ;
#8983 = AXIS2_PLACEMENT_3D ( 'NONE', #9687, #3554, #401 ) ;
#8984 = LINE ( 'NONE', #9638, #6869 ) ;
#8985 = LINE ( 'NONE', #3230, #5878 ) ;
#8986 = PRESENTATION_LAYER_ASSIGNMENT (  '', '', ( #4054 ) ) ;
#8987 = CARTESIAN_POINT ( 'NONE',  ( 0.4999999999999995559, 0.7000000000000003997, -2.750000000000000000 ) ) ;
#8988 = LINE ( 'NONE', #5978, #196 ) ;
#8989 = ORIENTED_EDGE ( 'NONE', *, *, #9803, .T. ) ;
#8990 = PLANE ( 'NONE',  #997 ) ;
#8991 = ADVANCED_FACE ( 'NONE', ( #4992 ), #8141, .T. ) ;
#8992 = FACE_OUTER_BOUND ( 'NONE', #5297, .T. ) ;
#8993 = VERTEX_POINT ( 'NONE', #8737 ) ;
#8994 = EDGE_LOOP ( 'NONE', ( #5183, #3784, #6347, #9321 ) ) ;
#8995 = EDGE_CURVE ( 'NONE', #5846, #5859, #4941, .T. ) ;
#8996 = DIRECTION ( 'NONE',  ( -1.000000000000000000, 0.000000000000000000, -1.734723475976805517E-15 ) ) ;
#8997 = DIRECTION ( 'NONE',  ( -1.734723475976805517E-15, 0.000000000000000000, -1.000000000000000000 ) ) ;
#8998 = LINE ( 'NONE', #613, #2431 ) ;
#8999 = ORIENTED_EDGE ( 'NONE', *, *, #9096, .T. ) ;
#9000 = DIRECTION ( 'NONE',  ( 0.000000000000000000, 0.000000000000000000, -1.000000000000000000 ) ) ;
#9001 = CARTESIAN_POINT ( 'NONE',  ( 1.800000000000000044, 0.1999999999999999833, 3.000000000000000000 ) ) ;
#9002 = EDGE_CURVE ( 'NONE', #6610, #5189, #4202, .T. ) ;
#9003 = PLANE ( 'NONE',  #9874 ) ;
#9004 = CARTESIAN_POINT ( 'NONE',  ( -0.6500000000000000222, 0.04999999999999999584, 2.750000000000000000 ) ) ;
#9005 = ORIENTED_EDGE ( 'NONE', *, *, #4125, .F. ) ;
#9006 = LINE ( 'NONE', #9708, #5611 ) ;
#9007 = DIRECTION ( 'NONE',  ( -0.000000000000000000, -1.000000000000000000, -0.000000000000000000 ) ) ;
#9008 = AXIS2_PLACEMENT_3D ( 'NONE', #9655, #2772, #2618 ) ;
#9009 = DIRECTION ( 'NONE',  ( 0.000000000000000000, -0.000000000000000000, -1.000000000000000000 ) ) ;
#9010 = ORIENTED_EDGE ( 'NONE', *, *, #8421, .F. ) ;
#9011 = DIRECTION ( 'NONE',  ( 0.000000000000000000, -0.000000000000000000, 1.000000000000000000 ) ) ;
#9012 = ORIENTED_EDGE ( 'NONE', *, *, #8729, .T. ) ;
#9013 = ORIENTED_EDGE ( 'NONE', *, *, #1526, .T. ) ;
#9014 = FACE_OUTER_BOUND ( 'NONE', #4231, .T. ) ;
#9015 = FACE_OUTER_BOUND ( 'NONE', #6808, .T. ) ;
#9016 = EDGE_CURVE ( 'NONE', #6756, #15, #2845, .T. ) ;
#9017 = CARTESIAN_POINT ( 'NONE',  ( 0.000000000000000000, 0.04999999999999999584, -2.750000000000000000 ) ) ;
#9018 = ORIENTED_EDGE ( 'NONE', *, *, #2788, .T. ) ;
#9019 = CARTESIAN_POINT ( 'NONE',  ( 0.1499999999999999667, 0.000000000000000000, -3.000000000000000000 ) ) ;
#9020 = VERTEX_POINT ( 'NONE', #5879 ) ;
#9021 = AXIS2_PLACEMENT_3D ( 'NONE', #1458, #5142, #3749 ) ;
#9023 = ORIENTED_EDGE ( 'NONE', *, *, #879, .T. ) ;
#9022 = CLOSED_SHELL ( 'NONE', ( #125, #7528, #3103, #7045, #9099, #6595, #6421 ) ) ;
#9024 = LINE ( 'NONE', #1448, #624 ) ;
#9025 = DIRECTION ( 'NONE',  ( -0.000000000000000000, -1.000000000000000000, -0.000000000000000000 ) ) ;
#9026 = VERTEX_POINT ( 'NONE', #1204 ) ;
#9027 = EDGE_LOOP ( 'NONE', ( #1168, #3394, #5484, #5320 ) ) ;
#9028 = DIRECTION ( 'NONE',  ( -1.734723475976805714E-15, 0.000000000000000000, -1.000000000000000000 ) ) ;
#9029 = DIRECTION ( 'NONE',  ( -0.000000000000000000, -1.000000000000000000, -0.000000000000000000 ) ) ;
#9030 = ADVANCED_FACE ( 'NONE', ( #8940 ), #2109, .T. ) ;
#9031 = PLANE ( 'NONE',  #3521 ) ;
#9032 = PLANE ( 'NONE',  #4980 ) ;
#9033 = ORIENTED_EDGE ( 'NONE', *, *, #8182, .F. ) ;
#9034 = CARTESIAN_POINT ( 'NONE',  ( -1.800000000000000044, 0.000000000000000000, -3.000000000000000000 ) ) ;
#9035 = PLANE ( 'NONE',  #1173 ) ;
#9036 = EDGE_LOOP ( 'NONE', ( #1097, #4906, #8684, #6299 ) ) ;
#9037 = EDGE_LOOP ( 'NONE', ( #9076, #605, #2204, #5126 ) ) ;
#9038 = FACE_OUTER_BOUND ( 'NONE', #7710, .T. ) ;
#9039 = CIRCLE ( 'NONE', #4262, 0.1499999999999999667 ) ;
#9040 = FACE_OUTER_BOUND ( 'NONE', #1087, .T. ) ;
#9041 = PLANE ( 'NONE',  #5783 ) ;
#9042 = ADVANCED_FACE ( 'NONE', ( #8192 ), #5977, .F. ) ;
#9043 = ORIENTED_EDGE ( 'NONE', *, *, #5844, .F. ) ;
#9044 = AXIS2_PLACEMENT_3D ( 'NONE', #3007, #19, #3156 ) ;
#9045 = CARTESIAN_POINT ( 'NONE',  ( 2.100000000000000089, 0.000000000000000000, -3.000000000000000000 ) ) ;
#9046 = PRESENTATION_LAYER_ASSIGNMENT (  '', '', ( #2202 ) ) ;
#9047 = CARTESIAN_POINT ( 'NONE',  ( 2.299999999999999822, 0.1999999999999996503, 2.400000000000000355 ) ) ;
#9048 = DIRECTION ( 'NONE',  ( -0.000000000000000000, -1.000000000000000000, -0.000000000000000000 ) ) ;
#9049 = EDGE_LOOP ( 'NONE', ( #1844, #830, #9673, #2570 ) ) ;
#9050 = PLANE ( 'NONE',  #5145 ) ;
#9051 = FACE_OUTER_BOUND ( 'NONE', #2428, .T. ) ;
#9052 = EDGE_CURVE ( 'NONE', #7319, #1692, #7586, .T. ) ;
#9053 = FILL_AREA_STYLE_COLOUR ( '', #8354 ) ;
#9054 = EDGE_CURVE ( 'NONE', #2491, #7403, #703, .T. ) ;
#9055 = EDGE_CURVE ( 'NONE', #5730, #4823, #4482, .T. ) ;
#9056 = CARTESIAN_POINT ( 'NONE',  ( 0.5000000000000000000, 0.2000000000000000111, -3.000000000000000000 ) ) ;
#9057 = EDGE_LOOP ( 'NONE', ( #2316, #9426, #5278, #1872 ) ) ;
#9058 = VERTEX_POINT ( 'NONE', #6686 ) ;
#9059 = DIRECTION ( 'NONE',  ( 1.734723475976805517E-15, 0.000000000000000000, -1.000000000000000000 ) ) ;
#9060 = VECTOR ( 'NONE', #6311, 1000.000000000000000 ) ;
#9061 = DIRECTION ( 'NONE',  ( 0.000000000000000000, 0.000000000000000000, 1.000000000000000000 ) ) ;
#9062 = CARTESIAN_POINT ( 'NONE',  ( -1.949999999999999956, 0.2000000000000000111, 2.750000000000000000 ) ) ;
#9063 = DIRECTION ( 'NONE',  ( -0.000000000000000000, -1.000000000000000000, -0.000000000000000000 ) ) ;
#9064 = EDGE_CURVE ( 'NONE', #2096, #3132, #9885, .T. ) ;
#9065 = ORIENTED_EDGE ( 'NONE', *, *, #8995, .F. ) ;
#9067 = ORIENTED_EDGE ( 'NONE', *, *, #1523, .F. ) ;
#9066 = AXIS2_PLACEMENT_3D ( 'NONE', #3397, #9493, #2648 ) ;
#9068 = VECTOR ( 'NONE', #2359, 1000.000000000000000 ) ;
#9069 = DIRECTION ( 'NONE',  ( -0.000000000000000000, -1.000000000000000000, -0.000000000000000000 ) ) ;
#9070 = FILL_AREA_STYLE ('',( #2983 ) ) ;
#9071 = VERTEX_POINT ( 'NONE', #8337 ) ;
#9072 = ORIENTED_EDGE ( 'NONE', *, *, #4593, .T. ) ;
#9073 = LINE ( 'NONE', #2248, #490 ) ;
#9074 = LINE ( 'NONE', #653, #941 ) ;
#9075 = AXIS2_PLACEMENT_3D ( 'NONE', #883, #3932, #9263 ) ;
#9076 = ORIENTED_EDGE ( 'NONE', *, *, #6908, .F. ) ;
#9077 = CIRCLE ( 'NONE', #3019, 0.1499999999999997446 ) ;
#9078 = DIRECTION ( 'NONE',  ( 0.000000000000000000, 0.000000000000000000, 1.000000000000000000 ) ) ;
#9079 = LINE ( 'NONE', #3041, #8670 ) ;
#9080 = DIRECTION ( 'NONE',  ( -1.734723475976805517E-15, -0.000000000000000000, 1.000000000000000000 ) ) ;
#9081 = ADVANCED_FACE ( 'NONE', ( #3699 ), #9031, .F. ) ;
#9083 = VERTEX_POINT ( 'NONE', #9793 ) ;
#9082 = AXIS2_PLACEMENT_3D ( 'NONE', #8308, #6609, #2224 ) ;
#9084 = CARTESIAN_POINT ( 'NONE',  ( -2.750000000000000000, 0.7000000000000000666, 6.505213034913026604E-16 ) ) ;
#9085 = VECTOR ( 'NONE', #12, 1000.000000000000000 ) ;
#9086 = DIRECTION ( 'NONE',  ( 0.000000000000000000, 0.000000000000000000, -1.000000000000000000 ) ) ;
#9087 = ORIENTED_EDGE ( 'NONE', *, *, #1688, .F. ) ;
#9088 = ORIENTED_EDGE ( 'NONE', *, *, #8570, .T. ) ;
#9089 = VECTOR ( 'NONE', #7424, 1000.000000000000000 ) ;
#9090 = LINE ( 'NONE', #8247, #8795 ) ;
#9091 = DIRECTION ( 'NONE',  ( 0.000000000000000000, 0.000000000000000000, -1.000000000000000000 ) ) ;
#9092 = DIRECTION ( 'NONE',  ( 0.000000000000000000, -1.000000000000000000, 0.000000000000000000 ) ) ;
#9093 = DIRECTION ( 'NONE',  ( 0.000000000000000000, 0.000000000000000000, 1.000000000000000000 ) ) ;
#9094 = ORIENTED_EDGE ( 'NONE', *, *, #2951, .T. ) ;
#9095 = AXIS2_PLACEMENT_3D ( 'NONE', #6397, #9464, #8709 ) ;
#9096 = EDGE_CURVE ( 'NONE', #1641, #785, #3747, .T. ) ;
#9097 = CARTESIAN_POINT ( 'NONE',  ( 2.750000000000000000, 0.1999999999999999833, 1.300000000000000488 ) ) ;
#9098 = DIRECTION ( 'NONE',  ( 0.000000000000000000, 1.000000000000000000, 0.000000000000000000 ) ) ;
#9099 = ADVANCED_FACE ( 'NONE', ( #6739 ), #2945, .T. ) ;
#9100 = FACE_OUTER_BOUND ( 'NONE', #2161, .T. ) ;
#9101 = ORIENTED_EDGE ( 'NONE', *, *, #1686, .T. ) ;
#9102 = CARTESIAN_POINT ( 'NONE',  ( 1.449999999999999956, 0.000000000000000000, 3.000000000000000000 ) ) ;
#9103 = FILL_AREA_STYLE_COLOUR ( '', #8133 ) ;
#9104 = DIRECTION ( 'NONE',  ( 0.000000000000000000, 0.000000000000000000, 1.000000000000000000 ) ) ;
#9105 = VERTEX_POINT ( 'NONE', #8237 ) ;
#9106 = FACE_OUTER_BOUND ( 'NONE', #2257, .T. ) ;
#9107 = VERTEX_POINT ( 'NONE', #5340 ) ;
#9108 = VECTOR ( 'NONE', #7546, 1000.000000000000000 ) ;
#9109 = EDGE_CURVE ( 'NONE', #7226, #7206, #6786, .T. ) ;
#9110 = DIRECTION ( 'NONE',  ( 1.000000000000000000, 0.000000000000000000, 0.000000000000000000 ) ) ;
#9111 = ORIENTED_EDGE ( 'NONE', *, *, #9559, .F. ) ;
#9112 = ADVANCED_FACE ( 'NONE', ( #7632 ), #1352, .T. ) ;
#9113 = VECTOR ( 'NONE', #9806, 1000.000000000000000 ) ;
#9114 = CARTESIAN_POINT ( 'NONE',  ( 3.000000000000000000, 0.1999999999999999833, -0.4999999999999995559 ) ) ;
#9115 = LINE ( 'NONE', #8925, #8129 ) ;
#9116 = FACE_OUTER_BOUND ( 'NONE', #4550, .T. ) ;
#9117 = CARTESIAN_POINT ( 'NONE',  ( 2.100000000000000089, 0.04999999999999969746, -3.000000000000000000 ) ) ;
#9118 = VERTEX_POINT ( 'NONE', #8385 ) ;
#9119 = AXIS2_PLACEMENT_3D ( 'NONE', #7394, #1304, #4348 ) ;
#9120 = AXIS2_PLACEMENT_3D ( 'NONE', #4720, #7770, #882 ) ;
#9121 = ORIENTED_EDGE ( 'NONE', *, *, #1925, .F. ) ;
#9122 = CYLINDRICAL_SURFACE ( 'NONE', #296, 0.1499999999999997446 ) ;
#9123 = CARTESIAN_POINT ( 'NONE',  ( -0.7999999999999999334, 0.7000000000000003997, 3.000000000000000000 ) ) ;
#9124 = ORIENTED_EDGE ( 'NONE', *, *, #6753, .F. ) ;
#9125 = ORIENTED_EDGE ( 'NONE', *, *, #6090, .T. ) ;
#9126 = ADVANCED_FACE ( 'NONE', ( #7540 ), #7439, .T. ) ;
#9127 = LINE ( 'NONE', #2295, #8611 ) ;
#9128 = LINE ( 'NONE', #8334, #1431 ) ;
#9129 = ORIENTED_EDGE ( 'NONE', *, *, #7998, .F. ) ;
#9130 = VECTOR ( 'NONE', #6541, 1000.000000000000000 ) ;
#9131 = DIRECTION ( 'NONE',  ( 0.000000000000000000, 0.000000000000000000, -1.000000000000000000 ) ) ;
#9132 = DIRECTION ( 'NONE',  ( -0.000000000000000000, -1.000000000000000000, -0.000000000000000000 ) ) ;
#9133 = UNCERTAINTY_MEASURE_WITH_UNIT (LENGTH_MEASURE( 1.000000000000000082E-05 ), #2444, 'distance_accuracy_value', 'NONE');
#9134 = ORIENTED_EDGE ( 'NONE', *, *, #316, .T. ) ;
#9135 = CARTESIAN_POINT ( 'NONE',  ( 2.399999999999999911, 6.988225099390855455, -2.399999999999999911 ) ) ;
#9136 = MECHANICAL_DESIGN_GEOMETRIC_PRESENTATION_REPRESENTATION (  '', ( #3719 ), #3232 ) ;
#9137 = CARTESIAN_POINT ( 'NONE',  ( -2.538461538461538769, 0.9000000000000000222, -2.738461538461538947 ) ) ;
#9138 = VERTEX_POINT ( 'NONE', #4589 ) ;
#9139 = ORIENTED_EDGE ( 'NONE', *, *, #4238, .T. ) ;
#9140 = EDGE_CURVE ( 'NONE', #3844, #4779, #3091, .T. ) ;
#9141 = CIRCLE ( 'NONE', #4835, 0.1499999999999999667 ) ;
#9142 = LINE ( 'NONE', #8202, #3205 ) ;
#9143 = CARTESIAN_POINT ( 'NONE',  ( 0.000000000000000000, 0.04999999999999999584, 2.599999999999999645 ) ) ;
#9144 = DIRECTION ( 'NONE',  ( -1.734723475976805714E-15, 0.000000000000000000, 1.000000000000000000 ) ) ;
#9145 = CARTESIAN_POINT ( 'NONE',  ( 2.750000000000000000, 0.1999999999999999833, -1.449999999999999067 ) ) ;
#9146 = STYLED_ITEM ( 'NONE', ( #3186 ), #6684 ) ;
#9147 = VERTEX_POINT ( 'NONE', #2894 ) ;
#9148 =( LENGTH_UNIT ( ) NAMED_UNIT ( * ) SI_UNIT ( .MILLI., .METRE. ) );
#9149 = DIRECTION ( 'NONE',  ( -1.000000000000000000, 0.000000000000000000, -1.734723475976805714E-15 ) ) ;
#9150 = CARTESIAN_POINT ( 'NONE',  ( -2.399999999999999911, 0.000000000000000000, -2.049999999999999822 ) ) ;
#9151 = AXIS2_PLACEMENT_3D ( 'NONE', #972, #219, #2717 ) ;
#9152 = CARTESIAN_POINT ( 'NONE',  ( 2.299999999999999822, 0.1999999999999996503, -2.299999999999999822 ) ) ;
#9153 = ORIENTED_EDGE ( 'NONE', *, *, #5736, .F. ) ;
#9154 = ADVANCED_FACE ( 'NONE', ( #53 ), #8285, .T. ) ;
#9155 = DIRECTION ( 'NONE',  ( 0.000000000000000000, -1.000000000000000000, 0.000000000000000000 ) ) ;
#9156 = FILL_AREA_STYLE_COLOUR ( '', #9226 ) ;
#9157 = ORIENTED_EDGE ( 'NONE', *, *, #5312, .T. ) ;
#9158 = LINE ( 'NONE', #5361, #6432 ) ;
#9159 = ORIENTED_EDGE ( 'NONE', *, *, #838, .T. ) ;
#9160 = CARTESIAN_POINT ( 'NONE',  ( -2.750000000000000000, 0.05000000000000002359, -1.299999999999999378 ) ) ;
#9161 = ORIENTED_EDGE ( 'NONE', *, *, #5329, .T. ) ;
#9162 =( NAMED_UNIT ( * ) PLANE_ANGLE_UNIT ( ) SI_UNIT ( $, .RADIAN. ) );
#9163 = CARTESIAN_POINT ( 'NONE',  ( 1.449999999999999956, 0.000000000000000000, -3.000000000000000000 ) ) ;
#9164 = CARTESIAN_POINT ( 'NONE',  ( -3.000000000000000000, 0.7000000000000000666, -0.4999999999999995559 ) ) ;
#9165 = DIRECTION ( 'NONE',  ( 0.000000000000000000, -1.000000000000000000, 0.000000000000000000 ) ) ;
#9166 = CARTESIAN_POINT ( 'NONE',  ( -0.1500000000000003830, 0.000000000000000000, -2.750000000000000000 ) ) ;
#9167 = ORIENTED_EDGE ( 'NONE', *, *, #5693, .T. ) ;
#9168 = EDGE_CURVE ( 'NONE', #9020, #2613, #4950, .T. ) ;
#9169 = EDGE_CURVE ( 'NONE', #8045, #8434, #6125, .T. ) ;
#9170 = VERTEX_POINT ( 'NONE', #5579 ) ;
#9171 = CARTESIAN_POINT ( 'NONE',  ( -3.000000000000000000, 0.7000000000000000666, -0.4999999999999995559 ) ) ;
#9172 = LINE ( 'NONE', #2334, #9886 ) ;
#9173 = ORIENTED_EDGE ( 'NONE', *, *, #6265, .F. ) ;
#9174 = ORIENTED_EDGE ( 'NONE', *, *, #3450, .F. ) ;
#9175 = LINE ( 'NONE', #846, #3030 ) ;
#9176 = FACE_OUTER_BOUND ( 'NONE', #6641, .T. ) ;
#9177 = EDGE_LOOP ( 'NONE', ( #2694, #6815, #3331, #4790 ) ) ;
#9178 = CARTESIAN_POINT ( 'NONE',  ( -1.149999999999999911, 0.2000000000000000111, -3.000000000000000000 ) ) ;
#9179 = EDGE_CURVE ( 'NONE', #85, #2182, #7687, .T. ) ;
#9180 = ADVANCED_FACE ( 'NONE', ( #7131 ), #3185, .T. ) ;
#9181 = ADVANCED_FACE ( 'NONE', ( #4641 ), #285, .F. ) ;
#9182 = ORIENTED_EDGE ( 'NONE', *, *, #2838, .T. ) ;
#9183 = DIRECTION ( 'NONE',  ( 1.000000000000000000, 0.000000000000000000, 1.807003620809174385E-16 ) ) ;
#9184 = FACE_OUTER_BOUND ( 'NONE', #2150, .T. ) ;
#9185 = ORIENTED_EDGE ( 'NONE', *, *, #9498, .T. ) ;
#9186 = ORIENTED_EDGE ( 'NONE', *, *, #2576, .T. ) ;
#9187 = CLOSED_SHELL ( 'NONE', ( #3042, #9154, #5853, #9593, #5869, #1126 ) ) ;
#9188 = CARTESIAN_POINT ( 'NONE',  ( 3.000000000000000000, 0.7000000000000000666, 2.100000000000000089 ) ) ;
#9189 = CARTESIAN_POINT ( 'NONE',  ( 2.750000000000000000, 0.000000000000000000, 1.300000000000000488 ) ) ;
#9190 = DIRECTION ( 'NONE',  ( -1.000000000000000000, -0.000000000000000000, 1.734723475976805517E-15 ) ) ;
#9191 = ORIENTED_EDGE ( 'NONE', *, *, #9409, .F. ) ;
#9192 = EDGE_CURVE ( 'NONE', #2320, #8961, #1044, .T. ) ;
#9193 = FACE_OUTER_BOUND ( 'NONE', #314, .T. ) ;
#9194 = DIRECTION ( 'NONE',  ( 0.000000000000000000, 0.000000000000000000, 1.000000000000000000 ) ) ;
#9195 = VECTOR ( 'NONE', #268, 1000.000000000000000 ) ;
#9196 = EDGE_CURVE ( 'NONE', #8581, #7078, #8530, .T. ) ;
#9197 = DIRECTION ( 'NONE',  ( 0.000000000000000000, 0.000000000000000000, -1.000000000000000000 ) ) ;
#9198 = VERTEX_POINT ( 'NONE', #1651 ) ;
#9199 = CARTESIAN_POINT ( 'NONE',  ( 2.750000000000000000, 0.000000000000000000, -1.949999999999999289 ) ) ;
#9200 = DIRECTION ( 'NONE',  ( 0.000000000000000000, -0.000000000000000000, 1.000000000000000000 ) ) ;
#9201 = ORIENTED_EDGE ( 'NONE', *, *, #6662, .F. ) ;
#9202 = LINE ( 'NONE', #120, #4530 ) ;
#9203 = AXIS2_PLACEMENT_3D ( 'NONE', #1769, #4802, #7856 ) ;
#9204 = AXIS2_PLACEMENT_3D ( 'NONE', #3456, #2016, #2062 ) ;
#9205 = DIRECTION ( 'NONE',  ( -0.000000000000000000, -1.000000000000000000, -0.000000000000000000 ) ) ;
#9206 = EDGE_LOOP ( 'NONE', ( #4572, #8867, #1488, #9023 ) ) ;
#9207 = EDGE_CURVE ( 'NONE', #6911, #7610, #940, .T. ) ;
#9208 = DIRECTION ( 'NONE',  ( 0.000000000000000000, -0.000000000000000000, -1.000000000000000000 ) ) ;
#9209 = DIRECTION ( 'NONE',  ( 0.000000000000000000, 0.000000000000000000, -1.000000000000000000 ) ) ;
#9210 = DIRECTION ( 'NONE',  ( -0.000000000000000000, -1.000000000000000000, 0.000000000000000000 ) ) ;
#9211 = LINE ( 'NONE', #925, #8810 ) ;
#9212 = CYLINDRICAL_SURFACE ( 'NONE', #5726, 0.1499999999999999667 ) ;
#9213 = EDGE_LOOP ( 'NONE', ( #6793, #5401, #5624, #4618 ) ) ;
#9214 = ORIENTED_EDGE ( 'NONE', *, *, #7803, .T. ) ;
#9215 = EDGE_CURVE ( 'NONE', #614, #2320, #4781, .T. ) ;
#9216 = PLANE ( 'NONE',  #3167 ) ;
#9217 = LINE ( 'NONE', #5476, #3020 ) ;
#9218 = ORIENTED_EDGE ( 'NONE', *, *, #8371, .T. ) ;
#9219 = ORIENTED_EDGE ( 'NONE', *, *, #5776, .F. ) ;
#9220 = LINE ( 'NONE', #5525, #9252 ) ;
#9221 = EDGE_CURVE ( 'NONE', #5335, #4052, #2388, .T. ) ;
#9222 = CARTESIAN_POINT ( 'NONE',  ( -1.149999999999999911, 0.7000000000000003997, 3.000000000000000000 ) ) ;
#9223 = EDGE_CURVE ( 'NONE', #259, #670, #5530, .T. ) ;
#9224 = ORIENTED_EDGE ( 'NONE', *, *, #1366, .T. ) ;
#9225 = CARTESIAN_POINT ( 'NONE',  ( 2.168404344971008868E-16, 0.05000000000000000278, -2.399999999999999911 ) ) ;
#9226 = COLOUR_RGB ( '',0.7921568627450980005, 0.8196078431372548767, 0.9333333333333333481 ) ;
#9227 = AXIS2_PLACEMENT_3D ( 'NONE', #695, #7479, #8979 ) ;
#9228 = VERTEX_POINT ( 'NONE', #6319 ) ;
#9229 = PLANE ( 'NONE',  #1154 ) ;
#9230 = PLANE ( 'NONE',  #6580 ) ;
#9231 = ORIENTED_EDGE ( 'NONE', *, *, #7798, .F. ) ;
#9232 = ORIENTED_EDGE ( 'NONE', *, *, #3127, .F. ) ;
#9233 = AXIS2_PLACEMENT_3D ( 'NONE', #8321, #6822, #3738 ) ;
#9234 = VECTOR ( 'NONE', #2451, 1000.000000000000000 ) ;
#9235 = MECHANICAL_DESIGN_GEOMETRIC_PRESENTATION_REPRESENTATION (  '', ( #2077 ), #5880 ) ;
#9236 = EDGE_CURVE ( 'NONE', #3474, #2038, #3332, .T. ) ;
#9237 = DIRECTION ( 'NONE',  ( 0.000000000000000000, -1.000000000000000000, 0.000000000000000000 ) ) ;
#9238 = EDGE_CURVE ( 'NONE', #7783, #7549, #3281, .T. ) ;
#9239 = LINE ( 'NONE', #5443, #8455 ) ;
#9240 = PLANE ( 'NONE',  #854 ) ;
#9241 = ORIENTED_EDGE ( 'NONE', *, *, #2650, .T. ) ;
#9242 = MECHANICAL_DESIGN_GEOMETRIC_PRESENTATION_REPRESENTATION (  '', ( #3027 ), #1278 ) ;
#9243 = VECTOR ( 'NONE', #7128, 1000.000000000000000 ) ;
#9244 = PRESENTATION_STYLE_ASSIGNMENT (( #5353 ) ) ;
#9245 = MECHANICAL_DESIGN_GEOMETRIC_PRESENTATION_REPRESENTATION (  '', ( #5890 ), #4464 ) ;
#9246 = CARTESIAN_POINT ( 'NONE',  ( 1.799999999999999600, 0.2000000000000000111, 2.750000000000000000 ) ) ;
#9247 = CARTESIAN_POINT ( 'NONE',  ( -2.538461538461538769, 1.000000000000000000, -2.738461538461538947 ) ) ;
#9248 = ADVANCED_FACE ( 'NONE', ( #5432 ), #5384, .T. ) ;
#9249 = VECTOR ( 'NONE', #5112, 1000.000000000000000 ) ;
#9250 = DIRECTION ( 'NONE',  ( -0.000000000000000000, -1.000000000000000000, -0.000000000000000000 ) ) ;
#9251 = EDGE_LOOP ( 'NONE', ( #5923, #2920, #3227, #8314 ) ) ;
#9252 = VECTOR ( 'NONE', #9272, 1000.000000000000000 ) ;
#9253 = DIRECTION ( 'NONE',  ( 0.000000000000000000, -1.000000000000000000, 0.000000000000000000 ) ) ;
#9254 = ORIENTED_EDGE ( 'NONE', *, *, #7179, .T. ) ;
#9255 = CYLINDRICAL_SURFACE ( 'NONE', #4849, 0.1499999999999999667 ) ;
#9256 = DIRECTION ( 'NONE',  ( -0.000000000000000000, -1.000000000000000000, 0.000000000000000000 ) ) ;
#9257 = ORIENTED_EDGE ( 'NONE', *, *, #4990, .T. ) ;
#9258 = SURFACE_STYLE_FILL_AREA ( #6107 ) ;
#9259 = LINE ( 'NONE', #6818, #318 ) ;
#9260 = LINE ( 'NONE', #5512, #3190 ) ;
#9261 = LINE ( 'NONE', #8518, #6728 ) ;
#9262 = AXIS2_PLACEMENT_3D ( 'NONE', #6326, #9538, #1901 ) ;
#9263 = DIRECTION ( 'NONE',  ( 0.000000000000000000, 0.000000000000000000, -1.000000000000000000 ) ) ;
#9264 = ORIENTED_EDGE ( 'NONE', *, *, #5776, .T. ) ;
#9265 = CARTESIAN_POINT ( 'NONE',  ( -2.100000000000000089, 0.000000000000000000, -2.750000000000000000 ) ) ;
#9266 = ORIENTED_EDGE ( 'NONE', *, *, #2815, .F. ) ;
#9267 = CARTESIAN_POINT ( 'NONE',  ( 2.750000000000000000, 0.1999999999999999833, 1.450000000000000400 ) ) ;
#9268 = VECTOR ( 'NONE', #5349, 1000.000000000000000 ) ;
#9269 =( NAMED_UNIT ( * ) PLANE_ANGLE_UNIT ( ) SI_UNIT ( $, .RADIAN. ) );
#9270 = VERTEX_POINT ( 'NONE', #8579 ) ;
#9271 = ORIENTED_EDGE ( 'NONE', *, *, #3002, .F. ) ;
#9272 = DIRECTION ( 'NONE',  ( -1.000000000000000000, 0.000000000000000000, 0.000000000000000000 ) ) ;
#9273 = DIRECTION ( 'NONE',  ( 0.000000000000000000, 0.000000000000000000, 1.000000000000000000 ) ) ;
#9274 = ORIENTED_EDGE ( 'NONE', *, *, #2466, .F. ) ;
#9275 = LINE ( 'NONE', #8630, #1106 ) ;
#9276 = CIRCLE ( 'NONE', #7050, 0.1499999999999999667 ) ;
#9277 = EDGE_CURVE ( 'NONE', #2099, #361, #9275, .T. ) ;
#9278 = VECTOR ( 'NONE', #2674, 1000.000000000000000 ) ;
#9279 = EDGE_CURVE ( 'NONE', #7895, #7610, #189, .T. ) ;
#9280 = VERTEX_POINT ( 'NONE', #1602 ) ;
#9281 = CARTESIAN_POINT ( 'NONE',  ( 2.399999999999999911, 6.988225099390855455, 2.400000000000000355 ) ) ;
#9282 = VECTOR ( 'NONE', #3297, 1000.000000000000000 ) ;
#9283 = CARTESIAN_POINT ( 'NONE',  ( -3.000000000000000000, 0.000000000000000000, 1.450000000000000400 ) ) ;
#9284 = ORIENTED_EDGE ( 'NONE', *, *, #1713, .F. ) ;
#9285 = ORIENTED_EDGE ( 'NONE', *, *, #452, .F. ) ;
#9286 = AXIS2_PLACEMENT_3D ( 'NONE', #2563, #5655, #3257 ) ;
#9287 = LINE ( 'NONE', #9188, #2377 ) ;
#9288 = AXIS2_PLACEMENT_3D ( 'NONE', #5533, #6939, #5485 ) ;
#9289 = DIRECTION ( 'NONE',  ( 1.000000000000000000, 0.000000000000000000, -0.000000000000000000 ) ) ;
#9290 =( NAMED_UNIT ( * ) PLANE_ANGLE_UNIT ( ) SI_UNIT ( $, .RADIAN. ) );
#9291 = EDGE_LOOP ( 'NONE', ( #2364, #8629, #4242, #3543, #7639, #901, #5332, #1556 ) ) ;
#9292 = VECTOR ( 'NONE', #4652, 1000.000000000000000 ) ;
#9293 = CARTESIAN_POINT ( 'NONE',  ( 0.000000000000000000, 0.05000000000000000278, 0.1500000000000003830 ) ) ;
#9294 = EDGE_CURVE ( 'NONE', #7430, #4328, #6276, .T. ) ;
#9295 = AXIS2_PLACEMENT_3D ( 'NONE', #2160, #9745, #8391 ) ;
#9296 = CARTESIAN_POINT ( 'NONE',  ( 1.449999999999999956, 0.2000000000000000111, -3.000000000000000000 ) ) ;
#9297 = EDGE_CURVE ( 'NONE', #730, #4225, #5483, .T. ) ;
#9298 = EDGE_CURVE ( 'NONE', #4127, #7625, #4732, .T. ) ;
#9299 = DIRECTION ( 'NONE',  ( 1.000000000000000000, -0.000000000000000000, 0.000000000000000000 ) ) ;
#9300 =( GEOMETRIC_REPRESENTATION_CONTEXT ( 3 ) GLOBAL_UNCERTAINTY_ASSIGNED_CONTEXT ( ( #9133 ) ) GLOBAL_UNIT_ASSIGNED_CONTEXT ( ( #2444, #1702, #9329 ) ) REPRESENTATION_CONTEXT ( 'NONE', 'WORKASPACE' ) );
#9301 = DIRECTION ( 'NONE',  ( 0.000000000000000000, -1.000000000000000000, 0.000000000000000000 ) ) ;
#9302 = ORIENTED_EDGE ( 'NONE', *, *, #5515, .T. ) ;
#9303 = VECTOR ( 'NONE', #9025, 1000.000000000000000 ) ;
#9304 = DIRECTION ( 'NONE',  ( -1.000000000000000000, 0.000000000000000000, 0.000000000000000000 ) ) ;
#9305 = VERTEX_POINT ( 'NONE', #5774 ) ;
#9306 = CARTESIAN_POINT ( 'NONE',  ( -0.6500000000000000222, 0.7000000000000003997, -2.750000000000000000 ) ) ;
#9307 = EDGE_CURVE ( 'NONE', #1545, #4880, #5679, .T. ) ;
#9308 = CARTESIAN_POINT ( 'NONE',  ( 3.000000000000000000, 0.1999999999999999833, -1.449999999999999512 ) ) ;
#9309 = VERTEX_POINT ( 'NONE', #8728 ) ;
#9310 = LINE ( 'NONE', #2469, #8451 ) ;
#9311 = CARTESIAN_POINT ( 'NONE',  ( 3.000000000000000000, 0.05000000000000000278, 3.000000000000000000 ) ) ;
#9312 = PLANE ( 'NONE',  #5421 ) ;
#9313 = CARTESIAN_POINT ( 'NONE',  ( 1.300000000000000044, 0.1999999999999999833, 2.750000000000000000 ) ) ;
#9314 = DIRECTION ( 'NONE',  ( -0.000000000000000000, -1.000000000000000000, -0.000000000000000000 ) ) ;
#9315 = ORIENTED_EDGE ( 'NONE', *, *, #1630, .F. ) ;
#9316 = EDGE_CURVE ( 'NONE', #7009, #6881, #5028, .T. ) ;
#9317 = CARTESIAN_POINT ( 'NONE',  ( -1.949999999999999956, 0.2000000000000000111, -2.750000000000000000 ) ) ;
#9318 = VERTEX_POINT ( 'NONE', #8039 ) ;
#9319 = LINE ( 'NONE', #6973, #6997 ) ;
#9320 =( LENGTH_UNIT ( ) NAMED_UNIT ( * ) SI_UNIT ( .MILLI., .METRE. ) );
#9321 = ORIENTED_EDGE ( 'NONE', *, *, #4456, .F. ) ;
#9322 = EDGE_CURVE ( 'NONE', #9280, #9309, #3540, .T. ) ;
#9323 = ORIENTED_EDGE ( 'NONE', *, *, #1495, .F. ) ;
#9324 = DIRECTION ( 'NONE',  ( -1.734723475976805517E-15, 0.000000000000000000, -1.000000000000000000 ) ) ;
#9325 = CYLINDRICAL_SURFACE ( 'NONE', #4291, 0.1499999999999999667 ) ;
#9326 = DIRECTION ( 'NONE',  ( 0.000000000000000000, -0.000000000000000000, 1.000000000000000000 ) ) ;
#9327 = EDGE_LOOP ( 'NONE', ( #3337, #2276, #7219, #4502 ) ) ;
#9328 = CARTESIAN_POINT ( 'NONE',  ( 0.000000000000000000, 0.05000000000000000278, 2.100000000000000089 ) ) ;
#9329 =( NAMED_UNIT ( * ) SI_UNIT ( $, .STERADIAN. ) SOLID_ANGLE_UNIT ( ) );
#9330 = AXIS2_PLACEMENT_3D ( 'NONE', #3415, #2817, #8708 ) ;
#9331 = VERTEX_POINT ( 'NONE', #339 ) ;
#9332 = DIRECTION ( 'NONE',  ( 0.000000000000000000, 1.000000000000000000, -0.000000000000000000 ) ) ;
#9333 = DIRECTION ( 'NONE',  ( 1.000000000000000000, 0.000000000000000000, -1.734723475976805517E-15 ) ) ;
#9334 = ORIENTED_EDGE ( 'NONE', *, *, #1497, .T. ) ;
#9335 = EDGE_CURVE ( 'NONE', #3213, #3411, #7168, .T. ) ;
#9336 = VERTEX_POINT ( 'NONE', #1238 ) ;
#9337 = DIRECTION ( 'NONE',  ( 1.000000000000000000, 0.000000000000000000, 0.000000000000000000 ) ) ;
#9338 = LINE ( 'NONE', #6235, #4788 ) ;
#9339 = DIRECTION ( 'NONE',  ( 0.000000000000000000, -1.000000000000000000, 0.000000000000000000 ) ) ;
#9340 = EDGE_LOOP ( 'NONE', ( #5042, #9153, #8300, #6209 ) ) ;
#9341 = FILL_AREA_STYLE_COLOUR ( '', #3479 ) ;
#9342 = DIRECTION ( 'NONE',  ( 0.000000000000000000, 0.000000000000000000, -1.000000000000000000 ) ) ;
#9343 = AXIS2_PLACEMENT_3D ( 'NONE', #6309, #4128, #1 ) ;
#9344 = LINE ( 'NONE', #7855, #5246 ) ;
#9346 = VECTOR ( 'NONE', #9851, 1000.000000000000000 ) ;
#9345 = CARTESIAN_POINT ( 'NONE',  ( 2.750000000000000000, 0.1999999999999999833, 2.100000000000000089 ) ) ;
#9347 = EDGE_CURVE ( 'NONE', #9138, #9690, #1195, .T. ) ;
#9348 = ORIENTED_EDGE ( 'NONE', *, *, #6375, .F. ) ;
#9349 = CARTESIAN_POINT ( 'NONE',  ( 2.750000000000000000, 0.000000000000000000, 0.1500000000000003830 ) ) ;
#9350 =( NAMED_UNIT ( * ) PLANE_ANGLE_UNIT ( ) SI_UNIT ( $, .RADIAN. ) );
#9351 = ORIENTED_EDGE ( 'NONE', *, *, #2343, .F. ) ;
#9352 = DIRECTION ( 'NONE',  ( 0.000000000000000000, -1.000000000000000000, 0.000000000000000000 ) ) ;
#9353 = VECTOR ( 'NONE', #6587, 1000.000000000000000 ) ;
#9354 = LINE ( 'NONE', #3310, #5497 ) ;
#9355 = ORIENTED_EDGE ( 'NONE', *, *, #8977, .T. ) ;
#9356 = CARTESIAN_POINT ( 'NONE',  ( -2.538461538461538769, 1.000000000000000000, -2.738461538461538947 ) ) ;
#9357 = DIRECTION ( 'NONE',  ( 1.000000000000000000, -0.000000000000000000, -0.000000000000000000 ) ) ;
#9358 = EDGE_CURVE ( 'NONE', #9336, #1734, #487, .T. ) ;
#9359 = DIRECTION ( 'NONE',  ( -1.000000000000000000, 0.000000000000000000, 7.228014483236694583E-17 ) ) ;
#9360 = AXIS2_PLACEMENT_3D ( 'NONE', #5273, #6058, #126 ) ;
#9361 = EDGE_CURVE ( 'NONE', #9318, #8993, #3386, .T. ) ;
#9362 = CYLINDRICAL_SURFACE ( 'NONE', #192, 0.2000000000000000944 ) ;
#9363 = VECTOR ( 'NONE', #3864, 1000.000000000000000 ) ;
#9364 = EDGE_CURVE ( 'NONE', #1388, #7613, #1093, .T. ) ;
#9365 = CARTESIAN_POINT ( 'NONE',  ( 2.750000000000000000, 0.1999999999999999833, 0.6500000000000005773 ) ) ;
#9366 = ORIENTED_EDGE ( 'NONE', *, *, #4261, .T. ) ;
#9367 = DIRECTION ( 'NONE',  ( 0.000000000000000000, -0.000000000000000000, -1.000000000000000000 ) ) ;
#9368 = EDGE_LOOP ( 'NONE', ( #649, #4171, #439, #1047 ) ) ;
#9369 = DIRECTION ( 'NONE',  ( 1.000000000000000000, 0.000000000000000000, 1.734723475976805517E-15 ) ) ;
#9370 =( LENGTH_UNIT ( ) NAMED_UNIT ( * ) SI_UNIT ( .MILLI., .METRE. ) );
#9371 = ORIENTED_EDGE ( 'NONE', *, *, #1377, .F. ) ;
#9372 = ORIENTED_EDGE ( 'NONE', *, *, #9140, .F. ) ;
#9373 = DIRECTION ( 'NONE',  ( 0.000000000000000000, -1.000000000000000000, 0.000000000000000000 ) ) ;
#9374 = LINE ( 'NONE', #2338, #2706 ) ;
#9375 = EDGE_CURVE ( 'NONE', #5135, #3290, #3591, .T. ) ;
#9376 = DIRECTION ( 'NONE',  ( 0.000000000000000000, -0.000000000000000000, 1.000000000000000000 ) ) ;
#9377 = VERTEX_POINT ( 'NONE', #6567 ) ;
#9378 = DIRECTION ( 'NONE',  ( -0.000000000000000000, -1.000000000000000000, -0.000000000000000000 ) ) ;
#9379 = CYLINDRICAL_SURFACE ( 'NONE', #699, 0.1499999999999997446 ) ;
#9380 = ORIENTED_EDGE ( 'NONE', *, *, #9192, .T. ) ;
#9381 = DIRECTION ( 'NONE',  ( 0.000000000000000000, 0.000000000000000000, -1.000000000000000000 ) ) ;
#9382 = DIRECTION ( 'NONE',  ( 0.000000000000000000, 1.000000000000000000, -0.000000000000000000 ) ) ;
#9383 = EDGE_LOOP ( 'NONE', ( #7343, #3863, #75, #1531 ) ) ;
#9384 = VERTEX_POINT ( 'NONE', #1850 ) ;
#9385 = DIRECTION ( 'NONE',  ( 1.000000000000000000, -0.000000000000000000, 1.734723475976805714E-15 ) ) ;
#9386 = CARTESIAN_POINT ( 'NONE',  ( -0.5000000000000000000, 0.000000000000000000, -3.000000000000000000 ) ) ;
#9387 = EDGE_CURVE ( 'NONE', #1409, #614, #308, .T. ) ;
#9388 = PLANE ( 'NONE',  #5 ) ;
#9389 = AXIS2_PLACEMENT_3D ( 'NONE', #4825, #1789, #4970 ) ;
#9390 = LINE ( 'NONE', #7945, #2923 ) ;
#9391 = ORIENTED_EDGE ( 'NONE', *, *, #6932, .F. ) ;
#9392 = EDGE_CURVE ( 'NONE', #7610, #8405, #8782, .T. ) ;
#9393 = FACE_OUTER_BOUND ( 'NONE', #2481, .T. ) ;
#9394 = LINE ( 'NONE', #908, #9836 ) ;
#9395 = AXIS2_PLACEMENT_3D ( 'NONE', #5391, #3244, #249 ) ;
#9396 = AXIS2_PLACEMENT_3D ( 'NONE', #8653, #4062, #867 ) ;
#9397 = FACE_OUTER_BOUND ( 'NONE', #5373, .T. ) ;
#9398 = CARTESIAN_POINT ( 'NONE',  ( -1.949999999999999956, 0.2000000000000000111, -2.750000000000000000 ) ) ;
#9399 = ORIENTED_EDGE ( 'NONE', *, *, #7654, .F. ) ;
#9400 = AXIS2_PLACEMENT_3D ( 'NONE', #177, #3887, #7822 ) ;
#9401 = PLANE ( 'NONE',  #3395 ) ;
#9402 = CIRCLE ( 'NONE', #5889, 0.1499999999999999667 ) ;
#9403 = VECTOR ( 'NONE', #3641, 1000.000000000000000 ) ;
#9404 = VERTEX_POINT ( 'NONE', #1291 ) ;
#9405 = CARTESIAN_POINT ( 'NONE',  ( -2.538461538461538769, 1.000000000000000000, -2.538461538461538769 ) ) ;
#9406 = EDGE_CURVE ( 'NONE', #3133, #103, #1896, .T. ) ;
#9407 = DIRECTION ( 'NONE',  ( 0.000000000000000000, -1.000000000000000000, 0.000000000000000000 ) ) ;
#9408 = ORIENTED_EDGE ( 'NONE', *, *, #5302, .T. ) ;
#9409 = EDGE_CURVE ( 'NONE', #1573, #7140, #7381, .T. ) ;
#9410 = PRESENTATION_LAYER_ASSIGNMENT (  '', '', ( #8935 ) ) ;
#9411 = AXIS2_PLACEMENT_3D ( 'NONE', #3101, #573, #8111 ) ;
#9412 = FACE_OUTER_BOUND ( 'NONE', #1099, .T. ) ;
#9413 = CIRCLE ( 'NONE', #7338, 0.1499999999999999667 ) ;
#9414 = CARTESIAN_POINT ( 'NONE',  ( 1.800000000000000044, 0.7000000000000006217, -3.000000000000000000 ) ) ;
#9415 = VERTEX_POINT ( 'NONE', #7276 ) ;
#9416 = DIRECTION ( 'NONE',  ( -1.000000000000000000, 0.000000000000000000, 0.000000000000000000 ) ) ;
#9417 = FACE_OUTER_BOUND ( 'NONE', #7231, .T. ) ;
#9418 = CARTESIAN_POINT ( 'NONE',  ( -2.750000000000000000, 0.1999999999999999833, 1.150000000000000799 ) ) ;
#9419 = ORIENTED_EDGE ( 'NONE', *, *, #7737, .F. ) ;
#9420 = AXIS2_PLACEMENT_3D ( 'NONE', #7257, #6343, #7111 ) ;
#9421 = DIRECTION ( 'NONE',  ( 0.000000000000000000, -0.000000000000000000, 1.000000000000000000 ) ) ;
#9422 = ORIENTED_EDGE ( 'NONE', *, *, #9223, .F. ) ;
#9423 = ADVANCED_FACE ( 'NONE', ( #4334 ), #2589, .T. ) ;
#9424 = FACE_OUTER_BOUND ( 'NONE', #4570, .T. ) ;
#9425 = ADVANCED_FACE ( 'NONE', ( #4928 ), #5631, .T. ) ;
#9426 = ORIENTED_EDGE ( 'NONE', *, *, #8755, .F. ) ;
#9427 = VERTEX_POINT ( 'NONE', #9529 ) ;
#9428 = CARTESIAN_POINT ( 'NONE',  ( -1.800000000000000044, 0.000000000000000000, -3.000000000000000000 ) ) ;
#9429 = LINE ( 'NONE', #1944, #160 ) ;
#9430 = CARTESIAN_POINT ( 'NONE',  ( -0.4999999999999997780, 0.000000000000000000, 2.750000000000000000 ) ) ;
#9431 = VERTEX_POINT ( 'NONE', #2688 ) ;
#9432 = CARTESIAN_POINT ( 'NONE',  ( -2.750000000000000000, 0.000000000000000000, 0.5000000000000008882 ) ) ;
#9433 = CARTESIAN_POINT ( 'NONE',  ( 2.750000000000000000, 0.7000000000000000666, 1.950000000000000622 ) ) ;
#9434 = AXIS2_PLACEMENT_3D ( 'NONE', #1914, #5001, #8003 ) ;
#9435 = EDGE_CURVE ( 'NONE', #6832, #15, #6518, .T. ) ;
#9436 = ADVANCED_FACE ( 'NONE', ( #2742 ), #4531, .F. ) ;
#9437 = CARTESIAN_POINT ( 'NONE',  ( -3.000000000000000000, 0.1999999999999999833, -1.799999999999999600 ) ) ;
#9438 = VECTOR ( 'NONE', #355, 1000.000000000000000 ) ;
#9439 = CARTESIAN_POINT ( 'NONE',  ( -3.000000000000000000, 0.05000000000000000278, 3.000000000000000444 ) ) ;
#9440 = VERTEX_POINT ( 'NONE', #7428 ) ;
#9441 = ORIENTED_EDGE ( 'NONE', *, *, #7542, .T. ) ;
#9442 = FACE_OUTER_BOUND ( 'NONE', #7969, .T. ) ;
#9443 = CARTESIAN_POINT ( 'NONE',  ( -2.750000000000000000, 0.7000000000000000666, -2.099999999999999201 ) ) ;
#9444 = AXIS2_PLACEMENT_3D ( 'NONE', #8683, #1848, #7932 ) ;
#9445 = CARTESIAN_POINT ( 'NONE',  ( -3.000000000000000000, 0.1999999999999999833, 0.8000000000000003775 ) ) ;
#9446 = CARTESIAN_POINT ( 'NONE',  ( -2.750000000000000000, 0.7000000000000000666, -0.1499999999999990785 ) ) ;
#9447 = ORIENTED_EDGE ( 'NONE', *, *, #945, .T. ) ;
#9448 = CARTESIAN_POINT ( 'NONE',  ( -3.000000000000000000, 0.1999999999999999833, -1.799999999999999600 ) ) ;
#9449 = AXIS2_PLACEMENT_3D ( 'NONE', #1159, #6481, #3402 ) ;
#9450 = EDGE_CURVE ( 'NONE', #9781, #1522, #3826, .T. ) ;
#9451 = CARTESIAN_POINT ( 'NONE',  ( 2.399999999999999911, 0.05000000000000000278, -2.299999999999999822 ) ) ;
#9452 = AXIS2_PLACEMENT_3D ( 'NONE', #6711, #678, #7461 ) ;
#9453 = DIRECTION ( 'NONE',  ( 1.000000000000000000, -0.000000000000000000, 0.000000000000000000 ) ) ;
#9454 = EDGE_CURVE ( 'NONE', #6148, #3900, #5223, .T. ) ;
#9455 = DIRECTION ( 'NONE',  ( 0.000000000000000000, 1.000000000000000000, 0.000000000000000000 ) ) ;
#9456 = VERTEX_POINT ( 'NONE', #9724 ) ;
#9457 = DIRECTION ( 'NONE',  ( 0.000000000000000000, 0.000000000000000000, 1.000000000000000000 ) ) ;
#9458 = DIRECTION ( 'NONE',  ( 0.000000000000000000, 0.000000000000000000, 1.000000000000000000 ) ) ;
#9459 = VERTEX_POINT ( 'NONE', #592 ) ;
#9460 = LINE ( 'NONE', #8809, #1181 ) ;
#9461 = CARTESIAN_POINT ( 'NONE',  ( -2.750000000000000000, 0.1999999999999999833, -1.449999999999999067 ) ) ;
#9462 = ORIENTED_EDGE ( 'NONE', *, *, #4475, .F. ) ;
#9463 = AXIS2_PLACEMENT_3D ( 'NONE', #6530, #447, #3451 ) ;
#9464 = DIRECTION ( 'NONE',  ( 0.000000000000000000, 1.000000000000000000, 0.000000000000000000 ) ) ;
#9465 = ADVANCED_FACE ( 'NONE', ( #3638 ), #2885, .F. ) ;
#9466 = AXIS2_PLACEMENT_3D ( 'NONE', #855, #4789, #7843 ) ;
#9467 = DIRECTION ( 'NONE',  ( 0.000000000000000000, 0.000000000000000000, 1.000000000000000000 ) ) ;
#9468 = ORIENTED_EDGE ( 'NONE', *, *, #9016, .T. ) ;
#9469 = CARTESIAN_POINT ( 'NONE',  ( 1.300000000000000044, 0.7000000000000003997, -2.750000000000000000 ) ) ;
#9470 = FACE_OUTER_BOUND ( 'NONE', #8154, .T. ) ;
#9471 = ORIENTED_EDGE ( 'NONE', *, *, #5256, .T. ) ;
#9472 = DIRECTION ( 'NONE',  ( -1.000000000000000000, 0.000000000000000000, 0.000000000000000000 ) ) ;
#9473 = ORIENTED_EDGE ( 'NONE', *, *, #976, .F. ) ;
#9474 = CARTESIAN_POINT ( 'NONE',  ( 0.1499999999999999667, 0.2000000000000000111, -3.000000000000000000 ) ) ;
#9475 = PRESENTATION_STYLE_ASSIGNMENT (( #8029 ) ) ;
#9476 = VERTEX_POINT ( 'NONE', #5920 ) ;
#9477 = ORIENTED_EDGE ( 'NONE', *, *, #4653, .F. ) ;
#9478 = CIRCLE ( 'NONE', #2780, 0.2000000000000000944 ) ;
#9479 = CARTESIAN_POINT ( 'NONE',  ( 0.000000000000000000, 0.7000000000000003997, -2.750000000000000000 ) ) ;
#9480 = DIRECTION ( 'NONE',  ( 1.000000000000000000, 0.000000000000000000, -1.734723475976805714E-15 ) ) ;
#9481 = DIRECTION ( 'NONE',  ( 0.000000000000000000, 1.000000000000000000, 0.000000000000000000 ) ) ;
#9482 = ORIENTED_EDGE ( 'NONE', *, *, #1187, .F. ) ;
#9483 = CARTESIAN_POINT ( 'NONE',  ( 0.1499999999999999667, 0.000000000000000000, 3.000000000000000000 ) ) ;
#9484 = EDGE_CURVE ( 'NONE', #8976, #4380, #5177, .T. ) ;
#9485 = PRESENTATION_STYLE_ASSIGNMENT (( #8881 ) ) ;
#9486 = EDGE_CURVE ( 'NONE', #8807, #7145, #2238, .T. ) ;
#9487 = EDGE_CURVE ( 'NONE', #1899, #4823, #8974, .T. ) ;
#9488 = DIRECTION ( 'NONE',  ( -1.000000000000000000, 0.000000000000000000, -0.000000000000000000 ) ) ;
#9489 = CARTESIAN_POINT ( 'NONE',  ( 2.750000000000000000, 0.7000000000000000666, -2.099999999999999201 ) ) ;
#9490 = VERTEX_POINT ( 'NONE', #9019 ) ;
#9491 = EDGE_LOOP ( 'NONE', ( #3338, #5907, #8989, #149 ) ) ;
#9492 = CARTESIAN_POINT ( 'NONE',  ( -2.750000000000000000, 0.7000000000000000666, -0.1499999999999990785 ) ) ;
#9493 = DIRECTION ( 'NONE',  ( 1.000000000000000000, 0.000000000000000000, -0.000000000000000000 ) ) ;
#9494 = DIRECTION ( 'NONE',  ( -0.000000000000000000, -0.000000000000000000, 1.000000000000000000 ) ) ;
#9495 = EDGE_CURVE ( 'NONE', #534, #2086, #5251, .T. ) ;
#9496 = VECTOR ( 'NONE', #6395, 1000.000000000000000 ) ;
#9497 = CARTESIAN_POINT ( 'NONE',  ( 2.750000000000000000, 0.7000000000000000666, 0.1500000000000003830 ) ) ;
#9498 = EDGE_CURVE ( 'NONE', #1522, #8976, #8271, .T. ) ;
#9499 = DIRECTION ( 'NONE',  ( 0.000000000000000000, -1.000000000000000000, 0.000000000000000000 ) ) ;
#9500 = CARTESIAN_POINT ( 'NONE',  ( 0.4999999999999995559, 0.1999999999999999833, 2.750000000000000000 ) ) ;
#9501 = CARTESIAN_POINT ( 'NONE',  ( -2.538461538461538769, 0.9000000000000000222, -2.338461538461539035 ) ) ;
#9502 = DIRECTION ( 'NONE',  ( 0.000000000000000000, -0.000000000000000000, 1.000000000000000000 ) ) ;
#9503 = CARTESIAN_POINT ( 'NONE',  ( -3.000000000000000000, 0.05000000000000000278, 3.000000000000000444 ) ) ;
#9504 = ORIENTED_EDGE ( 'NONE', *, *, #76, .T. ) ;
#9505 = EDGE_CURVE ( 'NONE', #7020, #6596, #9674, .T. ) ;
#9506 = CARTESIAN_POINT ( 'NONE',  ( 0.4999999999999995559, 0.2000000000000000111, -2.750000000000000000 ) ) ;
#9507 = PRESENTATION_STYLE_ASSIGNMENT (( #873 ) ) ;
#9508 = ORIENTED_EDGE ( 'NONE', *, *, #1390, .T. ) ;
#9509 = DIRECTION ( 'NONE',  ( 0.000000000000000000, -0.000000000000000000, -1.000000000000000000 ) ) ;
#9510 = DIRECTION ( 'NONE',  ( -0.000000000000000000, -1.000000000000000000, -0.000000000000000000 ) ) ;
#9511 = DIRECTION ( 'NONE',  ( 0.000000000000000000, 0.000000000000000000, -1.000000000000000000 ) ) ;
#9512 = DIRECTION ( 'NONE',  ( -1.734723475976805714E-15, 0.000000000000000000, -1.000000000000000000 ) ) ;
#9513 = ORIENTED_EDGE ( 'NONE', *, *, #1363, .T. ) ;
#9514 = CARTESIAN_POINT ( 'NONE',  ( 2.750000000000000000, 0.7000000000000000666, 2.100000000000000089 ) ) ;
#9515 = PLANE ( 'NONE',  #679 ) ;
#9516 = SURFACE_SIDE_STYLE ('',( #8021 ) ) ;
#9517 = ORIENTED_EDGE ( 'NONE', *, *, #3627, .T. ) ;
#9518 = ADVANCED_FACE ( 'NONE', ( #640 ), #2284, .T. ) ;
#9519 = CARTESIAN_POINT ( 'NONE',  ( -1.450000000000000400, 0.7000000000000003997, -2.750000000000000000 ) ) ;
#9520 = ORIENTED_EDGE ( 'NONE', *, *, #8868, .T. ) ;
#9521 = CARTESIAN_POINT ( 'NONE',  ( 2.299999999999999822, 0.1999999999999996503, 2.400000000000000355 ) ) ;
#9522 = CIRCLE ( 'NONE', #7935, 0.09999999999999982514 ) ;
#9523 = VERTEX_POINT ( 'NONE', #1492 ) ;
#9524 = ORIENTED_EDGE ( 'NONE', *, *, #3960, .F. ) ;
#9525 = CYLINDRICAL_SURFACE ( 'NONE', #6703, 0.09999999999999982514 ) ;
#9526 = CARTESIAN_POINT ( 'NONE',  ( 0.1499999999999999667, 0.000000000000000000, -3.000000000000000000 ) ) ;
#9527 = LINE ( 'NONE', #3434, #8475 ) ;
#9528 = EDGE_LOOP ( 'NONE', ( #3085, #6261, #2304, #6165 ) ) ;
#9529 = CARTESIAN_POINT ( 'NONE',  ( 1.949999999999999956, 0.2000000000000000111, 2.599999999999999645 ) ) ;
#9530 =( LENGTH_UNIT ( ) NAMED_UNIT ( * ) SI_UNIT ( .MILLI., .METRE. ) );
#9531 = AXIS2_PLACEMENT_3D ( 'NONE', #7509, #1527, #9854 ) ;
#9532 = MECHANICAL_DESIGN_GEOMETRIC_PRESENTATION_REPRESENTATION (  '', ( #8254 ), #919 ) ;
#9533 = DIRECTION ( 'NONE',  ( 0.000000000000000000, 1.000000000000000000, 0.000000000000000000 ) ) ;
#9534 = EDGE_CURVE ( 'NONE', #8671, #9305, #6724, .T. ) ;
#9535 = DIRECTION ( 'NONE',  ( 0.000000000000000000, 0.000000000000000000, -1.000000000000000000 ) ) ;
#9536 = ORIENTED_EDGE ( 'NONE', *, *, #170, .T. ) ;
#9537 = ORIENTED_EDGE ( 'NONE', *, *, #5449, .T. ) ;
#9538 = DIRECTION ( 'NONE',  ( 0.000000000000000000, 1.000000000000000000, 0.000000000000000000 ) ) ;
#9539 = DIRECTION ( 'NONE',  ( 1.000000000000000000, -0.000000000000000000, 1.734723475976805714E-15 ) ) ;
#9540 = LINE ( 'NONE', #350, #7989 ) ;
#9541 = LINE ( 'NONE', #2846, #4679 ) ;
#9542 = CARTESIAN_POINT ( 'NONE',  ( 0.7999999999999999334, 0.1999999999999999833, -3.000000000000000000 ) ) ;
#9543 = CARTESIAN_POINT ( 'NONE',  ( 0.5000000000000000000, 0.04999999999999969746, -3.000000000000000000 ) ) ;
#9544 = EDGE_CURVE ( 'NONE', #4916, #4059, #8127, .T. ) ;
#9545 = DIRECTION ( 'NONE',  ( 0.000000000000000000, -1.000000000000000000, 0.000000000000000000 ) ) ;
#9546 = DIRECTION ( 'NONE',  ( 0.000000000000000000, 0.000000000000000000, 1.000000000000000000 ) ) ;
#9547 = EDGE_CURVE ( 'NONE', #3132, #9318, #1389, .T. ) ;
#9548 = AXIS2_PLACEMENT_3D ( 'NONE', #8507, #3921, #2414 ) ;
#9549 = VECTOR ( 'NONE', #9381, 1000.000000000000000 ) ;
#9550 = CARTESIAN_POINT ( 'NONE',  ( -2.750000000000000000, 0.000000000000000000, 1.800000000000000711 ) ) ;
#9551 = DIRECTION ( 'NONE',  ( 0.000000000000000000, 1.000000000000000000, -0.000000000000000000 ) ) ;
#9552 = ORIENTED_EDGE ( 'NONE', *, *, #5884, .T. ) ;
#9553 = CARTESIAN_POINT ( 'NONE',  ( 3.000000000000000000, 0.05000000000000000278, 3.000000000000000000 ) ) ;
#9554 = ORIENTED_EDGE ( 'NONE', *, *, #5527, .F. ) ;
#9555 = LINE ( 'NONE', #7862, #3579 ) ;
#9556 = CIRCLE ( 'NONE', #1910, 0.1499999999999999667 ) ;
#9557 = AXIS2_PLACEMENT_3D ( 'NONE', #2964, #4461, #18 ) ;
#9558 = CARTESIAN_POINT ( 'NONE',  ( 3.000000000000000000, 0.9999999999999991118, -3.000000000000000000 ) ) ;
#9559 = EDGE_CURVE ( 'NONE', #9726, #5674, #6062, .T. ) ;
#9560 = STYLED_ITEM ( 'NONE', ( #1180 ), #9730 ) ;
#9561 = VECTOR ( 'NONE', #3168, 1000.000000000000000 ) ;
#9562 = PRESENTATION_LAYER_ASSIGNMENT (  '', '', ( #4612 ) ) ;
#9563 = DIRECTION ( 'NONE',  ( 0.000000000000000000, -1.000000000000000000, 0.000000000000000000 ) ) ;
#9564 = VERTEX_POINT ( 'NONE', #9117 ) ;
#9565 = DIRECTION ( 'NONE',  ( 0.000000000000000000, 1.000000000000000000, -0.000000000000000000 ) ) ;
#9566 = LINE ( 'NONE', #2728, #8010 ) ;
#9567 = AXIS2_PLACEMENT_3D ( 'NONE', #3473, #2729, #5762 ) ;
#9568 = CARTESIAN_POINT ( 'NONE',  ( -1.800000000000000488, 0.05000000000000000278, -2.999999999999999556 ) ) ;
#9570 = ORIENTED_EDGE ( 'NONE', *, *, #4726, .T. ) ;
#9569 = AXIS2_PLACEMENT_3D ( 'NONE', #9659, #6134, #2307 ) ;
#9571 = FACE_OUTER_BOUND ( 'NONE', #1644, .T. ) ;
#9572 = AXIS2_PLACEMENT_3D ( 'NONE', #8479, #5380, #6977 ) ;
#9573 = ORIENTED_EDGE ( 'NONE', *, *, #114, .T. ) ;
#9574 = ORIENTED_EDGE ( 'NONE', *, *, #9547, .T. ) ;
#9575 = CARTESIAN_POINT ( 'NONE',  ( 1.449999999999999956, 0.05000000000000000278, 0.000000000000000000 ) ) ;
#9576 = CARTESIAN_POINT ( 'NONE',  ( -1.300000000000000044, 0.000000000000000000, -2.750000000000000000 ) ) ;
#9577 = EDGE_CURVE ( 'NONE', #4738, #713, #4296, .T. ) ;
#9578 = CARTESIAN_POINT ( 'NONE',  ( 2.100000000000000089, 0.1999999999999999833, 2.750000000000000000 ) ) ;
#9579 = ORIENTED_EDGE ( 'NONE', *, *, #1252, .F. ) ;
#9580 = VECTOR ( 'NONE', #4319, 1000.000000000000000 ) ;
#9581 = DIRECTION ( 'NONE',  ( 0.000000000000000000, 0.000000000000000000, 1.000000000000000000 ) ) ;
#9582 = AXIS2_PLACEMENT_3D ( 'NONE', #1072, #371, #7213 ) ;
#9583 = DIRECTION ( 'NONE',  ( 0.000000000000000000, -1.000000000000000000, 0.000000000000000000 ) ) ;
#9584 = DIRECTION ( 'NONE',  ( 1.000000000000000000, 0.000000000000000000, -1.734723475976805714E-15 ) ) ;
#9585 = ORIENTED_EDGE ( 'NONE', *, *, #9547, .F. ) ;
#9586 = ORIENTED_EDGE ( 'NONE', *, *, #3317, .F. ) ;
#9587 = CYLINDRICAL_SURFACE ( 'NONE', #5778, 0.1499999999999999667 ) ;
#9588 = DIRECTION ( 'NONE',  ( 0.000000000000000000, 0.000000000000000000, -1.000000000000000000 ) ) ;
#9589 = EDGE_CURVE ( 'NONE', #741, #3071, #3833, .T. ) ;
#9590 = CARTESIAN_POINT ( 'NONE',  ( 2.750000000000000000, 0.000000000000000000, -0.6499999999999993561 ) ) ;
#9591 = SURFACE_STYLE_FILL_AREA ( #3499 ) ;
#9592 = AXIS2_PLACEMENT_3D ( 'NONE', #8801, #2065, #1112 ) ;
#9593 = ADVANCED_FACE ( 'NONE', ( #4385 ), #3979, .F. ) ;
#9594 = DIRECTION ( 'NONE',  ( -0.000000000000000000, -1.000000000000000000, -0.000000000000000000 ) ) ;
#9595 = CARTESIAN_POINT ( 'NONE',  ( -2.399999999999999911, 6.988225099390855455, -2.049999999999999822 ) ) ;
#9596 = CARTESIAN_POINT ( 'NONE',  ( -2.100000000000000089, 0.2000000000000000111, 2.750000000000000000 ) ) ;
#9597 = CARTESIAN_POINT ( 'NONE',  ( -1.799999999999999822, 0.2000000000000000111, 2.750000000000000000 ) ) ;
#9598 = AXIS2_PLACEMENT_3D ( 'NONE', #7552, #3000, #8997 ) ;
#9599 = LINE ( 'NONE', #7400, #500 ) ;
#9600 = CARTESIAN_POINT ( 'NONE',  ( -3.000000000000000000, 0.7000000000000000666, 0.1500000000000003830 ) ) ;
#9601 = ORIENTED_EDGE ( 'NONE', *, *, #8632, .T. ) ;
#9602 = LINE ( 'NONE', #2767, #3222 ) ;
#9603 = VERTEX_POINT ( 'NONE', #1784 ) ;
#9604 = CARTESIAN_POINT ( 'NONE',  ( -0.4999999999999997780, 0.2000000000000000111, 2.750000000000000000 ) ) ;
#9605 = EDGE_CURVE ( 'NONE', #3639, #3385, #228, .T. ) ;
#9606 = EDGE_CURVE ( 'NONE', #2954, #7221, #2523, .T. ) ;
#9607 = VECTOR ( 'NONE', #6155, 1000.000000000000000 ) ;
#9608 = DIRECTION ( 'NONE',  ( 1.734723475976805714E-15, 0.000000000000000000, -1.000000000000000000 ) ) ;
#9609 = AXIS2_PLACEMENT_3D ( 'NONE', #7205, #1117, #9457 ) ;
#9610 = DIRECTION ( 'NONE',  ( 1.000000000000000000, -0.000000000000000000, -0.000000000000000000 ) ) ;
#9611 = ORIENTED_EDGE ( 'NONE', *, *, #2720, .T. ) ;
#9612 = AXIS2_PLACEMENT_3D ( 'NONE', #615, #5156, #9000 ) ;
#9613 = LINE ( 'NONE', #8396, #5257 ) ;
#9614 = CARTESIAN_POINT ( 'NONE',  ( -3.000000000000000000, 0.2000000000000005107, -1.149999999999999467 ) ) ;
#9615 = FACE_OUTER_BOUND ( 'NONE', #6782, .T. ) ;
#9616 = CIRCLE ( 'NONE', #7232, 0.1499999999999997446 ) ;
#9617 = ORIENTED_EDGE ( 'NONE', *, *, #7823, .F. ) ;
#9618 = VECTOR ( 'NONE', #6536, 1000.000000000000000 ) ;
#9619 = FILL_AREA_STYLE_COLOUR ( '', #6203 ) ;
#9620 = VERTEX_POINT ( 'NONE', #9166 ) ;
#9621 = ORIENTED_EDGE ( 'NONE', *, *, #7346, .T. ) ;
#9622 = DIRECTION ( 'NONE',  ( -1.000000000000000000, -0.000000000000000000, 1.734723475976805517E-15 ) ) ;
#9623 = LINE ( 'NONE', #6364, #8291 ) ;
#9624 = DIRECTION ( 'NONE',  ( 0.000000000000000000, -0.000000000000000000, -1.000000000000000000 ) ) ;
#9625 = EDGE_LOOP ( 'NONE', ( #135, #725, #2404, #1745 ) ) ;
#9626 = COLOUR_RGB ( '',0.7921568627450980005, 0.8196078431372548767, 0.9333333333333333481 ) ;
#9627 = DIRECTION ( 'NONE',  ( 0.000000000000000000, -1.000000000000000000, 0.000000000000000000 ) ) ;
#9628 = EDGE_CURVE ( 'NONE', #4565, #4779, #1637, .T. ) ;
#9629 = FILL_AREA_STYLE_COLOUR ( '', #4373 ) ;
#9630 = ORIENTED_EDGE ( 'NONE', *, *, #1220, .T. ) ;
#9631 = EDGE_CURVE ( 'NONE', #6596, #3248, #8419, .T. ) ;
#9632 = PLANE ( 'NONE',  #6835 ) ;
#9633 = VECTOR ( 'NONE', #4165, 1000.000000000000000 ) ;
#9634 = CARTESIAN_POINT ( 'NONE',  ( 0.4999999999999947820, 0.05000000000000000278, -8.673617379883936864E-16 ) ) ;
#9635 = ORIENTED_EDGE ( 'NONE', *, *, #5352, .T. ) ;
#9636 = ORIENTED_EDGE ( 'NONE', *, *, #869, .F. ) ;
#9637 = AXIS2_PLACEMENT_3D ( 'NONE', #626, #5167, #829 ) ;
#9638 = CARTESIAN_POINT ( 'NONE',  ( 3.000000000000000000, 0.1999999999999999833, -1.799999999999999600 ) ) ;
#9639 = DIRECTION ( 'NONE',  ( -1.000000000000000000, 0.000000000000000000, 0.000000000000000000 ) ) ;
#9640 = CARTESIAN_POINT ( 'NONE',  ( 2.100000000000000089, 0.7000000000000006217, -2.750000000000000000 ) ) ;
#9641 = PLANE ( 'NONE',  #8983 ) ;
#9642 = LINE ( 'NONE', #275, #3282 ) ;
#9643 = ADVANCED_FACE ( 'NONE', ( #6875 ), #3078, .F. ) ;
#9644 = ORIENTED_EDGE ( 'NONE', *, *, #8117, .T. ) ;
#9645 = DIRECTION ( 'NONE',  ( 0.000000000000000000, -1.000000000000000000, 0.000000000000000000 ) ) ;
#9646 = LINE ( 'NONE', #3455, #61 ) ;
#9647 = ORIENTED_EDGE ( 'NONE', *, *, #3856, .F. ) ;
#9648 = PRESENTATION_STYLE_ASSIGNMENT (( #6591 ) ) ;
#9649 = LINE ( 'NONE', #1211, #1942 ) ;
#9650 = CARTESIAN_POINT ( 'NONE',  ( -3.000000000000000000, 0.7000000000000000666, 0.5000000000000004441 ) ) ;
#9651 = VERTEX_POINT ( 'NONE', #3267 ) ;
#9652 = CARTESIAN_POINT ( 'NONE',  ( -0.7999999999999999334, 0.000000000000000000, 3.000000000000000000 ) ) ;
#9653 = VERTEX_POINT ( 'NONE', #7673 ) ;
#9654 = DIRECTION ( 'NONE',  ( 0.000000000000000000, 0.000000000000000000, -1.000000000000000000 ) ) ;
#9655 = CARTESIAN_POINT ( 'NONE',  ( 0.6500000000000000222, 0.000000000000000000, 2.750000000000000000 ) ) ;
#9656 = EDGE_CURVE ( 'NONE', #8169, #1953, #9882, .T. ) ;
#9657 = LINE ( 'NONE', #8162, #1393 ) ;
#9658 = VERTEX_POINT ( 'NONE', #1586 ) ;
#9659 = CARTESIAN_POINT ( 'NONE',  ( -3.000000000000000000, 0.7000000000000000666, 0.1500000000000003830 ) ) ;
#9660 = FACE_OUTER_BOUND ( 'NONE', #7204, .T. ) ;
#9661 = CARTESIAN_POINT ( 'NONE',  ( 0.6500000000000000222, 0.7000000000000003997, 2.600000000000000089 ) ) ;
#9662 = ORIENTED_EDGE ( 'NONE', *, *, #9279, .T. ) ;
#9663 = DIRECTION ( 'NONE',  ( 0.000000000000000000, -1.000000000000000000, 0.000000000000000000 ) ) ;
#9664 = VERTEX_POINT ( 'NONE', #5561 ) ;
#9665 = UNCERTAINTY_MEASURE_WITH_UNIT (LENGTH_MEASURE( 1.000000000000000082E-05 ), #8824, 'distance_accuracy_value', 'NONE');
#9666 = EDGE_CURVE ( 'NONE', #6426, #3953, #1731, .T. ) ;
#9667 = ORIENTED_EDGE ( 'NONE', *, *, #50, .F. ) ;
#9668 = ORIENTED_EDGE ( 'NONE', *, *, #9358, .F. ) ;
#9669 = EDGE_CURVE ( 'NONE', #7563, #1150, #1756, .T. ) ;
#9670 = CARTESIAN_POINT ( 'NONE',  ( -1.949999999999999956, 0.2000000000000000111, -2.750000000000000000 ) ) ;
#9671 = CARTESIAN_POINT ( 'NONE',  ( 2.750000000000000000, 0.000000000000000000, 1.450000000000000400 ) ) ;
#9672 = LINE ( 'NONE', #4383, #1478 ) ;
#9673 = ORIENTED_EDGE ( 'NONE', *, *, #1098, .T. ) ;
#9674 = LINE ( 'NONE', #7575, #7485 ) ;
#9675 = VECTOR ( 'NONE', #9753, 1000.000000000000000 ) ;
#9676 = ORIENTED_EDGE ( 'NONE', *, *, #5930, .F. ) ;
#9677 = AXIS2_PLACEMENT_3D ( 'NONE', #1325, #6603, #4368 ) ;
#9678 = DIRECTION ( 'NONE',  ( -0.000000000000000000, -0.000000000000000000, -1.000000000000000000 ) ) ;
#9679 = FACE_OUTER_BOUND ( 'NONE', #6878, .T. ) ;
#9680 = ORIENTED_EDGE ( 'NONE', *, *, #6141, .F. ) ;
#9681 = ORIENTED_EDGE ( 'NONE', *, *, #6474, .T. ) ;
#9682 = EDGE_CURVE ( 'NONE', #2139, #4397, #6690, .T. ) ;
#9683 = LINE ( 'NONE', #7536, #5744 ) ;
#9684 = DIRECTION ( 'NONE',  ( 1.000000000000000000, 0.000000000000000000, -1.734723475976805714E-15 ) ) ;
#9685 = DIRECTION ( 'NONE',  ( -0.000000000000000000, -1.000000000000000000, -0.000000000000000000 ) ) ;
#9686 = AXIS2_PLACEMENT_3D ( 'NONE', #5850, #5162, #8813 ) ;
#9687 = CARTESIAN_POINT ( 'NONE',  ( -2.538461538461538769, 0.9000000000000000222, -2.538461538461538769 ) ) ;
#9688 = VECTOR ( 'NONE', #2853, 1000.000000000000000 ) ;
#9689 = DIRECTION ( 'NONE',  ( 0.000000000000000000, 0.000000000000000000, -1.000000000000000000 ) ) ;
#9690 = VERTEX_POINT ( 'NONE', #4819 ) ;
#9691 = CARTESIAN_POINT ( 'NONE',  ( 1.949999999999999956, 0.04999999999999999584, 2.750000000000000000 ) ) ;
#9692 = DIRECTION ( 'NONE',  ( -1.000000000000000000, 0.000000000000000000, 0.000000000000000000 ) ) ;
#9693 = ORIENTED_EDGE ( 'NONE', *, *, #992, .F. ) ;
#9694 = SURFACE_SIDE_STYLE ('',( #3561 ) ) ;
#9695 = EDGE_CURVE ( 'NONE', #2382, #417, #8757, .T. ) ;
#9696 = DIRECTION ( 'NONE',  ( 0.000000000000000000, 1.000000000000000000, 0.000000000000000000 ) ) ;
#9697 = CARTESIAN_POINT ( 'NONE',  ( 0.7999999999999999334, 0.04999999999999999584, -2.750000000000000000 ) ) ;
#9698 = EDGE_LOOP ( 'NONE', ( #4832, #3548, #3556, #5282 ) ) ;
#9699 = ADVANCED_FACE ( 'NONE', ( #6208 ), #9212, .F. ) ;
#9700 = DIRECTION ( 'NONE',  ( 0.000000000000000000, 0.000000000000000000, -1.000000000000000000 ) ) ;
#9701 = ORIENTED_EDGE ( 'NONE', *, *, #9207, .T. ) ;
#9702 = CARTESIAN_POINT ( 'NONE',  ( -1.450000000000005063, 0.05000000000000000278, -2.515349040166376598E-15 ) ) ;
#9703 = FACE_OUTER_BOUND ( 'NONE', #6472, .T. ) ;
#9704 = LINE ( 'NONE', #6654, #1874 ) ;
#9705 = EDGE_LOOP ( 'NONE', ( #5503, #2524, #2449, #4508 ) ) ;
#9706 = DIRECTION ( 'NONE',  ( 0.000000000000000000, -1.000000000000000000, 0.000000000000000000 ) ) ;
#9707 = EDGE_CURVE ( 'NONE', #4967, #9690, #4929, .T. ) ;
#9708 = CARTESIAN_POINT ( 'NONE',  ( 1.449999999999999956, 0.7000000000000003997, 3.000000000000000000 ) ) ;
#9709 = SURFACE_SIDE_STYLE ('',( #6810 ) ) ;
#9710 = AXIS2_PLACEMENT_3D ( 'NONE', #8675, #424, #6456 ) ;
#9711 = EDGE_CURVE ( 'NONE', #3463, #3953, #7873, .T. ) ;
#9712 = PLANE ( 'NONE',  #1703 ) ;
#9713 = VERTEX_POINT ( 'NONE', #1032 ) ;
#9714 = VECTOR ( 'NONE', #4092, 1000.000000000000000 ) ;
#9715 = VECTOR ( 'NONE', #4648, 1000.000000000000000 ) ;
#9716 = PRESENTATION_LAYER_ASSIGNMENT (  '', '', ( #2232 ) ) ;
#9717 = PRESENTATION_STYLE_ASSIGNMENT (( #7520 ) ) ;
#9718 = ORIENTED_EDGE ( 'NONE', *, *, #3180, .T. ) ;
#9719 = ORIENTED_EDGE ( 'NONE', *, *, #645, .F. ) ;
#9720 = CARTESIAN_POINT ( 'NONE',  ( 2.750000000000000000, 0.1999999999999999833, -2.099999999999999201 ) ) ;
#9721 = CARTESIAN_POINT ( 'NONE',  ( -1.149999999999999911, 0.7000000000000003997, 3.000000000000000000 ) ) ;
#9722 = CARTESIAN_POINT ( 'NONE',  ( -1.450000000000000400, 0.000000000000000000, 2.750000000000000000 ) ) ;
#9723 = ORIENTED_EDGE ( 'NONE', *, *, #223, .F. ) ;
#9724 = CARTESIAN_POINT ( 'NONE',  ( -1.449999999999999956, 0.04999999999999969746, -3.000000000000000000 ) ) ;
#9725 = AXIS2_PLACEMENT_3D ( 'NONE', #8227, #8181, #5866 ) ;
#9726 = VERTEX_POINT ( 'NONE', #6113 ) ;
#9727 = VECTOR ( 'NONE', #4719, 1000.000000000000000 ) ;
#9728 = VECTOR ( 'NONE', #5216, 1000.000000000000000 ) ;
#9729 = ADVANCED_FACE ( 'NONE', ( #1689 ), #8564, .F. ) ;
#9730 = MANIFOLD_SOLID_BREP ( 'LPattern3[8]', #8394 ) ;
#9731 = CARTESIAN_POINT ( 'NONE',  ( 1.949999999999999956, 0.1999999999999999833, 2.599999999999999645 ) ) ;
#9732 = CARTESIAN_POINT ( 'NONE',  ( 2.750000000000000000, 0.7000000000000000666, 1.450000000000000400 ) ) ;
#9733 = ORIENTED_EDGE ( 'NONE', *, *, #527, .F. ) ;
#9734 = ORIENTED_EDGE ( 'NONE', *, *, #7301, .F. ) ;
#9735 = DIRECTION ( 'NONE',  ( 1.000000000000000000, 0.000000000000000000, -1.734723475976805517E-15 ) ) ;
#9736 = DIRECTION ( 'NONE',  ( -1.000000000000000000, 0.000000000000000000, 0.000000000000000000 ) ) ;
#9737 = VECTOR ( 'NONE', #429, 1000.000000000000000 ) ;
#9738 = DIRECTION ( 'NONE',  ( 0.000000000000000000, 0.000000000000000000, -1.000000000000000000 ) ) ;
#9739 =( NAMED_UNIT ( * ) PLANE_ANGLE_UNIT ( ) SI_UNIT ( $, .RADIAN. ) );
#9740 = EDGE_CURVE ( 'NONE', #361, #9564, #7771, .T. ) ;
#9741 = CIRCLE ( 'NONE', #1936, 0.1499999999999997446 ) ;
#9742 = CARTESIAN_POINT ( 'NONE',  ( 0.7999999999999999334, 0.000000000000000000, 3.000000000000000000 ) ) ;
#9743 = VERTEX_POINT ( 'NONE', #9418 ) ;
#9744 = DIRECTION ( 'NONE',  ( -0.000000000000000000, -0.000000000000000000, -1.000000000000000000 ) ) ;
#9745 = DIRECTION ( 'NONE',  ( -0.000000000000000000, -1.000000000000000000, -0.000000000000000000 ) ) ;
#9746 = ORIENTED_EDGE ( 'NONE', *, *, #4844, .F. ) ;
#9747 = EDGE_LOOP ( 'NONE', ( #7380, #5748, #9552, #7239 ) ) ;
#9748 = CARTESIAN_POINT ( 'NONE',  ( -3.000000000000000000, 0.05000000000000000278, -2.999999999999999556 ) ) ;
#9749 = CARTESIAN_POINT ( 'NONE',  ( -1.800000000000000044, 0.000000000000000000, 3.000000000000000000 ) ) ;
#9750 = FACE_OUTER_BOUND ( 'NONE', #3596, .T. ) ;
#9751 = ORIENTED_EDGE ( 'NONE', *, *, #6049, .T. ) ;
#9752 = DIRECTION ( 'NONE',  ( -1.734723475976805714E-15, 0.000000000000000000, -1.000000000000000000 ) ) ;
#9753 = DIRECTION ( 'NONE',  ( -1.734723475976805517E-15, 0.000000000000000000, -1.000000000000000000 ) ) ;
#9754 = AXIS2_PLACEMENT_3D ( 'NONE', #2686, #1042, #4090 ) ;
#9755 = DIRECTION ( 'NONE',  ( -0.000000000000000000, 1.000000000000000000, 0.000000000000000000 ) ) ;
#9756 = DIRECTION ( 'NONE',  ( 1.000000000000000000, -0.000000000000000000, -0.000000000000000000 ) ) ;
#9757 = ORIENTED_EDGE ( 'NONE', *, *, #9316, .F. ) ;
#9758 = CARTESIAN_POINT ( 'NONE',  ( -1.949999999999999956, 0.2000000000000000111, 2.750000000000000000 ) ) ;
#9759 = AXIS2_PLACEMENT_3D ( 'NONE', #7672, #836, #3885 ) ;
#9760 =( LENGTH_UNIT ( ) NAMED_UNIT ( * ) SI_UNIT ( .MILLI., .METRE. ) );
#9761 = EDGE_LOOP ( 'NONE', ( #1285, #366, #4978, #2445 ) ) ;
#9762 = DIRECTION ( 'NONE',  ( -0.000000000000000000, -1.000000000000000000, -0.000000000000000000 ) ) ;
#9763 = ORIENTED_EDGE ( 'NONE', *, *, #3980, .F. ) ;
#9764 = VECTOR ( 'NONE', #5789, 1000.000000000000000 ) ;
#9765 = EDGE_CURVE ( 'NONE', #639, #7157, #5711, .T. ) ;
#9766 = VECTOR ( 'NONE', #1477, 1000.000000000000000 ) ;
#9767 = UNCERTAINTY_MEASURE_WITH_UNIT (LENGTH_MEASURE( 1.000000000000000082E-05 ), #5912, 'distance_accuracy_value', 'NONE');
#9768 = CARTESIAN_POINT ( 'NONE',  ( 1.300000000000000044, 0.7000000000000003997, 2.600000000000000089 ) ) ;
#9769 = ORIENTED_EDGE ( 'NONE', *, *, #2021, .T. ) ;
#9770 = VERTEX_POINT ( 'NONE', #8864 ) ;
#9771 = CIRCLE ( 'NONE', #3068, 0.09999999999999982514 ) ;
#9772 = DIRECTION ( 'NONE',  ( 0.000000000000000000, -1.000000000000000000, 0.000000000000000000 ) ) ;
#9773 = CARTESIAN_POINT ( 'NONE',  ( 2.750000000000000000, 0.1999999999999999833, 6.505213034913026604E-16 ) ) ;
#9774 = DIRECTION ( 'NONE',  ( 0.000000000000000000, 0.000000000000000000, -1.000000000000000000 ) ) ;
#9775 = ORIENTED_EDGE ( 'NONE', *, *, #7987, .T. ) ;
#9776 = DIRECTION ( 'NONE',  ( 0.000000000000000000, -1.000000000000000000, 0.000000000000000000 ) ) ;
#9777 = VECTOR ( 'NONE', #3246, 1000.000000000000000 ) ;
#9778 = ORIENTED_EDGE ( 'NONE', *, *, #4717, .T. ) ;
#9779 = CIRCLE ( 'NONE', #7704, 0.1499999999999999667 ) ;
#9780 = MANIFOLD_SOLID_BREP ( 'Boss-Extrude2[2]', #8710 ) ;
#9781 = VERTEX_POINT ( 'NONE', #1933 ) ;
#9782 = VECTOR ( 'NONE', #974, 1000.000000000000000 ) ;
#9783 = DIRECTION ( 'NONE',  ( -0.000000000000000000, -1.000000000000000000, -0.000000000000000000 ) ) ;
#9784 = DIRECTION ( 'NONE',  ( -1.734723475976805714E-15, 0.000000000000000000, -1.000000000000000000 ) ) ;
#9785 = ORIENTED_EDGE ( 'NONE', *, *, #3218, .T. ) ;
#9786 = ORIENTED_EDGE ( 'NONE', *, *, #7594, .F. ) ;
#9787 = FACE_OUTER_BOUND ( 'NONE', #469, .T. ) ;
#9788 = EDGE_CURVE ( 'NONE', #4727, #1184, #6351, .T. ) ;
#9789 = DIRECTION ( 'NONE',  ( 0.000000000000000000, -1.000000000000000000, 0.000000000000000000 ) ) ;
#9790 = AXIS2_PLACEMENT_3D ( 'NONE', #9489, #6522, #9584 ) ;
#9791 = EDGE_CURVE ( 'NONE', #9083, #1886, #2083, .T. ) ;
#9792 = EDGE_CURVE ( 'NONE', #5096, #7078, #6525, .T. ) ;
#9793 = CARTESIAN_POINT ( 'NONE',  ( 1.799999999999999600, 0.1999999999999999833, 2.750000000000000000 ) ) ;
#9794 = VECTOR ( 'NONE', #9352, 1000.000000000000000 ) ;
#9795 = CARTESIAN_POINT ( 'NONE',  ( -2.750000000000000000, 0.000000000000000000, 0.5000000000000008882 ) ) ;
#9796 = ORIENTED_EDGE ( 'NONE', *, *, #3417, .T. ) ;
#9797 = CARTESIAN_POINT ( 'NONE',  ( -0.5000000000000000000, 0.000000000000000000, -3.000000000000000000 ) ) ;
#9798 = CIRCLE ( 'NONE', #8840, 0.1499999999999997446 ) ;
#9799 = LINE ( 'NONE', #2114, #2918 ) ;
#9800 = ORIENTED_EDGE ( 'NONE', *, *, #6306, .F. ) ;
#9801 = ORIENTED_EDGE ( 'NONE', *, *, #3843, .F. ) ;
#9802 = MANIFOLD_SOLID_BREP ( 'LPattern3[6]', #2816 ) ;
#9803 = EDGE_CURVE ( 'NONE', #5243, #9620, #5957, .T. ) ;
#9804 = PLANE ( 'NONE',  #1748 ) ;
#9805 = ADVANCED_FACE ( 'NONE', ( #8819 ), #4417, .F. ) ;
#9806 = DIRECTION ( 'NONE',  ( 0.000000000000000000, -1.000000000000000000, 0.000000000000000000 ) ) ;
#9807 = CARTESIAN_POINT ( 'NONE',  ( -2.100000000000000089, 0.000000000000000000, 2.750000000000000000 ) ) ;
#9808 = EDGE_LOOP ( 'NONE', ( #395, #9644, #504, #5317 ) ) ;
#9809 = CARTESIAN_POINT ( 'NONE',  ( 3.000000000000000000, 0.7000000000000000666, 1.800000000000000488 ) ) ;
#9810 = FACE_OUTER_BOUND ( 'NONE', #40, .T. ) ;
#9811 = EDGE_CURVE ( 'NONE', #9431, #4709, #5165, .T. ) ;
#9812 = CARTESIAN_POINT ( 'NONE',  ( 1.799999999999999600, 0.7000000000000006217, -2.750000000000000000 ) ) ;
#9813 = ORIENTED_EDGE ( 'NONE', *, *, #7025, .F. ) ;
#9814 = DIRECTION ( 'NONE',  ( -0.000000000000000000, -1.000000000000000000, -0.000000000000000000 ) ) ;
#9815 = MANIFOLD_SOLID_BREP ( 'LPattern4[4]', #7268 ) ;
#9816 =( NAMED_UNIT ( * ) SI_UNIT ( $, .STERADIAN. ) SOLID_ANGLE_UNIT ( ) );
#9817 = DIRECTION ( 'NONE',  ( -1.000000000000000000, 0.000000000000000000, 0.000000000000000000 ) ) ;
#9818 = ORIENTED_EDGE ( 'NONE', *, *, #3690, .T. ) ;
#9819 = VERTEX_POINT ( 'NONE', #7565 ) ;
#9820 = CARTESIAN_POINT ( 'NONE',  ( 2.750000000000000000, 0.05000000000000002359, -1.449999999999999067 ) ) ;
#9821 = LINE ( 'NONE', #1287, #3340 ) ;
#9822 = CARTESIAN_POINT ( 'NONE',  ( 2.750000000000000000, 0.1999999999999999833, 1.800000000000000711 ) ) ;
#9823 = CARTESIAN_POINT ( 'NONE',  ( -3.000000000000000000, 0.7000000000000000666, -0.4999999999999995559 ) ) ;
#9824 = ADVANCED_FACE ( 'NONE', ( #9051 ), #1374, .T. ) ;
#9825 = EDGE_LOOP ( 'NONE', ( #1348, #7476, #2058, #7092 ) ) ;
#9826 = AXIS2_PLACEMENT_3D ( 'NONE', #2578, #6213, #4032 ) ;
#9828 = EDGE_LOOP ( 'NONE', ( #7888, #440, #6366, #4274 ) ) ;
#9827 = CLOSED_SHELL ( 'NONE', ( #2107, #9465, #2017, #7193, #7150, #8469 ) ) ;
#9829 = PLANE ( 'NONE',  #4451 ) ;
#9830 = VERTEX_POINT ( 'NONE', #2082 ) ;
#9831 = ORIENTED_EDGE ( 'NONE', *, *, #9347, .F. ) ;
#9832 = DIRECTION ( 'NONE',  ( -1.000000000000000000, -0.000000000000000000, 1.734723475976805517E-15 ) ) ;
#9833 = CARTESIAN_POINT ( 'NONE',  ( 2.750000000000000000, 0.7000000000000000666, -1.449999999999999067 ) ) ;
#9834 = DIRECTION ( 'NONE',  ( -0.000000000000000000, -1.000000000000000000, -0.000000000000000000 ) ) ;
#9835 = FILL_AREA_STYLE ('',( #6787 ) ) ;
#9836 = VECTOR ( 'NONE', #6237, 1000.000000000000000 ) ;
#9837 = LINE ( 'NONE', #659, #3447 ) ;
#9838 = ADVANCED_FACE ( 'NONE', ( #7462 ), #1479, .F. ) ;
#9839 = EDGE_LOOP ( 'NONE', ( #7952, #1029, #6749, #6489 ) ) ;
#9840 = CYLINDRICAL_SURFACE ( 'NONE', #6727, 0.1499999999999997446 ) ;
#9841 = DIRECTION ( 'NONE',  ( 0.000000000000000000, 0.000000000000000000, -1.000000000000000000 ) ) ;
#9842 = ORIENTED_EDGE ( 'NONE', *, *, #1675, .T. ) ;
#9843 = ORIENTED_EDGE ( 'NONE', *, *, #2951, .F. ) ;
#9844 = CARTESIAN_POINT ( 'NONE',  ( -2.750000000000000000, 0.7000000000000000666, 1.150000000000000799 ) ) ;
#9845 = AXIS2_PLACEMENT_3D ( 'NONE', #5954, #5011, #416 ) ;
#9846 = VECTOR ( 'NONE', #8001, 1000.000000000000000 ) ;
#9847 = FACE_OUTER_BOUND ( 'NONE', #5813, .T. ) ;
#9848 = FACE_OUTER_BOUND ( 'NONE', #989, .T. ) ;
#9849 = EDGE_LOOP ( 'NONE', ( #584, #3842, #4082, #5079 ) ) ;
#9850 = ADVANCED_FACE ( 'NONE', ( #8167 ), #4372, .F. ) ;
#9851 = DIRECTION ( 'NONE',  ( 0.000000000000000000, 0.000000000000000000, -1.000000000000000000 ) ) ;
#9852 = EDGE_CURVE ( 'NONE', #2482, #1409, #4321, .T. ) ;
#9853 = DIRECTION ( 'NONE',  ( 0.000000000000000000, 0.000000000000000000, 1.000000000000000000 ) ) ;
#9854 = DIRECTION ( 'NONE',  ( 1.734723475976805714E-15, 0.000000000000000000, -1.000000000000000000 ) ) ;
#9855 = EDGE_LOOP ( 'NONE', ( #7375, #2709, #6566, #7481 ) ) ;
#9856 = CARTESIAN_POINT ( 'NONE',  ( 2.399999999999999911, 6.988225099390855455, -2.399999999999999911 ) ) ;
#9857 = MANIFOLD_SOLID_BREP ( 'LPattern3[11]', #9022 ) ;
#9858 = SURFACE_STYLE_USAGE ( .BOTH. , #9709 ) ;
#9859 = ORIENTED_EDGE ( 'NONE', *, *, #8421, .T. ) ;
#9860 = ADVANCED_FACE ( 'NONE', ( #915 ), #5315, .T. ) ;
#9861 = DIRECTION ( 'NONE',  ( -0.000000000000000000, 0.000000000000000000, -1.000000000000000000 ) ) ;
#9862 = ORIENTED_EDGE ( 'NONE', *, *, #7638, .T. ) ;
#9863 = ORIENTED_EDGE ( 'NONE', *, *, #7987, .F. ) ;
#9864 = DIRECTION ( 'NONE',  ( -1.734723475976805714E-15, 0.000000000000000000, -1.000000000000000000 ) ) ;
#9865 = AXIS2_PLACEMENT_3D ( 'NONE', #8959, #2527, #7879 ) ;
#9866 = DIRECTION ( 'NONE',  ( 0.000000000000000000, 0.000000000000000000, 1.000000000000000000 ) ) ;
#9867 = DIRECTION ( 'NONE',  ( 0.000000000000000000, -0.000000000000000000, -1.000000000000000000 ) ) ;
#9868 = CARTESIAN_POINT ( 'NONE',  ( -2.750000000000000000, 0.1999999999999999833, -0.1499999999999990785 ) ) ;
#9869 = ORIENTED_EDGE ( 'NONE', *, *, #8136, .T. ) ;
#9870 = ADVANCED_FACE ( 'NONE', ( #4711 ), #5502, .T. ) ;
#9871 = MANIFOLD_SOLID_BREP ( 'LPattern3[1]', #2489 ) ;
#9873 = ORIENTED_EDGE ( 'NONE', *, *, #423, .T. ) ;
#9872 = AXIS2_PLACEMENT_3D ( 'NONE', #8693, #1101, #5035 ) ;
#9874 = AXIS2_PLACEMENT_3D ( 'NONE', #2268, #7656, #8304 ) ;
#9875 = DIRECTION ( 'NONE',  ( -1.734723475976805714E-15, 0.000000000000000000, 1.000000000000000000 ) ) ;
#9876 = CARTESIAN_POINT ( 'NONE',  ( 1.949999999999999956, 0.2000000000000000111, 2.750000000000000000 ) ) ;
#9877 = ORIENTED_EDGE ( 'NONE', *, *, #6331, .F. ) ;
#9878 = ADVANCED_FACE ( 'NONE', ( #2363 ), #5458, .F. ) ;
#9879 = VERTEX_POINT ( 'NONE', #1720 ) ;
#9880 = DIRECTION ( 'NONE',  ( 1.734723475976805517E-15, 0.000000000000000000, 1.000000000000000000 ) ) ;
#9881 = CARTESIAN_POINT ( 'NONE',  ( -3.000000000000000000, 0.1999999999999999833, -2.099999999999999645 ) ) ;
#9882 = CIRCLE ( 'NONE', #8283, 0.09999999999999982514 ) ;
#9883 = ORIENTED_EDGE ( 'NONE', *, *, #4726, .F. ) ;
#9884 = VECTOR ( 'NONE', #49, 1000.000000000000000 ) ;
#9885 = LINE ( 'NONE', #2298, #2247 ) ;
#9886 = VECTOR ( 'NONE', #1594, 1000.000000000000000 ) ;
ENDSEC;
END-ISO-10303-21;
